idx,p_yes,latency_s,retry_error,pred,model,output,input_tokens,parsed,question,label,truncated,passage_tokens,correct
279,0.8033,0.19180448899999192,,True,Laya,,,,Is there a disorder for being obsessed with someone?,True,False,50,True
290,0.1939,0.10032837199997857,,False,Laya,,,,Is there a season 3 of indian summers?,False,False,72,True
307,0.8595,0.09059565799998381,,True,Laya,,,,Is it illegal for a minor to be in possession of alcohol?,True,False,98,True
418,0.9655,0.09583814900003063,,True,Laya,,,,Did eric clapton play while my guitar gently weeps?,True,False,147,True
656,0.7795,0.09670362299999624,,True,Laya,,,,Is yield stress and yield strength the same?,True,False,85,True
1409,0.9561,0.12506904499997518,,True,Laya,,,,Does a fennec fox live in the desert?,True,False,168,True
1428,0.5224,0.06399154199999657,,True,Laya,,,,Can it hail and rain at the same time?,True,False,210,True
1472,0.652,0.06534759800001666,,True,Laya,,,,Can a boat sail faster than the wind?,True,False,57,True
1676,0.9511,0.0779115110000248,,True,Laya,,,,Is the world cup made out of solid gold?,True,False,91,True
1716,0.7786,0.08267868700005465,,True,Laya,,,,Is english an official language in hong kong?,True,False,47,True
2129,0.9429,0.07389478100003544,,True,Laya,,,,Is there a bone in the middle of your chest?,True,False,116,True
2272,0.0724,0.13640585000001693,,False,Laya,,,,Is there a third clash of the titans?,False,False,78,True
2342,0.1567,0.19664393499999733,,False,Laya,,,,Does lynette's family die in the tornado?,False,False,380,True
2400,0.7681,0.11675022800000079,,True,Laya,,,,Can a batsman be run out on a no ball?,False,False,96,False
2484,1.0,0.1664313349999702,,True,Laya,,,,Is lac leman the same as lake geneva?,True,False,184,True
2516,0.2439,0.14402016399998274,,False,Laya,,,,Is the bank of england a private company?,False,False,85,True
2567,0.1453,0.12640876099999332,,False,Laya,,,,Was highway to the danger zone written for top gun?,True,False,121,False
2745,0.9137,0.19742352599996593,,True,Laya,,,,Is raging bull based on a true story?,True,False,170,True
2795,0.1433,0.11045690999998214,,False,Laya,,,,Were betty and jughead together in the comics?,False,False,84,True
3182,0.8759,0.17660322900002257,,True,Laya,,,,Does the winner of the british open get to keep the jug?,False,False,64,False
16,0.7969,0.12327703699997983,,True,Laya,,,,Was the movie strangers based on a true story?,True,False,150,True
21,0.771,0.07422974700000395,,True,Laya,,,,Does a spark plug keep an engine running?,True,False,199,True
30,0.9261,0.06563297699995019,,True,Laya,,,,Does deadpool have a kid in the comics?,True,False,136,True
44,0.1176,0.07582920300001206,,False,Laya,,,,Can there be a word without a vowel?,True,False,100,False
57,0.87,0.11044490799997675,,True,Laya,,,,Is the other boleyn girl part of a series?,True,False,52,True
58,0.0704,0.10988542099994447,,False,Laya,,,,Is there a group called the five heartbeats?,False,False,90,True
66,0.2634,0.12873839400003817,,False,Laya,,,,Is baylor and mary hardin baylor the same school?,True,False,109,False
69,0.9781,0.1702573120001034,,True,Laya,,,,Are t rex and tyrannosaurus rex the same?,True,False,180,True
80,0.2103,0.14528751399996054,,False,Laya,,,,Will there be a second season of 11.22.63?,False,False,50,True
89,0.9411,0.1210173350000332,,True,Laya,,,,Is the jaguar s type rear wheel drive?,True,False,112,True
100,0.7981,0.07568322100007663,,True,Laya,,,,Can you have too much oxygen in your body?,True,False,171,True
101,0.9008,0.07668181600001844,,True,Laya,,,,Is northern ireland part of the great britain?,False,False,97,False
107,0.035,0.07309147800003757,,False,Laya,,,,Will there be a new spartacus season 5?,False,False,137,True
115,0.7616,0.08090061499990497,,True,Laya,,,,Is a father in law considered a relative?,True,False,117,True
123,0.088,0.07985220000000481,,False,Laya,,,,Is health care free in the united states?,False,False,83,True
125,0.14,0.0911744989999761,,False,Laya,,,,Can one travel faster than the speed of light?,False,False,81,True
140,0.6476,0.07506686599992918,,True,Laya,,,,Can the fa cup final end in a tie?,False,False,91,False
141,0.261,0.06814921500006221,,False,Laya,,,,Is denatured alcohol and acetone the same thing?,False,False,92,True
170,0.9485,0.09991946299999199,,True,Laya,,,,Is the routing number the same as transit number?,False,False,64,False
179,0.3715,0.07185261999995873,,False,Laya,,,,Do you win chess by taking the queen?,False,False,80,True
191,0.9574,0.07521140400001514,,True,Laya,,,,Is a pickle the same as a gherkin?,True,False,102,True
198,0.7876,0.0743272119999574,,True,Laya,,,,Is antarctica the same as the south pole?,False,False,83,False
213,0.7487,0.06332373800000823,,True,Laya,,,,Does the animal cell have a cell membrane?,True,False,287,True
216,0.937,0.06471339199993054,,True,Laya,,,,Is air canada part of one world alliance?,False,False,118,False
229,0.7193,0.07329999900002804,,True,Laya,,,,Can you run on a dropped third strike in little league?,False,False,97,False
236,0.1686,0.05889746800005469,,False,Laya,,,,Is there a difference between 2 cycle and 2 stroke?,False,False,51,True
238,0.8886,0.060691839000014625,,True,Laya,,,,Has anyone won more than one congressional medal of honor?,True,False,66,True
247,0.7447,0.08796847500002514,,True,Laya,,,,Is there a bird faster than a cheetah?,True,False,94,True
252,0.8604,0.076425279000091,,True,Laya,,,,Is metal gear rising related to metal gear solid?,True,False,160,True
254,0.2959,0.08967479900002218,,False,Laya,,,,Is britain still a member of european union?,True,False,167,False
258,0.0403,0.07660137499999564,,False,Laya,,,,Was the power of one a true story?,False,False,114,True
259,0.2618,0.0686597010000014,,False,Laya,,,,Did they use a real gorilla in mighty joe young?,False,False,198,True
261,0.6677,0.06911716399997658,,True,Laya,,,,Can a real image be projected onto a screen?,True,False,47,True
262,0.3129,0.06097912699999597,,False,Laya,,,,Is the army under the department of defense?,True,False,132,False
264,0.859,0.09178491900001973,,True,Laya,,,,Is st augustine the oldest city in florida?,True,False,59,True
270,0.4396,0.0854430469998988,,False,Laya,,,,Is outcome variable the same as dependent variable?,True,False,71,False
277,0.1492,0.08317091300000357,,False,Laya,,,,Did us ever win the world cup soccer?,False,False,65,True
284,0.1833,0.07040864800001145,,False,Laya,,,,Do donna and eric end up getting married?,False,False,43,True
285,0.7428,0.06686661499998081,,True,Laya,,,,Is an administrative law judge a real judge?,True,False,49,True
288,0.787,0.08946806100004778,,True,Laya,,,,Do supreme court justices have to be confirmed?,True,False,113,True
297,0.8056,0.1633085689999234,,True,Laya,,,,Is sheet metal gauge the same as wire gauge?,True,False,91,True
312,0.8487,0.15811886699998468,,True,Laya,,,,Is st kitts and nevis a us territory?,False,False,50,False
313,0.8375,0.18266912900003263,,True,Laya,,,,Is cheaper by the dozen based on a true story?,True,False,98,True
330,0.9376,0.18237331299997095,,True,Laya,,,,Is a wheel and axle a simple machine?,True,False,90,True
333,0.9421,0.11582089499995618,,True,Laya,,,,Is wrath of the titans a sequel to clash of the titans?,True,False,162,True
334,0.7103,0.0753699870000446,,True,Laya,,,,Is z nation a spinoff of the walking dead?,False,False,237,False
342,0.8796,0.08921894800005248,,True,Laya,,,,Is the president the only member of the executive branch?,True,False,193,True
350,0.2542,0.07697357399990779,,False,Laya,,,,Was the movie insomnia based on a book?,False,False,20,True
354,0.4934,0.07345196699998269,,False,Laya,,,,Is father's day the same day every year?,False,False,148,True
357,0.0893,0.08216750500002945,,False,Laya,,,,Is george washington university an ivy league school?,False,False,96,True
363,0.3255,0.08639153100000385,,False,Laya,,,,Do you have to have a wicket keeper in cricket?,False,False,108,True
366,0.5662,0.07320666099997197,,True,Laya,,,,Is devil may cry 5 set after 2?,True,False,59,True
369,0.1578,0.07345355099994322,,False,Laya,,,,Does the monorail go to las vegas airport?,False,False,75,True
381,0.9017,0.07745015399996191,,True,Laya,,,,Has a school shooting happened in a private school?,True,False,132,True
387,0.6218,0.07840176600006998,,True,Laya,,,,Was integration the rule in the northern states?,False,False,91,False
388,0.3794,0.08547282600000017,,False,Laya,,,,Is 1 ounce the same as 1 fluid ounce?,True,False,42,False
396,0.0521,0.08513976200003981,,False,Laya,,,,Is europe a part of the united states?,False,False,88,True
401,0.3174,0.0668847580000147,,False,Laya,,,,Can you have more than one wife in uk?,False,False,51,True
403,0.2225,0.06146506400000362,,False,Laya,,,,Is puerto rico a protectorate of the us?,False,False,81,True
419,0.9263,0.06349174299998595,,True,Laya,,,,Is red velvet cake chocolate cake with red dye?,True,False,83,True
422,0.6408,0.06321499500006666,,True,Laya,,,,Is race 3 a continuation of race 2?,False,False,175,False
424,0.9667,0.0683061979999593,,True,Laya,,,,Is 50 to 1 based on a true story?,True,False,113,True
431,0.9244,0.06958972199993241,,True,Laya,,,,Is central bank of india a nationalised bank?,True,False,28,True
436,0.2652,0.06785610800000086,,False,Laya,,,,Is there always a full moon on summer solstice?,False,False,46,True
437,1.0,0.06928956599995217,,True,Laya,,,,Is there more than 9 seasons of heartland?,True,False,101,True
449,0.7998,0.07551989199998843,,True,Laya,,,,Can protein pass through the blood brain barrier?,False,False,156,False
453,0.9297,0.0629143070000282,,True,Laya,,,,Have the houston texans ever won a playoff game?,True,False,264,True
457,0.858,0.07371504799994,,True,Laya,,,,Is there going to be another series of the apprentice?,True,False,36,True
458,0.3093,0.05973253100000875,,False,Laya,,,,Does it matter which dna strand is transcribed?,True,False,46,False
461,0.9112,0.07777475499995035,,True,Laya,,,,Is kabaneri of the iron fortress on crunchyroll?,True,False,202,True
464,0.1048,0.07307752500003062,,False,Laya,,,,Is the national guard part of the coast guard?,False,False,92,True
473,0.9033,0.08649887799992939,,True,Laya,,,,Is women's one a day fda approved?,True,False,115,True
475,0.8726,0.08955636700000014,,True,Laya,,,,Has arkansas ever won a national championship in any sport?,True,False,137,True
478,0.8814,0.0729067169999098,,True,Laya,,,,Is there such a thing as a miniature pig?,False,False,169,False
484,0.2441,0.07220693900001152,,False,Laya,,,,Do dairy cows have to have a baby to produce milk?,True,False,179,False
490,0.0014,0.0723162259999981,,False,Laya,,,,Is picante sauce the same as taco sauce?,False,False,69,True
491,0.8635,0.07172747399999935,,True,Laya,,,,Has belgium ever been in world cup final?,True,False,53,True
492,0.963,0.06950852299996768,,True,Laya,,,,Is love child based on a true story?,True,False,95,True
509,0.0955,0.06857408500002293,,False,Laya,,,,Did ireland ever win the soccer world cup?,False,False,34,True
513,0.781,0.06407999800001107,,True,Laya,,,,Is far cry the movie based on the game?,True,False,58,True
517,0.7766,0.07605640300005234,,True,Laya,,,,Is the justice department part of the judicial branch?,False,False,74,False
530,0.0975,0.05911248600000363,,False,Laya,,,,Is smaug the only dragon in middle earth?,False,False,75,True
537,0.9405,0.06646395499990376,,True,Laya,,,,Was the soviet union an ally in ww2?,True,False,182,True
538,0.8502,0.08258273299998109,,True,Laya,,,,Does the host of americas got talent get a golden buzzer?,True,False,139,True
542,0.928,0.10489011200002096,,True,Laya,,,,Did mel gibson won an oscar for braveheart?,True,False,217,True
549,0.8799,0.06930734799993843,,True,Laya,,,,Has there ever been a tie game in baseball?,True,False,147,True
554,0.944,0.09333710299995346,,True,Laya,,,,Are zip code and postal code the same?,True,False,64,True
559,0.9196,0.08143575300005068,,True,Laya,,,,Does university of tampa have a football team?,False,False,63,False
563,0.0283,0.06892261799998778,,False,Laya,,,,Is the little princess based on a true story?,False,False,54,True
566,0.3055,0.07396987100003116,,False,Laya,,,,Is romania part of the visa waiver program?,False,False,94,True
569,0.1401,0.07033193400002347,,False,Laya,,,,Is there a remake of my fair lady?,False,False,48,True
574,0.8231,0.08292685600008554,,True,Laya,,,,Have we seen the bottom of the mariana trench?,True,False,132,True
587,0.7988,0.09903252000003704,,True,Laya,,,,Is boost mobile and virgin mobile the same?,True,False,100,True
605,0.7943,0.0857979529999966,,True,Laya,,,,Is it legal to escape from prison in germany?,False,False,92,False
622,0.5449,0.09032957900001293,,True,Laya,,,,Is george washington bridge a one way toll?,True,False,232,True
624,0.786,0.08874644900004114,,True,Laya,,,,Do plant cell walls restrict the entry of water?,True,False,74,True
630,0.0089,0.10948387099995216,,False,Laya,,,,Does the post office run on memorial day?,False,False,101,True
636,0.825,0.08440841499998442,,True,Laya,,,,Can you use other colors for a green screen?,True,False,226,True
638,0.9083,0.070196620000047,,True,Laya,,,,Has every mountain in the world been climbed?,False,False,209,False
646,0.171,0.07656625100003112,,False,Laya,,,,Does every nation state have a national government?,True,False,74,False
682,0.8869,0.08754988299995148,,True,Laya,,,,Is the blue whale the largest animal ever?,True,False,67,True
686,0.0002,0.07019329599995672,,False,Laya,,,,Will there be episode 9 of sacred games?,False,False,56,True
699,0.8074,0.07053034800003388,,True,Laya,,,,Is the cell membrane and plasma membrane same?,True,False,177,True
706,0.8772,0.08001603500008514,,True,Laya,,,,Was the space race part of the cold war?,True,False,136,True
709,0.7702,0.06837565700004689,,True,Laya,,,,Is there a year 0 in the gregorian calendar?,False,False,100,False
712,0.8472,0.07601526899998134,,True,Laya,,,,Does a cow have to be pregnant to lactate?,False,False,179,False
730,0.1174,0.06532226199999513,,False,Laya,,,,Is there raw egg in egg drop soup?,False,False,144,True
732,0.9605,0.07131776100004572,,True,Laya,,,,Will the next step have a season 6?,True,False,31,True
752,0.3462,0.10698490000004313,,False,Laya,,,,Are billy and nora from the thundermans twins?,False,False,95,True
757,0.9577,0.08854544500002248,,True,Laya,,,,Is nanny plum and miss rabbit the same voice?,True,False,113,True
760,0.6832,0.0863890650000485,,True,Laya,,,,Are any of the original members of lynyrd skynyrd alive?,True,False,167,True
777,0.8506,0.07310929799996302,,True,Laya,,,,Is a cookie sheet the same as a sheet pan?,True,False,50,True
778,0.8178,0.09784004999994522,,True,Laya,,,,Is your body temp lower in the morning?,True,False,125,True
785,0.9999,0.08009770399996796,,True,Laya,,,,Is i 80 in indiana a toll road?,True,False,127,True
791,0.8447,0.061276486999986446,,True,Laya,,,,Is actin and myosin present in smooth muscle?,True,False,50,True
797,0.068,0.07445690300005481,,False,Laya,,,,Is area code 669 a toll free number?,False,False,94,True
798,0.5894,0.0662346729999399,,True,Laya,,,,Do you get the money you win on jeopardy?,True,False,119,True
805,0.9,0.1052802529999326,,True,Laya,,,,Is the calvin cycle and dark reaction the same?,True,False,113,True
812,0.3623,0.07874858700006371,,False,Laya,,,,Is it possible to give birth to twins with different fathers?,True,False,163,False
814,0.9992,0.11379751699996632,,True,Laya,,,,Does sprite have lemon and lime in it?,True,False,118,True
817,0.85,0.06683596899995337,,True,Laya,,,,Was all in the family filmed in front of a live audience?,True,False,169,True
822,0.8678,0.09029892599994582,,True,Laya,,,,Is the ogallala aquifer the largest in the world?,False,False,151,False
826,0.8615,0.10100255899999411,,True,Laya,,,,Can you do surgery on a baby in utero?,True,False,115,True
841,0.8203,0.07461417399997572,,True,Laya,,,,Is a diffraction effect seen in sound waves?,True,False,180,True
858,0.1559,0.06989420700006121,,False,Laya,,,,Is the us open played on the same course every year?,False,False,172,True
867,0.4128,0.08982971199998246,,False,Laya,,,,Are fruit roll ups made with real fruit?,False,False,145,True
873,0.2527,0.06836696799996389,,False,Laya,,,,Has anyone ever escaped from alcatraz and lived?,False,False,124,True
883,0.1167,0.0745206709999593,,False,Laya,,,,Is the wizard of oz a disney production?,False,False,157,True
888,1.0,0.0668449759999703,,True,Laya,,,,Is percy jackson in the blood of olympus?,True,False,163,True
889,0.9382,0.067559134000021,,True,Laya,,,,Has any movie gotten 100 on rotten tomatoes?,True,False,131,True
892,0.8987,0.05902735700010453,,True,Laya,,,,Did lagos used to be the capital of nigeria?,True,False,151,True
896,0.8236,0.12824855099995602,,True,Laya,,,,Can you carry a gun in new york city?,False,False,78,False
905,0.9648,0.0959816290001072,,True,Laya,,,,Is taylor back on the bold and the beautiful?,True,False,208,True
909,0.7598,0.1133643690000099,,True,Laya,,,,Is the dewey decimal system still in use?,True,False,41,True
916,0.2611,0.10221488299998782,,False,Laya,,,,Is there a self defense law in kentucky?,True,False,73,False
922,0.9447,0.10494401900007233,,True,Laya,,,,Are there in n outs outside of california?,True,False,100,True
924,0.001,0.09421289900001284,,False,Laya,,,,Is america the only country with an electoral college?,False,False,105,True
928,0.7727,0.09423865200005821,,True,Laya,,,,Can a person have twins with different fathers?,True,False,163,True
929,0.273,0.11863667300008274,,False,Laya,,,,Is it normal for a 50 year old man to have wet dreams?,True,False,230,False
933,0.9563,0.07735596099996656,,True,Laya,,,,Is pokemon lets go a main series game?,True,False,129,True
936,0.6236,0.09739158600007158,,True,Laya,,,,Did the american health care act pass the senate?,False,False,77,False
940,0.9346,0.11701600699996106,,True,Laya,,,,Can i have more than one queen in chess?,True,False,162,True
943,0.8748,0.12323929800004407,,True,Laya,,,,Were greece and rome around at the same time?,False,False,108,False
945,0.5324,0.11727344899998116,,True,Laya,,,,Are there any states where you don't have to wear a seatbelt?,True,False,189,True
946,0.1527,0.13942913100004262,,False,Laya,,,,Is it illegal to shoot in the air?,True,False,84,False
961,0.9343,0.12681526699998358,,True,Laya,,,,Does surface pro 4 come with microsoft office?,True,False,98,True
966,0.1183,0.14925535299994408,,False,Laya,,,,Is the pancreas part of the gastrointestinal system?,True,False,283,False
972,0.5807,0.12935562999996364,,True,Laya,,,,Is salt water taffy made with ocean water?,False,False,90,False
982,1.0,0.12820086499993977,,True,Laya,,,,Do the bruins and celtics play in the same arena?,True,False,213,True
983,0.5479,0.08904198400000496,,True,Laya,,,,Is oasis of the seas the largest cruise ship?,False,False,197,False
985,0.8801,0.11836835100007193,,True,Laya,,,,Do owen and cristina get back together season 10?,False,False,233,False
991,0.1147,0.13251997199995458,,False,Laya,,,,Can you get held back in elementary school?,True,False,74,False
997,0.5617,0.07447033299990835,,True,Laya,,,,Is california state route 73 a toll road?,True,False,227,True
1006,0.9472,0.05941343799997867,,True,Laya,,,,Is there a line of duty series 4?,True,False,128,True
1009,0.1193,0.06968702400001803,,False,Laya,,,,Do brown recluse spiders live in the woods?,True,False,144,False
1010,0.8965,0.0659310959999857,,True,Laya,,,,Does the world cup trophy have a name?,False,False,94,False
1015,0.8702,0.08670831099993848,,True,Laya,,,,Can you buy a gun from a gun show without a background check?,True,False,187,True
1016,0.6381,0.11184729000001425,,True,Laya,,,,Is there overlap between the different organ systems in a vertebrate?,True,False,163,True
1027,0.6581,0.12317581000002065,,True,Laya,,,,Does arnie die in what eating gilbert grape?,False,False,127,False
1035,0.929,0.13661992699996972,,True,Laya,,,,Is fear the walking dead based on the comics?,True,False,79,True
1038,0.5075,0.09369986700005484,,True,Laya,,,,Are the violin and the fiddle the same thing?,True,False,80,True
1051,0.1917,0.09933348300000944,,False,Laya,,,,Have the thunder ever made it to the finals?,True,False,69,False
1053,0.0615,0.11844491100009691,,False,Laya,,,,Is the tv show taken still on the air?,False,False,150,True
1054,1.0,0.07178018800004793,,True,Laya,,,,Is fullmetal alchemist conqueror of shamballa a sequel?,True,False,219,True
1072,0.871,0.06392967700003283,,True,Laya,,,,Is a porpoise and a dolphin the same animal?,False,False,162,False
1088,0.7773,0.0925961070000767,,True,Laya,,,,Can you remove the venom glands from a snake?,True,False,175,True
1109,0.8622,0.0683670109999639,,True,Laya,,,,Are there only 2 rounds in the nba draft?,True,False,232,True
1116,0.8366,0.08028363599999011,,True,Laya,,,,Is a bachelor degree considered an undergraduate degree?,True,False,86,True
1125,0.0617,0.08763291900004333,,False,Laya,,,,Can you still use old 5 euro note?,False,False,116,True
1127,0.9576,0.0610772119999865,,True,Laya,,,,Does attack on titan have a season 2?,True,False,128,True
1150,0.7786,0.06405623299997387,,True,Laya,,,,Is liquid nitrogen the same as dry ice?,False,False,58,False
1161,0.8617,0.07641704200000277,,True,Laya,,,,Can you play ds games on a ds lite?,True,False,43,True
1164,0.8653,0.07090988499999185,,True,Laya,,,,Is the voice of alice the same as wendy?,True,False,139,True
1174,0.6183,0.08751534900000024,,True,Laya,,,,Was michigan a state during the civil war?,False,False,83,False
1190,0.0746,0.06559458099991389,,False,Laya,,,,Did izzie stevens die on grey's anatomy?,False,False,243,True
1192,0.3095,0.10420787400005338,,False,Laya,,,,Can ace be used as a 1 in poker?,True,False,160,False
1196,0.7558,0.07050404900007834,,True,Laya,,,,Can an ectopic pregnancy be carried to term?,True,False,71,True
1200,0.8534,0.08037429500006965,,True,Laya,,,,Is house of cards based on the british series?,True,False,56,True
1201,0.6478,0.11842267800000172,,True,Laya,,,,Can the chief justice of the supreme court be impeached?,True,False,62,True
1217,0.9984,0.06657100799998261,,True,Laya,,,,Is there a season 2 of case histories?,True,False,190,True
1222,0.8708,0.06517747800000961,,True,Laya,,,,Is canary wharf on the isle of dogs?,True,False,138,True
1226,0.0404,0.07247430399991117,,False,Laya,,,,Is 1 a prime factor of every number?,False,False,20,True
1241,0.7945,0.07262244899993675,,True,Laya,,,,Is air canada rouge the same as air canada?,False,False,73,False
1245,0.9408,0.08007167400000981,,True,Laya,,,,Is sex and the city filmed in new york?,True,False,196,True
1246,0.9512,0.07088155200005986,,True,Laya,,,,Is west texas a&m part of texas a&m?,True,False,125,True
1254,0.8529,0.06083119799995984,,True,Laya,,,,Can you make silk without killing the worm?,True,False,138,True
1255,0.7871,0.06036284899994371,,True,Laya,,,,Was there a tsunami in the 1906 san francisco earthquake?,True,False,143,True
1256,0.0001,0.07509261000006973,,False,Laya,,,,Is home bargains the same as quality save?,False,False,48,True
1261,0.6296,0.06942811800001891,,True,Laya,,,,Is online sports betting legal in south africa?,True,False,106,True
1270,0.7503,0.06575537900005202,,True,Laya,,,,Does the drinking age vary from state to state?,False,False,227,False
1273,0.9518,0.06332038400000783,,True,Laya,,,,Can you send out mail without a return address?,True,False,58,True
1276,0.9462,0.06681330699996124,,True,Laya,,,,Have both parts of the titanic been found?,True,False,140,True
1289,0.5114,0.060249664000025405,,True,Laya,,,,Was nova scotia part of the 13 colonies?,False,False,97,False
1299,0.9403,0.09124187800000527,,True,Laya,,,,Is a bmw 1 series rear wheel drive?,True,False,57,True
1316,0.2137,0.08918810799991661,,False,Laya,,,,Are any planets involved in the formation of an actual planetary nebula?,False,False,183,True
1318,0.1071,0.07894640199992864,,False,Laya,,,,Is it illegal to warn drivers of a speed trap?,False,False,60,True
1323,0.8425,0.07757704699997703,,True,Laya,,,,Does a flask count as an open container?,True,False,49,True
1332,0.6579,0.08321649100003015,,True,Laya,,,,Is a dame the same as a knight?,True,False,75,True
1333,0.7906,0.07609208899998521,,True,Laya,,,,Is patagonia a country in its own right?,False,False,93,False
1336,0.9353,0.06605382399993687,,True,Laya,,,,Is babies r us and toys r us the same?,True,False,74,True
1340,0.7407,0.07105106500000602,,True,Laya,,,,Is there a new pirates of the caribbean movie coming?,True,False,76,True
1346,1.0,0.07444028700001581,,True,Laya,,,,Does steph curry have a brother that plays basketball?,True,False,75,True
1347,0.0573,0.07041188300001977,,False,Laya,,,,Is it possible to have a 5th wisdom tooth?,True,False,109,False
1353,0.1969,0.07509287199991377,,False,Laya,,,,Is the depth of the water table always the same?,False,False,119,True
1355,0.8619,0.06805391400007466,,True,Laya,,,,Is the prefrontal cortex part of the frontal lobe?,True,False,78,True
1357,0.6194,0.07142578999992111,,True,Laya,,,,Has anyone climbed the north face of everest?,True,False,47,True
1359,0.117,0.09785786199995528,,False,Laya,,,,Is there a lake in lake hiawatha nj?,False,False,231,True
1360,0.607,0.08055082600003516,,True,Laya,,,,Can a nhl playoff game end in a tie?,False,False,238,False
1363,0.1685,0.06377944500002286,,False,Laya,,,,Is a jet engine an external combustion engine?,False,False,158,True
1377,0.2521,0.06454546300005859,,False,Laya,,,,Can you get into canada with just a drivers license?,False,False,118,True
1390,0.7995,0.06557946199995968,,True,Laya,,,,Can you conceal carry in louisiana without a permit?,False,False,149,False
1392,0.8753,0.07278665800004092,,True,Laya,,,,Can i go to canada with an edl?,True,False,81,True
1396,0.8488,0.06535049000001436,,True,Laya,,,,Do green anacondas live in the amazon rainforest?,True,False,76,True
1401,0.1192,0.0611814860000095,,False,Laya,,,,Is tissue composed of one type of cell?,False,False,55,True
1406,0.9354,0.06297124999991865,,True,Laya,,,,Did kevin durant play for the seattle supersonics?,True,False,144,True
1423,0.8115,0.06930855699999938,,True,Laya,,,,Does it get cold at night in hawaii?,False,False,118,False
1430,0.0038,0.06755594200001269,,False,Laya,,,,Do you have to pay for tvnz on demand?,False,False,36,True
1448,0.9511,0.07107733399993776,,True,Laya,,,,Is frasier filmed in front of a live audience?,True,False,108,True
1458,0.322,0.07376038999996126,,False,Laya,,,,Is the movie get rich or die tryin based on 50 cent's life?,True,False,102,False
1464,0.5581,0.06458304600005249,,True,Laya,,,,Can a judge be removed from the bench?,True,False,141,True
1468,0.7473,0.05935027999998965,,True,Laya,,,,Is the tv show the 100 still on?,True,False,35,True
1469,0.9218,0.08514718100002483,,True,Laya,,,,Are there any tim hortons in the us?,True,False,379,True
1471,0.0,0.06007052300003579,,False,Laya,,,,Does rachel die in hawaii 5-0?,False,False,166,True
1478,0.6188,0.06727794099992934,,True,Laya,,,,Is olympus has fallen and london has fallen related?,True,False,125,True
1479,0.8718,0.08739137399993524,,True,Laya,,,,Can fusion be used as an energy source?,True,False,76,True
1480,0.0742,0.23208708699996805,,False,Laya,,,,Does honey bunches of oats have folic acid?,True,False,62,False
1485,0.5348,0.07800389800001994,,True,Laya,,,,Can you start dreaming before you fall asleep?,True,False,117,True
1492,1.0,0.19242526899995482,,True,Laya,,,,Is pva glue the same as elmers glue?,True,False,92,True
1498,0.4707,0.15789646899997933,,False,Laya,,,,Is finders keepers a sequel to mr mercedes?,True,False,122,False
1507,0.5991,0.25034665999999106,,True,Laya,,,,Has anyone ever died doing the tour de france?,False,False,20,False
1516,0.8771,0.18205334700007825,,True,Laya,,,,Can i use hydraulic fluid for brake fluid?,True,False,57,True
1526,0.2017,0.18824306099998012,,False,Laya,,,,Is there a such thing as yellow watermelon?,True,False,295,False
1545,0.7697,0.14368665199992847,,True,Laya,,,,Can a passport card be used for real id?,True,False,172,True
1555,0.8611,0.1118775929999174,,True,Laya,,,,Will there be a 7th season of new girl?,True,False,28,True
1570,0.3465,0.1597333689999232,,False,Laya,,,,Was the iphone the first touch screen phone?,False,False,179,True
1585,0.9468,0.25215792799997416,,True,Laya,,,,Is emotionally unstable personality disorder the same as bpd?,True,False,124,True
1590,0.6816,0.15879078600005414,,True,Laya,,,,Will there be a new total drama series?,True,False,194,True
1596,0.8925,0.16634264000003895,,True,Laya,,,,Are all the royal families of europe related?,True,False,75,True
1601,0.6402,0.18150873299998693,,True,Laya,,,,Is southern ireland part of the british isles?,True,False,136,True
1603,0.1864,0.1429113450000159,,False,Laya,,,,Is father's day the same day all over the world?,False,False,148,True
1606,0.9062,0.10344517900000483,,True,Laya,,,,Are residents of the us virgin islands american citizens?,True,False,97,True
1608,0.768,0.09630049899999449,,True,Laya,,,,Has australia ever been in a world cup final?,True,False,37,True
1615,0.4878,0.08302229899993563,,False,Laya,,,,Is the first round of the nba playoffs a 5 game series?,False,False,97,True
1623,0.8362,0.08833192000008694,,True,Laya,,,,Can being too hot cause you to faint?,True,False,72,True
1627,0.9112,0.0740835409999363,,True,Laya,,,,Is foam board and foam core the same thing?,True,False,75,True
1630,0.7341,0.06368391299997711,,True,Laya,,,,Are blade runner and blade runner 2049 connected?,True,False,145,True
1634,0.9336,0.07256531400003041,,True,Laya,,,,Will there be a fifth season of arrested development?,True,False,71,True
1636,0.8284,0.07754097099996216,,True,Laya,,,,Do corporations have the same free speech rights as persons?,True,False,72,True
1640,0.8114,0.06792496100001699,,True,Laya,,,,Have the seattle supersonics ever won a championship?,True,False,100,True
1641,0.7075,0.07786115399994742,,True,Laya,,,,Can a return address be a po box?,True,False,128,True
1658,0.9481,0.06817421899995679,,True,Laya,,,,Is an undergraduate degree the same as a bachelor's degree?,True,False,86,True
1663,0.9159,0.0695598689999315,,True,Laya,,,,Does minute maid stadium have a retractable roof?,True,False,171,True
1665,0.6758,0.0721995239999842,,True,Laya,,,,Is pb(no3)2 soluble in water?,True,False,44,True
1669,0.6003,0.07196190800004842,,True,Laya,,,,Is the book of life a pixar movie?,False,False,151,False
1670,0.9013,0.05916363899996213,,True,Laya,,,,Is the lead singer of hellyeah from mudvayne?,True,False,120,True
1677,0.9562,0.0944909039999402,,True,Laya,,,,Are they going to make another jurassic world movie?,True,False,179,True
1695,0.9412,0.07194504000005963,,True,Laya,,,,Is iron (iii) sulfate soluble in water?,True,False,82,True
1705,0.2556,0.06879821899997296,,False,Laya,,,,Does sam come back to the west wing?,True,False,151,False
1720,0.8283,0.0712617039999941,,True,Laya,,,,Are there us military bases in the uk?,True,False,56,True
1729,0.4258,0.0714768829999457,,False,Laya,,,,Did they use bayonets in the civil war?,True,False,135,False
1736,0.8437,0.08573829199997363,,True,Laya,,,,Can you do a jump shot on a free throw?,True,False,152,True
1748,0.9624,0.06102097200005119,,True,Laya,,,,Is delhi university and university of delhi same?,True,False,195,True
1752,0.1754,0.060634493999941697,,False,Laya,,,,Is universal music group part of universal studios?,False,False,133,True
1759,0.9472,0.0867133049999893,,True,Laya,,,,Is there a sequel to the avengers infinity war?,True,False,124,True
1764,0.3787,0.06458199700000478,,False,Laya,,,,Is swat a remake of an old show?,True,False,36,False
1774,0.1382,0.07325340499994581,,False,Laya,,,,Is nba playoffs 2-3-2?,False,False,97,True
1780,0.8323,0.07160131400007685,,True,Laya,,,,Are cowpeas and black eyed peas the same thing?,True,False,94,True
1791,0.7025,0.08398569899998165,,True,Laya,,,,Does the first amendment separate church and state?,True,False,71,True
1796,0.9018,0.06398091000005479,,True,Laya,,,,Are flying fish fish that can actually fly?,False,False,97,False
1797,0.9285,0.10185595099994771,,True,Laya,,,,Is back to the future a science fiction movie?,True,False,102,True
1799,0.2841,0.07124120200001016,,False,Laya,,,,Are treaties the supreme law of the land?,True,False,245,False
1800,0.8395,0.06583120400000553,,True,Laya,,,,Has anyone ever been awarded two medal of honors?,True,False,190,True
1815,0.1877,0.07182459799992102,,False,Laya,,,,Is eastern standard time the same as atlantic standard time?,False,False,49,True
1819,0.9434,0.08281084899999769,,True,Laya,,,,Is the university of michigan a public school?,True,False,188,True
1826,0.7313,0.0926949859999695,,True,Laya,,,,Can you play all ps3 games on vita?,False,False,79,False
1840,0.8346,0.08269064199998866,,True,Laya,,,,Is there free to air tv in the usa?,True,False,173,True
1856,0.8767,0.13750165499993727,,True,Laya,,,,Do cows have to be pregnant to get milk?,False,False,124,False
1861,0.1414,0.16933321299995896,,False,Laya,,,,Does the equal time rule apply to newspapers?,False,False,128,True
1866,0.0005,0.07624528600001668,,False,Laya,,,,Is the united states part of the eu?,False,False,88,True
1888,0.9565,0.10662471599994205,,True,Laya,,,,Are mazda tribute and ford escape the same?,True,False,286,True
1893,0.6137,0.12863272399999914,,True,Laya,,,,Are roasted red peppers and pimentos the same?,False,False,72,False
1895,0.8071,0.13398816699998406,,True,Laya,,,,Is garfield a real cat in the movie?,False,False,173,False
1896,0.7727,0.1103307070000028,,True,Laya,,,,Is it illegal to sell e cigs to minors?,True,False,315,True
1901,0.8621,0.11428602600005888,,True,Laya,,,,Is there such a thing as meat allergy?,True,False,159,True
1908,0.9553,0.05667350400005944,,True,Laya,,,,Is the greatest show on earth a musical?,True,False,85,True
1911,0.2654,0.052032633999942846,,False,Laya,,,,Is johnson and wales a for profit school?,False,False,117,True
1913,0.8155,0.0864880379999704,,True,Laya,,,,Can you be jailed in canada for offensive speech?,True,False,57,True
1925,0.7379,0.11182900599999357,,True,Laya,,,,Is there any more hunger games coming out?,False,False,211,False
1929,0.8583,0.10782103399992593,,True,Laya,,,,Are audi and volkswagen made by the same company?,True,False,294,True
1933,0.4283,0.054141076999940196,,False,Laya,,,,Did west virginia used to be part of virginia?,True,False,122,False
1935,0.9094,0.11530672799995045,,True,Laya,,,,Is the caribbean sea a part of the atlantic ocean?,True,False,95,True
1936,0.8409,0.11618555300003663,,True,Laya,,,,Can you shoot .38 long colt in .38 special?,True,False,198,True
1937,0.0918,0.10959993699998449,,False,Laya,,,,Is the empty set an element of the set containing the empty set?,False,False,82,True
1947,0.1592,0.08582293199992819,,False,Laya,,,,Is a chicken and rooster the same thing?,True,False,38,False
1953,0.72,0.10587311800009047,,True,Laya,,,,Is all of australia in the same time zone?,False,False,79,False
1957,0.0654,0.12206691400001546,,False,Laya,,,,Is the titanic still the biggest ship ever built?,False,False,189,True
1958,0.7888,0.12700915400000667,,True,Laya,,,,Does normal body temperature vary throughout the day?,True,False,75,True
1968,1.0,0.08140877799996815,,True,Laya,,,,Is the legal drinking age a federal law?,False,False,87,False
1970,0.2836,0.1532995380000557,,False,Laya,,,,Is bosnia and herzegovina part of the eu?,False,False,157,True
1974,0.7939,0.157055405000051,,True,Laya,,,,Is the film changeling based on a true story?,True,False,155,True
1975,0.5828,0.14976599199997054,,True,Laya,,,,Is paris still the fashion capital of the world?,True,False,27,True
1994,0.9104,0.2160107900000412,,True,Laya,,,,Does winning the fa cup qualify for europe?,True,False,238,True
1998,0.9056,0.12162940200005323,,True,Laya,,,,Is a beef burger the same as a hamburger?,True,False,123,True
1999,0.1774,0.06644398799994633,,False,Laya,,,,Was till i collapse made for real steel?,False,False,286,True
2024,0.6485,0.055988281000054485,,True,Laya,,,,Is the load the pivot point of a lever?,False,False,138,False
2030,0.9212,0.06439562999992177,,True,Laya,,,,Are tonic water and quinine water the same thing?,True,False,76,True
2034,0.2444,0.05921974099999261,,False,Laya,,,,Was mary blind on little house on the prairie?,True,False,114,False
2046,0.8068,0.06717661899995164,,True,Laya,,,,Can any organs in the digestive system be transplanted?,True,False,102,True
2047,0.8707,0.06254547700007151,,True,Laya,,,,Does charlotte's web cbd oil have thc?,True,False,135,True
2048,0.8522,0.06756736700003785,,True,Laya,,,,Is the common femoral vein a deep vein?,True,False,51,True
2051,0.8537,0.06312955200007764,,True,Laya,,,,Is it legal to be a bounty hunter in the us?,True,False,91,True
2056,0.5773,0.09684331300002214,,True,Laya,,,,Is income support the same as housing benefit?,False,False,146,False
2058,0.1319,0.06221324900002401,,False,Laya,,,,Does everyone do their own singing in mamma mia?,True,False,152,False
2071,0.9538,0.06152980700005628,,True,Laya,,,,Did tom hardy won an oscar for the revenant?,False,False,70,False
2078,0.7934,0.06026007200000549,,True,Laya,,,,Is eeyore from winnie the pooh a donkey?,True,False,82,True
2080,0.6253,0.06836467300001914,,True,Laya,,,,Do we still have net neutrality in the us?,True,False,236,True
2103,0.7456,0.05840061300000343,,True,Laya,,,,Can you get on the internet with a playstation 2?,False,False,143,False
2107,0.0835,0.05922881700007565,,False,Laya,,,,Are home hardware and home depot the same?,False,False,41,True
2109,0.9946,0.06332794299999023,,True,Laya,,,,Did spain win the world cup in 2010?,True,False,180,True
2113,0.9428,0.08357863499998075,,True,Laya,,,,Is harry potter world part of universal studios hollywood?,True,False,86,True
2119,0.7037,0.08036870300009014,,True,Laya,,,,Do dalmatians have spots when they are born?,False,False,189,False
2126,0.8735,0.08572428499996931,,True,Laya,,,,Do ant man and the wasp get together?,True,False,220,True
2131,0.5434,0.08173826500001269,,True,Laya,,,,Is the ballroom at the top of the blackpool tower?,False,False,96,False
2137,0.8578,0.07956666299992321,,True,Laya,,,,Can you travel within the eu with an id card?,True,False,133,True
2143,0.0709,0.06579726900008609,,False,Laya,,,,Was everything everything based on a true story?,False,False,87,True
2145,0.922,0.16830096699993646,,True,Laya,,,,Can i send something without a return address?,True,False,58,True
2155,0.3888,0.13460804399994686,,False,Laya,,,,Did the yankees win the world series in 2001?,False,False,134,True
2159,0.8139,0.07084938900004545,,True,Laya,,,,Are there any words in the english language with a q and no u?,True,False,241,True
2161,0.1303,0.055580140999950345,,False,Laya,,,,Is there a movie after i am number 4?,False,False,36,True
2162,0.9689,0.06618278100006592,,True,Laya,,,,Is the us 2 dollar bill still in circulation?,True,False,254,True
2184,0.1072,0.1701818880000019,,False,Laya,,,,Was good times a spin off of the jeffersons?,False,False,84,True
2189,0.9053,0.09734969199996613,,True,Laya,,,,Can i mix cement and plaster of paris?,True,False,125,True
2195,0.8128,0.0744880040000453,,True,Laya,,,,Do red slider turtles lay eggs in water?,False,False,199,False
2199,0.131,0.04259905800006436,,False,Laya,,,,Is port louis mauritius in the atlantic or pacific ocean?,False,False,56,True
2216,0.0953,0.04038343199999872,,False,Laya,,,,Is the new god of war 2 players?,False,False,314,True
2244,0.9778,0.03820263400007207,,True,Laya,,,,Is cedar oil the same as cedarwood oil?,True,False,106,True
2245,0.0265,0.044234458999994786,,False,Laya,,,,Is the show nashville based on a true story?,False,False,64,True
2250,0.2625,0.03871564799999305,,False,Laya,,,,Is a master of fine arts a terminal degree?,True,False,161,False
2254,0.9128,0.04155733400000372,,True,Laya,,,,Has indian ever made it to the world cup?,True,False,128,True
2260,0.5337,0.049708407000025545,,True,Laya,,,,Did i am they get a new singer?,True,False,29,True
2263,0.3682,0.03946776000009322,,False,Laya,,,,Does the moment of inertia depend on the axis of rotation?,True,False,181,False
2270,0.8813,0.043323119999968185,,True,Laya,,,,Did rita die in season 4 of dexter?,True,True,405,True
2275,0.9295,0.043892906999985826,,True,Laya,,,,Is contemporary dance the same as modern dance?,False,False,259,False
2278,0.6703,0.04149640800005727,,True,Laya,,,,Could you survive jumping off the golden gate bridge?,True,False,143,True
2285,0.974,0.039842958000008366,,True,Laya,,,,Can a federal law override a state law?,True,False,245,True
2289,0.137,0.04522576199997275,,False,Laya,,,,Is gdp per capita same as per capita income?,False,False,132,True
2290,0.9741,0.03749197500007995,,True,Laya,,,,Is a groundhog and a woodchuck the same thing?,True,False,226,True
2296,0.1116,0.03837888399993972,,False,Laya,,,,Has the us won a fifa world cup?,False,False,105,True
2302,0.3106,0.04982250599994131,,False,Laya,,,,Does all life require the same essential elements?,True,False,163,False
2303,0.7689,0.038423160999968786,,True,Laya,,,,Is the house of representatives also called congress?,True,False,34,True
2309,0.6289,0.039136912000003576,,True,Laya,,,,Is in-n-out burger a franchise?,False,False,133,False
2312,0.7912,0.042801275999977406,,True,Laya,,,,Do you get jet lag travelling west to east?,True,False,115,True
2318,0.858,0.0447051390000297,,True,Laya,,,,Are there different strains of the common cold?,True,False,131,True
2320,0.0468,0.037686474999986785,,False,Laya,,,,Is home depot and lowes the same company?,False,False,59,True
2323,0.284,0.04165127300007043,,False,Laya,,,,Is there any original members of lynyrd skynyrd?,True,False,154,False
2337,0.2424,0.03973528999995324,,False,Laya,,,,Can a player play in the europa league and champions league?,True,False,124,False
2343,0.9325,0.04196753400003672,,True,Laya,,,,Is there a wells fargo in new york?,True,False,154,True
2350,0.9958,0.043719893999991655,,True,Laya,,,,Is fantastic beasts movie based on a book?,True,False,96,True
2353,0.834,0.03955164900003183,,True,Laya,,,,Is the shooter tv show the same as the movie?,False,False,87,False
2360,0.8757,0.038954081000042606,,True,Laya,,,,Do caroline and stefan date in vampire diaries?,True,False,323,True
2366,0.1854,0.04375704100004896,,False,Laya,,,,Did jean grey die in the last stand?,True,False,390,False
2375,0.9483,0.039420813999981874,,True,Laya,,,,Is v power the same as super unleaded?,True,False,36,True
2376,0.0619,0.04012899299993933,,False,Laya,,,,Can you build up immunity to snake venom?,True,False,48,False
2380,0.736,0.05439852599999995,,True,Laya,,,,Does the handsome collection come with all dlc?,True,False,111,True
2383,0.4164,0.03962097399994491,,False,Laya,,,,Do elizabeth and jack sparrow end up together?,False,False,129,True
2385,0.6564,0.03894803100001809,,True,Laya,,,,Does the arizona court of appeals hear death penalty cases?,False,False,38,False
2389,0.7529,0.046742798000082075,,True,Laya,,,,Did the jamaican bobsled team carry the sled?,False,False,74,False
2390,0.1487,0.04747019699993871,,False,Laya,,,,Can a post dated cheque be cashed early in india?,False,False,111,True
2392,0.9165,0.0437450300000819,,True,Laya,,,,Was the green mile nominated for any oscars?,True,False,43,True
2398,0.826,0.04217845899995609,,True,Laya,,,,Do supreme court justices have to be confirmed by the senate?,True,False,107,True
2405,0.2093,0.04074102000004132,,False,Laya,,,,Is it true to say that the torrens system only recognizes registered interests in land?,True,False,91,False
2409,0.8827,0.03965209299997241,,True,Laya,,,,Is split phase the same as single phase?,True,False,74,True
2420,0.0016,0.049250770999947235,,False,Laya,,,,Are abc and nbc owned by the same company?,False,False,218,True
2423,0.9156,0.037403619999963666,,True,Laya,,,,Has israel ever qualified for the world cup?,True,False,67,True
2424,0.9695,0.03859192799995981,,True,Laya,,,,Is interstate 70 in kansas a toll road?,True,False,130,True
2446,0.7043,0.04240132400002494,,True,Laya,,,,Can a wild card team have home field advantage in mlb playoffs?,False,False,188,False
2458,0.9836,0.03899261799995202,,True,Laya,,,,Is there a sequal to gone with the wind?,True,False,73,True
2465,0.2156,0.03921814800003176,,False,Laya,,,,Is a sous chef higher than a chef de partie?,True,False,137,False
2472,0.88,0.043151911999984804,,True,Laya,,,,Are pokemon gold silver and crystal the same?,True,False,99,True
2475,0.9548,0.041624046999913844,,True,Laya,,,,Do they have sharks in the mississippi river?,True,False,87,True
2488,0.897,0.038701223999964895,,True,Laya,,,,Are they making a season 4 of the flash?,True,False,132,True
2490,0.5586,0.04610910899998544,,True,Laya,,,,Does the goalkeeper count in the offside rule?,True,False,173,True
2493,0.8766,0.039841475999992326,,True,Laya,,,,Can you make a citizen's arrest in the uk?,True,False,100,True
2499,0.1591,0.03973835900001177,,False,Laya,,,,Does the fibula form part of the knee joint?,False,False,133,True
2510,0.8381,0.04054589399993347,,True,Laya,,,,Do all craftsman tools have a lifetime warranty?,True,False,228,True
2538,0.9555,0.03899402799993368,,True,Laya,,,,Is the national cathedral in washington dc catholic?,False,False,147,False
2547,0.1833,0.039450584999940475,,False,Laya,,,,Does the queen bee die after she stings?,False,False,54,True
2569,0.7981,0.048143841999944925,,True,Laya,,,,Is kingda ka the biggest roller coaster in the world?,True,False,89,True
2571,0.084,0.045225986999980705,,False,Laya,,,,Are the channel isles part of great britain?,False,False,207,True
2573,0.9223,0.03910973999995804,,True,Laya,,,,Is there such a thing as garlic allergy?,True,False,109,True
2575,0.1919,0.04215794900005676,,False,Laya,,,,Does it always rain when there's lightning?,False,False,85,True
2589,0.8611,0.03838848499992764,,True,Laya,,,,Is it true that your arm span is your height?,True,False,78,True
2592,0.0328,0.03809435600010147,,False,Laya,,,,Is roman j israel movie based on a true story?,False,False,224,True
2606,0.7011,0.04176226799995675,,True,Laya,,,,Does 3rd place in the world cup get a medal?,True,False,195,True
2607,0.0892,0.0379491200000075,,False,Laya,,,,Is natural gas and oil the same thing?,False,False,57,True
2611,0.144,0.03921080700001767,,False,Laya,,,,Do north and south korea have different accents?,True,False,69,False
2624,0.8316,0.04344069000001127,,True,Laya,,,,Are craftsman tool boxes made in the usa?,False,False,184,False
2645,0.9481,0.04558244400004696,,True,Laya,,,,Is the tv show riverdale based on the archie comics?,True,False,126,True
2647,0.9096,0.03787438699998802,,True,Laya,,,,Is a german shepherd and an alsatian the same dog?,True,False,217,True
2655,0.1894,0.04122598100002506,,False,Laya,,,,Is right of abode the same as indefinite leave to remain?,True,False,38,False
2680,0.3292,0.039858849999973245,,False,Laya,,,,Does the sun rise in the west in the northern hemisphere?,False,False,164,True
2682,0.9995,0.037461697000026106,,True,Laya,,,,Is there wheel of fortune in other countries?,True,False,74,True
2697,0.859,0.04314967200002684,,True,Laya,,,,Is it possible to make an emulsion with water ethanol and an emulsifier?,True,False,132,True
2698,0.2451,0.037626411999895026,,False,Laya,,,,Can i use a net10 card on a tracfone?,False,False,73,True
2700,0.2644,0.038980415999958495,,False,Laya,,,,Is internal energy the same as potential energy?,False,False,133,True
2714,0.8551,0.04399759399996128,,True,Laya,,,,Is each state guaranteed a minimum number of representatives?,True,False,73,True
2733,0.7001,0.039023153000016464,,True,Laya,,,,Does the lego hobbit game have all 3 movies?,False,False,120,False
2741,0.4993,0.03934978000006595,,False,Laya,,,,Is lord of the rings a book series?,True,False,284,False
2750,0.8875,0.04401683600008255,,True,Laya,,,,Was looking for mr goodbar based on a true story?,True,False,129,True
2754,0.0891,0.04049682900006246,,False,Laya,,,,Can you be an attorney without taking the bar exam?,False,False,103,True
2763,0.9537,0.04040721100000155,,True,Laya,,,,Does colorado school of mines have a football team?,True,False,192,True
2768,0.6362,0.04344212199998765,,True,Laya,,,,Can you take a picture of anyone in public uk?,True,False,95,True
2787,0.9771,0.05371531200000845,,True,Laya,,,,Is season 2 of the last kingdom on netflix?,True,False,33,True
2789,0.9614,0.04127354000002015,,True,Laya,,,,Do superman and lois lane end up together?,True,False,96,True
2800,0.9199,0.04135635599993748,,True,Laya,,,,Can you move a knight first in chess?,True,False,65,True
2806,0.8193,0.037663498000028994,,True,Laya,,,,Can you go out on the first round of phase 10?,True,False,120,True
2817,0.7945,0.037216101000012713,,True,Laya,,,,Is it the same world cup trophy every year?,True,False,63,True
2820,0.6271,0.04169704299999921,,True,Laya,,,,Can nicotine be classified as a ganglion blocker?,True,False,192,True
2830,0.9157,0.037126177000004645,,True,Laya,,,,Is the going to be another avengers infinity war?,True,False,134,True
2834,0.8565,0.03973465899991879,,True,Laya,,,,Is canada a state in the united states?,False,False,160,False
2845,0.4266,0.04183517100000245,,False,Laya,,,,Are there any p 38 lightnings still flying?,True,False,63,False
2856,0.0716,0.04597951299990655,,False,Laya,,,,Is the san pedro cactus illegal in the us?,False,False,98,True
2858,0.8112,0.038885526000058235,,True,Laya,,,,Do you have to have a license to own a tv in england?,False,False,96,False
2860,0.1004,0.040599806999921384,,False,Laya,,,,Is it hard to breathe at 7000 feet?,True,False,146,False
2862,0.8834,0.03891246199998477,,True,Laya,,,,Is little red riding hood a grimm fairytale?,True,False,160,True
2865,0.8998,0.038508191000005354,,True,Laya,,,,Is 866 a toll free number in canada?,True,False,53,True
2886,0.2318,0.041205280999975,,False,Laya,,,,Does host country have to qualify for world cup?,True,False,62,False
2891,0.0338,0.03816488600000412,,False,Laya,,,,Is scottish gaelic and irish gaelic the same?,False,False,65,True
2893,0.7546,0.041889827999966656,,True,Laya,,,,Is the wheel of time set on earth?,True,False,145,True
2899,0.9177,0.04521903600004862,,True,Laya,,,,Is there any toys r us still open in the world?,True,False,76,True
2909,1.0,0.039443559000005735,,True,Laya,,,,Is taro root the same as elephant ears?,True,False,203,True
2917,0.4836,0.03837009599999419,,False,Laya,,,,Does the handsome jack collection come with all dlc?,True,False,111,False
2918,0.3001,0.04086957100003019,,False,Laya,,,,Can the human body directly absorb animal protein?,False,False,59,True
2919,0.7905,0.039527115000055346,,True,Laya,,,,Can a 16 year old be with an 18 year old in florida?,True,False,46,True
2921,0.8748,0.03890274299999419,,True,Laya,,,,Is someone born in guam a us citizen?,True,False,128,True
2924,0.9999,0.04231169000001955,,True,Laya,,,,Is the road from cairns to normanton sealed?,True,False,35,True
2926,0.7234,0.03821429600009196,,True,Laya,,,,Are leeks in the same family as onions?,True,False,73,True
2952,0.8319,0.04887301799999477,,True,Laya,,,,Is there such a thing as spring fever?,True,False,42,True
2954,0.9441,0.04644346299994595,,True,Laya,,,,Is beyonce in coldplay's hymn for the weekend?,True,False,85,True
2955,0.1168,0.039313742999979695,,False,Laya,,,,Is a 17 hmr bigger than a 22lr?,True,False,93,False
2959,0.6991,0.03755595200004791,,True,Laya,,,,Are there any countries that don't have a football team?,True,False,12,True
2963,0.3882,0.04366826900002252,,False,Laya,,,,Will my military id get me into canada?,True,False,217,False
2970,0.8828,0.03858589000003576,,True,Laya,,,,Can you have a surrogate mother in australia?,True,False,96,True
2974,0.9607,0.0376367430000073,,True,Laya,,,,Is trinidad and tobago going to world cup 2018?,True,False,100,True
2975,0.951,0.03997444499998437,,True,Laya,,,,Is ronnie o sullivan in the world championship 2016?,True,False,113,True
2979,1.0,0.045287131999998564,,True,Laya,,,,Is the show the magicians based on a book?,True,False,93,True
2988,0.5604,0.03850621399999454,,True,Laya,,,,Does kentucky have a stand your ground law?,True,False,74,True
2991,0.6744,0.04028676300004008,,True,Laya,,,,Has anyone ever hit a hole-in-one on a par 5?,True,False,173,True
2992,0.7902,0.03777953099995557,,True,Laya,,,,Are eidetic memory and photographic memory the same?,True,False,163,True
2998,0.3512,0.03748038399999132,,False,Laya,,,,Is selection sort more efficient than insertion sort?,False,False,73,True
3003,0.0556,0.04289677899998878,,False,Laya,,,,Could you buy your council house before 1979?,False,False,139,True
3018,0.3345,0.03875647799998205,,False,Laya,,,,Does each state have its own constitution australia?,True,False,48,False
3022,0.7305,0.041764618000001974,,True,Laya,,,,Does stefan turn his humanity off in season 6?,True,True,566,True
3023,0.2254,0.04302413099992464,,False,Laya,,,,Were the us armed forces integrated in wwi?,True,False,83,False
3024,0.0614,0.043902550999973755,,False,Laya,,,,Is five nights at freddy's 2 a prequel?,True,False,128,False
3026,0.2656,0.03831256099999791,,False,Laya,,,,Can we travel to ireland with schengen visa?,False,False,89,True
3028,0.8739,0.04058732099997542,,True,Laya,,,,Did the united kingdom leave the european union?,False,False,123,False
3029,0.7938,0.03847874600000978,,True,Laya,,,,Can an 18 year old own a handgun in indiana?,True,False,51,True
3036,0.1322,0.039585643999998865,,False,Laya,,,,Is season 5 the last season of agents of shield?,False,False,118,True
3043,0.6518,0.04052026099998329,,True,Laya,,,,Is motherhood maternity and destination maternity the same?,True,False,98,True
3069,0.8253,0.03917021500001283,,True,Laya,,,,Can a compound be an acid and a base?,True,False,81,True
3075,0.8735,0.03981259500005763,,True,Laya,,,,Can you draw from the discard pile in rummy?,True,False,66,True
3080,0.113,0.0575740259999975,,False,Laya,,,,Are there any living survivors from world war 1?,False,False,144,True
3084,0.1304,0.04054429000007076,,False,Laya,,,,Is it illegal to flash your headlights to warn of police uk?,False,False,69,True
3089,0.3306,0.038637564000055136,,False,Laya,,,,Are honey bees and bumble bees the same?,False,False,101,True
3090,0.1144,0.04163615300001311,,False,Laya,,,,Is a lion part of the dog family?,False,False,191,True
3093,0.0765,0.0379708779998964,,False,Laya,,,,Is the girl who leapt through time studio ghibli?,False,False,237,True
3098,0.876,0.039457074000097236,,True,Laya,,,,Are sweet peppers and bell peppers the same?,True,False,84,True
3102,0.8463,0.04655489899994336,,True,Laya,,,,Has texas a&m ever won a national championship?,True,False,226,True
3124,0.9526,0.03868578799995248,,True,Laya,,,,Is the incredicoaster the same as california screamin?,True,False,150,True
3126,0.1945,0.0371465520000811,,False,Laya,,,,Is the movie sling blade a true story?,False,False,126,True
3131,0.1496,0.04184068000006391,,False,Laya,,,,Is the movie the kissing booth on netflix?,True,False,62,False
3137,0.8754,0.038978111999995235,,True,Laya,,,,Is the olympic gold medal made of gold?,False,False,71,False
3138,0.0755,0.03734750800003894,,False,Laya,,,,Is jamaica considered part of the united states?,False,False,108,True
3149,0.5715,0.04345140700002048,,True,Laya,,,,Has north korea ever made it to the world cup?,True,False,44,True
3164,0.3721,0.04304810499991163,,False,Laya,,,,Do you have to be born in us to become president?,True,False,155,False
3165,0.1292,0.040769766000039454,,False,Laya,,,,Is red stripe light sold in the us?,True,False,45,False
3170,0.1396,0.04390720499998224,,False,Laya,,,,Is there a second season of your lie in april?,False,False,117,True
3172,0.7252,0.04347284599998602,,True,Laya,,,,Is a private equity fund a financial institution?,False,False,116,False
3186,0.7052,0.04071140300004572,,True,Laya,,,,Is batman forever a sequel to batman returns?,True,False,197,True
3190,0.3905,0.04563187300004756,,False,Laya,,,,Do house and cuddy get back together in season 8?,False,True,639,True
3191,0.737,0.04033501100002468,,True,Laya,,,,Is canada dry ginger ale made in canada?,False,False,94,False
3197,0.9512,0.04132692199993926,,True,Laya,,,,Has germany ever won the eurovision song contest?,True,False,169,True
3203,0.7834,0.04816886699995848,,True,Laya,,,,Is the fundus of the gallbladder located near the cystic duct?,False,False,182,False
3204,0.088,0.04224328500004049,,False,Laya,,,,Is the movie lady bird about lady bird johnson?,False,False,101,True
3208,0.9304,0.041428727000038634,,True,Laya,,,,Are you in the navy if you go to the naval academy?,True,False,203,True
3215,0.9169,0.04961202900005901,,True,Laya,,,,Has the data protection act 1998 been superseded?,True,False,62,True
3222,0.6196,0.048750668000025144,,True,Laya,,,,Does the batter have to move out of the way of a pitch?,True,False,119,True
3223,0.2916,0.04629407300001276,,False,Laya,,,,Can an mlb game end in a tie?,False,False,124,True
3228,0.6891,0.05513587400002962,,True,Laya,,,,Can triamcinolone acetonide cream be used to treat poison ivy?,True,False,126,True
3234,0.1182,0.04031349000001683,,False,Laya,,,,Is fixed cost the same as total cost?,False,False,54,True
3247,0.9499,0.04080268499990325,,True,Laya,,,,Is there a season 5 of arrested development?,True,False,71,True
3256,0.8143,0.052388417999964076,,True,Laya,,,,Does the girl in don take the girl die?,False,False,134,False
3265,0.9503,0.04537014399988948,,True,Laya,,,,Is manic depression the same as bi polar?,True,False,170,True
3266,0.7813,0.04134323300002052,,True,Laya,,,,Was whiskey galore based on a true story?,True,False,112,True
3268,0.7151,0.04883890199994312,,True,Laya,,,,Does the hockey puck have to cross the line to be a goal?,True,False,119,True
0,0.3797,0.05285867199995664,,False,Laya,,,,Does ethanol take more energy make that produces?,False,False,259,True
1,0.9716,0.0481210140001167,,True,Laya,,,,Is house tax and property tax are same?,True,False,260,True
2,0.6779,0.04228453999985504,,True,Laya,,,,Is pain experienced in a missing body part or paralyzed area?,True,False,62,True
3,0.9471,0.042692916000078185,,True,Laya,,,,Is harry potter and the escape from gringotts a roller coaster ride?,True,False,114,True
4,0.5051,0.046910239999988335,,True,Laya,,,,Is there a difference between hydroxyzine hcl and hydroxyzine pam?,True,False,102,True
5,0.0505,0.05227126100021451,,False,Laya,,,,Is barq's root beer a pepsi product?,False,False,88,True
6,0.5883,0.03823232799982179,,True,Laya,,,,Can an odd number be divided by an even number?,True,False,118,True
7,0.926,0.03788625599986517,,True,Laya,,,,Is there a word with q without u?,True,False,133,True
8,0.2455,0.04054624800005513,,False,Laya,,,,Can u drive in canada with us license?,True,False,17,False
9,0.8671,0.04090071199993872,,True,Laya,,,,Is there a play off for third place in the world cup?,True,False,104,True
10,0.534,0.03929529900005946,,True,Laya,,,,Can minors drink with parents in new york?,True,False,159,True
11,0.0135,0.043647335000059684,,False,Laya,,,,Is the show bloodline based on a true story?,False,False,109,True
12,0.0413,0.04351014300004863,,False,Laya,,,,Is it bad to wash your hair with shower gel?,True,False,121,False
13,0.5907,0.04039145299998381,,True,Laya,,,,Is the liver part of the excretory system?,True,False,123,True
14,0.8215,0.04591643499998099,,True,Laya,,,,Is fantastic beasts and where to find them a prequel?,True,False,170,True
15,0.8901,0.04320177799991143,,True,Laya,,,,Will there be a season 8 of vampire diaries?,True,False,68,True
17,0.2865,0.04388467200010382,,False,Laya,,,,Is durham university part of the russell group?,True,False,55,False
18,0.7718,0.042712535999953616,,True,Laya,,,,Is the tv show the resident over for the season?,True,False,151,True
19,0.9875,0.04058906199998091,,True,Laya,,,,Does magnesium citrate have citric acid in it?,True,False,63,True
20,0.5567,0.04623163199994451,,True,Laya,,,,Does p o box come before street address?,False,False,177,False
22,0.7664,0.054847422000193546,,True,Laya,,,,Is a cape and a cloak the same?,True,False,67,True
23,0.7781,0.04762478500015277,,True,Laya,,,,Does it cost money to renounce us citizenship?,True,False,73,True
24,0.19,0.06463114600001063,,False,Laya,,,,Is a fire 7 the same as a kindle?,True,False,141,False
25,0.5383,0.049333131000139474,,True,Laya,,,,Can you drink alcohol with your parents in wisconsin?,True,False,95,True
26,0.1794,0.04131953000000976,,False,Laya,,,,Do penguins have feathers arising from the epidermis?,True,False,125,False
27,0.3797,0.040488768999921376,,False,Laya,,,,Do you need to break in a car?,False,False,214,True
28,0.4164,0.04320355400000153,,False,Laya,,,,Is the enchanted forest in oregon still open?,True,False,70,False
29,0.6728,0.047003287000052296,,True,Laya,,,,Is there a golf course at the indy 500?,True,False,113,True
31,0.8818,0.04178694199981692,,True,Laya,,,,Do they still make benson & hedges cigarettes?,True,False,62,True
32,0.5869,0.04003628899999967,,True,Laya,,,,Is federal income tax the same as social security?,False,False,85,False
33,0.2143,0.03992631500000243,,False,Laya,,,,Is an engine speed sensor the same as a crankshaft sensor?,True,False,92,False
34,0.9687,0.04083216699996228,,True,Laya,,,,Is indiana jones temple of doom a prequel?,True,False,108,True
35,0.8919,0.041398173999823484,,True,Laya,,,,Is there any next part of avengers infinity war?,True,False,140,True
36,0.2109,0.039693775999921854,,False,Laya,,,,Is the toyota highlander on a truck frame?,False,False,114,True
37,0.918,0.03892176399995151,,True,Laya,,,,Is it legal to do a cover of a song?,True,False,165,True
38,0.9098,0.042328032000114035,,True,Laya,,,,Can carbon form polar covalent bonds with hydrogen?,False,False,209,False
39,0.0939,0.03983620600001814,,False,Laya,,,,Is there a sequel to the movie the golden compass?,False,False,38,True
40,0.8792,0.03942575399992165,,True,Laya,,,,Is columbus day a national holiday in the united states?,True,False,282,True
41,0.0001,0.042481190999978935,,False,Laya,,,,Are new balance and nike the same company?,False,False,146,True
42,0.7367,0.04040745099996457,,True,Laya,,,,Is there an interstate that goes coast to coast?,True,False,137,True
43,0.1512,0.03798984299987751,,False,Laya,,,,Is pureed tomatoes the same as tomato sauce?,False,False,46,True
45,0.9331,0.0411396889999196,,True,Laya,,,,Does only the winner get money on tipping point?,True,False,89,True
46,0.934,0.03865475700013121,,True,Laya,,,,Is there such a thing as a turkey vulture?,True,False,120,True
47,0.8655,0.05119876800017664,,True,Laya,,,,Has anyone hit a hole in one on a par 5?,True,False,167,True
48,1.0,0.050315897000018595,,True,Laya,,,,Do the jets and giants share a stadium?,True,False,183,True
49,0.3363,0.04004421299987371,,False,Laya,,,,Is the us womens soccer team in the world cup?,True,False,99,False
50,0.1761,0.03774816399982228,,False,Laya,,,,Can an african team win the world cup?,True,False,43,False
51,0.8221,0.04201033799995457,,True,Laya,,,,Can a hammer be used as a weapon?,True,False,118,True
52,0.0406,0.041333221000058984,,False,Laya,,,,Do they still have fox hunts in england?,False,False,189,True
53,0.4621,0.039231023999946046,,False,Laya,,,,Can you wear short sleeve shirt with asu jacket?,True,False,171,False
54,0.3894,0.04328861399994821,,False,Laya,,,,Has wisconsin ever been in the little league world series?,False,False,67,True
55,0.412,0.04330661200015129,,False,Laya,,,,Does damon and elena get together in season 3?,False,True,742,True
56,0.1726,0.03917579099993418,,False,Laya,,,,Is there a player in the nfl missing a hand?,True,False,129,False
59,0.831,0.0416198660000191,,True,Laya,,,,Is mount everest a part of the himalayas?,True,False,88,True
60,0.223,0.03863118099980056,,False,Laya,,,,Can an emt-basic start an iv?,False,False,163,True
61,0.3762,0.03881230700017113,,False,Laya,,,,Has no 1 court at wimbledon got a roof?,False,False,36,True
62,0.5842,0.043562795000070764,,True,Laya,,,,Has anyone come back from 3-0 in the nba finals?,False,False,134,False
63,0.8261,0.03893393799990008,,True,Laya,,,,Do radio waves travel at the speed of light?,True,False,109,True
64,0.4095,0.03919745600001079,,False,Laya,,,,Did anyone from the 1980 us hockey team play in the nhl?,True,False,38,False
65,0.7783,0.040539683999895715,,True,Laya,,,,Do all triangles have at least two acute angles?,True,False,60,True
67,0.1403,0.03830859300001066,,False,Laya,,,,Can you get the death penalty as a minor?,False,False,35,True
68,0.0489,0.038224280000122235,,False,Laya,,,,Did indian football team qualified for fifa 2018?,False,False,115,True
70,0.636,0.04183696899985989,,True,Laya,,,,Is the old panama canal still in use?,True,False,71,True
71,0.9464,0.040970058999846515,,True,Laya,,,,Do you need a pal to possess ammunition?,True,False,147,True
72,0.6349,0.03918180899995605,,True,Laya,,,,Do blue and pink cotton candy taste the same?,False,False,141,False
73,1.0,0.04133783499992205,,True,Laya,,,,Did to kill a mockingbird win an academy award?,True,False,48,True
74,0.8964,0.03938695700003336,,True,Laya,,,,Is there such a thing as a floating island?,True,False,85,True
75,0.2447,0.0390971649999301,,False,Laya,,,,Do female ferrets die if they don't mate?,True,False,132,False
76,0.5971,0.05681128100013666,,True,Laya,,,,Will all xbox 360 games work on xbox one?,False,False,115,False
77,0.7837,0.03928218900000502,,True,Laya,,,,Is there a right and left brachiocephalic artery?,False,False,49,False
78,0.8355,0.03894505800008119,,True,Laya,,,,Do the runners up on survivor win money?,True,False,185,True
79,0.6794,0.05199436399993829,,True,Laya,,,,Is there a sequel to love finds a home?,False,False,80,False
81,0.9012,0.03981773000009525,,True,Laya,,,,Are there nuclear power plants in the us?,True,False,92,True
82,0.8198,0.04036328699999103,,True,Laya,,,,Is there a tiebreaker in final set at wimbledon?,False,False,199,False
83,0.9765,0.0418593360000159,,True,Laya,,,,Were the twin towers the world trade center?,True,False,171,True
84,0.8872,0.04243685000005826,,True,Laya,,,,Did deion sanders ever win a world series?,False,False,145,False
85,0.8346,0.037797467000018514,,True,Laya,,,,Is a german shepard the same as an alsatian?,True,False,217,True
86,0.4629,0.04257846099994822,,False,Laya,,,,Does a frog jump out of boiling water?,True,False,65,False
87,0.1876,0.03903277099993829,,False,Laya,,,,Is it possible to create mass from energy?,True,False,66,False
88,0.8571,0.03940195100017263,,True,Laya,,,,Is there a movie with 0 on rotten tomatoes?,True,False,38,True
90,0.8862,0.04121638699984942,,True,Laya,,,,Is a tablespoon bigger than a dessert spoon?,True,False,103,True
91,0.7008,0.03709004099982849,,True,Laya,,,,Is this the last season of bunk'd?,True,False,117,True
92,0.8643,0.03803731500011054,,True,Laya,,,,Does the president live in the white house?,True,False,66,True
93,0.8308,0.04459178100000827,,True,Laya,,,,Does the dorsal root ganglion carry sensory input?,True,False,60,True
94,0.9092,0.04274011200004679,,True,Laya,,,,Is anne with an e filmed on pei?,True,False,25,True
95,0.7657,0.045622448999893095,,True,Laya,,,,Is angular frequency and angular velocity the same?,False,False,47,False
96,0.238,0.04272053600016079,,False,Laya,,,,Can someone die from a bullet shot in the air?,True,False,97,False
97,0.8536,0.0413331360000484,,True,Laya,,,,Is salt lake city the biggest city in utah?,True,False,164,True
98,0.3176,0.039169050000054995,,False,Laya,,,,Was chasing cars written for grey's anatomy?,False,False,92,True
99,0.0001,0.04127656800005752,,False,Laya,,,,Did the girl in the lost world die?,False,False,235,True
102,0.8487,0.041188389999888386,,True,Laya,,,,Has tampa ever been hit by a hurricane?,True,False,301,True
103,0.3402,0.04373237500021787,,False,Laya,,,,Can anyone give last rites in an emergency?,False,False,153,True
104,0.6739,0.054883183000129065,,True,Laya,,,,Was there a draft in the revolutionary war?,True,False,240,True
105,0.8914,0.04778271800000766,,True,Laya,,,,Can you wear your letterman after high school?,True,False,50,True
106,0.2569,0.03869013600001381,,False,Laya,,,,Do you pay tax on gambling winnings in australia?,False,False,20,True
108,0.6979,0.040526659999841286,,True,Laya,,,,Is scar alive in the lion king 2?,False,False,85,False
109,0.0833,0.040812963000007585,,False,Laya,,,,Is the dog from little rascals still alive?,False,False,164,True
110,1.0,0.038724908999938634,,True,Laya,,,,Is journey 2 the mysterious island a sequel?,True,False,221,True
111,0.8508,0.0433169689999886,,True,Laya,,,,Can you cut the stock off a shotgun?,True,False,148,True
112,0.7809,0.039838712999880954,,True,Laya,,,,Is all of new zealand in the same time zone?,False,False,80,False
113,0.953,0.03793193599994993,,True,Laya,,,,Is powdered milk the same as milk powder?,True,False,134,True
114,0.9619,0.04029335999985051,,True,Laya,,,,Does the united states have a federal system of government?,True,False,120,True
116,0.9115,0.038879078000036316,,True,Laya,,,,Is david from love it or list it a real realtor?,True,False,60,True
117,0.9716,0.03914393099989866,,True,Laya,,,,Have the capitals ever win the stanley cup?,True,False,153,True
118,0.0019,0.0423581299999114,,False,Laya,,,,Is the united states a part of the european union?,False,False,88,True
119,0.7061,0.03850899299982302,,True,Laya,,,,Is a title and registration the same thing?,True,False,154,True
120,0.7934,0.03990597900019566,,True,Laya,,,,Are st bernards and bernese mountain dogs related?,True,False,215,True
121,0.9512,0.04046432299992375,,True,Laya,,,,Is there any train between india and pakistan?,True,False,148,True
122,0.2355,0.03847228900008304,,False,Laya,,,,Are public limited companies in the private sector?,False,False,112,True
124,0.7533,0.0406260879999536,,True,Laya,,,,Were there any survivors in the pompeii eruption?,True,False,108,True
126,0.1113,0.039990192000004754,,False,Laya,,,,Is there going to be another golden compass movie?,False,False,38,True
127,0.202,0.03963268999996217,,False,Laya,,,,Did ireland qualify for the 2018 world cup?,False,False,52,True
128,0.4107,0.038792657999920266,,False,Laya,,,,Can you sell a gun privately in florida?,True,False,138,False
129,0.1543,0.03993608100017809,,False,Laya,,,,Does the little girl die in man on fire?,False,False,352,True
130,0.8666,0.03867779300003349,,True,Laya,,,,Does latent heat of vaporization change with temperature?,True,False,105,True
131,0.9246,0.03826565800000026,,True,Laya,,,,Can a nas be used as a server?,True,False,189,True
132,0.0093,0.04708860200003073,,False,Laya,,,,Did my name is earl finish his list?,False,False,223,True
133,0.362,0.039495309999892925,,False,Laya,,,,Do powerball matches have to be in order?,False,False,121,True
134,0.0908,0.05256235599995307,,False,Laya,,,,Is fate and the furious the last movie?,False,False,207,True
135,0.8693,0.04144749900001443,,True,Laya,,,,Does battlefield 1 have a single player campaign?,True,False,56,True
136,0.8014,0.04027371500001209,,True,Laya,,,,Was the sears tower the tallest building in the world?,True,False,202,True
137,0.1958,0.03990746299996317,,False,Laya,,,,Is the drinking age different in every state?,False,False,227,True
138,0.7371,0.04416310500005238,,True,Laya,,,,Is it possible to have no sense of smell?,True,False,101,True
139,0.9217,0.04140649100008886,,True,Laya,,,,Is the port mann bridge a toll bridge?,False,False,355,False
142,0.9069,0.03613000599989391,,True,Laya,,,,Is the dot product of two vectors a scalar?,True,False,68,True
143,0.8355,0.04189348800014159,,True,Laya,,,,Is there such thing as a dominant eye?,True,False,124,True
144,0.0699,0.03943753699991248,,False,Laya,,,,Is the isle of man part of the european economic area?,False,False,84,True
145,0.25,0.039650931000096534,,False,Laya,,,,Is ncis new orleans over for the season?,True,False,52,False
146,0.7967,0.042058935000113706,,True,Laya,,,,Is navel and belly button the same thing?,True,False,53,True
147,0.8199,0.04249919000017144,,True,Laya,,,,Does smeagol die in lord of the rings?,True,False,173,True
148,0.0561,0.04077711299987641,,False,Laya,,,,Will there be a season 3 of here come the habibs?,False,False,23,True
149,0.9605,0.04099514300014562,,True,Laya,,,,Does majora's mask have a time limit?,True,False,248,True
150,0.401,0.038756068999873605,,False,Laya,,,,Do numbers look the same in all languages?,False,False,65,True
151,0.973,0.040756629000043176,,True,Laya,,,,Are the marvel tv shows in the mcu?,True,False,120,True
152,0.9434,0.03976658999999927,,True,Laya,,,,Is there a movie the handmaid's tale?,True,False,132,True
153,0.0791,0.041219490000003134,,False,Laya,,,,Is the shape of water movie based on a book?,False,False,107,True
154,0.0344,0.03883711999992556,,False,Laya,,,,Does 1 ball and 1 lucky star win euromillions?,False,False,105,True
155,0.0964,0.04196065699989049,,False,Laya,,,,Is hindi is our national language of india?,True,False,174,False
156,0.0886,0.03956444000004922,,False,Laya,,,,Are all eyeglasses made by the same company?,False,False,71,True
157,0.9109,0.039941389999967214,,True,Laya,,,,Is there going to be a season 3 for daredevil?,True,False,188,True
158,0.8454,0.048401046999970276,,True,Laya,,,,Can a tree have more than one trunk?,True,False,147,True
159,0.3778,0.03841155800000706,,False,Laya,,,,Does bailey die in a dog's purpose?,True,False,209,False
160,0.9078,0.04487327800006824,,True,Laya,,,,Is night of the hunter a film noir?,True,False,91,True
161,0.9999,0.047717697000052794,,True,Laya,,,,Is ivory coast and cote d ivoire the same?,True,False,116,True
162,0.9386,0.040107187000103295,,True,Laya,,,,Can root 2 be written as a fraction?,True,False,36,True
163,0.9318,0.03899707699997634,,True,Laya,,,,Is thread seal tape and teflon tape the same?,True,False,184,True
164,0.9708,0.04310128799988888,,True,Laya,,,,Is dragon fruit and pitaya the same thing?,False,False,118,False
165,0.6378,0.039812320000010004,,True,Laya,,,,Is it 5 portions of fruit and 5 of vegetables?,False,False,119,False
166,0.8705,0.038899422999975286,,True,Laya,,,,Did they cancel whose line is it anyway?,True,False,67,True
167,0.1648,0.04004495100002714,,False,Laya,,,,Did the game of thrones theme song change?,False,False,91,True
168,0.1064,0.038852840000117794,,False,Laya,,,,Is a bumble bee the same as a carpenter bee?,False,False,127,True
169,0.0886,0.03827592600009666,,False,Laya,,,,Has czech republic ever won the world cup?,False,False,92,True
171,0.0921,0.04238826499999959,,False,Laya,,,,Is new zealand on the continent of australia?,False,False,125,True
172,0.7324,0.03907183999990593,,True,Laya,,,,Is there going to be any more pirates of the caribbean films?,True,False,98,True
173,0.0813,0.043268013999977484,,False,Laya,,,,Is there an official release date for the last airbender 2?,False,False,215,True
174,0.6624,0.042426504000104615,,True,Laya,,,,Is there an age limit to compete in the olympics?,True,False,58,True
175,0.4653,0.03951494699981595,,False,Laya,,,,Is the indian motorcycle made in united states?,True,False,48,False
176,0.8503,0.04094183899997006,,True,Laya,,,,Is st andrews university in the russell group?,False,False,139,False
177,0.8087,0.04051458799995089,,True,Laya,,,,Was eye of the tiger written for rocky?,True,False,235,True
178,0.0726,0.0412905650000539,,False,Laya,,,,Does the us court of appeals have original jurisdiction?,False,False,153,True
180,0.183,0.038500972999827354,,False,Laya,,,,Does a fried egg have a runny yolk?,True,False,61,False
181,0.0889,0.04295846700006223,,False,Laya,,,,Did boo the world's cutest dog die?,False,False,61,True
182,0.1954,0.04009539499998027,,False,Laya,,,,Did they change laurie in that 70s show?,True,False,115,False
183,0.7957,0.03857143100003668,,True,Laya,,,,Can you boat from lake michigan to atlantic ocean?,True,False,52,True
184,0.6892,0.04254510099985964,,True,Laya,,,,Have scotland ever been in the world cup final?,False,False,92,False
185,0.9748,0.04875631000004432,,True,Laya,,,,Is there a military base in san diego?,True,False,115,True
186,0.852,0.06513419199995951,,True,Laya,,,,Did england host the world cup in 1966?,True,False,77,True
187,0.881,0.09982578199992531,,True,Laya,,,,Can you get more than one varsity letter?,True,False,28,True
188,0.8954,0.06086480099997971,,True,Laya,,,,Are there any states that do not have a seat belt law?,True,False,189,True
189,0.1587,0.0579814489999535,,False,Laya,,,,Do bees die if they lose their stinger?,True,False,106,False
190,0.5942,0.05877092699984132,,True,Laya,,,,Are there actual bodies in the tomb of the unknown soldier?,True,False,123,True
192,0.8088,0.05599687099993389,,True,Laya,,,,Is it possible to type 200 words per minute?,True,False,123,True
193,0.7923,0.05408641199983322,,True,Laya,,,,Is the rampage movie based on the game?,True,False,148,True
194,0.5089,0.051002263000100356,,True,Laya,,,,Do alligators drown their prey and eat it later?,True,False,154,True
195,0.9169,0.0620804440000029,,True,Laya,,,,Has a t rex skull ever been found?,True,True,453,True
196,0.9608,0.06044826900006228,,True,Laya,,,,Are all the members of the band still alive?,False,False,189,False
197,0.1433,0.05469409000011183,,False,Laya,,,,Do you need a permit to carry a gun in nh?,False,False,44,True
199,0.8325,0.05452778599988051,,True,Laya,,,,Do competitive inhibitors bind to the active site?,True,False,91,True
200,0.793,0.05572162699991168,,True,Laya,,,,Has a woman ever played minor league baseball?,True,True,443,True
201,0.8423,0.05173822300002939,,True,Laya,,,,Is breaking and entering into a car a felony?,True,False,181,True
202,0.8027,0.05541809399983322,,True,Laya,,,,Is victoria plum the same as victorian plumbing?,True,False,63,True
203,0.0968,0.05205948899993018,,False,Laya,,,,Is tess carroll died in charlie st cloud?,False,False,111,True
204,0.9999,0.06041705899997396,,True,Laya,,,,Does each state have their own national guard?,True,False,114,True
205,0.8248,0.05075211500002297,,True,Laya,,,,Does the sahara desert in northern africa help south americas amazon rainforest grow?,True,False,79,True
206,0.0599,0.05995652199999313,,False,Laya,,,,Is france the same timezone as the uk?,False,False,158,True
207,0.7488,0.054215753999869776,,True,Laya,,,,Can the heat of a hair dryer kill lice?,True,False,61,True
208,0.0471,0.06863165199979449,,False,Laya,,,,Is israel part of the european economic area?,False,False,152,True
209,0.8479,0.05760919800013653,,True,Laya,,,,Is the three little pigs a nursery rhyme?,False,False,146,False
210,0.9171,0.05006113399986134,,True,Laya,,,,Did murphy brown have a baby on the show?,True,False,108,True
211,0.8607,0.047531500999866694,,True,Laya,,,,Does maple syrup come straight from the tree?,False,False,110,False
212,0.0007,0.04826240600004894,,False,Laya,,,,Will there be a season 7 of puss in boots on netflix?,False,False,80,True
214,0.7092,0.050659503000133554,,True,Laya,,,,Are liquor stores open on memorial day oklahoma?,False,False,68,False
215,0.8897,0.048995333999982904,,True,Laya,,,,Was the parkers a spin off of moesha?,True,False,68,True
217,0.9785,0.04953281300004164,,True,Laya,,,,Is nfs carbon a sequel to most wanted?,True,False,54,True
218,0.3131,0.04938217800008715,,False,Laya,,,,Can ingrown toenails come back after being removed?,True,False,115,False
219,0.8282,0.060580924000078085,,True,Laya,,,,Does david brooks still write for ny times?,True,False,116,True
220,0.8079,0.060503348000111146,,True,Laya,,,,Is a markup language designed to describe data?,False,False,165,False
221,0.8147,0.06385723300013524,,True,Laya,,,,Are ncaa and nba balls the same size?,False,False,170,False
222,0.0071,0.049665000999993936,,False,Laya,,,,Is it illegal to make covers of songs?,False,False,165,True
223,0.0734,0.053151215000070806,,False,Laya,,,,Is the book the outsiders based on a true story?,False,False,137,True
224,0.9577,0.052311681999981374,,True,Laya,,,,Has washington capitals ever won the stanley cup?,True,False,153,True
225,0.8852,0.047622176999993826,,True,Laya,,,,Is the liver a part of the gi tract?,False,False,283,False
226,0.9186,0.04822788599994965,,True,Laya,,,,Does salt water taffy have salt in it?,True,False,90,True
227,0.4816,0.05065594999996392,,False,Laya,,,,Does the navy have a delayed entry program?,True,False,75,False
228,0.2918,0.06778910699995322,,False,Laya,,,,Do all ni numbers have a letter at the end?,True,False,53,False
230,0.2303,0.06965921000005437,,False,Laya,,,,Does penne alla vodka have dairy in it?,True,False,83,False
231,0.8039,0.06938170599983096,,True,Laya,,,,Is i can only imagine based on a true story?,True,False,116,True
232,0.9489,0.06539508300011221,,True,Laya,,,,Is season 4 of better call saul out?,True,False,84,True
233,0.5671,0.06579979499997535,,True,Laya,,,,Can an 18 year old sleep with a 15 year old?,False,False,89,False
234,0.8213,0.05856664999987515,,True,Laya,,,,Can you take a right turn on a red light?,True,False,47,True
235,0.2097,0.0647446119999131,,False,Laya,,,,Do straights have to be the same suit?,False,False,314,True
237,0.5993,0.06257686799995099,,True,Laya,,,,Does beau abbott die in a quiet place?,True,False,134,True
239,0.1667,0.04597403299999314,,False,Laya,,,,Is the walking dead same as fear the walking dead?,False,False,79,True
240,0.9102,0.040054530000134037,,True,Laya,,,,Did mariah carey wrote all i want for christmas is you?,True,False,91,True
241,0.9658,0.038898957000128576,,True,Laya,,,,Do both male and female bighorn sheep have horns?,True,False,249,True
242,0.89,0.040905462999944575,,True,Laya,,,,Is there a chinatown in st louis mo?,False,False,59,False
243,0.1636,0.03823606799983281,,False,Laya,,,,Is there a season 4 of bad education?,False,False,52,True
244,0.7121,0.0373583040000085,,True,Laya,,,,Can you pass the ball more than once in american football?,True,False,113,True
245,0.8711,0.04103709900005015,,True,Laya,,,,Was the tiger really on the boat in life of pi?,True,False,164,True
246,0.064,0.04555658300000687,,False,Laya,,,,Is let there be light a true story?,False,False,89,True
248,0.8895,0.040160557000035624,,True,Laya,,,,Do queen ants give birth to queen ants?,True,False,214,True
249,0.8401,0.04125518900013958,,True,Laya,,,,Do they celebrate father's day in the netherlands?,True,False,127,True
250,0.829,0.03760920299987447,,True,Laya,,,,Does one sister chromatid have half the dna of a chromosome?,True,False,127,True
251,0.866,0.03754552599980343,,True,Laya,,,,Was the lizzie mcguire movie filmed in rome?,True,False,100,True
253,0.8527,0.04100388300003033,,True,Laya,,,,Is the vice president the president of the senate?,True,False,117,True
255,0.9346,0.03916848399990158,,True,Laya,,,,Is the human torch the same guy as captain america?,True,False,52,True
256,0.8327,0.040417642999955206,,True,Laya,,,,Can a glass window break on its own?,True,False,34,True
257,0.6043,0.047678649999852496,,True,Laya,,,,Can you buy alcohol on sunday in wi?,True,False,110,True
260,0.1617,0.04534566500001347,,False,Laya,,,,Is the barber of seville a true story?,False,False,143,True
263,0.9078,0.03761659199994938,,True,Laya,,,,Did the titanic sink on its maiden voyage?,True,False,135,True
265,0.8715,0.043390159999944444,,True,Laya,,,,Does the boy die in the book of henry?,True,False,162,True
266,0.8901,0.04002139299996088,,True,Laya,,,,Are there any games that are cross platform?,True,False,98,True
267,0.5279,0.04100849500014192,,True,Laya,,,,Is an agm battery a sealed lead acid battery?,True,False,131,True
268,0.1339,0.042342600999973,,False,Laya,,,,Is the united states part of the commonwealth of nations?,False,False,55,True
269,0.0747,0.039788433000012446,,False,Laya,,,,Is there a state where the drinking age is 18?,False,False,227,True
271,0.1597,0.04075011400004769,,False,Laya,,,,Can trucks go on the taconic state parkway?,False,False,86,True
272,0.8265,0.045174288999987766,,True,Laya,,,,Do you have to pay both ways on the george washington bridge?,False,False,232,False
273,0.8814,0.04052360499986207,,True,Laya,,,,Is there such thing as over drinking water?,True,False,50,True
274,0.9083,0.03972710899984122,,True,Laya,,,,Did the astros used to be in the national league?,True,False,79,True
275,0.205,0.041665641999998115,,False,Laya,,,,Does the vegas golden knights have a captain?,False,False,126,True
276,0.6829,0.043214927000008174,,True,Laya,,,,Did michael and pam date on the office?,False,True,527,False
278,0.9475,0.04086696000013035,,True,Laya,,,,Is blue cross blue shield a managed care organization?,True,False,144,True
280,0.8611,0.046656971999937014,,True,Laya,,,,Are there tolls on i-70 in kansas?,True,False,130,True
281,0.3491,0.03747159900012775,,False,Laya,,,,Can an act be a tort and a crime?,True,False,124,False
282,0.0903,0.03833768499998769,,False,Laya,,,,Do they still make new episodes of dora?,False,False,88,True
283,0.8535,0.043232184000089546,,True,Laya,,,,Does enameled cast iron leach iron into food?,True,False,197,True
286,0.9236,0.04104208099988682,,True,Laya,,,,Can you call fair catch on a kickoff?,True,False,152,True
287,0.585,0.04349756700003127,,True,Laya,,,,Does the uk use a 24 hour clock?,True,False,81,True
289,0.1721,0.044729057000040484,,False,Laya,,,,Does elena die for good in vampire diaries?,False,False,296,True
291,0.3315,0.04225967299998956,,False,Laya,,,,Are there going to be any more i am number four movies?,False,False,61,True
292,0.933,0.03878793800004132,,True,Laya,,,,Can the world cup final be decided on penalties?,True,False,118,True
293,0.0799,0.04129895599999145,,False,Laya,,,,Is australian sign language the same as american?,False,False,128,True
294,0.8553,0.05184336799993616,,True,Laya,,,,Is there a difference between doves and pigeons?,False,False,173,False
295,0.8226,0.03698765499984802,,True,Laya,,,,Is there a sequel to hunter x hunter?,True,False,77,True
296,0.6635,0.04115707599999041,,True,Laya,,,,Is there a season 2 of medici masters of florence?,True,False,106,True
298,0.0918,0.0375480800000787,,False,Laya,,,,Is amy's baking company in scottsdale still open?,False,False,185,True
299,0.8757,0.03781202000004669,,True,Laya,,,,Will there be a season 5 the 100?,True,False,35,True
300,0.858,0.03893312199988941,,True,Laya,,,,Is the berlin wall the same as the berlin blockade?,False,False,64,False
301,0.5336,0.03831263000006402,,True,Laya,,,,Is there a belt above black in karate?,False,False,187,False
302,0.0349,0.03750419399989369,,False,Laya,,,,Did arizona die in season 8 of grey's anatomy?,False,False,45,True
303,0.925,0.04432608199999777,,True,Laya,,,,Is there a border between england and scotland?,True,False,45,True
304,0.7569,0.04148789900000338,,True,Laya,,,,Is language the only criteria of classifying state in india?,False,False,132,False
305,0.76,0.03928716399991572,,True,Laya,,,,Is grey's anatomy filmed at a real hospital?,True,False,183,True
306,0.8116,0.04246476899993468,,True,Laya,,,,Can you put 700c tires on a 29er?,True,False,110,True
308,0.2782,0.04017072199985705,,False,Laya,,,,Are ground coriander and cumin the same thing?,False,False,134,True
309,0.7887,0.038767619000054765,,True,Laya,,,,Do u get paid to be on survivor?,True,False,185,True
310,0.9996,0.04097426299995277,,True,Laya,,,,Are dachshunds and weiner dogs the same thing?,True,False,91,True
311,0.1467,0.03912002799984293,,False,Laya,,,,Do adjectives have to come before a noun?,False,False,45,True
314,0.8224,0.03700571700005639,,True,Laya,,,,Can you play soccer on a football field?,True,False,99,True
315,0.4942,0.04069215799995618,,False,Laya,,,,Do the internal intercostal muscles contract during inspiration?,True,False,41,False
316,0.2649,0.03993405799997163,,False,Laya,,,,Do you have to be born with perfect pitch?,False,False,227,True
317,0.5166,0.03968024300002071,,True,Laya,,,,Is an ace 2 3 4 5 a straight?,True,False,314,True
318,0.8926,0.04752283899983922,,True,Laya,,,,Is season 5 of the originals the series finale?,True,False,102,True
319,0.6708,0.03884333900009551,,True,Laya,,,,Has anyone won the grand slam in golf?,True,False,49,True
320,0.1708,0.04163271199990959,,False,Laya,,,,Can a filibuster stop a supreme court nominee?,True,False,113,False
321,0.8925,0.04022964899991166,,True,Laya,,,,Is city of industry in los angeles county?,True,False,89,True
322,1.0,0.037938682999993034,,True,Laya,,,,Is song of solomon the same as song of songs?,True,False,123,True
323,0.9587,0.05142984300005082,,True,Laya,,,,Did the pirates of the caribbean ride come first?,True,False,162,True
324,0.0379,0.04389194400005181,,False,Laya,,,,Is it true that ethiopia has 13 months?,True,False,146,False
325,0.968,0.03933545499990032,,True,Laya,,,,Is the wizarding world of harry potter in islands of adventure?,True,False,88,True
326,0.1141,0.039049801000146545,,False,Laya,,,,Is there a season 7 of the sopranos?,False,False,94,True
327,1.0,0.04055962200004615,,True,Laya,,,,Is a yard the same as a meter?,False,False,77,False
328,0.8323,0.038468544000124894,,True,Laya,,,,Does the sun orbit around the milky way?,True,False,128,True
329,0.8277,0.03846311999996033,,True,Laya,,,,Is the white cover on brie cheese edible?,True,False,98,True
331,0.9112,0.0423711609998918,,True,Laya,,,,Is there going to be a jack reacher 2?,True,False,123,True
332,0.9506,0.040961534999951255,,True,Laya,,,,Is 22 magnum and 22 wmr the same?,True,False,191,True
335,0.1047,0.039156728000079966,,False,Laya,,,,Is there a difference between muay thai and thai boxing?,False,False,177,True
336,0.2425,0.04103986800009807,,False,Laya,,,,Is the queen's birthday a public holiday in victoria?,True,False,164,False
337,0.8405,0.03935087099989687,,True,Laya,,,,Are fear the walking dead and the walking dead related?,True,False,79,True
338,0.4356,0.04020276599999306,,False,Laya,,,,Can i get into canada with a military id?,True,False,118,False
339,0.8675,0.042392475000042396,,True,Laya,,,,Is there a congestion charge in london on sunday?,False,False,132,False
340,0.8891,0.03852430100005222,,True,Laya,,,,Did christine and the phantom have a son?,True,False,291,True
341,0.8114,0.03831922299991675,,True,Laya,,,,Is the speed of sound constant for all materials?,False,False,157,False
343,0.8855,0.03956010299998525,,True,Laya,,,,Can you build up an immunity to arsenic?,True,False,258,True
344,0.935,0.03817021300005763,,True,Laya,,,,Is the singer from blur in the gorillaz?,True,False,87,True
345,0.7148,0.038971829999809415,,True,Laya,,,,Was there helicopters in the second world war?,True,False,17,True
346,0.9636,0.05115515400007098,,True,Laya,,,,Is women's college world series double elimination?,True,False,188,True
347,0.7783,0.03971757600015735,,True,Laya,,,,Can you own a skunk in the uk?,True,False,16,True
348,0.9214,0.04157656000006682,,True,Laya,,,,Is there such a thing as brain freeze?,True,False,172,True
349,0.165,0.04147273600005974,,False,Laya,,,,Did the queen have any brothers or sisters?,True,False,152,False
351,0.6389,0.03927881000004163,,True,Laya,,,,Can you score off a throw in in soccer?,False,False,68,False
352,0.6794,0.040634671000134404,,True,Laya,,,,Was the king and i based on a true story?,True,False,112,True
353,0.7407,0.05445570299980318,,True,Laya,,,,Is the cast of mama mia the same?,True,False,242,True
355,0.0036,0.03869926800007306,,False,Laya,,,,Is there a season 9 of pretty little liars?,False,False,316,True
356,1.0,0.03904534200000853,,True,Laya,,,,Are you required to complete the american community survey?,True,False,49,True
358,0.5415,0.041529480000008334,,True,Laya,,,,Can you take the money in who wants to be a millionaire?,True,False,149,True
359,0.0287,0.04410584200013545,,False,Laya,,,,Is the son of beast still at kings island?,False,False,122,True
360,0.4245,0.045504422000021805,,False,Laya,,,,Is chewing tobacco banned in major league baseball?,True,False,397,False
361,0.8716,0.0476309460000266,,True,Laya,,,,Did brendon urie wrote death of a bachelor?,True,False,132,True
362,0.5053,0.0396741000001839,,True,Laya,,,,Is there silver in a 1971 silver dollar?,True,False,161,True
364,0.8556,0.037332476000074166,,True,Laya,,,,Is there a post credit scene in ifinity war?,True,False,43,True
365,0.5537,0.041295018000027994,,True,Laya,,,,Does any structure separate the abdominal cavity and pelvic cavity?,False,False,92,False
367,0.0057,0.039342716999954064,,False,Laya,,,,Was the color purple based on a true story?,False,False,46,True
368,0.9462,0.039836895000007644,,True,Laya,,,,Is petroleum an example of a fossil fuel?,True,False,145,True
370,1.0,0.039126673000055234,,True,Laya,,,,Is national and enterprise car rental the same company?,False,False,45,False
371,0.9618,0.049254261999976734,,True,Laya,,,,Was egypt a part of the ottoman empire?,True,False,83,True
372,0.9782,0.03848474900019028,,True,Laya,,,,Has there ever been a movie rated nc-17?,True,False,77,True
373,0.274,0.041571928000166736,,False,Laya,,,,Is san pedro laguna part of metro manila?,False,False,52,True
374,0.8205,0.03964884299989535,,True,Laya,,,,Is a boston terrier a small breed dog?,True,False,132,True
375,0.7743,0.03814682199981689,,True,Laya,,,,Did william the conqueror have a legitimate claim to the english throne?,True,False,195,True
376,0.9552,0.04171039299990298,,True,Laya,,,,Is the cortex of the cerebellum gray matter?,True,False,114,True
377,0.9041,0.038105530000166254,,True,Laya,,,,Did the titanic sank on its maiden voyage?,True,False,141,True
378,0.8916,0.04047371199999361,,True,Laya,,,,Is new england baptist hospital a teaching hospital?,True,False,49,True
379,0.9521,0.04009457300003305,,True,Laya,,,,Are the mountains in utah part of the rockies?,True,False,108,True
380,0.9126,0.03941189800002576,,True,Laya,,,,Will there be another now you see me movie?,True,False,146,True
382,0.4479,0.03835778899997422,,False,Laya,,,,Is there a difference in structure of the two atria?,True,False,144,False
383,0.8427,0.04761283099992397,,True,Laya,,,,Do you qualify for the world cup if you host it?,True,False,62,True
384,0.2356,0.047767128000032244,,False,Laya,,,,Can you open carry in nc with a concealed permit?,True,False,368,False
385,0.8266,0.03928777300006914,,True,Laya,,,,Is there a red light district in brussels?,True,False,93,True
386,0.8383,0.04049984699986453,,True,Laya,,,,Does density depend on the type of material?,True,False,64,True
389,0.9047,0.03857461500001591,,True,Laya,,,,Is there a season 4 of crazy ex girlfriend?,True,False,108,True
390,0.9368,0.038102921000017886,,True,Laya,,,,Will there be a series 5 of brokenwood mysteries?,True,False,28,True
391,0.9391,0.04390615300007994,,True,Laya,,,,Will there be a second season of discovery?,True,False,72,True
392,0.1542,0.040454334000060044,,False,Laya,,,,Does the size of a rain gauge matter?,True,False,154,False
393,0.1078,0.039534085000013874,,False,Laya,,,,Is there a sequel to the movie i am four?,False,False,36,True
394,0.864,0.04247816999986753,,True,Laya,,,,Is the guy from deception really a twin?,False,False,84,False
395,0.6983,0.039071110999884695,,True,Laya,,,,Are the make it or break it cast real gymnasts?,False,False,50,False
397,0.5532,0.0406552819999888,,True,Laya,,,,Can you score from a throw in in soccer?,False,False,68,False
398,0.0956,0.048750023999900804,,False,Laya,,,,Is new jersey a suburb of new york city?,True,False,136,False
399,0.9446,0.0374554420000095,,True,Laya,,,,Is profit and loss account same as income statement?,True,False,158,True
400,0.2405,0.03865799100003642,,False,Laya,,,,Is whole wheat rice the same as brown rice?,True,False,65,False
402,0.8713,0.0408704179999404,,True,Laya,,,,Is the new york post still in business?,True,False,98,True
404,0.0415,0.038423041999976704,,False,Laya,,,,Are the netherlands and belgium the same country?,False,False,142,True
405,0.8453,0.04200640900012331,,True,Laya,,,,Does a california roll have fish in it?,False,False,84,False
406,0.1839,0.047929456000019854,,False,Laya,,,,Does the us own the statue of liberty?,True,False,49,False
407,0.8234,0.040436517999978605,,True,Laya,,,,Does the xbox 1 play xbox 360 games?,True,False,115,True
408,0.8733,0.043726118999984465,,True,Laya,,,,Is asylum a right in the united states?,True,False,245,True
409,0.9571,0.04492350600003192,,True,Laya,,,,Is revenge of the mummy a roller coaster?,True,False,189,True
410,0.1854,0.04091182000001936,,False,Laya,,,,Do the redskins run a 3-4 defense?,True,False,136,False
411,0.7477,0.038225218999969,,True,Laya,,,,Do the miami dolphins have a real dolphin in their stadium?,False,False,53,False
412,0.7791,0.0425133310000092,,True,Laya,,,,Can you use xbox 360 games in the xbox one?,True,False,115,True
413,0.0585,0.051155987000129244,,False,Laya,,,,Is courage the cowardly dog still on tv?,False,False,83,True
414,0.0015,0.040449053999964235,,False,Laya,,,,Will there be a season 4 of game shakers?,False,False,183,True
415,0.1063,0.04054731099995479,,False,Laya,,,,Is the movie a mountain between us a true story?,False,False,128,True
416,0.2431,0.038776371000039944,,False,Laya,,,,Do you have to be an all star to participate in the home run derby?,False,False,151,True
417,0.8881,0.039727876000142714,,True,Laya,,,,Is it possible to thunder and lightning while snowing?,True,False,104,True
420,0.0765,0.043236793999994916,,False,Laya,,,,Do penalty shoot out goals count in golden boot?,False,False,119,True
421,0.9249,0.038470739000104004,,True,Laya,,,,Does lucas and peyton come back to one tree hill?,True,False,90,True
423,0.3509,0.038436378999904264,,False,Laya,,,,Are they still making new episodes of adventure time?,False,False,160,True
425,0.7325,0.04098708199990142,,True,Laya,,,,Can a soccer goalie pick up a throw in?,False,False,146,False
426,0.4865,0.040060378999896784,,False,Laya,,,,Is the barber of seville the same as sweeney todd?,False,False,56,True
427,0.1232,0.040618358000074295,,False,Laya,,,,Is peroxide and hydrogen peroxide the same thing?,False,False,16,True
428,0.9018,0.04152124500001264,,True,Laya,,,,Is flax oil and linseed oil the same?,True,False,177,True
429,0.8278,0.045275796000169066,,True,Laya,,,,Is banaue rice terraces 7 wonders of the world?,True,False,140,True
430,0.7637,0.03830304799998885,,True,Laya,,,,Is canada part of the commonwealth of england?,True,False,136,True
432,0.8252,0.04012688800003161,,True,Laya,,,,Will private eyes be renewed for season 3?,True,False,33,True
433,0.342,0.03862367700003233,,False,Laya,,,,Are all xbox games compatible with xbox one?,False,False,106,True
434,0.1458,0.03942487099993741,,False,Laya,,,,Has the u s ever won a world cup?,False,False,71,True
435,0.8494,0.04109668499995678,,True,Laya,,,,Is there a such thing as a broken heart?,False,False,64,False
438,0.6024,0.039456184000073335,,True,Laya,,,,Did the brewers make it to the world series?,True,False,79,True
439,0.8821,0.04225841699985722,,True,Laya,,,,Is there such a thing as a fainting goat?,True,False,233,True
440,0.9216,0.04182909499991183,,True,Laya,,,,Is there lobster in shrimp with lobster sauce?,False,False,126,False
441,0.708,0.04113509200010412,,True,Laya,,,,Can lead dust be absorbed through the eyes?,True,False,190,True
442,0.9728,0.03835127799993643,,True,Laya,,,,Is powder sugar the same as confectioners sugar?,True,False,96,True
443,0.8029,0.04416925199984689,,True,Laya,,,,Is there a free period in high school?,True,False,68,True
444,0.8366,0.04149142299979758,,True,Laya,,,,Can you grow olives in the united states?,True,False,232,True
445,0.9386,0.05362725300005877,,True,Laya,,,,Do you need a membership for bi mart?,True,False,77,True
446,0.5931,0.0419746950001354,,True,Laya,,,,Have panama qualified for the world cup before?,False,False,59,False
447,1.0,0.04051131799997165,,True,Laya,,,,Is jefferson airplane in the rock and roll hall of fame?,True,False,180,True
448,0.7887,0.040886585000180276,,True,Laya,,,,Is every step you take about a stalker?,True,False,129,True
450,0.6406,0.04214387199999692,,True,Laya,,,,Are the pirates of the caribbean movies based on books?,False,False,95,False
451,0.8835,0.037996772000042256,,True,Laya,,,,Have belgium ever reached the world cup final?,True,False,53,True
452,0.283,0.038779347999934544,,False,Laya,,,,Are there any states where you can marry your sibling?,False,False,105,True
454,0.7768,0.04222280499993758,,True,Laya,,,,Are the new indian motorcycles made in america?,True,False,48,True
455,0.8463,0.04259306600010859,,True,Laya,,,,Is a pickle and a gherkin the same thing?,True,False,102,True
456,0.1531,0.04427662400007648,,False,Laya,,,,Is income per capita the same as gdp per capita?,False,False,132,True
459,0.8226,0.05550042599998051,,True,Laya,,,,Can you eat the black things in bubble tea?,True,False,176,True
460,0.6627,0.04544433899991418,,True,Laya,,,,Is the width of your arms your height?,True,False,78,True
462,1.0,0.044042699999863544,,True,Laya,,,,Can a country have more than one type of government?,True,False,125,True
463,0.0831,0.041982029999871884,,False,Laya,,,,Does golden goal apply in the world cup 2018?,False,False,111,True
465,0.0873,0.042226004999974975,,False,Laya,,,,Was turkey a part of the roman empire?,True,False,119,False
466,0.2128,0.04027933300017139,,False,Laya,,,,Is a certification of birth the same as a birth certificate?,True,False,70,False
467,0.8119,0.043445567999924606,,True,Laya,,,,Is in n out only located in california?,False,False,100,False
468,0.8807,0.041383308000149555,,True,Laya,,,,Is there a floating mass of garbage in the ocean?,True,False,91,True
469,0.9851,0.03994533900004171,,True,Laya,,,,Does dark brown sugar have molasses in it?,True,False,128,True
470,0.8877,0.04255224200005614,,True,Laya,,,,Is it possible to be allergic to rain water?,True,False,117,True
471,0.9486,0.03887574200007293,,True,Laya,,,,Are toys r us and babies r us the same company?,True,False,70,True
472,0.5152,0.03882694399999309,,True,Laya,,,,Was my heart will go on recorded in one take?,True,False,59,True
474,0.6202,0.04254046900018693,,True,Laya,,,,Did australia fight in the battle of the somme?,True,False,137,True
476,0.8906,0.039014455999904385,,True,Laya,,,,Do ex presidents fly on air force one?,False,False,72,False
477,0.7722,0.0623619929999677,,True,Laya,,,,Is call of duty modern warfare 2 multiplayer?,True,False,129,True
479,0.1841,0.05495471900007942,,False,Laya,,,,Do we still follow the articles of confederation?,False,False,182,True
480,0.7216,0.04158506299995679,,True,Laya,,,,Was there a 6th burrow in new york?,False,False,98,False
481,0.1284,0.03832530099998621,,False,Laya,,,,Does a bumble bee die after stinging someone?,False,False,54,True
482,0.9023,0.040020445999971344,,True,Laya,,,,Is hawaii 5-0 still on tv?,True,False,258,True
483,0.331,0.03660628700004054,,False,Laya,,,,Does salt water taffy have salt water in it?,False,False,90,True
485,0.9715,0.03789277500004573,,True,Laya,,,,Is the us postal service part of the federal government?,True,False,71,True
486,0.557,0.04027272499979517,,True,Laya,,,,Can you grow banana trees from a banana?,False,False,108,False
487,0.7966,0.04026503000000048,,True,Laya,,,,Is there a such thing as common law marriage?,True,False,52,True
488,0.5712,0.04060257200012529,,True,Laya,,,,Are all of the far cry games connected?,False,False,107,False
489,0.7916,0.041753228000061426,,True,Laya,,,,Do american citizens need a visa for georgia?,False,False,132,False
493,0.8498,0.03858415199988485,,True,Laya,,,,Does fitness(as used in biology) and survival have the same meaning?,False,False,79,False
494,0.9218,0.03880771199987976,,True,Laya,,,,Was when i see you again written for furious 7?,True,False,155,True
495,0.9652,0.050487461999864536,,True,Laya,,,,Is there gonna be a new halloween movie?,True,False,162,True
496,0.9145,0.039901832999930775,,True,Laya,,,,Is bayern munich the same as bayern munchen?,True,False,136,True
497,0.562,0.0382681109999794,,True,Laya,,,,Does the florida constitution give a minimum age for legislators?,True,False,42,True
498,0.2534,0.043286119999947914,,False,Laya,,,,Can a puerto rican resident vote for president?,False,False,134,True
499,0.5963,0.04223342099999172,,True,Laya,,,,Can you get a tattoo at any age?,False,False,120,False
500,0.0002,0.04419083900006626,,False,Laya,,,,Is comcast and time warner the same company?,False,False,80,True
501,0.6965,0.04406238400019902,,True,Laya,,,,Is a king snake immune to rattlesnake venom?,True,False,94,True
502,0.7153,0.03947231999995893,,True,Laya,,,,Does universal studios hollywood have harry potter world?,True,False,86,True
503,0.9668,0.039480423999975756,,True,Laya,,,,Is friction tape the same as electrical tape?,True,False,136,True
504,0.114,0.04260583600012069,,False,Laya,,,,Is there a season 4 for red rock?,False,False,111,True
505,0.9435,0.04023089599991181,,True,Laya,,,,Is drywall mud the same as joint compound?,True,False,283,True
506,0.0774,0.051778034999870215,,False,Laya,,,,Does the girl die in brain on fire?,False,False,83,True
507,0.1595,0.04165294300014466,,False,Laya,,,,Can an american president run for 3 terms?,False,False,132,True
508,0.3213,0.0417046110001138,,False,Laya,,,,Is ar-15 used in the military?,False,False,96,True
510,0.9749,0.03882058799990773,,True,Laya,,,,Have the washington capitals ever been in a stanley cup?,True,False,254,True
511,0.9455,0.05871844099988266,,True,Laya,,,,Is microsoft visio and visual studio the same?,False,False,155,False
512,0.7286,0.06365715099991576,,True,Laya,,,,Is a purchase price alone considered to be a prove of part performance in any jurisdiction?,False,False,143,False
514,0.7374,0.10946709599988935,,True,Laya,,,,Can i put a restraining order on my landlord?,True,False,230,True
515,0.7316,0.09008978400015621,,True,Laya,,,,Is a ram and a lamb the same thing?,False,False,142,False
516,0.3233,0.13067588300009447,,False,Laya,,,,Did olivia from law and order have a baby?,False,False,84,True
518,0.9451,0.1962331570000515,,True,Laya,,,,Has there ever been a shooting at a hospital?,True,False,118,True
519,0.3307,0.254241969000077,,False,Laya,,,,Does age of ultron come after winter soldier?,True,False,135,False
520,0.7206,0.30193662200008475,,True,Laya,,,,Is it true that kangaroo means i don't know?,False,False,131,False
521,0.8348,0.24023895999994238,,True,Laya,,,,Can a hornet sting you more than once?,True,False,84,True
522,0.9177,0.2945583980001629,,True,Laya,,,,Do dairy cows have to be bred to produce milk?,True,False,42,True
523,0.8067,0.29049881000014466,,True,Laya,,,,Is there an in n out in nevada?,True,False,100,True
524,0.8697,0.25559857199982616,,True,Laya,,,,Did queen ever have a number one hit?,True,False,193,True
525,0.0217,0.3473182430000179,,False,Laya,,,,Are canadian dollars the same as american dollars?,False,False,61,True
526,0.65,0.298047502999907,,True,Laya,,,,Do hela cells have a normal number of chromosomes?,False,False,155,False
527,0.7955,0.33457163000002765,,True,Laya,,,,Is there a train station in atlantic city?,True,False,97,True
528,0.9349,0.33162572400010504,,True,Laya,,,,Do the aleutian islands cross the international date line?,True,False,89,True
529,0.8928,0.2899167150001176,,True,Laya,,,,Is legally blonde a pun on legally blind?,True,False,117,True
531,0.9471,0.20004895400006717,,True,Laya,,,,Is it possible to connect your brain to a computer?,False,False,109,False
532,0.1536,0.1792744079998556,,False,Laya,,,,Will there be any more tinker bell movies?,False,False,42,True
533,0.6892,0.20369850099996256,,True,Laya,,,,Does the national guard stay in the us?,False,False,152,False
534,0.3799,0.2357861559999037,,False,Laya,,,,Did houston used to be the capital of texas?,True,False,100,False
535,0.2253,0.1617178530000274,,False,Laya,,,,Was thanos in the first guardians of the galaxy?,True,False,92,False
536,0.1902,0.13410959899988484,,False,Laya,,,,Can you get a caution without being arrested?,False,False,100,True
539,0.8805,0.1479956719999791,,True,Laya,,,,Did the milwaukee braves ever win the world series?,True,False,70,True
540,0.8325,0.07241750500020316,,True,Laya,,,,Is tea tree oil and melaluca the same?,True,False,193,True
541,0.8095,0.05553588099996887,,True,Laya,,,,Is there going to be a 13th captain underpants book?,True,False,86,True
543,0.0807,0.14730267699997057,,False,Laya,,,,Is trinity forest golf club a public course?,False,False,25,True
544,0.647,0.19318493299988404,,True,Laya,,,,Is there a storyline in just cause 3?,True,False,68,True
545,0.5176,0.17481203800002731,,True,Laya,,,,Is college of william and mary an ivy league school?,True,False,81,True
546,0.8415,0.1684735549999914,,True,Laya,,,,Is there a toll on the battery tunnel?,True,False,99,True
547,0.9462,0.16478687599988007,,True,Laya,,,,Is the terminal based on a real story?,True,False,128,True
548,0.8084,0.12647725100009666,,True,Laya,,,,Is a bowl and a pipe the same thing?,False,False,33,False
550,0.4086,0.16183815099998355,,False,Laya,,,,Is an oz and a fl oz the same?,False,False,42,True
551,0.0479,0.1275843180001175,,False,Laya,,,,Are you allowed to have your phone in prison?,False,False,76,True
552,0.7235,0.16395256400005565,,True,Laya,,,,Are all the angles equal in a parallelogram?,False,False,97,False
553,0.87,0.17275127500010967,,True,Laya,,,,Is artificial selection and selective breeding the same thing?,True,False,134,True
555,0.9114,0.1921556770000734,,True,Laya,,,,Did deep blue sea 2 come out in theaters?,False,False,141,False
556,0.9531,0.13532172300006096,,True,Laya,,,,Is the water in the amazon river fresh?,True,False,176,True
557,0.8273,0.14823488099978022,,True,Laya,,,,Can someone with a phd be called a doctor?,True,False,160,True
558,0.7177,0.1467330140001195,,True,Laya,,,,Is there going to be a third season of fauda?,True,False,80,True
560,0.2531,0.1746420819999912,,False,Laya,,,,Will the new legends of monkey have a season 2?,False,False,101,True
561,0.1805,0.1214806469999985,,False,Laya,,,,Is texas concealed carry good in new mexico?,True,True,614,False
562,0.0593,0.16444582400004037,,False,Laya,,,,Has croatia ever won the soccer world cup?,False,False,94,True
564,0.6034,0.19018121500016605,,True,Laya,,,,Do you count walks in the batting average?,False,False,57,False
565,0.7689,0.20325475300001017,,True,Laya,,,,Are all bacteria of a single species the exact same shape?,False,False,89,False
567,0.1178,0.1604016880000927,,False,Laya,,,,Was the movie heat based on a book?,False,False,151,True
568,0.1872,0.043486066000014034,,False,Laya,,,,Is the nba salary cap a hard cap?,False,False,181,True
570,0.1172,0.04064207099986561,,False,Laya,,,,Is chicken cordon bleu made with blue cheese?,True,False,109,False
571,0.0856,0.03960454299999583,,False,Laya,,,,Is a legislator the same as a senator?,False,False,88,True
572,0.6954,0.04504563799991956,,True,Laya,,,,Can you get to the black sea from the mediterranean?,True,False,76,True
573,0.8754,0.039270551999834424,,True,Laya,,,,Can you go out on a double in chicken foot?,True,False,57,True
575,1.0,0.03847032199996647,,True,Laya,,,,Is jpmorgan chase the same as chase bank?,True,False,136,True
576,0.9326,0.0428337040000315,,True,Laya,,,,Were phil collins and peter gabriel in genesis at the same time?,True,False,145,True
577,0.814,0.04025666200004707,,True,Laya,,,,Did they build ships for pirates of the caribbean?,True,False,152,True
578,0.1651,0.038995601000124225,,False,Laya,,,,Can you really hear the ocean in a seashell?,False,False,82,True
579,0.6163,0.048604219000026205,,True,Laya,,,,Do female and male blue jays look the same?,True,False,97,True
580,0.7233,0.04110577400001603,,True,Laya,,,,Is a peck the same as a bushel?,False,False,141,False
581,0.3039,0.03874171899997236,,False,Laya,,,,Does america have a team in the world cup?,False,False,254,True
582,0.5283,0.04166430100008256,,True,Laya,,,,Are pork back ribs same as baby back?,True,False,221,True
583,0.8805,0.03875371599997379,,True,Laya,,,,Is the first amendment in the bill of rights?,True,False,88,True
584,0.3787,0.03852052100000947,,False,Laya,,,,Can you push in a rugby league scrum?,True,False,146,False
585,0.0302,0.0469906200000878,,False,Laya,,,,Is there a season 4 for cedar cove?,False,False,24,True
586,0.4455,0.04646325700014131,,False,Laya,,,,Is going to school mandatory in the us?,True,False,15,False
588,0.6502,0.038243245999865394,,True,Laya,,,,Is it goaltending if the ball hits the backboard below the rim?,False,False,237,False
589,0.8455,0.03973144299993692,,True,Laya,,,,Is there a 3rd season of berlin station?,True,False,91,True
590,0.8226,0.04005843200002346,,True,Laya,,,,Is copa airlines part of the star alliance?,True,False,118,True
591,0.0,0.040994747000013376,,False,Laya,,,,Is there a season 5 of melissa and joey?,False,False,36,True
592,0.2447,0.041331814999921335,,False,Laya,,,,Do teams keep the fifa world cup trophy?,False,False,232,True
593,0.4876,0.03857592700001078,,False,Laya,,,,Do bee stingers fall out on their own?,False,False,106,True
594,0.8834,0.038709912000058466,,True,Laya,,,,Does the ivy league have a basketball tournament?,True,False,42,True
595,0.8714,0.0397645289999673,,True,Laya,,,,Is c# and visual c# the same?,False,False,100,False
596,1.0,0.039328816999841365,,True,Laya,,,,Was et played by a boy with no legs?,True,False,378,True
597,0.4211,0.03993543199999294,,False,Laya,,,,Is the vice president the head of the senate?,True,False,98,False
598,0.8392,0.04664538699989862,,True,Laya,,,,Is a tax free savings account an investment?,True,False,100,True
599,0.7174,0.040575421000085043,,True,Laya,,,,Was arthur and george based on a true story?,True,False,47,True
600,0.9558,0.039826919000006455,,True,Laya,,,,Was the soviet union part of the allied powers?,True,False,182,True
601,0.9166,0.042363271000112945,,True,Laya,,,,Was there a sequel to ender's game?,True,False,128,True
602,0.0937,0.03911958899993806,,False,Laya,,,,Is the seven ages of man a sonnet?,False,False,108,True
603,0.4079,0.03816939500006811,,False,Laya,,,,Does maid marian die in once upon a time?,True,False,63,False
604,0.0,0.04857300900016526,,False,Laya,,,,Do you have to be a mormon to go to byu?,False,False,92,True
606,0.8839,0.04016832799993608,,True,Laya,,,,Is there such a thing as cold fire?,True,False,97,True
607,0.5751,0.03717562699989685,,True,Laya,,,,Is x-ring chain better than o-ring chain?,True,False,51,True
608,0.9892,0.03991193199999543,,True,Laya,,,,Is a cougar and a mountain lion the same?,True,False,200,True
609,0.9251,0.03731922800011489,,True,Laya,,,,Did denzel washington play the trumpet in mo better blues?,False,False,152,False
610,0.722,0.03773436300002686,,True,Laya,,,,Will the us ever get high speed rail?,True,False,53,True
611,0.8617,0.04231611300019722,,True,Laya,,,,Is popcorn made from corn on the cob?,True,False,181,True
612,0.8305,0.04941074199996365,,True,Laya,,,,Is there a set number of supreme court justices?,True,False,79,True
613,0.8331,0.049502274999895235,,True,Laya,,,,Is a cold water bath as good as an ice bath?,True,False,127,True
614,0.2902,0.04532002099995225,,False,Laya,,,,Are rice noodles and glass noodles the same?,False,False,33,True
615,0.9899,0.04289420700001756,,True,Laya,,,,Are bi carb soda and baking soda the same?,True,False,113,True
616,0.42,0.04247398699999394,,False,Laya,,,,Have france and england ever met in the world cup?,True,False,102,False
617,0.8359,0.0448633119999613,,True,Laya,,,,Does dying light the following enhanced edition come with the original game?,True,False,109,True
618,0.1403,0.04145468499996241,,False,Laya,,,,Is the state of texas bigger than germany?,True,False,80,False
619,0.7121,0.04269885600001544,,True,Laya,,,,Has the un ever intervened in a conflict involving pakistan?,True,False,61,True
620,0.0782,0.045160497000097166,,False,Laya,,,,Does it cost money to get cash back?,False,False,139,True
621,0.9684,0.03966585099988151,,True,Laya,,,,Is the tommy gun a sub machine gun?,True,False,142,True
623,0.8881,0.040400739999995494,,True,Laya,,,,Is there really a how to train your dragon 3?,True,False,89,True
625,0.9999,0.04455863499993029,,True,Laya,,,,Is skyline drive part of the blue ridge parkway?,True,False,194,True
626,0.8907,0.04002689999992981,,True,Laya,,,,Can you be a sir if not british?,True,False,197,True
627,0.8516,0.03951623100010693,,True,Laya,,,,Is it possible to be alergic to water?,True,False,117,True
628,0.9461,0.04965172600009282,,True,Laya,,,,Was the 13th amendment after the civil war?,True,False,106,True
629,0.5974,0.03885129099990081,,True,Laya,,,,Is under honorable conditions the same as honorable discharge?,False,False,49,False
631,0.9689,0.03930236599990167,,True,Laya,,,,Does the jeep commander have a third row?,True,False,99,True
632,0.8289,0.0438108349999311,,True,Laya,,,,Can a us supreme court justice be impeached?,True,False,175,True
633,0.6311,0.038779765000072075,,True,Laya,,,,Is how to train your dragon on now tv?,False,False,250,False
634,0.6719,0.03916619400001764,,True,Laya,,,,Is a dodge dakota a half ton truck?,False,False,211,False
635,0.8636,0.044243604000030246,,True,Laya,,,,Can you carry a gun on you in california?,True,False,193,True
637,0.8416,0.03963470500002586,,True,Laya,,,,Do all rhombuses have 2 pairs of parallel sides?,True,False,25,True
639,0.1547,0.040577991999953156,,False,Laya,,,,Do world cup players have to play for their home country?,False,False,129,True
640,0.7943,0.0410530970000309,,True,Laya,,,,Are maverick 88 and mossberg 500 parts interchangeable?,True,False,83,True
641,0.0289,0.04433732000006785,,False,Laya,,,,Will there be a season six of breaking bad?,False,False,159,True
642,0.7672,0.04659653399994568,,True,Laya,,,,Is there a new kung fu panda coming out?,True,False,173,True
643,0.8007,0.04698420499994427,,True,Laya,,,,Is it a law that you have to pull over for an ambulance?,True,False,86,True
644,0.0001,0.04441710200012494,,False,Laya,,,,Is american sign language the only sign language?,False,False,164,True
645,0.8997,0.04158027699986633,,True,Laya,,,,Is multithreading useful even on a single processor?,True,False,96,True
647,0.0976,0.042849825000075725,,False,Laya,,,,Do evergreen trees lose their leaves in the winter?,False,False,76,True
648,0.8841,0.03959208499986744,,True,Laya,,,,Can a selective growth medium also be differential?,True,False,236,True
649,0.9081,0.0391252289998647,,True,Laya,,,,Does new york city include the 5 boroughs?,True,False,98,True
650,0.8835,0.04257193700004791,,True,Laya,,,,Is there going to be a season 6 of spirit?,True,False,107,True
651,0.1599,0.03970614199988631,,False,Laya,,,,Is the square root of 3 a rational number?,False,False,34,True
652,0.9045,0.04238626000005752,,True,Laya,,,,Is the family medical leave act a federal law?,True,False,83,True
653,0.8405,0.04391924699984884,,True,Laya,,,,Are beef short ribs the same as spare ribs?,False,False,27,False
654,0.2117,0.04280204899987439,,False,Laya,,,,Can a hiatal hernia cause an irregular heartbeat?,True,False,119,False
655,0.8194,0.045099106999941796,,True,Laya,,,,Did kaka play in the 2002 world cup?,True,False,120,True
657,0.2973,0.05202731800000038,,False,Laya,,,,Is a walk in baseball a dead ball?,False,False,208,True
658,0.96,0.04142795200004912,,True,Laya,,,,Is there a season 2 of designated survivor?,True,False,60,True
659,0.8981,0.043997071000148935,,True,Laya,,,,Does the host country for the world cup get an automatic bid?,True,False,62,True
660,0.9939,0.03914564199999404,,True,Laya,,,,Is the ksi vs logan paul fight pay per view?,True,False,104,True
661,0.8524,0.03737389399998392,,True,Laya,,,,Are lenscrafters and pearle vision the same company?,True,False,82,True
662,0.6264,0.038974355000163996,,True,Laya,,,,Can you play just cause 3 on xbox 360?,False,False,197,False
663,0.7757,0.042796589999852586,,True,Laya,,,,Is it possible to do a uterus transplant?,True,False,68,True
664,0.9431,0.03769090099990535,,True,Laya,,,,Is there a shoot out in world cup?,True,False,118,True
665,0.4761,0.038009848999990936,,False,Laya,,,,Do all xbox 360 discs work on xbox one?,False,False,115,True
666,0.8908,0.038823032999971474,,True,Laya,,,,Are they gonna make a season 5 of the 100?,True,False,35,True
667,0.2361,0.037331697999889,,False,Laya,,,,Can red eared sliders live in the ocean?,False,False,187,True
668,0.1497,0.061194250999960786,,False,Laya,,,,Did straws used to be made of paper?,True,False,110,False
669,0.8973,0.06671409599994149,,True,Laya,,,,Does the human body have a cannabinoid system?,True,False,257,True
670,0.812,0.040693567999824154,,True,Laya,,,,Does the state of kansas have the death penalty?,True,False,22,True
671,0.7969,0.03854507000005469,,True,Laya,,,,Is kelly and ryan still on the air?,True,False,242,True
672,0.8604,0.0419067709999581,,True,Laya,,,,Is the find my iphone app automatically installed?,True,False,62,True
673,0.9398,0.03903983599980165,,True,Laya,,,,Did star trek discovery get a second season?,True,False,73,True
674,0.0982,0.03904494800008251,,False,Laya,,,,Has saudi arabia signed the universal declaration of human rights?,False,False,138,True
675,0.7142,0.043166304000124,,True,Laya,,,,Is twitch still on the ellen degeneres show?,True,False,40,True
676,0.2069,0.04229797199991481,,False,Laya,,,,Will there be another season of ad the bible continues?,False,False,168,True
677,0.3354,0.0397715460001109,,False,Laya,,,,Is it safe to wash your kid's mouth out with soap?,False,False,59,True
678,0.2296,0.04120357600004354,,False,Laya,,,,Does the little girl in the movie crash die?,False,False,148,True
679,0.4993,0.03947416799996972,,False,Laya,,,,Is there a time limit on trade secrets?,False,False,148,True
680,1.0,0.04033433499989769,,True,Laya,,,,Is boric acid and orthoboric acid the same?,True,False,111,True
681,0.1237,0.048361277000140035,,False,Laya,,,,Is a sermon the same as a homily?,True,False,85,False
683,0.8459,0.039379112999995414,,True,Laya,,,,Is the world trade center in the financial district?,True,False,138,True
684,0.075,0.04021503099988877,,False,Laya,,,,Has nigeria ever won the fifa world cup before?,False,False,47,True
685,1.0,0.041572777999817845,,True,Laya,,,,Is edinburgh castle built on top of a volcano?,True,False,94,True
687,0.922,0.03914922700005263,,True,Laya,,,,Does the little boy die in life is beautiful?,False,False,271,False
688,0.5379,0.038453390999848125,,True,Laya,,,,Does dan stevens sing in beauty and the beast?,True,False,127,True
689,0.6456,0.043796003999887034,,True,Laya,,,,Does the clock stop when you run out of bounds in the nfl?,True,False,134,True
690,0.0863,0.039274270000078104,,False,Laya,,,,Do i need a stamp if it says freepost?,False,False,86,True
691,0.4367,0.03851124500010883,,False,Laya,,,,Can we use a hydrometer to measure the density of milk?,True,False,54,False
692,0.9336,0.040983294999932696,,True,Laya,,,,Is molly's game based on a book?,True,False,130,True
693,0.9871,0.03713123900001847,,True,Laya,,,,Did zz top play in back to the future 3?,True,False,66,True
694,0.9652,0.053939304000095945,,True,Laya,,,,Was she like the wind in dirty dancing?,True,False,92,True
695,0.1259,0.0467586659999597,,False,Laya,,,,Is there a seat belt law in new hampshire?,False,False,189,True
696,0.7765,0.03931685400016249,,True,Laya,,,,Is there a storage limit on google drive?,True,False,121,True
697,0.8512,0.03828554900019299,,True,Laya,,,,Did greece qualify for the 2018 world cup?,False,False,56,False
698,0.037,0.04057192400000531,,False,Laya,,,,Is aldi the largest grocer in the world?,False,False,177,True
700,0.7782,0.038990746999843395,,True,Laya,,,,Is the kentucky derby always the first weekend in may?,True,False,106,True
701,0.9504,0.03858705499987991,,True,Laya,,,,Is st maarten and st martin the same?,True,False,144,True
702,0.6902,0.039750355000023774,,True,Laya,,,,Do you know the place where the peacock throne is now?,False,False,117,False
703,1.0,0.04237939999984519,,True,Laya,,,,Did wayne gretzky ever win a stanley cup?,True,False,227,True
704,0.8773,0.03898963799997546,,True,Laya,,,,Will there be a fourth season of crazy ex girlfriend?,True,False,110,True
705,0.3893,0.04053239400013808,,False,Laya,,,,Is there anything higher than a 100 dollar bill?,False,False,62,True
707,0.2413,0.03733129699980964,,False,Laya,,,,Can a negative number be a perfect square?,False,False,51,True
708,0.7745,0.03865476099986154,,True,Laya,,,,Has panama been in the world cup before?,False,False,59,False
710,1.0,0.039648759999863614,,True,Laya,,,,Is musician's friend and guitar center the same?,True,False,83,True
711,0.9153,0.03832021500011251,,True,Laya,,,,Is there such thing as a blue wasp?,True,False,111,True
713,0.7322,0.03970855200009282,,True,Laya,,,,Is veterinary science the same as veterinary medicine?,True,False,105,True
714,0.9947,0.044175723000080325,,True,Laya,,,,Is there going to be a shrek 4?,True,False,176,True
715,0.9453,0.0660963029999948,,True,Laya,,,,Is there another part of avengers infinity war?,True,False,147,True
716,0.1091,0.06090725200010638,,False,Laya,,,,Is russell brand singing in get him to the greek?,True,False,58,False
717,0.8822,0.06562484599999152,,True,Laya,,,,Is chicago the third largest city in the united states?,True,False,224,True
718,0.0651,0.052985960000114574,,False,Laya,,,,Does anyone die in the movie forever my girl?,True,False,104,False
719,0.6831,0.056072450000101526,,True,Laya,,,,Is state of decay coop on xbox one?,True,False,40,True
720,0.0,0.08091489399998864,,False,Laya,,,,Is night of the living dead a true story?,False,False,96,True
721,0.8954,0.051044644000057815,,True,Laya,,,,Do they have guitar hero for xbox one?,True,False,101,True
722,0.8554,0.0563493509998807,,True,Laya,,,,Does the prime minister live at number 10 downing street?,True,False,67,True
723,0.1452,0.05591857700005676,,False,Laya,,,,Is there a sequel to along came a spider?,False,False,39,True
724,0.9418,0.05254161300013038,,True,Laya,,,,Will there be a sequal to avengers infinity war?,True,False,140,True
725,0.8099,0.05906906900008835,,True,Laya,,,,Has carmelo ever been to the western conference finals?,True,False,264,True
726,0.7234,0.05061358900002233,,True,Laya,,,,Will there be a season 4 of the flash?,True,False,26,True
727,0.0855,0.05207048600004782,,False,Laya,,,,Is the movie pay it forward based on a true story?,False,False,111,True
728,0.241,0.05018112400011887,,False,Laya,,,,Does the away goal count in the playoffs?,False,False,75,True
729,0.9176,0.05678678200001741,,True,Laya,,,,Has croatia ever made it to the finals in the world cup?,True,False,70,True
731,0.7518,0.05025377200013281,,True,Laya,,,,Did star wars episode 3 come out on vhs?,True,False,85,True
733,0.8969,0.059274475000165694,,True,Laya,,,,Can you boat from lake erie to lake ontario?,True,False,70,True
734,0.9332,0.05042127100000471,,True,Laya,,,,Is secondary school the same as high school in the united states?,True,False,50,True
735,0.9329,0.05428514299978815,,True,Laya,,,,Is the world bank affiliated with the united nations?,True,False,172,True
736,0.1407,0.04781802999991669,,False,Laya,,,,Is a cornish game hen a baby chicken?,False,False,126,True
737,0.0375,0.05065218799995819,,False,Laya,,,,Is taiwan a member of the paris convention?,False,False,67,True
738,1.0,0.04689655600009246,,True,Laya,,,,Is the movie iceman based on a true story?,True,False,71,True
739,0.8553,0.04758392899998398,,True,Laya,,,,Is there a time limit for ratification of an amendment?,True,False,118,True
740,0.8802,0.04860705800001597,,True,Laya,,,,Is there always a way to win solitaire?,False,False,267,False
741,0.8896,0.05852334199994402,,True,Laya,,,,Is boom gaspar a member of pearl jam?,True,False,48,True
742,0.878,0.06428717099993264,,True,Laya,,,,Is orphan x going to be a movie?,True,False,56,True
743,0.6782,0.05060212200010028,,True,Laya,,,,Can a polynomial have a square root of a variable?,True,False,368,True
744,0.8628,0.0506834779998826,,True,Laya,,,,Is it possible to be alergic to your own sweat?,True,False,150,True
745,0.8841,0.04742240900009165,,True,Laya,,,,Is june 12 a holiday in the philippines?,True,False,56,True
746,0.0672,0.05119314399985342,,False,Laya,,,,Can you drink the water in flint now?,False,False,159,True
747,0.132,0.06384834400000727,,False,Laya,,,,Do i have to put my name on a letter?,False,False,58,True
748,0.1636,0.058546212999999625,,False,Laya,,,,Are sensory neurons part of the central nervous system?,False,False,164,True
749,0.3026,0.06141146499999195,,False,Laya,,,,Has anyone ever been born with three testicles?,True,False,48,False
750,0.8951,0.04864156400003594,,True,Laya,,,,Does germany have to qualify for 2018 world cup?,True,False,50,True
751,0.3605,0.05084378900005504,,False,Laya,,,,Is there a mercy rule in professional soccer?,True,False,77,False
753,0.966,0.05690755499995248,,True,Laya,,,,Is world at war part of black ops?,True,False,121,True
754,0.345,0.05314831300006517,,False,Laya,,,,Is white christmas a sequel to holiday inn?,False,False,120,True
755,1.0,0.0483996959999331,,True,Laya,,,,Is a descant recorder the same as a soprano?,True,False,141,True
756,0.5142,0.056573034999928495,,True,Laya,,,,Can you get in trouble for stealing a street sign?,True,False,108,True
758,0.1002,0.05817723400014074,,False,Laya,,,,Does north and south korea speak the same?,False,False,24,True
759,0.705,0.06037817900005393,,True,Laya,,,,Has anyone ever won the medal of honor more than once?,True,False,66,True
761,0.9397,0.06555580500003089,,True,Laya,,,,Is adjusted gross income same as taxable income?,False,False,59,False
762,0.9539,0.06912117500019122,,True,Laya,,,,Did ukraine make it to the world cup?,False,False,64,False
763,0.8927,0.06570066699987365,,True,Laya,,,,Is sampling error the same as standard deviation?,True,False,57,True
764,0.8852,0.06451485200000207,,True,Laya,,,,Do salted duck eggs need to be cooked?,True,False,79,True
765,0.1793,0.06157040099992628,,False,Laya,,,,Is it rare to have 6 wisdom teeth?,True,False,109,False
766,0.8065,0.06619416100011222,,True,Laya,,,,Has the canadian dollar ever been worth more than the american dollar?,True,False,206,True
767,0.3081,0.04079806400000052,,False,Laya,,,,Is a soccer stadium bigger than a football stadium?,True,False,170,False
768,0.5739,0.041548334999788494,,True,Laya,,,,Does cerebral spinal fluid have glucose in it?,True,False,25,True
769,0.8108,0.03925375299991174,,True,Laya,,,,Do all the numbers on a roulette wheel add up to 666?,True,False,51,True
770,0.1589,0.03839742400009527,,False,Laya,,,,Is payola legal in canada and the united states?,False,False,101,True
771,0.9507,0.0404284670000834,,True,Laya,,,,Can you die from hot dog eating contest?,True,False,97,True
772,0.9922,0.03789746899997226,,True,Laya,,,,Can a company be public but not listed?,True,False,161,True
773,0.8641,0.04470658599984745,,True,Laya,,,,Is there a real cheers bar in boston?,True,False,75,True
774,0.8114,0.040136464999932286,,True,Laya,,,,Was the right to bear arms in the original constitution?,False,False,119,False
775,0.8776,0.039433080999970116,,True,Laya,,,,Are breakfast lunch and dinner always served in italy?,False,False,117,False
776,0.4295,0.038849303999995755,,False,Laya,,,,Is pizza sauce and tomato sauce the same thing?,False,False,53,True
779,0.8522,0.04156634499986467,,True,Laya,,,,Did spider man turn off the dark make money?,True,False,73,True
780,0.7635,0.03905333100010466,,True,Laya,,,,Can you vote for president in washington dc?,True,False,99,True
781,1.0,0.03786377599999469,,True,Laya,,,,Do ac milan and inter milan share a stadium?,True,False,94,True
782,0.112,0.04101857099999506,,False,Laya,,,,Is the honda crf 250 a 2 stroke?,False,False,25,True
783,0.6397,0.03939800600005583,,True,Laya,,,,Is a veteran someone who went to war?,False,False,90,False
784,0.8598,0.039772225999968214,,True,Laya,,,,Is there a sequel to oz the great and powerful?,False,False,192,False
786,0.0764,0.04253315799996926,,False,Laya,,,,Is a bmw 1 series front wheel drive?,False,False,57,True
787,0.7131,0.041334290999884615,,True,Laya,,,,Are mini dv tapes the same as 8mm?,False,False,142,False
788,0.7331,0.037269565999849874,,True,Laya,,,,Are there going to be more tinkerbell movies?,True,False,30,True
789,0.058,0.04031112999996367,,False,Laya,,,,Do great white sharks live at the bottom of the sea?,False,False,240,True
790,0.0903,0.05405653699995128,,False,Laya,,,,Is the university of chicago an ivy league school?,False,False,96,True
792,0.9462,0.0382093809998878,,True,Laya,,,,Does ny ez pass work in other states?,True,False,159,True
793,0.8308,0.04465920300003745,,True,Laya,,,,Is the sociologist associated with the dramaturgical model of social interaction?,True,False,174,True
794,0.8934,0.04024362600011955,,True,Laya,,,,Are driving laws the same in all states?,False,False,53,False
795,0.8608,0.040098741000065274,,True,Laya,,,,Have tunisia been in the world cup before?,True,False,65,True
796,0.8037,0.043260473000145794,,True,Laya,,,,Does average velocity have a direction associated with it?,True,False,82,True
799,0.1755,0.04025940900010028,,False,Laya,,,,Is there a part two to advengers infinity war?,True,False,191,False
800,0.0306,0.03997419200004515,,False,Laya,,,,Are black widow and red back spiders the same?,False,False,162,True
801,0.7565,0.05097780400001284,,True,Laya,,,,Can you die from consuming too much water?,True,False,50,True
802,0.8639,0.041127508000045054,,True,Laya,,,,Can you use vegetable oil as carrier oil?,True,False,183,True
803,0.938,0.039335111999889705,,True,Laya,,,,Is alex from 13 reasons why in nerve?,True,False,149,True
804,0.2672,0.04134303299997555,,False,Laya,,,,Do i have to give my name to a police officer?,False,False,133,True
806,1.0,0.03960160199994789,,True,Laya,,,,Will a straight talk phone work with tracfone?,True,False,129,True
807,0.2109,0.03809328100010134,,False,Laya,,,,Are there always 365 days in a year?,False,False,144,True
808,0.956,0.04243720299996312,,True,Laya,,,,Did they find both halves of the titanic?,True,False,144,True
809,0.8007,0.0402043120000144,,True,Laya,,,,Do you have to tag up on an infield fly rule?,True,False,110,True
810,0.9311,0.038730130999965695,,True,Laya,,,,Is game of thrones based on a book?,True,False,109,True
811,0.8611,0.04059837599993443,,True,Laya,,,,Is season 7 last season of once upon a time?,True,False,57,True
813,0.7732,0.039595479999888994,,True,Laya,,,,Does the air force have ground combat troops?,True,False,42,True
815,0.7598,0.040063825000061115,,True,Laya,,,,Are the spinal cord and vertebral column the same length?,False,False,188,False
816,0.5723,0.04124575500009087,,True,Laya,,,,Are there any post credit scenes in dead pool 2?,False,False,236,False
818,0.5206,0.04052606699997341,,True,Laya,,,,Is i can only imagine movie true story?,True,False,116,True
819,0.7729,0.04131633099996179,,True,Laya,,,,Does monetary neutrality mean that changes in the money supply can never affect real​ gdp?,True,False,167,True
820,0.9994,0.041544349000105285,,True,Laya,,,,Are age spots the same as liver spots?,True,False,96,True
821,0.4525,0.04730995399995663,,False,Laya,,,,Is there a waterfall in marble falls tx?,True,False,273,False
823,0.0969,0.041872436000176094,,False,Laya,,,,Can you get a pearl from a muscle?,True,False,91,False
824,0.3215,0.04078208999999333,,False,Laya,,,,Does the waterloo and city line run on a sunday?,False,False,81,True
825,0.1912,0.041687336999984836,,False,Laya,,,,Can you have one green eye and one blue eye?,True,False,76,False
827,0.5853,0.03855070800000249,,True,Laya,,,,Is there more than one type of mono?,True,False,135,True
828,0.749,0.04284897299999102,,True,Laya,,,,Was the battle of new orleans fought after the war of 1812?,False,False,95,False
829,0.1044,0.039616113999954905,,False,Laya,,,,Is a host required for syphilis to survive?,True,False,156,False
830,0.8854,0.037924975000123595,,True,Laya,,,,Is a us passport card a valid form of id?,True,False,95,True
831,0.8004,0.041306516000076954,,True,Laya,,,,Can you get to south america by car?,False,False,173,False
832,0.3223,0.03897470900005828,,False,Laya,,,,Were any bodies found from the edmund fitzgerald?,False,False,287,True
833,0.8563,0.040041218000169465,,True,Laya,,,,Has the world cup been won on penalties?,True,False,118,True
834,1.0,0.04113232200006678,,True,Laya,,,,Is pokemon let's go a remake of yellow?,True,False,207,True
835,0.8051,0.03902260299992122,,True,Laya,,,,Is soho in the west end of london?,True,False,145,True
836,0.7894,0.03719687599982535,,True,Laya,,,,Is universal healthcare the same as socialized medicine?,True,False,79,True
837,0.9207,0.04606377300001441,,True,Laya,,,,Can you turn right on a red in quebec?,True,False,128,True
838,0.1685,0.03793797499997709,,False,Laya,,,,Is west virginia and virginia the same state?,False,False,106,True
839,0.7194,0.03907803199990667,,True,Laya,,,,Is the bronx zoo the largest zoo in the world?,False,False,77,False
840,0.5509,0.04432392500007154,,True,Laya,,,,Does season finale mean the show is over?,False,False,65,False
842,0.9205,0.041113888000154475,,True,Laya,,,,Can a blighted ovum have a yolk sac?,True,False,196,True
843,0.8607,0.039576753000119425,,True,Laya,,,,Do bell and telus use the same towers?,True,False,103,True
844,0.6886,0.04132695800012698,,True,Laya,,,,Do you have to break in new car engines?,True,False,214,True
845,0.8688,0.042059163999965676,,True,Laya,,,,Did the uk have a referendum to join the eu?,True,False,133,True
846,0.7802,0.04271411900003841,,True,Laya,,,,Is god of war sequel to god of war 3?,True,False,193,True
847,0.1423,0.040875965999930486,,False,Laya,,,,Can you sign free agents outside transfer window?,True,False,53,False
848,0.0445,0.038813664000144854,,False,Laya,,,,Is there a series 9 of vampire diaries?,False,False,67,True
849,0.0862,0.05079907300000741,,False,Laya,,,,Are there any ww1 veterans still alive 2018?,False,False,144,True
850,0.7667,0.04391577599994889,,True,Laya,,,,Is attending a first aid course part of the chain of survival?,False,False,69,False
851,0.0802,0.04206826200015712,,False,Laya,,,,Can you play phase 10 with 7 players?,False,False,190,True
852,0.2159,0.03881965100003981,,False,Laya,,,,Can a girl scout be an eagle scout?,False,False,18,True
853,0.1295,0.04027795000001788,,False,Laya,,,,Are elephants at the top of the food chain?,False,False,215,True
854,0.8475,0.03826810500004285,,True,Laya,,,,Do flight paths go over the north pole?,True,False,45,True
855,0.8236,0.03932487099996251,,True,Laya,,,,Does a woman's age affect birth defects?,True,False,33,True
856,0.4394,0.04156932799992319,,False,Laya,,,,Can a ship's captain legally marry a couple?,False,False,50,True
857,0.8976,0.04248300300014307,,True,Laya,,,,Is there a season three of doctor doctor?,True,False,49,True
859,0.8753,0.0507575149999866,,True,Laya,,,,Is there a cable car in new york?,True,False,150,True
860,0.7696,0.04310616799989475,,True,Laya,,,,Does a junctional rhythm have a p wave?,False,False,46,False
861,0.3077,0.03972296599999936,,False,Laya,,,,Do we have to say check in chess?,False,False,76,True
862,0.4319,0.038309136999941984,,False,Laya,,,,Is the closer and major crimes the same?,False,False,51,True
863,0.9475,0.04066827099995862,,True,Laya,,,,Can you open carry in the state of ohio?,True,False,122,True
864,0.1372,0.038286985000013374,,False,Laya,,,,Have the san jose sharks won a stanley cup?,False,False,98,True
865,0.9221,0.04157930299993495,,True,Laya,,,,Is there a word where q is not followed by u?,True,False,241,True
866,0.8904,0.04406971900016288,,True,Laya,,,,Does the same genotype always result in the same phenotype?,False,False,140,False
868,0.8817,0.04175271700000849,,True,Laya,,,,Is the maze runner death cure the last movie?,True,False,172,True
869,0.1281,0.0433526700001039,,False,Laya,,,,Does a paladin have to be lawful good?,False,False,60,True
870,0.4833,0.04449764299988601,,False,Laya,,,,Is english the most commonly spoken language in the world?,True,False,62,False
871,0.2652,0.04125983699987046,,False,Laya,,,,Is a first degree burn worse than a third degree burn?,False,False,165,True
872,0.1607,0.03917456299996047,,False,Laya,,,,Can i drive a car with learners permit?,True,False,42,False
874,0.7626,0.04076368799996999,,True,Laya,,,,Are there any thousand dollar bills in circulation?,True,False,97,True
875,0.9607,0.040282527000044865,,True,Laya,,,,Is there a sequel to the movie fifty shades of grey?,True,False,126,True
876,0.5395,0.04106237900009546,,True,Laya,,,,Was the black death in the victorian times?,False,False,57,False
877,0.9601,0.05958177999991676,,True,Laya,,,,Is the national government the same as the federal government?,True,False,154,True
878,0.2256,0.040256482999893706,,False,Laya,,,,Does cedar point still have the demon drop?,False,False,78,True
879,0.1164,0.03785135999987688,,False,Laya,,,,Is thousand island the same as french dressing?,False,False,99,True
880,0.9098,0.0397377450001386,,True,Laya,,,,Do dairy cows have to have calves to produce milk?,True,False,179,True
881,0.3039,0.03928283100003682,,False,Laya,,,,Is there a material that contracts with electricity?,True,False,158,False
882,0.843,0.039394558999902074,,True,Laya,,,,Has a team ever come back from 3-1?,True,False,134,True
884,0.2508,0.04992398199988202,,False,Laya,,,,Do uk citizens need a visa for albania?,False,False,97,True
885,1.0,0.04021058799980892,,True,Laya,,,,Does the ride harry potter and the forbidden journey go upside down?,False,False,167,False
886,0.911,0.03983135199996468,,True,Laya,,,,Will there be a new season of the resident?,True,False,108,True
887,0.2689,0.04211612599988257,,False,Laya,,,,Have any supreme court justices ever been removed?,False,False,109,True
890,0.1007,0.038933801999974094,,False,Laya,,,,Is breakfast at tiffany's black and white?,False,False,69,True
891,0.441,0.038040422999984,,False,Laya,,,,Has anyone ever came back from 3-0 in nba?,False,False,134,True
893,0.6086,0.047122397000066485,,True,Laya,,,,Are you required to complete the 2017 economic census?,True,False,128,True
894,0.8484,0.03880316500021763,,True,Laya,,,,Can you move the pawn backwards in chess?,False,False,109,False
895,0.9008,0.03856717000007848,,True,Laya,,,,Does naruto ultimate ninja storm have a story mode?,True,False,43,True
897,0.5854,0.04023094800004401,,True,Laya,,,,Can you vote as a permanent resident in canada?,False,False,94,False
898,0.9582,0.03826308199995765,,True,Laya,,,,Does any movie have a 100 on rotten tomatoes?,True,False,129,True
899,0.1991,0.039258837000033964,,False,Laya,,,,Is fort walton beach the same as destin?,False,False,106,True
900,0.5155,0.040393285000163814,,True,Laya,,,,Is it illegal to drive over a median?,True,False,124,True
901,0.8361,0.04152722499998163,,True,Laya,,,,Can a cow get up after being tipped?,True,False,203,True
902,0.1657,0.04054880700005015,,False,Laya,,,,Can you drive a us car into canada?,True,False,17,False
903,0.756,0.04110222400004204,,True,Laya,,,,Is i-94 a toll road in michigan?,False,False,314,False
904,0.9532,0.04044602500016481,,True,Laya,,,,Is halo combat evolved the first halo game?,True,False,179,True
906,0.2903,0.038932972000111477,,False,Laya,,,,Can we have more than 9 supreme court justices?,False,False,79,True
907,0.1283,0.044542250999938915,,False,Laya,,,,Is american college of education accredited in new york?,False,False,50,True
908,0.8821,0.04929185099990718,,True,Laya,,,,Can an x be used as a signature?,True,False,155,True
910,0.2643,0.03874004199997216,,False,Laya,,,,Does the ring finger connected to the heart?,False,False,94,True
911,0.9726,0.0411700329998439,,True,Laya,,,,Was the love boat filmed on a ship?,True,False,157,True
912,0.0008,0.03926972299996123,,False,Laya,,,,Is there really a porpoise spit in australia?,False,False,91,True
913,0.6196,0.040233821999891006,,True,Laya,,,,Are stroke volume and ejection fraction the same?,False,False,142,False
914,0.2169,0.04261195999993106,,False,Laya,,,,Is there a water park at ontario place?,True,False,126,False
915,0.8122,0.042500106000034066,,True,Laya,,,,Are the ryman and grand ole opry the same thing?,True,False,139,True
917,0.1271,0.04305415399994672,,False,Laya,,,,Does a meme have to have a picture?,False,False,209,True
918,0.1426,0.049921008000183065,,False,Laya,,,,Do you have to bounce the ball in rugby?,True,False,95,False
919,0.8304,0.04087144300001455,,True,Laya,,,,Do you need a tv licence in the uk?,True,False,96,True
920,0.0789,0.03995719900012773,,False,Laya,,,,Can you get eaten by a whale shark?,False,False,98,True
921,0.2401,0.043419380999921486,,False,Laya,,,,Can a passport card be used to fly to canada?,True,False,99,False
923,0.9707,0.04122018200018829,,True,Laya,,,,Are panthers and mountain lions the same thing?,True,False,200,True
925,0.2059,0.042351791000101,,False,Laya,,,,Can there be an offside offence if a player received the ball directly from a dropped ball?,False,False,116,True
926,0.7751,0.04630979699982163,,True,Laya,,,,Are there any animals that are self aware?,True,False,85,True
927,0.1662,0.03952522000008685,,False,Laya,,,,Is 500 days of summer based on a true story?,True,False,286,False
930,0.8237,0.03931250999994518,,True,Laya,,,,Can you get a rash from using a hot tub?,True,False,172,True
931,0.4895,0.043987231000073734,,False,Laya,,,,Does a sacrafice bunt count as an at bat?,False,False,97,True
932,0.827,0.038471466999908444,,True,Laya,,,,Is the cremaster muscle in the spermatic cord?,False,False,17,False
934,0.76,0.03851116600003479,,True,Laya,,,,Can we have multiple foreign keys in a table?,True,False,44,True
935,0.9071,0.04459415100018305,,True,Laya,,,,Is there going to be a 3rd series of 800 words?,True,False,66,True
937,0.1013,0.038471722999929625,,False,Laya,,,,Is house of the rising sun about vietnam?,False,False,107,True
938,0.0638,0.03969916400001239,,False,Laya,,,,Does ip man win in ip man 3?,True,False,116,False
939,0.8036,0.044386417000168876,,True,Laya,,,,Can i use passport card to fly domestically?,True,False,174,True
941,0.7546,0.05465455699982158,,True,Laya,,,,Does stefan turn off his humanity in season 6?,True,True,566,True
942,0.4333,0.039148756000031426,,False,Laya,,,,Is the book of deuteronomy in the new testament?,False,False,61,True
944,0.9591,0.048830322999947384,,True,Laya,,,,Is thread seal tape the same as teflon tape?,True,False,184,True
947,0.2076,0.040250006999940524,,False,Laya,,,,Can paramedics make you go to the hospital?,True,False,82,False
948,0.9603,0.041152502000159075,,True,Laya,,,,Is shameless coming out with a season 8?,True,False,63,True
949,0.7825,0.03995102900012171,,True,Laya,,,,Does poland spring water come from a spring?,True,False,114,True
950,0.9597,0.041519028000038816,,True,Laya,,,,Is there such thing as a lamborghini hurricane?,True,False,145,True
951,0.9999,0.03964366700006394,,True,Laya,,,,Is merrill lynch and bank of america the same?,True,False,86,True
952,0.0,0.04287670000007893,,False,Laya,,,,Do monster energy drinks have alcohol in them?,False,False,108,True
953,0.1116,0.038428976999966835,,False,Laya,,,,Are £2 coins going out of circulation?,False,False,83,True
954,0.2505,0.038641624000092634,,False,Laya,,,,Is mycosis fungoides caused by a fungal infection?,False,False,96,True
955,0.6879,0.0410429319999821,,True,Laya,,,,Did glenn die in the walking dead season 6?,False,False,132,False
956,0.8034,0.03841568099983306,,True,Laya,,,,Is it possible to be allergic to meat?,True,False,159,True
957,0.8518,0.038488541000106125,,True,Laya,,,,Is the eyes part of the nervous system?,True,False,139,True
958,0.9158,0.04114320400003635,,True,Laya,,,,Do they still have drive in movies in america?,True,False,69,True
959,0.1821,0.03956291000008605,,False,Laya,,,,Is daisy the director of shield in the comics?,True,False,93,False
960,0.8691,0.03917030299999169,,True,Laya,,,,Can an american get a coat of arms?,True,False,121,True
962,0.9964,0.0456034510000336,,True,Laya,,,,Was mall cop filmed at mall of america?,False,False,163,False
963,0.802,0.038056914999970104,,True,Laya,,,,Do away goals count in the europa league?,True,False,140,True
964,0.9741,0.03837409000016123,,True,Laya,,,,Is bicuspid and mitral valve the same thing?,True,False,88,True
965,0.8612,0.04151578000005429,,True,Laya,,,,Is round of 16 world cup single elimination?,True,False,104,True
967,0.7874,0.03888752100010606,,True,Laya,,,,Is there something at the end of ifinity war?,True,False,225,True
968,0.7034,0.03821165499994095,,True,Laya,,,,Has there ever been a tornado in canada?,True,False,101,True
969,0.8689,0.04249327900015487,,True,Laya,,,,Does salt go in the shaker with less holes?,True,False,53,True
970,0.6221,0.04504916099995171,,True,Laya,,,,Is ford escape a 4 wheel drive vehicle?,True,True,413,True
971,0.8031,0.04738731099996585,,True,Laya,,,,Was the kissing booth filmed in cape town?,True,False,23,True
973,0.8867,0.04099951700004567,,True,Laya,,,,Is there going to be season 3 of daredevil?,True,False,108,True
974,0.7791,0.03885130000003301,,True,Laya,,,,Is wholemeal flour the same as whole wheat?,True,False,137,True
975,0.9432,0.04019165099998645,,True,Laya,,,,Was there really an all girl baseball league?,True,False,120,True
976,0.1193,0.040339485999993485,,False,Laya,,,,Does steph curry have an olympic gold medal?,False,False,148,True
977,0.3536,0.03865700699998342,,False,Laya,,,,Is a dui an indictable offence in canada?,True,False,84,False
978,0.728,0.03810321100013425,,True,Laya,,,,Is 5 glucose the same as 5 dextrose?,True,False,102,True
979,0.5358,0.04313569200007805,,True,Laya,,,,Is a 38 special bigger than a 357?,False,False,177,False
980,0.8589,0.03890304300011849,,True,Laya,,,,Is pyruvic acid and pyruvate the same thing?,False,False,69,False
981,0.6589,0.037464103000047544,,True,Laya,,,,Does henrys hard soda have alcohol in it?,True,False,77,True
984,0.2634,0.046497688000044946,,False,Laya,,,,Do long island iced teas have tea in them?,False,False,99,True
986,0.7884,0.038516558999845074,,True,Laya,,,,Can you play xbox 360 on a xbox one?,True,False,115,True
987,0.8919,0.03951642200013339,,True,Laya,,,,Is the mafia still active in new jersey?,True,False,256,True
988,0.2864,0.04076626500000202,,False,Laya,,,,Has pakistan signed the universal declaration of human rights?,True,False,226,False
989,0.0096,0.040507018999960565,,False,Laya,,,,Is there a season 5 of the killing?,False,False,79,True
990,0.7852,0.039039387000002534,,True,Laya,,,,Do you need a license to watch tv in england?,True,False,96,True
992,0.0709,0.04273164599999291,,False,Laya,,,,Is the us the only country to change time?,False,False,101,True
993,0.1571,0.03873199199983901,,False,Laya,,,,Can you use a white background as a green screen?,True,False,226,False
994,0.2724,0.038097212000138825,,False,Laya,,,,Do i have to show identification to a police officer?,False,False,75,True
995,0.1143,0.04090855999993437,,False,Laya,,,,Is there a town called radiator springs on route 66?,False,False,60,True
996,0.8294,0.040628104000006715,,True,Laya,,,,Is surgical spirit and rubbing alcohol the same thing?,False,False,166,False
998,0.3762,0.039792440999917744,,False,Laya,,,,Do indian passport holder need visa for indonesia?,False,False,73,True
999,0.8963,0.04447286399999939,,True,Laya,,,,Is the west indies part of the caribbean?,True,False,47,True
1000,0.9184,0.04036786400001802,,True,Laya,,,,Will there be a jurassic world fallen kingdom sequel?,True,False,180,True
1001,0.6327,0.04265604500005793,,True,Laya,,,,Will there be a fallen 2 movie 2017?,False,False,89,False
1002,0.6945,0.05305081599999539,,True,Laya,,,,Is least squares the same as linear regression?,False,False,85,False
1003,0.7576,0.040667820999942705,,True,Laya,,,,Do i need a visa for bhutan from uk?,True,False,123,True
1004,0.859,0.03885255600016535,,True,Laya,,,,Is inert gas and noble gas the same?,True,False,101,True
1005,0.2045,0.040995243999987,,False,Laya,,,,Do you have to be literate to vote?,False,False,108,True
1007,0.7137,0.03978169600009096,,True,Laya,,,,Has australia ever been in the world cup?,True,False,37,True
1008,0.826,0.03898988700007067,,True,Laya,,,,Can law of sines be used on any triangle?,True,False,49,True
1011,0.8064,0.05130547199996727,,True,Laya,,,,Will there be a 800 words season 4?,True,False,19,True
1012,0.6367,0.03828982099980749,,True,Laya,,,,Does air force one fly with fighter escort?,False,False,33,False
1013,0.6538,0.04221933999997418,,True,Laya,,,,Can lemon juice be used as citric acid?,True,False,146,True
1014,0.7799,0.04104557300001943,,True,Laya,,,,Can you sell your get out of jail free card?,True,False,182,True
1017,0.488,0.043291675000091345,,False,Laya,,,,Does the commuter rail go to new hampshire?,False,False,81,True
1018,0.5681,0.04014656499998637,,True,Laya,,,,Did jon snow die in season 5 finale?,True,False,365,True
1019,0.7325,0.04197589099999277,,True,Laya,,,,Is district of columbia a state in the usa?,False,False,117,False
1020,0.938,0.03908442199985984,,True,Laya,,,,Does everyone die in as above so below?,False,False,256,False
1021,0.863,0.03891193899994505,,True,Laya,,,,Is enterprise value the same as firm value?,True,False,81,True
1022,0.9721,0.04223109600002317,,True,Laya,,,,Is a mortgage loan originator the same as a loan officer?,True,False,64,True
1023,0.9326,0.04037710099987635,,True,Laya,,,,Is the san andreas fault a transform boundary?,True,False,99,True
1024,0.0941,0.04015479999998206,,False,Laya,,,,Is there a follow up film to the golden compass?,False,False,38,True
1025,0.8126,0.04141885900003217,,True,Laya,,,,Has a woman ever won cma entertainer of the year?,True,False,70,True
1026,0.692,0.03981924799995795,,True,Laya,,,,Can the queen move like the knight in chess?,False,False,48,False
1028,0.9232,0.038260668000020814,,True,Laya,,,,Does april get married in grey's anatomy?,True,False,115,True
1029,0.6344,0.044389870000031806,,True,Laya,,,,Can a goalkeeper pick up a ball from a throw in?,False,False,146,False
1030,0.1892,0.03990141899998889,,False,Laya,,,,Does california use the letter o on license plates?,True,False,31,False
1031,0.8985,0.0385083900000609,,True,Laya,,,,Is 1-844 toll free in canada?,True,False,53,True
1032,0.7851,0.056669550999913554,,True,Laya,,,,Can a president choose not to run for reelection?,True,False,48,True
1033,0.9209,0.03728736800007937,,True,Laya,,,,Has anyone hit 4 homeruns in a game?,True,False,139,True
1034,0.9544,0.039592869999978575,,True,Laya,,,,Does emma go dark in once upon a time?,True,False,191,True
1036,1.0,0.04765806299997166,,True,Laya,,,,Is the jaws ride at universal orlando closed?,False,False,180,False
1037,0.3631,0.039878924000049665,,False,Laya,,,,Is there a sugar tax in the us?,True,False,76,False
1039,0.9321,0.03777812299995276,,True,Laya,,,,Is seagulls stop it now a real song?,True,False,350,True
1040,0.1394,0.03970007199995962,,False,Laya,,,,Is it normal for your second toe to be longer than your first?,False,False,104,True
1041,0.837,0.037617106999960015,,True,Laya,,,,Is county court the same as magistrates court?,False,False,46,False
1042,0.8166,0.039412769999898956,,True,Laya,,,,Can you have a maid of honor and a chief bridesmaid?,False,False,97,False
1043,0.2744,0.04059094300009747,,False,Laya,,,,Are the virgin islands part of the leeward islands?,True,False,97,False
1044,0.7849,0.04032180600006541,,True,Laya,,,,Can you pick up the first card in rummy?,True,False,66,True
1045,0.9559,0.03959954599986304,,True,Laya,,,,Is 380 acp the same as 380 auto?,True,False,168,True
1046,0.6301,0.04295149000017773,,True,Laya,,,,Has nigeria reached quater final in world cup?,True,False,47,True
1047,0.8355,0.03847427100004097,,True,Laya,,,,Will there be more bee and puppycat episodes?,True,False,23,True
1048,0.288,0.038559323000072254,,False,Laya,,,,Is a red panda related to a panda?,False,False,111,True
1049,0.3343,0.03974136100009673,,False,Laya,,,,Is white castle only on the east coast?,False,False,109,True
1050,0.657,0.04175706499995613,,True,Laya,,,,Does her dad die in the last song?,True,False,194,True
1052,0.4994,0.03851043800000298,,False,Laya,,,,Is infinity war going to be a trilogy?,False,False,145,True
1055,0.7097,0.039911125000116954,,True,Laya,,,,Is there any way to stop an executive order?,True,False,134,True
1056,0.9638,0.037460686000031274,,True,Laya,,,,Did river phoenix play in stand by me?,True,False,108,True
1057,0.34,0.03922155800000837,,False,Laya,,,,Is age of ultron connected to guardians of the galaxy?,True,False,135,False
1058,0.6797,0.04234106100011559,,True,Laya,,,,Can the supreme court do anything to stop an executive order?,True,False,88,True
1059,0.4859,0.0548949060000723,,False,Laya,,,,Did the dust bowl happen during the great depression?,True,False,186,False
1060,0.7462,0.06316138200008936,,True,Laya,,,,Is seoul the largest city in the world?,False,False,105,False
1061,0.8797,0.07011671199984448,,True,Laya,,,,Can a wheel and axle be called a lever?,True,False,140,True
1062,0.042,0.05825906399991254,,False,Laya,,,,Does barney die in how i met your mother?,False,False,158,True
1063,0.856,0.057292048000135765,,True,Laya,,,,Can humans catch ear mites from a cat?,True,False,104,True
1064,0.8841,0.0614465610001389,,True,Laya,,,,Are kidneys on both sides of your body?,True,False,193,True
1065,0.7677,0.05033801900003709,,True,Laya,,,,Do the interior angles of a triangle equal 180?,True,False,75,True
1066,0.9702,0.04760928099994999,,True,Laya,,,,Is the preamble a part of the indian constitution?,True,False,120,True
1067,0.6832,0.05731343999991623,,True,Laya,,,,Has the last book of game of thrones been written?,False,False,112,False
1068,0.4785,0.04808077100005903,,False,Laya,,,,Was friday night lights based on a true story?,True,False,145,False
1069,0.8201,0.04873819700014792,,True,Laya,,,,Does april get pregnant in parks and rec?,True,False,78,True
1070,0.9654,0.05735616199990545,,True,Laya,,,,Is howl's moving castle based on a book?,True,False,92,True
1071,0.0002,0.04809582500001852,,False,Laya,,,,Does elmer's glue have milk in it?,False,False,41,True
1073,0.8545,0.05489974700003586,,True,Laya,,,,Was sorry to bother you filmed in oakland?,True,False,74,True
1074,0.8439,0.05147805599995081,,True,Laya,,,,Are all nhl ice rinks the same size?,True,False,130,True
1075,0.1395,0.05396901900007833,,False,Laya,,,,Are only commercial banks subject to​ runs?,False,False,150,True
1076,0.2044,0.05289150599992354,,False,Laya,,,,Is there such a thing as number blindness?,True,False,64,False
1077,0.9016,0.05475549100015087,,True,Laya,,,,Has any nhl team not won the stanley cup?,True,False,256,True
1078,0.035,0.046653536000121676,,False,Laya,,,,Does christina yang die in season 10 episode 24?,False,False,80,True
1079,0.7666,0.0505544350000946,,True,Laya,,,,Is there a delay of game in hockey?,True,False,38,True
1080,0.9999,0.04841154699988692,,True,Laya,,,,Does the internal resistance of a battery change?,True,False,206,True
1081,0.7705,0.0524022629999763,,True,Laya,,,,Is there going to be a season 2 of little witch academia?,True,False,209,True
1082,0.0866,0.061961375000009866,,False,Laya,,,,Can carbon 14 dating be used to detect the age of a live animal?,False,False,246,True
1083,0.7955,0.06166939300010199,,True,Laya,,,,Will there be a 6 pirates of the caribbean?,True,False,76,True
1084,0.7706,0.048010757000156445,,True,Laya,,,,Did alexander graham bell propose answering the phone with ahoy?,True,False,37,True
1085,0.9176,0.04876937800008818,,True,Laya,,,,Does every real number have a cube root?,True,False,110,True
1086,0.1937,0.04648084700011168,,False,Laya,,,,Are fixed assets and non current assets the same?,True,False,138,False
1087,0.9002,0.04664075999994566,,True,Laya,,,,Can you breed a rabbit and a cat?,False,False,62,False
1089,0.2205,0.05176020399994741,,False,Laya,,,,Is social studies and geography the same thing?,False,False,83,True
1090,0.8427,0.057702196000036565,,True,Laya,,,,Will there be a pirates of the carribean 6?,True,False,76,True
1091,0.837,0.06703148599990527,,True,Laya,,,,Is the preakness the same distance as the kentucky derby?,False,False,129,False
1092,0.0978,0.059637733000045046,,False,Laya,,,,Is new york in the new england region?,False,False,158,True
1093,0.1517,0.056346978999954445,,False,Laya,,,,Was big time rush a band before the show?,False,False,227,True
1094,0.9549,0.05074172600006932,,True,Laya,,,,Do the castaways on gilligan island get rescued?,True,False,108,True
1095,0.8981,0.05897216599987587,,True,Laya,,,,Is there such thing as a whale shark?,True,False,148,True
1096,0.8712,0.047932221000110076,,True,Laya,,,,Do you have the right to remain silent in canada?,True,False,112,True
1097,0.6778,0.050178001999938715,,True,Laya,,,,Was hope married to wyatt on bold and beautiful?,True,True,426,True
1098,0.8764,0.04691200599995682,,True,Laya,,,,Is there a season 8 of game of thrones?,True,False,111,True
1099,0.8291,0.05793734000008044,,True,Laya,,,,Do they ever find out about charlie in gossip girl?,True,False,234,True
1100,0.6888,0.06863006000003224,,True,Laya,,,,Is the movie the guardian based on a true story?,False,False,79,False
1101,0.1405,0.059494257999858746,,False,Laya,,,,Is there a difference between sweating and perspiring?,False,False,24,True
1102,0.9724,0.06568517300001986,,True,Laya,,,,Is vauxhall station in zone 1 or 2?,False,False,108,False
1103,0.9089,0.06415951899998618,,True,Laya,,,,Is state bank of india and bank of india same?,False,False,107,False
1104,0.0382,0.06483062799998152,,False,Laya,,,,Has brazil ever been eliminated in the group stage?,False,False,137,True
1105,0.8848,0.057288382000024285,,True,Laya,,,,Is there such thing as a moon flower?,True,False,19,True
1106,0.2493,0.062385726999991675,,False,Laya,,,,Does hi-c orange have caffeine in it?,False,False,49,True
1107,0.9547,0.0397062280001137,,True,Laya,,,,Is range rover and land rover the same company?,True,False,68,True
1108,0.2631,0.03893053999991025,,False,Laya,,,,Is the movie the train a true story?,True,False,85,False
1110,0.8962,0.03785394000010456,,True,Laya,,,,Did hawaii used to be called the sandwich islands?,True,False,139,True
1111,0.8646,0.03746924699998999,,True,Laya,,,,Is nuclear power the same as nuclear energy?,False,False,126,False
1112,1.0,0.04385941999998977,,True,Laya,,,,Is a ball python the same as a royal python?,True,False,132,True
1113,0.827,0.03839783500006888,,True,Laya,,,,Will there be a sequel to the movie predators?,True,False,104,True
1114,0.9852,0.036462129000028654,,True,Laya,,,,Is a timber wolf the same as a gray wolf?,True,False,171,True
1115,1.0,0.040259834999915256,,True,Laya,,,,Is the league of assassins the same as the league of shadows?,True,False,66,True
1117,0.8436,0.03789367800004584,,True,Laya,,,,Is season five the last season of the originals?,True,False,101,True
1118,0.9033,0.039868932999979734,,True,Laya,,,,Did top gear build a bridge over the river kwai?,False,False,79,False
1119,0.6683,0.040650312000025224,,True,Laya,,,,Does the government own the us postal service?,True,False,71,True
1120,0.739,0.0381126749998657,,True,Laya,,,,Was there a world war before world war 1?,False,False,114,False
1121,0.1369,0.03748999799995545,,False,Laya,,,,Is the cat part of the chinese zodiac?,False,False,62,True
1122,0.9496,0.04112112799998613,,True,Laya,,,,Is footlocker and champs owned by the same company?,True,False,152,True
1123,0.179,0.03670856200005801,,False,Laya,,,,Is a sq m the same as m2?,True,False,39,False
1124,0.8155,0.03811431300005097,,True,Laya,,,,Does need for speed have a story mode?,True,False,142,True
1126,0.2183,0.04012766100004228,,False,Laya,,,,Can congress pass a law to make an action criminal after it is committed?,False,False,131,True
1128,0.8947,0.038990777999970305,,True,Laya,,,,Is a dogfish part of the shark family?,True,False,159,True
1129,0.812,0.040524831000084305,,True,Laya,,,,Are jamie lynn spears and britney spears related?,True,False,65,True
1130,0.2609,0.04366292700001395,,False,Laya,,,,Is there a stand your ground law in illinois?,True,False,45,False
1131,0.6224,0.046640800999966814,,True,Laya,,,,Is pink quartz and rose quartz the same?,True,False,83,True
1132,0.7586,0.03666846800001622,,True,Laya,,,,Does the crew 2 have a story line?,False,False,109,False
1133,0.9718,0.04645461799987061,,True,Laya,,,,Is new york state a common law state?,True,False,156,True
1134,0.0712,0.03658276200008004,,False,Laya,,,,Is a certified copy the same as an original uk?,False,False,59,True
1135,0.3562,0.0382393840000077,,False,Laya,,,,Is flexor pollicis longus in the carpal tunnel?,True,False,68,False
1136,0.8117,0.040575310000122045,,True,Laya,,,,Does pokemon crystal work with pokemon stadium 2?,True,False,105,True
1137,0.9486,0.03881592099992304,,True,Laya,,,,Does anaerobic respiration have an electron transport chain?,True,False,48,True
1138,0.8389,0.03865532200006783,,True,Laya,,,,Are there state income taxes in new mexico?,True,False,91,True
1139,0.9694,0.04165456400005496,,True,Laya,,,,Is tom cruise in the new mummy movie?,True,False,130,True
1140,0.6596,0.04301065700019535,,True,Laya,,,,Does dying light enhanced edition come with the base game?,True,False,109,True
1141,0.6258,0.03912981599978593,,True,Laya,,,,Can quantum entanglement transfer information faster than light?,False,False,133,False
1142,0.8031,0.04058103900001697,,True,Laya,,,,Is dan marino in the hall of fame?,True,False,100,True
1143,0.9284,0.03824126300014541,,True,Laya,,,,Is there a sequel to the phantom of the opera?,True,False,73,True
1144,0.9342,0.0376318450000781,,True,Laya,,,,Does heathrow terminal 5 have an underground station?,True,False,81,True
1145,0.6425,0.04151721500011263,,True,Laya,,,,Is a penalty charge notice the same as a fixed penalty?,True,False,167,True
1146,0.7476,0.03902534300004845,,True,Laya,,,,Can president go to war without congress approval?,False,False,139,False
1147,0.1301,0.03737090600020565,,False,Laya,,,,Is roller coaster tycoon world available for mac?,False,False,62,True
1148,0.8752,0.04286926700001459,,True,Laya,,,,Do you have to pay to use a driving range?,True,False,188,True
1149,0.8799,0.03996749899988572,,True,Laya,,,,Can base runners advance on an infield fly rule?,True,False,101,True
1151,0.6969,0.037879490000023,,True,Laya,,,,Do i need a visa to visit iraq?,True,False,17,True
1152,0.6915,0.04621266399999513,,True,Laya,,,,Is melaleuca and tea tree the same thing?,True,False,76,True
1153,0.7168,0.038118951000114976,,True,Laya,,,,Were there always 9 justices on the supreme court?,False,False,115,False
1154,0.9358,0.03724896499988972,,True,Laya,,,,Are gmc sierra and chevy silverado the same?,True,False,119,True
1155,0.8082,0.04331650799986164,,True,Laya,,,,Can beet juice show up in your urine?,True,False,127,True
1156,0.9972,0.03875857100001667,,True,Laya,,,,Is there a plant called lamb's ear?,True,False,96,True
1157,0.3702,0.05103929100005189,,False,Laya,,,,Is a crossover the same as an suv?,False,False,51,True
1158,0.9648,0.04349213699993015,,True,Laya,,,,Can a high level language use an assembler?,True,False,110,True
1159,0.9035,0.03872196600013922,,True,Laya,,,,Did the beatles ever play at red rocks?,True,False,166,True
1160,0.8967,0.03848044699998354,,True,Laya,,,,Was the bill of rights in the constitution?,False,False,170,False
1162,1.0,0.03958945700014738,,True,Laya,,,,Are fred and george from harry potter twins in real life?,True,False,46,True
1163,0.8673,0.039194910999867716,,True,Laya,,,,Does leslie knope win the city council election?,True,False,237,True
1165,0.523,0.04012854600000537,,True,Laya,,,,Is the mgm signature attached to the mgm grand?,True,False,70,True
1166,0.7957,0.04109568399985619,,True,Laya,,,,Does tuna have a lot of mercury in it?,True,False,101,True
1167,0.8833,0.03784850200008805,,True,Laya,,,,Was the food drug and cosmetic act successful?,True,False,173,True
1168,0.7394,0.04003695300002619,,True,Laya,,,,Did france declare war on germany in ww2?,True,False,57,True
1169,0.8918,0.039981008000040674,,True,Laya,,,,Is impaired driving a criminal offense in canada?,True,False,84,True
1170,0.7574,0.03805333899981633,,True,Laya,,,,Is money from guernsey legal tender in uk?,True,False,101,True
1171,0.1325,0.03832170900000165,,False,Laya,,,,Is turkey a part of the european union?,False,False,72,True
1172,0.7952,0.04028841499984992,,True,Laya,,,,Are the falkland islands part of the commonwealth?,False,False,65,False
1173,0.8757,0.038644052000108786,,True,Laya,,,,Are prisons and correctional facilities the same thing?,True,False,105,True
1175,0.1034,0.03771399499987638,,False,Laya,,,,Is the heart apart of the muscular system?,True,False,84,False
1176,0.9354,0.04040636500008077,,True,Laya,,,,Does company of heroes 2 have a campaign?,True,False,108,True
1177,0.8164,0.039033628999959546,,True,Laya,,,,Has any major league baseball team gone undefeated?,False,False,82,False
1178,0.1457,0.03835232599999472,,False,Laya,,,,Is phoenix the same time zone as denver?,True,False,102,False
1179,0.8002,0.04832896799985065,,True,Laya,,,,Is there a difference between a baritone and euphonium?,True,False,191,True
1180,0.5848,0.03898139800003264,,True,Laya,,,,Do you need a visa to visit oman?,True,False,54,True
1181,0.1601,0.0397665269999834,,False,Laya,,,,Are there grizzly bears in the united states?,True,False,345,False
1182,0.9135,0.04358113200009939,,True,Laya,,,,Are pork loin ribs the same as baby back?,True,False,221,True
1183,0.7883,0.04110077700011061,,True,Laya,,,,Can xbox 360 games be played on xbox1?,True,False,115,True
1184,0.8667,0.03935125899988634,,True,Laya,,,,Is there an air force base in anchorage alaska?,True,False,89,True
1185,1.0,0.05868825500010644,,True,Laya,,,,Does a universal life policy have cash value?,True,False,254,True
1186,0.9064,0.04095054100002926,,True,Laya,,,,Do you have to be a us citizen to run for president?,True,False,45,True
1187,0.7451,0.03988433600011376,,True,Laya,,,,Can you buy a gun if you are dishonorably discharged?,False,False,145,False
1188,0.0542,0.04497291900020173,,False,Laya,,,,Was poland part of the league of nations?,True,False,250,False
1189,0.5858,0.04103098899986435,,True,Laya,,,,Is the strangers prey at night a remake?,False,False,133,False
1191,0.8929,0.0398333600001024,,True,Laya,,,,Is a roma tomato the same as a plum tomato?,True,False,51,True
1193,0.0359,0.04371287100002519,,False,Laya,,,,Is there a difference between old english bulldogs and english bulldogs?,True,False,106,False
1194,0.6323,0.038697317000014664,,True,Laya,,,,Can you survive a blue ringed octopus bite?,True,False,89,True
1195,0.2286,0.04213103600000068,,False,Laya,,,,Can a person have dual citizenship in india?,False,False,79,True
1197,0.735,0.04057707099991603,,True,Laya,,,,Can you buy alcohol in maine on sundays?,True,False,74,True
1198,0.9942,0.04096323599992502,,True,Laya,,,,Is sway bar the same as stabilizer bar?,True,False,121,True
1199,0.8956,0.0386808519999704,,True,Laya,,,,Did leonardo dicaprio win an academy award for the revenant?,True,False,243,True
1202,0.7202,0.04460386499999913,,True,Laya,,,,Was the song footloose written for the movie?,True,False,114,True
1203,0.8577,0.039936226999998325,,True,Laya,,,,Is the eye of agamotto the time stone?,True,False,236,True
1204,0.2404,0.038668146999953024,,False,Laya,,,,Can you take out the king in chess?,False,False,140,True
1205,0.2962,0.04051840700003595,,False,Laya,,,,Did articles of confederation have an executive branch?,False,False,118,True
1206,1.0,0.03933498700007476,,True,Laya,,,,Is bye bye baby owned by bed bath and beyond?,True,False,42,True
1207,0.6675,0.03833051699984935,,True,Laya,,,,Are there any sam's clubs in canada?,False,False,24,False
1208,0.3584,0.0410967499999515,,False,Laya,,,,Is it possible to turn lead into gold?,True,False,88,False
1209,0.8152,0.038812817999996696,,True,Laya,,,,Is there a town under caesar's creek?,True,False,56,True
1210,0.1794,0.0455438530000265,,False,Laya,,,,Do i need a visa to go to macau from hong kong?,False,False,33,True
1211,0.8144,0.04419313100015643,,True,Laya,,,,Can you put any engine in any car?,False,False,119,False
1212,0.8877,0.03885103299990078,,True,Laya,,,,Is discretionary income the same as disposable income?,False,False,91,False
1213,0.8088,0.03915490899998986,,True,Laya,,,,Is there an english translation of the torah?,True,False,55,True
1214,0.9996,0.04609932200014555,,True,Laya,,,,Is a dachshund the same as a sausage dog?,True,False,91,True
1215,0.871,0.04804295799999636,,True,Laya,,,,Is us virgin islands part of the caribbean?,True,False,100,True
1216,0.5844,0.039778930000011314,,True,Laya,,,,Is a bosun higher than a lead deckhand?,True,False,87,True
1218,0.8137,0.04708060600000863,,True,Laya,,,,Does your signiture have to be your name?,False,False,155,False
1219,0.8858,0.04113004800001363,,True,Laya,,,,Has scotland ever qualified for the world cup?,True,False,166,True
1220,0.5161,0.038301399999909336,,True,Laya,,,,Can a filibuster take place in the house?,False,False,130,False
1221,0.0062,0.04066403100000571,,False,Laya,,,,Is the isle of man a part of great britain?,False,False,117,True
1223,0.9195,0.039270073999887245,,True,Laya,,,,Is a rugby field bigger than a football field?,True,False,180,True
1224,0.7846,0.04323505000002115,,True,Laya,,,,Can you seek asylum from your home country?,True,False,125,True
1225,0.9423,0.043861999999990076,,True,Laya,,,,Do male and female pronghorn antelopes have horns?,True,False,273,True
1227,0.9477,0.040038421999952334,,True,Laya,,,,Is the colon the same as large intestine?,True,False,50,True
1228,0.345,0.039686713000037344,,False,Laya,,,,Is the fruit orange named after the color?,False,False,70,True
1229,0.9567,0.04438412400008929,,True,Laya,,,,Is a double eagle the same as an albatross?,True,False,80,True
1230,0.1767,0.0388582379998752,,False,Laya,,,,Is a sacrifice fly count as an at bat?,False,False,44,True
1231,0.821,0.040690046000008806,,True,Laya,,,,Can you get a ticket for j walking?,True,False,180,True
1232,0.4184,0.047563276000119004,,False,Laya,,,,Does temperature remain constant in an adiabatic process?,True,False,130,False
1233,0.32,0.03920488799985833,,False,Laya,,,,Is there a gulf stream in the pacific?,False,False,110,True
1234,0.7399,0.0405446369998117,,True,Laya,,,,Does birth certificate count as a form of id?,False,False,159,False
1235,0.398,0.04132675799996832,,False,Laya,,,,Do eu citizens have indefinite leave to remain?,False,False,62,True
1236,0.2847,0.03922253200016712,,False,Laya,,,,Is it safe to swim in brisbane river?,False,False,108,True
1237,0.0728,0.03872551400013435,,False,Laya,,,,Is the movie vertical limit a true story?,False,False,69,True
1238,0.8457,0.043208178999975644,,True,Laya,,,,Is a cpap the same as a ventilator?,True,False,155,True
1239,0.1155,0.039644156000122166,,False,Laya,,,,Is a pentagon made of 5 equilateral triangles?,False,False,62,True
1240,0.215,0.03968114899998909,,False,Laya,,,,Is there a main group element in period 6?,False,False,126,True
1242,0.9491,0.04216909799993118,,True,Laya,,,,Is there a bart station in antioch ca?,True,False,62,True
1243,0.0001,0.05435293999994428,,False,Laya,,,,Is canada and australia part of the uk?,False,False,165,True
1244,0.1398,0.043768913000121756,,False,Laya,,,,Is turkey a member of the european economic area?,False,False,178,True
1247,0.1735,0.046288605999961874,,False,Laya,,,,Did they change the sister in that 70s show?,True,False,115,False
1248,0.3602,0.04407439299984617,,False,Laya,,,,Do c++ strings need to be null terminated?,False,False,189,True
1249,0.8391,0.03852130999985093,,True,Laya,,,,Does micropyle serves for the emergence of radicle?,True,False,55,True
1250,0.9307,0.04149557400000958,,True,Laya,,,,Has croatia ever placed in the world cup?,True,False,94,True
1251,0.8861,0.043321950000063225,,True,Laya,,,,Was chariots of fire based on a true story?,True,False,60,True
1252,0.8581,0.04079878200013809,,True,Laya,,,,Is the boy in the striped pajamas based on a book?,True,False,148,True
1253,0.8373,0.04481460900001366,,True,Laya,,,,Is sudan and south sudan the same country?,False,False,77,False
1257,0.8263,0.040892847000122856,,True,Laya,,,,Is the umbilical cord inside the amniotic sac?,False,False,138,False
1258,0.9491,0.04347839000001841,,True,Laya,,,,Is puerto rico subject to us federal law?,True,False,352,True
1259,0.6997,0.04449455500002841,,True,Laya,,,,Are nike air force 1 good for basketball?,True,False,45,True
1260,0.1573,0.04158331300004647,,False,Laya,,,,Is there a state income tax in louisiana?,False,False,93,True
1262,0.6987,0.04152690099999745,,True,Laya,,,,Are maid of honour and chief bridesmaid the same?,True,False,97,True
1263,1.0,0.050405759999875954,,True,Laya,,,,Is saigon now called ho chi minh city?,True,False,270,True
1264,0.2722,0.04048977599995851,,False,Laya,,,,Is a deed in lieu considered a foreclosure?,False,False,151,True
1265,0.8233,0.04055363799989209,,True,Laya,,,,Is there a sequel to the journey to the mysterious island?,False,False,107,False
1266,0.2717,0.04198280199989313,,False,Laya,,,,Is better call saul set after breaking bad?,False,False,175,True
1267,0.8144,0.04242170099996656,,True,Laya,,,,Is ellis island connected to the statue of liberty?,True,False,125,True
1268,0.2767,0.04062991000000693,,False,Laya,,,,Does the mississippi river flow into the pacific ocean?,False,False,244,True
1269,0.6727,0.044609269999909884,,True,Laya,,,,Is there such a place as crabapple cove maine?,False,False,149,False
1271,0.9506,0.04108826399988175,,True,Laya,,,,Is there a season 5 of prison break?,True,False,143,True
1272,0.758,0.03971265599989238,,True,Laya,,,,Is guam part of the us virgin islands?,False,False,116,False
1274,0.6224,0.047539265000068553,,True,Laya,,,,Can i wear state awards on active duty?,False,False,109,False
1275,0.1385,0.04747639299989714,,False,Laya,,,,Is the movie the covenant based on a book?,False,False,148,True
1277,1.0,0.04235359700010122,,True,Laya,,,,Is cal ripken jr in the hall of fame?,True,False,207,True
1278,0.169,0.0442328849999285,,False,Laya,,,,Is the walking dead game the same as the show?,True,False,119,False
1279,0.9897,0.03968661899989456,,True,Laya,,,,Can a standard deviation be greater than 1?,True,False,60,True
1280,0.986,0.04001892900009807,,True,Laya,,,,Is a divisor the same as a factor?,True,False,123,True
1281,0.1303,0.04295091099993442,,False,Laya,,,,Is royal caribbean cruise line owned by carnival?,False,False,146,True
1282,0.8918,0.03998353199995108,,True,Laya,,,,Are lock nuts and stop nuts the same?,True,False,81,True
1283,0.7765,0.04094869000005019,,True,Laya,,,,Is the certificate of incorporation the same as the articles of incorporation?,True,False,83,True
1284,0.7716,0.04398179899999377,,True,Laya,,,,Has a woman ever won the indianapolis 500?,False,False,87,False
1285,0.0717,0.040823283000008814,,False,Laya,,,,Is there a difference between lightning bugs and fireflies?,False,False,115,True
1286,0.9109,0.04127391999986685,,True,Laya,,,,Was renee zellweger in 8 seconds the movie?,True,False,100,True
1287,0.8346,0.042946857000060845,,True,Laya,,,,Has there ever been a tie in baseball?,True,False,98,True
1288,0.0436,0.040924939999968046,,False,Laya,,,,Are bank holidays and public holidays the same?,False,False,36,True
1290,0.2936,0.039598395999973945,,False,Laya,,,,Is canada still part of the british monarchy?,True,False,59,False
1291,0.4255,0.05048177100002249,,False,Laya,,,,Did the queen of england marry her cousin?,True,False,141,False
1292,0.9211,0.040473045999988244,,True,Laya,,,,Was the battle of the alamo part of the mexican american war?,False,False,143,False
1293,0.7866,0.040257195999856776,,True,Laya,,,,Can a terminating decimal be written as a recurring decimal?,True,False,223,True
1294,0.827,0.041746121000187486,,True,Laya,,,,Do the great lakes connect to the ocean?,True,False,138,True
1295,0.7323,0.04110705199991571,,True,Laya,,,,Do playstation 2 games play on playstation 4?,True,False,48,True
1296,0.7689,0.04010834900009286,,True,Laya,,,,Are the jungle and rainforest the same thing?,False,False,89,False
1297,0.8745,0.04276525099999162,,True,Laya,,,,Does a flower have male and female parts?,True,False,185,True
1298,0.742,0.04088000599995212,,True,Laya,,,,Is net earnings and net income the same?,True,False,106,True
1300,0.997,0.03951405999987401,,True,Laya,,,,Is for a few dollars more a sequel?,True,False,88,True
1301,0.9523,0.04429553899990424,,True,Laya,,,,Is dodge and jeep made by the same company?,True,False,301,True
1302,0.2746,0.0551343160000215,,False,Laya,,,,Do you have to touch the ball to be offside in soccer?,False,False,86,True
1303,0.7826,0.043983743000126196,,True,Laya,,,,Can you drink in the street in russia?,False,False,132,False
1304,0.2711,0.045138774999941234,,False,Laya,,,,Can a school be division 1 and 2?,True,False,165,False
1305,0.1472,0.042063513999892166,,False,Laya,,,,Does cheddar cheese have to be made in cheddar?,False,False,123,True
1306,0.6976,0.04235568199987938,,True,Laya,,,,Can you score direct from a kickoff in football?,True,False,15,True
1307,0.6267,0.040934440000000905,,True,Laya,,,,Does a point guard have to be tall?,False,False,232,False
1308,0.8417,0.04138025099996412,,True,Laya,,,,Is solo part of the star wars franchise?,True,False,166,True
1309,0.8693,0.041235065999899234,,True,Laya,,,,Is there such a thing as a munchkin cat?,True,False,61,True
1310,0.6388,0.04753685700006827,,True,Laya,,,,Is crankshaft pulley and harmonic balancer the same thing?,True,False,268,True
1311,0.5489,0.040075174999856245,,True,Laya,,,,Do foreign dignitaries stay at the white house?,True,False,104,True
1312,0.9611,0.03829133199997159,,True,Laya,,,,Is relative risk and risk ratio the same?,True,False,101,True
1313,0.1594,0.042243188000156806,,False,Laya,,,,Is there a statute of limitations in england?,True,False,34,False
1314,0.7578,0.039105259999814734,,True,Laya,,,,Are ion-dipole stronger than hydrogen bonds?,True,False,84,True
1315,0.9678,0.03897280599994701,,True,Laya,,,,Is the arch in st louis a national park?,True,False,91,True
1317,1.0,0.04982043600011821,,True,Laya,,,,Is one of the hawaiian islands privately owned?,True,False,191,True
1319,0.8327,0.038448087000006126,,True,Laya,,,,Can you get pregnant with twins by two different fathers?,True,False,163,True
1320,0.8456,0.038978824999958306,,True,Laya,,,,Does the vatican city have its own laws?,True,False,48,True
1321,0.9994,0.043680429999994885,,True,Laya,,,,Are mountain lions and pumas the same thing?,True,False,200,True
1322,0.8032,0.038401645000021745,,True,Laya,,,,Can glucogenic amino acids be used to make glucose?,True,False,39,True
1324,0.8296,0.03985602700004165,,True,Laya,,,,Does god save the queen change when there is a king?,True,False,78,True
1325,0.1349,0.04407048999996732,,False,Laya,,,,Do u have to be married to be a maid of honour?,False,False,97,True
1326,0.0344,0.04054541199980122,,False,Laya,,,,Is harry potter and the cursed child a prequel?,False,False,55,True
1327,0.8548,0.04024128700007168,,True,Laya,,,,Will there be another season of the affiar?,True,False,90,True
1328,0.3734,0.04199329000016405,,False,Laya,,,,Is there a bone in your ear lobe?,False,False,122,True
1329,0.9731,0.050636777999898186,,True,Laya,,,,Are the lofoten islands in the arctic circle?,True,False,97,True
1330,0.8794,0.039087677999987136,,True,Laya,,,,Is the black sea connected to the mediterranean?,True,False,216,True
1331,0.1504,0.04403940399993189,,False,Laya,,,,Does the speaker of the house have to be a congressman?,False,False,55,True
1334,0.6026,0.03941303900001003,,True,Laya,,,,Is a cocoa bean the same as a coffee bean?,False,False,182,False
1335,0.8515,0.042888550000043324,,True,Laya,,,,Are there nerves in the central nervous system?,True,False,250,True
1337,0.5922,0.04185568899993086,,True,Laya,,,,Did it rain oil in the gulf war?,True,False,156,True
1338,0.4937,0.04151869099996475,,False,Laya,,,,Can you get a misdemeanor expunged in texas?,True,False,92,False
1339,0.766,0.0382996920000096,,True,Laya,,,,Is jack daniels made in a dry county?,True,False,78,True
1341,0.3281,0.04500472599988825,,False,Laya,,,,Is the united states qualified for the world cup?,False,False,105,True
1342,0.9869,0.040049591000069995,,True,Laya,,,,Is pva glue and elmer's glue the same thing?,True,False,126,True
1343,0.8177,0.03905750700005228,,True,Laya,,,,Do red cards carry over in world cup?,True,False,96,True
1344,0.1239,0.04232309500002884,,False,Laya,,,,Is there a difference between a confidentiality agreement and a non disclosure agreement?,False,False,119,True
1345,0.8957,0.039152705000105925,,True,Laya,,,,Is google drive the same as google docs?,False,False,119,False
1348,0.8417,0.040466337999987445,,True,Laya,,,,Does npv account for time value of money?,True,False,289,True
1349,0.9451,0.04830303700009608,,True,Laya,,,,Are electric charges carried by particles of matter?,True,False,211,True
1350,0.0782,0.03839550899988353,,False,Laya,,,,Is a particle the same as a molecule?,False,False,84,True
1351,1.0,0.03855524300001889,,True,Laya,,,,Does aslan come back to life in narnia?,True,False,144,True
1352,0.8252,0.04324038300001121,,True,Laya,,,,Is all i wanna do based on a true story?,True,False,95,True
1354,0.4669,0.03965999699994427,,False,Laya,,,,Is the movie a wrinkle in time out?,True,False,129,False
1356,0.0001,0.039439764000007926,,False,Laya,,,,Is the view and the talk the same show?,False,False,107,True
1358,0.1246,0.043178365999892776,,False,Laya,,,,Can you give yourself an assist in basketball?,False,False,114,True
1361,0.9685,0.03987615000005462,,True,Laya,,,,Is rice syrup the same as rice malt syrup?,True,False,120,True
1362,0.8537,0.038544576000049346,,True,Laya,,,,Is there such thing as a 4 way switch?,True,False,96,True
1364,0.0337,0.04400055900009647,,False,Laya,,,,Are italy in the 2018 world cup finals?,False,False,56,True
1365,0.899,0.05724108899994462,,True,Laya,,,,Do they make a new champions league trophy every year?,False,False,89,False
1366,0.0347,0.04055295600005593,,False,Laya,,,,Is frozen ski movie based on a true story?,False,False,32,True
1367,0.8271,0.041502611999931105,,True,Laya,,,,Does the government give subsidies to oil companies?,True,False,61,True
1368,0.0758,0.03939699499983362,,False,Laya,,,,Did greg oden win a championship with miami?,False,False,109,True
1369,0.5712,0.04172957400010091,,True,Laya,,,,Is ace 2 3 4 5 a straight?,True,False,314,True
1370,0.1755,0.04194884399998955,,False,Laya,,,,Is rafflesia the largest flower in the world?,False,False,187,True
1371,0.8365,0.03797075800002858,,True,Laya,,,,Is a kilowatt hour a unit of power?,True,False,99,True
1372,0.0743,0.040195328999971025,,False,Laya,,,,Is the first wives club based on a true story?,False,False,143,True
1373,0.8147,0.0404567609998594,,True,Laya,,,,Are dentures and false teeth the same thing?,True,False,111,True
1374,0.7721,0.040858792000108224,,True,Laya,,,,Is there a republican majority in the senate?,True,False,88,True
1375,1.0,0.03918866699996215,,True,Laya,,,,Can a database contain more than one table?,True,False,230,True
1376,0.9084,0.041965575999938665,,True,Laya,,,,Is katherine heigl in the movie that night?,True,False,67,True
1378,1.0,0.03914442599989343,,True,Laya,,,,Is talc and talcum powder the same thing?,True,False,96,True
1379,0.2141,0.039484178000066095,,False,Laya,,,,Is there a durbar room at osborne house?,True,False,195,False
1380,0.7862,0.04222304400013854,,True,Laya,,,,Can you buy alcohol on a holiday in indiana?,True,False,34,True
1381,0.8481,0.03996960199992827,,True,Laya,,,,Can a catcher block home plate without the ball?,False,False,61,False
1382,0.0,0.039839739999933954,,False,Laya,,,,Is the movie set it off a true story?,False,False,70,True
1383,0.9009,0.049425683999970715,,True,Laya,,,,Is san juan puerto rico in the caribbean?,True,False,81,True
1384,0.2937,0.03899342899990188,,False,Laya,,,,Is the first round of nhl playoffs 5 games?,False,False,77,True
1385,0.972,0.038166378000141776,,True,Laya,,,,Are there alligators in north or south carolina?,True,False,304,True
1386,1.0,0.040084769000031883,,True,Laya,,,,Is song of songs in the old testament?,True,False,123,True
1387,0.749,0.038111406000098214,,True,Laya,,,,Is ucl and university of london the same?,False,False,145,False
1388,0.926,0.0370848739999019,,True,Laya,,,,Does a quarter pounder weight a quarter pound?,False,False,103,False
1389,0.7601,0.06634709299987662,,True,Laya,,,,Do chris and ann leave parks and rec?,True,False,137,True
1391,0.1362,0.06663323399993715,,False,Laya,,,,Is bile supposed to be in the stomach?,False,False,112,True
1393,0.4498,0.06042240900001161,,False,Laya,,,,Do you need a gun license to shoot?,False,False,69,True
1394,0.7514,0.05972707299997637,,True,Laya,,,,Can you carry a gun in your car in ohio?,True,False,73,True
1395,0.1711,0.05304458899991005,,False,Laya,,,,Does the winning team keep the world cup?,False,False,232,True
1397,0.8683,0.049421199999869714,,True,Laya,,,,Are there still grammar schools in the uk?,True,False,111,True
1398,0.8971,0.057590328999822304,,True,Laya,,,,Is 50 shades of grey based off of twilight?,True,True,404,True
1399,0.2421,0.04730533500014644,,False,Laya,,,,Can you own an assault rifle in massachusetts?,False,False,61,True
1400,0.9296,0.05258560300012505,,True,Laya,,,,Are the eggs you buy in the store pasteurized?,True,False,82,True
1402,0.0937,0.06043427500003418,,False,Laya,,,,Does tara die in sons of anarchy season 4?,False,False,231,True
1403,0.1233,0.04840787300008742,,False,Laya,,,,Does german potato salad have eggs in it?,False,False,80,True
1404,0.436,0.04736116899994158,,False,Laya,,,,Does oregon have a stand your ground law?,True,False,45,False
1405,0.1566,0.05271786599996631,,False,Laya,,,,Is the postmaster general appointed by the president?,False,False,33,True
1407,0.6139,0.049320423999915874,,True,Laya,,,,Can you run on a caught foul ball?,True,False,149,True
1408,0.8375,0.05504371400002128,,True,Laya,,,,Do they sing sweet caroline at every red sox game?,True,False,178,True
1410,0.7781,0.05008389699992222,,True,Laya,,,,Can you play ace 2 3 in rummy?,True,False,200,True
1411,0.0342,0.056747173000076145,,False,Laya,,,,Is the outcasts based on a true story?,False,False,79,True
1412,0.6417,0.04809020000016062,,True,Laya,,,,Has brazil ever won the world cup in europe?,True,False,137,True
1413,0.8283,0.05645399600007295,,True,Laya,,,,Will there be more episodes of endeavour morse?,True,False,149,True
1414,0.1153,0.051099395999926855,,False,Laya,,,,Has there ever been a american ninja warrior?,True,False,80,False
1415,0.5223,0.0572318429999541,,True,Laya,,,,Does the main character in 12 strong die?,False,False,244,False
1416,0.9634,0.05444615200008229,,True,Laya,,,,Are cable ties and zip ties the same thing?,True,False,106,True
1417,0.8359,0.052315012999997634,,True,Laya,,,,Can you be born with an extra y chromosome?,True,False,52,True
1418,0.9336,0.04689950300007695,,True,Laya,,,,Is there a las vegas in new mexico?,True,False,79,True
1419,0.9463,0.05109029699997336,,True,Laya,,,,Is 4x4 the same as 4 wheel drive?,True,False,80,True
1420,0.8564,0.05039435499998035,,True,Laya,,,,Is the uefa champions league final one game?,True,False,108,True
1421,0.0535,0.05141112400019665,,False,Laya,,,,Do root hairs occur along the entire length of root?,False,False,99,True
1422,0.1749,0.049810870999863255,,False,Laya,,,,Is take me home country roads about virginia?,False,False,61,True
1424,0.756,0.052191087999972297,,True,Laya,,,,Does the wii u have a sleep mode?,True,False,327,True
1425,0.9168,0.04824379999990924,,True,Laya,,,,Is there going to be season 2 of punisher?,True,False,91,True
1426,0.8469,0.06191585299984581,,True,Laya,,,,Are tom riddle and voldemort the same person?,True,False,129,True
1427,0.0916,0.06287345100008679,,False,Laya,,,,Are sweat glands part of the lymphatic system?,False,False,103,True
1429,0.8666,0.06941654000002018,,True,Laya,,,,Is mary ann from gilligan's island still alive?,True,False,54,True
1431,0.9511,0.05122742499997912,,True,Laya,,,,Is timothy grass and timothy hay the same thing?,True,False,72,True
1432,0.5044,0.051131465000025855,,True,Laya,,,,Can you buy alcohol on sunday in mo?,True,False,54,True
1433,0.6703,0.054624582000087685,,True,Laya,,,,Is the southern tip of south america cold?,True,False,158,True
1434,0.8379,0.05111813600001369,,True,Laya,,,,Are any of the original beatles still alive?,True,False,264,True
1435,0.294,0.049572750000152155,,False,Laya,,,,Is equity in your home a liquid asset?,False,False,48,True
1436,0.2231,0.06137245000013536,,False,Laya,,,,Do they use salt on the roads in south dakota?,True,False,120,False
1437,0.9696,0.06368065000015122,,True,Laya,,,,Is all of the uk in the same time zone?,True,False,106,True
1438,0.1238,0.0778899099998398,,False,Laya,,,,Is a groundhog and a mole the same thing?,False,False,267,True
1439,0.836,0.068163831999982,,True,Laya,,,,Can the xbox one play xbox 360 discs?,False,False,207,False
1440,0.8439,0.07062468399999489,,True,Laya,,,,Is an associates degree considered a college degree?,True,False,96,True
1441,0.9253,0.060590240000010454,,True,Laya,,,,Is lipid profile and lipid panel the same?,True,False,59,True
1442,0.877,0.06536764600014067,,True,Laya,,,,Is a lungo the same as an americano?,False,False,61,False
1443,0.8097,0.058852324999861594,,True,Laya,,,,Do xbox original games work on xbox one?,True,False,115,True
1444,0.811,0.05207543799997438,,True,Laya,,,,Does an enhanced license work to get into canada?,True,False,81,True
1445,0.8393,0.04056457800015778,,True,Laya,,,,Are the church of england and the anglican church the same?,True,False,99,True
1446,0.3336,0.04056503900005737,,False,Laya,,,,Does the winner keep the world cup trophy?,False,False,232,True
1447,0.6963,0.0438629130001118,,True,Laya,,,,Can an image be formed without a screen?,True,False,101,True
1449,0.4969,0.04018805200007591,,False,Laya,,,,Is all of europe on the same time zone?,False,False,98,True
1450,0.6464,0.039222013999960836,,True,Laya,,,,Does chloe on days of our lives really sing?,True,False,81,True
1451,0.8323,0.045533711999951265,,True,Laya,,,,Can a neurotransmitter be both excitatory and inhibitory?,False,False,161,False
1452,0.8735,0.038568259999919974,,True,Laya,,,,Can i go to montenegro with a schengen visa?,True,False,85,True
1453,0.1023,0.03939131899983295,,False,Laya,,,,Can we travel faster than speed of light?,False,False,81,True
1454,0.7524,0.04571531299984599,,True,Laya,,,,Is the abdomen the same as the stomach?,True,False,179,True
1455,0.1318,0.03954847599993627,,False,Laya,,,,Is an american bully the same as an american bulldog?,False,False,55,True
1456,0.0476,0.038079875999983415,,False,Laya,,,,Is the civil rights act in the constitution?,False,False,77,True
1457,0.9,0.043675388000110615,,True,Laya,,,,Do you need an amplifier for powered speakers?,False,False,154,False
1459,0.8651,0.039368847000105234,,True,Laya,,,,Is single research design suitable in all research studies?,False,False,135,False
1460,0.8456,0.0390623369999048,,True,Laya,,,,Is navient and sallie mae the same company?,False,False,103,False
1461,0.7725,0.059567118999893864,,True,Laya,,,,Is there a opening ceremony for world cup?,True,False,36,True
1462,0.9097,0.0412428209999689,,True,Laya,,,,Is hawaii five-0 still on tv?,True,False,257,True
1463,0.0965,0.04498054800001228,,False,Laya,,,,Is a sweet potato part of the potato family?,False,False,155,True
1465,0.7437,0.05851655300011771,,True,Laya,,,,Did they do a remake of the shining?,True,False,139,True
1466,0.3106,0.04630701799987946,,False,Laya,,,,Is a grade d at a level a pass?,True,False,103,False
1467,0.6302,0.03981617600015852,,True,Laya,,,,Is sodium lactate the same as lactic acid?,False,False,55,False
1470,0.5411,0.042394005000005563,,True,Laya,,,,Can a player be offsides on a throw in?,False,False,115,False
1473,0.8621,0.03855038599999716,,True,Laya,,,,Is membranous nephropathy the same as membranous glomerulonephritis?,True,False,94,True
1474,0.2065,0.04114336800012097,,False,Laya,,,,Can you promote a pawn to a pawn?,False,False,99,True
1475,0.8561,0.046093802000086725,,True,Laya,,,,Does wally west have powers in the flash?,True,False,152,True
1476,0.916,0.03971649300001445,,True,Laya,,,,Is the cabinet part of the executive branch?,True,False,135,True
1477,0.9088,0.04023303400003897,,True,Laya,,,,Is italy going to the world cup 2018?,False,False,56,False
1481,0.3948,0.04119621599988932,,False,Laya,,,,Are muscle fibers and muscle cells the same?,True,False,264,False
1482,0.7945,0.03860629000018889,,True,Laya,,,,Is a meter stick the same as a yardstick?,False,False,64,False
1483,0.3562,0.03966730699994514,,False,Laya,,,,Do you get a medal for third place in world cup?,True,False,71,False
1484,0.8825,0.04213346400001683,,True,Laya,,,,Can i turn right on a red light in quebec?,True,False,128,True
1486,0.952,0.039200208000011116,,True,Laya,,,,Is a flash drive and memory stick the same?,True,False,230,True
1487,0.8563,0.04146623799988447,,True,Laya,,,,Is there a zoo in las vegas nevada?,True,False,136,True
1488,0.8628,0.04417936200002259,,True,Laya,,,,Are all the songs in mama mia here we go again by abba?,True,False,209,True
1489,0.6555,0.038875315000041155,,True,Laya,,,,Are there any living cast members of the wizard of oz?,False,False,94,False
1490,0.2226,0.03847889999997278,,False,Laya,,,,Is greece not in the world cup 2018?,False,False,92,True
1491,0.8922,0.04375662100005684,,True,Laya,,,,Is chicago fire filmed in a real firehouse?,False,False,155,False
1493,0.4224,0.0392826709999099,,False,Laya,,,,Can you be offside on a corner kick?,True,False,116,False
1494,0.1274,0.04030670900010591,,False,Laya,,,,Is there a new peanuts movie coming out?,False,False,75,True
1495,0.9444,0.0569671030000336,,True,Laya,,,,Can you get a dog's vocal cords removed?,True,False,65,True
1496,0.8496,0.04101320399990982,,True,Laya,,,,Did alphonse areola play in world cup 2018?,True,False,41,True
1497,0.9036,0.039864927999815336,,True,Laya,,,,Is the nobel peace prize awarded every year?,True,False,110,True
1499,0.8764,0.03936088299997209,,True,Laya,,,,Has ireland qualified for the world cup 2018?,True,False,52,True
1500,0.7875,0.03950050700018437,,True,Laya,,,,Is it lucky to find a four leaf clover?,True,False,205,True
1501,0.9146,0.03906825499984734,,True,Laya,,,,Is the phantom of the opera a musical?,True,False,106,True
1502,0.0747,0.04880694799999219,,False,Laya,,,,Is the dominican republic considered part of the united states?,False,False,163,True
1503,0.1661,0.03935939000007238,,False,Laya,,,,Is the lead singer of skid row dead?,False,False,62,True
1504,0.9372,0.03991472100005922,,True,Laya,,,,Is the university of st thomas a non profit?,True,False,113,True
1505,0.8055,0.041742987999896286,,True,Laya,,,,Is a stem and leaf plot a graph?,True,False,140,True
1506,0.8114,0.04024036500004513,,True,Laya,,,,Is mt fuji the tallest mountain in the world?,False,False,185,False
1508,0.1055,0.041168705000018235,,False,Laya,,,,Is the movie roman j israel based on a true story?,False,False,78,True
1509,0.8286,0.04247471799999403,,True,Laya,,,,Do they find a cure for damon wolf bite?,True,False,116,True
1510,0.8801,0.03977461099998436,,True,Laya,,,,Is heat index the same as real feel?,True,False,148,True
1511,0.444,0.03922778600008314,,False,Laya,,,,Did they used to make 1000 dollar bills?,True,False,97,False
1512,0.6807,0.04120554299993273,,True,Laya,,,,Has the amazing race ever gone to israel?,True,False,23,True
1513,0.7819,0.041721940999877916,,True,Laya,,,,Is the english channel in the atlantic ocean?,True,False,117,True
1514,0.244,0.039964770000096905,,False,Laya,,,,Is there a law that says we have to pay taxes?,False,False,72,True
1515,0.8441,0.042505648000087604,,True,Laya,,,,Has an mlb game ever ended in a tie?,True,False,147,True
1517,0.6084,0.03921503499987011,,True,Laya,,,,Are all world cup matches played in russia?,False,False,112,False
1518,0.4967,0.04071018899981027,,False,Laya,,,,Is railroad retirement the same as social security?,False,False,60,True
1519,0.9144,0.046398654000086026,,True,Laya,,,,Are norway sweden and finland part of europe?,True,False,138,True
1520,0.1234,0.05021269400003803,,False,Laya,,,,Does sweden pay you to go to school?,False,False,216,True
1521,0.8295,0.044810308000023724,,True,Laya,,,,Is there sales tax on crv in california?,True,False,119,True
1522,0.1431,0.06116323999981432,,False,Laya,,,,Is soy sauce and worcestershire sauce the same thing?,False,False,23,True
1523,0.1276,0.03771325899992917,,False,Laya,,,,Are the transmission and engine the same thing?,False,False,93,True
1524,0.9068,0.04105511500006287,,True,Laya,,,,Is there a new child's play movie coming out?,True,False,120,True
1525,0.6463,0.0468770580000637,,True,Laya,,,,Is the summer soltice the longest day of the year?,True,False,135,True
1527,0.7897,0.042304132000026584,,True,Laya,,,,Is a jd the same as a doctorate?,True,False,154,True
1528,0.8852,0.04145435600003111,,True,Laya,,,,Does the prime minister actually live at number 10?,True,False,67,True
1529,0.7698,0.05012538799996946,,True,Laya,,,,Is there such thing as unsweetened condensed milk?,True,False,37,True
1530,0.8238,0.037695683000038116,,True,Laya,,,,Is nitric oxide and nitrous oxide the same?,False,False,36,False
1531,0.8524,0.03842053500011389,,True,Laya,,,,Is the movie 8 below a true story?,True,False,111,True
1532,0.0838,0.04220788999987235,,False,Laya,,,,Is july 27 lunar eclipse visible in usa?,False,False,40,True
1533,0.7224,0.040479054000115866,,True,Laya,,,,Can a baseball player catch a ball in the stands?,False,False,136,False
1534,0.1528,0.03903369199997542,,False,Laya,,,,Is one life to live still on tv?,False,False,126,True
1535,0.81,0.04516164200003914,,True,Laya,,,,Are there any nuclear power plants in michigan?,True,False,39,True
1536,0.3999,0.03892066500020519,,False,Laya,,,,Does it matter which number comes first in a ratio?,True,False,112,False
1537,0.1909,0.039618587000177286,,False,Laya,,,,Is a girdle the same as a corset?,False,False,128,True
1538,0.7785,0.04137757200010128,,True,Laya,,,,Can you play games from xbox 360 on xbox one?,True,False,115,True
1539,0.7873,0.041771997999831,,True,Laya,,,,Is harry potter world in island of adventure?,True,False,88,True
1540,0.1699,0.0396955229998639,,False,Laya,,,,Do you need to be on us soil to claim asylum?,True,False,245,False
1541,0.8149,0.04150647200003732,,True,Laya,,,,Do they light up the twin towers every night?,True,False,98,True
1542,0.3875,0.03989949899983003,,False,Laya,,,,Has an nhl team ever come back from 3-0?,True,False,134,False
1543,0.234,0.041192250999984026,,False,Laya,,,,Is i 30 in dallas a toll road?,False,False,199,True
1544,0.8599,0.04147362499998053,,True,Laya,,,,Can you carry a gun in your car in montana?,True,False,276,True
1546,0.8205,0.04270330300005298,,True,Laya,,,,Are all spark plugs the same size socket?,False,False,123,False
1547,0.7263,0.040222186999926635,,True,Laya,,,,Can you be arrested for the same crime twice?,True,False,109,True
1548,0.7927,0.061734583000088605,,True,Laya,,,,Is steve blass in the hall of fame?,True,False,16,True
1549,0.3285,0.040242912999929104,,False,Laya,,,,Do all ford explorers have 4 wheel drive?,False,False,194,True
1550,0.0777,0.039895193999882395,,False,Laya,,,,Is australia part of the ring of fire?,False,False,255,True
1551,0.8126,0.04279613100015922,,True,Laya,,,,Is the poly a tail added immediately after the stop codon?,True,False,109,True
1552,0.8949,0.03938011399986863,,True,Laya,,,,Is joint tenancy the same as joint tenancy with right of survivorship?,True,False,172,True
1553,0.8561,0.038999479999802134,,True,Laya,,,,Is there such thing as chronic lyme disease?,False,False,135,False
1554,0.4779,0.04945121199989444,,False,Laya,,,,Did they have reflex sights in world war 2?,True,False,191,False
1556,0.3566,0.03845958399983829,,False,Laya,,,,Does new york state have the death penalty?,False,False,113,True
1557,0.8747,0.04080948699993314,,True,Laya,,,,Is the world cup in soccer every year?,False,False,100,False
1558,0.7699,0.042846994999990784,,True,Laya,,,,Is log x the same as ln x?,False,False,121,False
1559,0.2206,0.03851458500002991,,False,Laya,,,,Is the stop codon part of the coding region?,True,False,60,False
1560,0.8731,0.04220139499989273,,True,Laya,,,,Can you carry a firearm in your car in texas?,True,False,215,True
1561,0.8479,0.04409321999992244,,True,Laya,,,,Is the caribbean in north america or south america?,True,False,115,True
1562,0.8718,0.0402806709998913,,True,Laya,,,,Is the big dipper the same as ursa major?,False,False,64,False
1563,1.0,0.040821270000151344,,True,Laya,,,,Are pcp and angel dust the same thing?,True,False,78,True
1564,0.4329,0.04484830100000181,,False,Laya,,,,Was there a book that predicted the titanic?,True,False,105,False
1565,0.8928,0.042435570999941774,,True,Laya,,,,Does fred from first dates have a partner?,True,False,68,True
1566,0.0622,0.04198182400000405,,False,Laya,,,,Are england the only country to change their clocks?,False,False,98,True
1567,0.1476,0.04398592500001541,,False,Laya,,,,Is a vulture the same as a buzzard?,True,False,267,False
1568,0.8041,0.04017627200005336,,True,Laya,,,,Is there something at the end of deadpool two?,True,False,81,True
1569,0.8197,0.0394395529999656,,True,Laya,,,,Does left 4 dead 2 have a story?,True,False,267,True
1571,0.2952,0.04284769000014421,,False,Laya,,,,Does uncle ben ever come back to life?,False,False,164,True
1572,0.0521,0.03873177700006636,,False,Laya,,,,Does the winner of the world cup host it next time?,False,False,96,True
1573,0.773,0.04048860300008528,,True,Laya,,,,Is there a chip in the apple lightning cable?,True,False,37,True
1574,0.7624,0.05154847699986931,,True,Laya,,,,Is guys grocery games in real grocery store?,False,False,79,False
1575,0.8802,0.04513156100006199,,True,Laya,,,,Did the bulls get swept by the celtics?,True,False,191,True
1576,0.3152,0.03886414799990234,,False,Laya,,,,Is the ford fusion and mazda 6 the same car?,False,False,129,True
1577,1.0,0.04131232700001419,,True,Laya,,,,Is there more than one national treasure movie?,True,False,123,True
1578,0.773,0.03861180300009437,,True,Laya,,,,Does michigan have the stand-your-ground law?,True,False,73,True
1579,0.0763,0.0382476059999135,,False,Laya,,,,Do the white sox and cubs share a stadium?,False,False,151,True
1580,0.9118,0.04695514699983505,,True,Laya,,,,Does speed racer ever find out racer x is his brother?,True,False,101,True
1581,0.9545,0.03846363200000269,,True,Laya,,,,Is there a sequel to the movie 300?,True,False,124,True
1582,0.7888,0.0402036009998028,,True,Laya,,,,Does the us constitution protect the right to privacy?,True,False,153,True
1583,0.2139,0.042834706999883565,,False,Laya,,,,Is there a gmc version of the avalanche?,False,False,66,True
1584,0.883,0.039503936000073736,,True,Laya,,,,Is there a continuation to avengers infinity war?,True,False,37,True
1586,0.694,0.0391907270000047,,True,Laya,,,,Can you have two babies with different fathers?,True,False,163,True
1587,0.0496,0.04260531600016293,,False,Laya,,,,Is lake george a man-made lake?,False,False,58,True
1588,0.4221,0.03966968200006704,,False,Laya,,,,Does a sim free phone lock to a network?,False,False,83,True
1589,0.798,0.04012417300009474,,True,Laya,,,,Is fromage frais and quark the same thing?,True,False,160,True
1591,0.8035,0.0419176300001709,,True,Laya,,,,Are there food sources of gamma linolenic acid?,True,False,145,True
1592,0.465,0.040011602000049606,,False,Laya,,,,Is an access course classed as higher education?,False,False,70,True
1593,0.6439,0.041193743000121685,,True,Laya,,,,Does the dealer have to hit on 16?,True,False,171,True
1594,0.6237,0.04818410200005019,,True,Laya,,,,Is reverse osmosis water the same as deionized?,False,False,156,False
1595,0.7423,0.039720772000009674,,True,Laya,,,,Does rachel and ross get together in the end?,True,False,94,True
1597,0.6464,0.041665164000050936,,True,Laya,,,,Can anyone take the bar exam in canada?,False,False,141,False
1598,0.4227,0.046631562000129634,,False,Laya,,,,Can you buy beer on easter sunday in kansas?,False,False,124,True
1599,0.9514,0.04442653499995686,,True,Laya,,,,Is married at first sight still on tv?,True,False,225,True
1600,0.777,0.042893428000070344,,True,Laya,,,,Has mexico ever beat germany in the world cup?,True,False,139,True
1602,0.9072,0.04493462300001738,,True,Laya,,,,Can i perform a copyrighted song in public?,False,False,19,False
1604,0.1661,0.0510523049999847,,False,Laya,,,,Was the steam engine invented during the renaissance?,False,False,131,True
1605,0.9991,0.03933224800016433,,True,Laya,,,,Can you have citizenship in more than one country?,True,False,123,True
1607,0.9982,0.0409906330000922,,True,Laya,,,,Is the scream show based on the movie?,True,False,132,True
1609,0.5696,0.0404509610000332,,True,Laya,,,,Is soft tissue damage the same as a sprain?,False,False,73,False
1610,0.9999,0.04050273999996534,,True,Laya,,,,Is boss baby back in business on netflix?,True,False,62,True
1611,0.6754,0.04957718099990416,,True,Laya,,,,Will there be more episodes of spirit riding free?,True,False,96,True
1612,0.7854,0.03992526899992299,,True,Laya,,,,Is a processor the same as a motherboard?,False,False,136,False
1613,0.0006,0.04064591099995596,,False,Laya,,,,Will there be season 9 of desperate housewives?,False,False,35,True
1614,0.939,0.04267320600001767,,True,Laya,,,,Is highway 91 in florida a toll road?,True,False,173,True
1616,0.0763,0.040759930999911376,,False,Laya,,,,Does gram positive have a thick cell wall?,True,False,71,False
1617,0.0322,0.036302109000189375,,False,Laya,,,,Was designated survivor filmed in the white house?,False,False,21,True
1618,0.2179,0.04336063000005197,,False,Laya,,,,Do they bleach rice to make it white?,False,False,63,True
1619,0.9357,0.04067630999998073,,True,Laya,,,,Is the washington post a reputable news source?,True,False,142,True
1620,0.9328,0.04111083699990559,,True,Laya,,,,Does robert's rules of order allow proxy voting?,False,False,333,False
1621,0.8301,0.043479611999828194,,True,Laya,,,,Is there a season 5 in the 100?,True,False,35,True
1622,0.9307,0.04204537399982655,,True,Laya,,,,Is there a season 7 of shameless us?,True,False,105,True
1624,0.8953,0.041270281999914005,,True,Laya,,,,Has the bottom of the marianas trench been explored?,True,False,132,True
1625,0.5374,0.045490337000046566,,True,Laya,,,,Is japanese black garlic supposed to be mushy?,True,False,69,True
1626,0.8145,0.04240967200007617,,True,Laya,,,,Is the esophagus in front of the heart?,False,False,167,False
1628,0.8772,0.04279489400005332,,True,Laya,,,,Are quantum mechanics and quantum physics the same?,True,False,52,True
1629,0.2603,0.042175750000069456,,False,Laya,,,,Is in the time of the butterflies a true story?,True,False,76,False
1631,0.9253,0.04131614199991418,,True,Laya,,,,Is the world health organization a government organization?,True,False,69,True
1632,0.7058,0.03985098999987713,,True,Laya,,,,Is nail acetone the same as paint acetone?,True,False,88,True
1633,0.7834,0.04243461800001569,,True,Laya,,,,Has anyone won two oscars in one night?,True,False,99,True
1635,0.2684,0.053518849000056434,,False,Laya,,,,Are there any major water concerns for australia?,True,False,52,False
1637,0.7858,0.040257037999936074,,True,Laya,,,,Can you claim benefits if you have indefinite leave to remain?,True,False,75,True
1638,0.535,0.04235262399993189,,True,Laya,,,,Is a recorder the same as a tin whistle?,False,False,126,False
1639,0.2017,0.03878513799986649,,False,Laya,,,,Does the baseball all star game determine home field advantage?,False,False,26,True
1642,0.8317,0.039472067999895444,,True,Laya,,,,Is static pressure the same as atmospheric pressure?,False,False,143,False
1643,0.9586,0.0493616829999155,,True,Laya,,,,Has croatia ever been in a world cup final?,True,False,94,True
1644,0.0254,0.03950761999999486,,False,Laya,,,,Is living at high altitude good for you?,False,False,94,True
1645,0.7177,0.04001654499984397,,True,Laya,,,,Can i use cast iron pans on an induction hob?,True,False,66,True
1646,0.7376,0.040302880000126606,,True,Laya,,,,Does the size of a motor unit vary?,True,False,104,True
1647,0.8688,0.03863702899980126,,True,Laya,,,,Were the blossom twins in the archie comics?,True,False,39,True
1648,0.3042,0.039983276000157275,,False,Laya,,,,Is it illegal to have a crossbow in uk?,False,False,158,True
1649,0.1703,0.04458950800017192,,False,Laya,,,,Is it illegal to take a stop sign?,True,False,108,False
1650,0.871,0.03814974499982782,,True,Laya,,,,Are there any tin mines left in cornwall?,False,False,174,False
1651,0.9603,0.037801984999987326,,True,Laya,,,,Is an ember in the ashes a trilogy?,True,False,101,True
1652,0.0268,0.039573345000007976,,False,Laya,,,,Is fargo the series based on a true story?,False,False,92,True
1653,0.1665,0.03600097100002131,,False,Laya,,,,Are discouraged workers part of the unemployment rate?,False,False,93,True
1654,0.0921,0.04032064399984847,,False,Laya,,,,Is there a difference between soy and soya sauce?,False,False,98,True
1655,0.8228,0.03959333900002093,,True,Laya,,,,Can you feel pain from a broken heart?,True,False,64,True
1656,0.1859,0.03856619599991973,,False,Laya,,,,Did the first iphone have a front camera?,False,False,182,True
1657,0.7844,0.038993473999880734,,True,Laya,,,,Can the nazca lines be seen from the ground?,True,False,33,True
1659,0.1808,0.04045595200000207,,False,Laya,,,,Is end point the same as equivalence point?,False,False,32,True
1660,0.8926,0.04247764100000495,,True,Laya,,,,Does dory find her parents in finding dory?,True,False,240,True
1661,0.0902,0.04327348600008918,,False,Laya,,,,Is there going to be a new grand tour?,True,True,504,False
1662,0.8191,0.04004489399994782,,True,Laya,,,,Can you get turf toe on other toes?,True,False,165,True
1664,0.8953,0.03848976900007983,,True,Laya,,,,Is blue cross and blue shield the same company?,True,False,77,True
1666,0.2913,0.05194513799983724,,False,Laya,,,,Is a master's degree higher than an honours degree?,False,False,105,True
1667,0.1438,0.04769729000008738,,False,Laya,,,,Do church of england make the sign of the cross?,True,False,140,False
1668,0.0367,0.040221101000042836,,False,Laya,,,,Is all the members of fleetwood mac still alive?,False,False,130,True
1671,0.8822,0.037016128000004755,,True,Laya,,,,Does host team automatically qualify for world cup?,True,False,62,True
1672,0.7904,0.03812400600008914,,True,Laya,,,,Can a grizzly bear mate with a polar bear?,True,False,90,True
1673,0.9054,0.03817817099979948,,True,Laya,,,,Is the hobbit part of the lord of the rings trilogy?,False,False,133,False
1674,0.1527,0.03887052200002472,,False,Laya,,,,Is input lag and response time the same thing?,False,False,131,True
1675,0.78,0.038588382999932946,,True,Laya,,,,Is the trachea part of the upper respiratory system?,False,False,120,False
1678,0.8368,0.03738751800005957,,True,Laya,,,,Has a keeper ever won the ballon d'or?,True,False,69,True
1679,0.7178,0.037554242999931375,,True,Laya,,,,Can picking your nose affect your sense of smell?,False,False,100,False
1680,0.8481,0.040020117000040045,,True,Laya,,,,Does a deed of trust have to have a trustee?,True,False,78,True
1681,0.6666,0.03958499899999879,,True,Laya,,,,Do blaine and kurt get back together in season 6?,True,True,533,True
1682,0.9849,0.037736334999863175,,True,Laya,,,,Was blow me away made for halo 2?,True,False,138,True
1683,0.6902,0.043598216000191314,,True,Laya,,,,Does george w bush still own the texas rangers?,False,False,102,False
1684,0.4344,0.041735849999895436,,False,Laya,,,,Is kinetic energy conserved in perfectly inelastic collisions?,False,False,197,True
1685,0.5806,0.03801283699999658,,True,Laya,,,,Is there a third season of good morning call?,False,False,88,False
1686,0.9612,0.04024441499996101,,True,Laya,,,,Are there warrant officers in the air force?,False,False,205,False
1687,0.6505,0.03784525400010352,,True,Laya,,,,Can the texas flag fly at the same height as the us flag?,True,False,199,True
1688,0.8638,0.03768475599986232,,True,Laya,,,,Is there a new x-men movie coming out?,True,False,53,True
1689,0.6835,0.04357129300001361,,True,Laya,,,,Is the wonderful wizard of oz a fairy tale?,True,False,71,True
1690,0.1442,0.03821977400002652,,False,Laya,,,,Is response time the same as input lag?,False,False,131,True
1691,0.7575,0.040591037000012875,,True,Laya,,,,Is atmospheric pressure always equal to 1 atm?,False,False,267,False
1692,0.7637,0.040310336000175084,,True,Laya,,,,Do i need a permit to open carry in missouri?,True,False,67,True
1693,0.6364,0.036825195999881544,,True,Laya,,,,Do tom and hannah get together in made of honor?,True,False,97,True
1694,0.6435,0.0386184400001639,,True,Laya,,,,Was the declaration of independence written during the second continental congress?,True,False,139,True
1696,0.7788,0.04838898499997413,,True,Laya,,,,Can a country have a president and a prime minister?,True,False,105,True
1697,0.6048,0.042456961999960185,,True,Laya,,,,Is fullmetal alchemist brotherhood a continuation of the original?,False,False,46,False
1698,0.151,0.040358608999895296,,False,Laya,,,,Will there be a season 2 of 11-22-63?,False,False,50,True
1699,0.9731,0.0511018999998214,,True,Laya,,,,Are a cougar and mountain lion the same?,True,False,200,True
1700,0.9836,0.037991346000126214,,True,Laya,,,,Is there a gopher in winnie the pooh?,True,False,250,True
1701,0.1899,0.03869979599994622,,False,Laya,,,,Is a pterodactyl the same as a pteranodon?,False,False,185,True
1702,0.9782,0.04106592799985265,,True,Laya,,,,Is orlando international airport the same as mco?,True,False,85,True
1703,0.4057,0.03855491300009817,,False,Laya,,,,Has the leaning tower of pisa always been leaning?,True,False,78,False
1704,0.578,0.03748588700000255,,True,Laya,,,,Will cold case ever be released on dvd?,True,False,87,True
1706,0.7758,0.04241759800015643,,True,Laya,,,,Is a plc the same as a limited company?,True,False,112,True
1707,0.9463,0.036981129999958284,,True,Laya,,,,Is queso fresco and queso blanco the same?,False,False,57,False
1708,0.1313,0.03686339599994426,,False,Laya,,,,Are domestic and feral cats native to australia?,False,False,45,True
1709,0.9946,0.03957222499980162,,True,Laya,,,,Are there tornadoes anywhere else in the world?,True,False,130,True
1710,1.0,0.037750815999970655,,True,Laya,,,,Is great america the same as six flags?,False,False,102,False
1711,0.7903,0.0392438870001115,,True,Laya,,,,Has the us ever won a world cup in soccer?,False,False,254,False
1712,0.1438,0.04038969700013695,,False,Laya,,,,Does alex come back to grey sloan memorial?,False,False,183,True
1713,0.8236,0.03949905600006787,,True,Laya,,,,Do all colors of fruit loops taste the same?,True,False,211,True
1714,0.628,0.037383761999990384,,True,Laya,,,,Is the great wall of china all around china?,False,False,194,False
1715,0.0838,0.04090368300012415,,False,Laya,,,,Is st george's chapel in westminster abbey?,False,False,70,True
1717,0.0257,0.03826506599989443,,False,Laya,,,,Was call of duty ww2 based on a true story?,False,False,84,True
1718,0.9311,0.0410148159999153,,True,Laya,,,,Is extended release the same as sustained release?,False,False,50,False
1719,0.8055,0.04272534699998687,,True,Laya,,,,Can cars go on the staten island ferry?,True,False,149,True
1721,0.2455,0.040858859999843844,,False,Laya,,,,Did belgium used to be part of france?,True,False,268,False
1722,0.2071,0.03801192900004935,,False,Laya,,,,Can i put a regular bulb in a 3 way lamp?,False,False,144,True
1723,0.9125,0.03959441000006336,,True,Laya,,,,Is there a sequel to the whole nine yards?,True,False,113,True
1724,0.9679,0.03771120700002939,,True,Laya,,,,Does duke die in gi joe 2 retaliation 2013?,True,False,118,True
1725,0.9116,0.06167021700002806,,True,Laya,,,,Is the vagus nerve part of the cns?,False,False,106,False
1726,0.9478,0.07320949999984805,,True,Laya,,,,Is a digital audio cable the same as an optical cable?,True,False,164,True
1727,0.4583,0.06296192500008146,,False,Laya,,,,Does meredith have a baby in greys anatomy?,True,False,144,False
1728,0.8551,0.053410157999906005,,True,Laya,,,,Does dr burke come back after season 3?,True,False,28,True
1730,0.7983,0.0534893930000635,,True,Laya,,,,Does gaston die in the original beauty and the beast?,True,False,355,True
1731,0.8572,0.0487340720001157,,True,Laya,,,,Has there been a duke of sussex before?,True,False,137,True
1732,0.8748,0.05288041600010729,,True,Laya,,,,Did the captain of the uss indianapolis live?,True,False,175,True
1733,0.8991,0.04851337099989905,,True,Laya,,,,Did bruce forsyth do the price is right?,True,False,78,True
1734,0.7307,0.05604522600015116,,True,Laya,,,,Does nevada have a stand your ground law?,True,False,74,True
1735,0.8123,0.05071797499999775,,True,Laya,,,,Does the magnitude of a physical quantity change with the change in the system of units?,False,False,178,False
1737,0.9792,0.05017725199991219,,True,Laya,,,,Is fantastic beasts and where to find them a book?,True,False,156,True
1738,0.7759,0.048933744999885675,,True,Laya,,,,Is free market and market economy the same?,False,False,111,False
1739,0.8078,0.06005596299996796,,True,Laya,,,,Is there spongy bone in the medullary cavity?,True,False,132,True
1740,0.9325,0.05920368700003564,,True,Laya,,,,Is a garbanzo bean and a chickpea the same thing?,True,False,109,True
1741,0.8709,0.050141335000034815,,True,Laya,,,,Is the website have i been pwned legit?,True,False,133,True
1742,0.175,0.048599319999993895,,False,Laya,,,,Is the last king of scotland historically accurate?,False,False,141,True
1743,0.8447,0.04900643300015872,,True,Laya,,,,Is impaired driving a criminal offence in alberta?,True,False,44,True
1744,0.7875,0.05989773199985393,,True,Laya,,,,Is canada part of the un security council?,False,False,233,False
1745,0.0693,0.05255261000002065,,False,Laya,,,,Is directv and dish network owned by the same company?,False,False,207,True
1746,0.9999,0.06669890200009831,,True,Laya,,,,Was there more than one pharaoh at a time?,True,False,144,True
1747,0.2838,0.04718643299997893,,False,Laya,,,,Did anne of green gables house burn down?,False,False,111,True
1749,0.5824,0.051826947999870754,,True,Laya,,,,Are fighting words protected under freedom of speech?,False,False,30,False
1750,0.0763,0.051919835000035164,,False,Laya,,,,Is the venus fly trap the only carnivorous plant?,False,False,84,True
1751,0.6969,0.04750071800003752,,True,Laya,,,,Can triamcinolone cream be used for poison ivy?,True,False,126,True
1753,0.9843,0.04728437499989013,,True,Laya,,,,Is blue bell ice cream still in business?,True,False,139,True
1754,0.9091,0.04748564500005159,,True,Laya,,,,Is it necessary that there is a cause before an effect?,True,False,119,True
1755,0.9031,0.04988690200002566,,True,Laya,,,,Was a real lykan used in furious 7?,True,False,122,True
1756,0.9442,0.047225116000163325,,True,Laya,,,,Are profit and loss and income statement the same thing?,True,False,158,True
1757,0.1769,0.0462045079998461,,False,Laya,,,,Are the sea and the ocean the same thing?,True,False,30,False
1758,0.7731,0.05212521400017067,,True,Laya,,,,Do sea otters live in the pacific ocean?,True,False,118,True
1760,0.9832,0.05782238000006146,,True,Laya,,,,Is ellen's game of games still on tv?,True,False,165,True
1761,0.9127,0.06231548100004147,,True,Laya,,,,Does the us air force have a special forces?,True,False,111,True
1762,0.7114,0.06377133399996637,,True,Laya,,,,Is the house of representatives the same as congress?,True,False,34,True
1763,0.6374,0.05704863000005389,,True,Laya,,,,Does the e train go to world trade center?,True,False,71,True
1765,0.7035,0.04968325599998025,,True,Laya,,,,Was there a military draft in world war 2?,True,False,240,True
1766,0.897,0.05736439299994345,,True,Laya,,,,Is there a medical school in las vegas?,True,False,99,True
1767,0.0484,0.04754629900003238,,False,Laya,,,,Have england ever won the women's world cup?,False,False,53,True
1768,0.8399,0.04945479899993188,,True,Laya,,,,Does maple syrup come out of the tree sweet?,True,False,125,True
1769,0.9148,0.05251706199987893,,True,Laya,,,,Does pure vanilla extract have alcohol in it?,True,False,222,True
1770,0.9618,0.06769261699992057,,True,Laya,,,,Is news release and press release the same?,True,False,76,True
1771,0.9242,0.06287626600010299,,True,Laya,,,,Has there ever been a triple crown winner?,True,False,106,True
1772,0.3245,0.06261434800012466,,False,Laya,,,,Do uk citizens need a tourist visa for turkey?,True,False,237,False
1773,0.9998,0.06173224400004074,,True,Laya,,,,Is a woodchuck and a ground hog the same thing?,True,False,226,True
1775,0.1591,0.06636000499997863,,False,Laya,,,,Is an employment authorization card a green card?,False,False,95,True
1776,0.8223,0.06142718399996738,,True,Laya,,,,Do away goals count in the league playoffs?,True,False,140,True
1777,0.1125,0.07327553300001455,,False,Laya,,,,Is season 5 agents of shield the last season?,False,False,118,True
1778,0.1945,0.04133508599989,,False,Laya,,,,Did india qualify for football world cup 2018?,False,False,107,True
1779,0.6036,0.041384444999948755,,True,Laya,,,,Can a local maximum also be an absolute maximum?,True,False,105,True
1781,0.8959,0.0393695679999837,,True,Laya,,,,Does the governor die on the walking dead?,False,False,177,False
1782,0.5948,0.03925878800009741,,True,Laya,,,,Does the us have a military base in thailand?,True,False,58,True
1783,0.7843,0.044844138000144085,,True,Laya,,,,Is cape canaveral the same as the kennedy space center?,False,False,133,False
1784,0.6677,0.03923307700006262,,True,Laya,,,,Is there a sequal to avengers infinity war?,True,False,27,True
1785,0.9508,0.040360294000038266,,True,Laya,,,,Does new york city still have rent control?,True,False,88,True
1786,0.6568,0.041717582000046605,,True,Laya,,,,Has anyone been awarded 2 medals of honor?,True,False,50,True
1787,0.1252,0.03995716600002197,,False,Laya,,,,Have chelsea always been in the premier league?,True,False,215,False
1788,0.8222,0.039542264999909094,,True,Laya,,,,Is the spleen part of the circulatory system?,False,False,38,False
1789,0.8937,0.040680193999833136,,True,Laya,,,,Does the lining of the uterus shed during implantation?,False,False,42,False
1790,0.0402,0.038763346999985515,,False,Laya,,,,Is saigon cinnamon the same as ceylon cinnamon?,False,False,153,True
1792,0.9295,0.036680667999917205,,True,Laya,,,,Is a bagel with cream cheese a sandwich?,True,False,124,True
1793,0.9617,0.03890017200001239,,True,Laya,,,,Can a horse and a donkey have a baby?,True,False,84,True
1794,0.8117,0.049582443999952375,,True,Laya,,,,Is there a yolk sac with blighted ovum?,True,False,196,True
1795,0.797,0.04452246899995771,,True,Laya,,,,Is the cystic duct the same as the common bile duct?,False,False,81,False
1798,0.9695,0.047100540999963414,,True,Laya,,,,Was the tower of london a royal residence?,True,False,250,True
1801,0.8256,0.03942372100004832,,True,Laya,,,,Is the supreme court the highest court in the land?,True,False,88,True
1802,0.4601,0.03816702300014185,,False,Laya,,,,Is the water club part of the borgata?,True,False,35,False
1803,0.8862,0.04033917699985068,,True,Laya,,,,Does a two dollar bill have any value?,True,False,254,True
1804,0.2497,0.03857929300011165,,False,Laya,,,,Are $10 000 bills still in circulation?,False,False,118,True
1805,0.1378,0.04033001400011926,,False,Laya,,,,Does the us mint make 1000 dollar bills?,False,False,62,True
1806,0.1042,0.040141748999985793,,False,Laya,,,,Is 8.5 x 11 the same as a4?,False,False,110,True
1807,0.4966,0.039244306000000506,,False,Laya,,,,Is black ops 3 related to black ops 2?,True,False,121,False
1808,0.9222,0.04185266800004683,,True,Laya,,,,Is there a trophy for the triple crown?,True,False,211,True
1809,0.0274,0.04143506199989133,,False,Laya,,,,Are they making a season 3 of life unexpected?,False,False,46,True
1810,0.8094,0.039306564000071376,,True,Laya,,,,Is there a dam on the missouri river?,True,False,74,True
1811,0.8375,0.03888979799990011,,True,Laya,,,,Is there a movie after meet the fockers?,True,False,112,True
1812,0.8658,0.04380112200010444,,True,Laya,,,,Is season 7 of new girl the last season?,True,False,28,True
1813,0.5235,0.039382182000053945,,True,Laya,,,,Are there any area codes that start with 1?,False,False,21,False
1814,0.8723,0.0388573699999597,,True,Laya,,,,Is hcf a not for profit health fund?,True,False,84,True
1816,0.8657,0.040642220000108864,,True,Laya,,,,Is there such thing as a phobia of vomit?,True,False,153,True
1817,0.9249,0.03945517899978768,,True,Laya,,,,Is there a 3rd season of 800 words?,True,False,66,True
1818,0.9764,0.03909332199987148,,True,Laya,,,,Is the czech republic and czechoslovakia the same thing?,False,False,118,False
1820,0.408,0.04774823699995068,,False,Laya,,,,Is this is us over for the season?,True,False,52,False
1821,0.1825,0.03799457600007372,,False,Laya,,,,Is princeton theological seminary part of princeton university?,True,False,96,False
1822,0.1563,0.03788447500005532,,False,Laya,,,,Does mlb all star game determines home field?,True,False,217,False
1823,0.7936,0.03912089499999638,,True,Laya,,,,Is cholesterol a partial breakdown product of lipids?,True,False,219,True
1824,0.3772,0.038384271000040826,,False,Laya,,,,Is the sort code the same for everyone?,False,False,140,True
1825,0.7899,0.04712788799997725,,True,Laya,,,,Is a 10 year old still a child?,True,False,155,True
1827,0.0935,0.04735677700000451,,False,Laya,,,,Is a place to call home finished for good?,False,False,11,True
1828,0.6862,0.0385796670000218,,True,Laya,,,,Do male and female highland cows have horns?,True,False,144,True
1829,0.8684,0.03743076000000656,,True,Laya,,,,Is psalm 119 the longest chapter of the bible?,True,False,110,True
1830,0.8175,0.04019265700003416,,True,Laya,,,,Do gram negative bacteria have a cell wall?,True,False,61,True
1831,0.2596,0.039016618999994535,,False,Laya,,,,Is there such a place as garrison colorado?,False,False,64,True
1832,0.8699,0.03943558600008146,,True,Laya,,,,Does the wnba play with a smaller ball?,True,False,66,True
1833,0.8829,0.04297614100005376,,True,Laya,,,,Does caesar live in dawn of the planet of the apes?,True,False,57,True
1834,0.1706,0.04139495899994472,,False,Laya,,,,Do european countries still have their own currency?,True,False,91,False
1835,0.8744,0.04371060099992974,,True,Laya,,,,Can a passport card be used for domestic flights?,True,False,168,True
1836,0.1397,0.04558992900001613,,False,Laya,,,,Do lexie and mark ever get back together?,False,True,647,True
1837,0.6786,0.04197903099998257,,True,Laya,,,,Do you use chemicals in a salt water pool?,True,False,128,True
1838,0.9431,0.03879270999982509,,True,Laya,,,,Do barn swallows lay eggs more than once a year?,True,False,250,True
1839,0.6903,0.04606674999990901,,True,Laya,,,,Is the bald eagle the biggest bird in the world?,False,False,196,False
1841,0.6884,0.03888059699988844,,True,Laya,,,,Is the tortoise and the hare a fairy tale?,False,False,75,False
1842,0.3793,0.03823450499999126,,False,Laya,,,,Is carbon a metal on the periodic table?,True,False,100,False
1843,0.6981,0.04224926500000947,,True,Laya,,,,Do you need a license to ride a mini bike?,True,False,110,True
1844,1.0,0.0392611909999232,,True,Laya,,,,Are flash arrow and supergirl in the same universe?,True,False,247,True
1845,0.9234,0.03793449599993437,,True,Laya,,,,Can you go out in uno with a wildcard?,True,False,88,True
1846,0.2551,0.03983491100007086,,False,Laya,,,,Does taiwan have a seat in the un?,False,False,219,True
1847,0.5027,0.03754263399991942,,True,Laya,,,,Can you land a seaplane in the ocean?,True,False,69,True
1848,0.8048,0.03655572200000279,,True,Laya,,,,Can you be responsible and accountable in a raci?,True,False,31,True
1849,0.8032,0.039541453999845544,,True,Laya,,,,Can you marry more than one person in uk?,False,False,51,False
1850,0.8108,0.03787964100001773,,True,Laya,,,,Is the right to a fair trial in the constitution?,False,False,90,False
1851,0.9654,0.036743162999982815,,True,Laya,,,,Are yellow jackets and wasps the same thing?,True,False,169,True
1852,0.951,0.05512721400009468,,True,Laya,,,,Does the atomic number represent the number of protons?,True,False,65,True
1853,0.0905,0.042386632999978247,,False,Laya,,,,Is it a requirement to own a gun in switzerland?,False,False,50,True
1854,0.7608,0.038097690000086004,,True,Laya,,,,Is there such a thing as x ray glasses?,False,False,73,False
1855,0.3718,0.04038057899992964,,False,Laya,,,,Do the courts have the power to overrule the laws written by the legislative branch of government?,True,False,93,False
1857,0.9422,0.03867117099980533,,True,Laya,,,,Have any horses died at the kentucky derby?,True,False,81,True
1858,0.0883,0.03823933200010288,,False,Laya,,,,Do they still make philip morris commander cigarettes?,False,False,38,True
1859,0.9296,0.04218086400010179,,True,Laya,,,,Are pinot noir and pinot gris the same grape?,False,False,136,False
1860,0.806,0.03909895200013125,,True,Laya,,,,Is a burger without a bun still a burger?,True,False,83,True
1862,0.597,0.040409563999901366,,True,Laya,,,,Can you carry a gun in a bar in oklahoma?,False,False,152,False
1863,0.3044,0.04202426899996681,,False,Laya,,,,Is the marines a part of the navy?,True,False,80,False
1864,0.7444,0.038975384999957896,,True,Laya,,,,Were any civil war battles fought in florida?,True,False,135,True
1865,1.0,0.03814083500014931,,True,Laya,,,,Is the milky way in a galaxy cluster?,True,False,110,True
1867,0.8007,0.03922805999991397,,True,Laya,,,,Will there be another chucky movie after cult of chucky?,True,False,93,True
1868,0.7503,0.041029666999975234,,True,Laya,,,,Can i have multiple foreign keys in a table?,True,False,44,True
1869,0.7558,0.03797151200001281,,True,Laya,,,,Was snow white the first full length animated film?,True,False,140,True
1870,0.5174,0.04027159399993252,,True,Laya,,,,Does the scapula form a joint with the ribs?,False,False,110,False
1871,0.9173,0.03849924100018143,,True,Laya,,,,Do all lanes of traffic have to stop for a school bus?,True,False,82,True
1872,0.996,0.03897730799985766,,True,Laya,,,,Are stop and shop and giant owned by the same company?,True,False,207,True
1873,0.8403,0.04184586999986095,,True,Laya,,,,Is tanjore a traditional indian folk art form?,True,False,113,True
1874,0.7553,0.039905673000021125,,True,Laya,,,,Was a scythe ever used as a weapon?,True,False,163,True
1875,0.0511,0.039071184000022186,,False,Laya,,,,Are there any montgomery ward stores still open?,False,False,85,True
1876,0.0923,0.04073205100007726,,False,Laya,,,,Are trinidad and tobago in the world cup 2018?,False,False,26,True
1877,0.8417,0.03876101400010157,,True,Laya,,,,Can you play for two international football teams?,True,False,179,True
1878,0.9303,0.0388092420000703,,True,Laya,,,,Is it legal to put a motor on a bicycle?,True,False,282,True
1879,0.635,0.04726403599988771,,True,Laya,,,,Is pretty little liars filmed in stars hollow?,True,False,58,True
1880,0.8909,0.037004283999976906,,True,Laya,,,,Do you have to pass the bar to be an attorney?,True,False,109,True
1881,0.3379,0.051722188000212554,,False,Laya,,,,Is it required to say check in chess?,False,False,36,True
1882,0.091,0.03855153600011363,,False,Laya,,,,Is a joule the same as a watt?,False,False,60,True
1883,0.0845,0.039236392000020714,,False,Laya,,,,Can i get $1 000 bill from the bank?,False,False,97,True
1884,0.7163,0.03700088000005053,,True,Laya,,,,Is rise of the tomb raider set after tomb raider?,True,False,81,True
1885,0.8829,0.04178647000003366,,True,Laya,,,,Is there a book after the girl in the spider's web?,True,False,72,True
1886,0.0676,0.038053471000011996,,False,Laya,,,,Is the persian and arabic alphabet the same?,False,False,39,True
1887,0.732,0.03802328300002955,,True,Laya,,,,Is it legal to drink with parents in wisconsin?,True,False,95,True
1889,0.4016,0.03928319300007388,,False,Laya,,,,Have any of the school shootings been at private schools?,True,False,132,False
1890,0.8394,0.03861972799995783,,True,Laya,,,,Can a car run on anything other than gas?,True,False,105,True
1891,0.0954,0.03789763999998286,,False,Laya,,,,Is the leaning tower of pizza in rome?,False,False,114,True
1892,0.2574,0.03878625900006227,,False,Laya,,,,Are babies in the womb covered in hair?,True,False,122,False
1894,0.0775,0.037601069999936954,,False,Laya,,,,Is an empty set an element of an empty set?,True,False,82,False
1897,0.7203,0.041775071999836655,,True,Laya,,,,Is managerial accounting and management accounting the same?,True,False,39,True
1898,0.8878,0.040037877000031585,,True,Laya,,,,Will there be a 4th season of you me her?,True,False,116,True
1899,0.4413,0.03818774499995925,,False,Laya,,,,Is the london marathon the largest in the world?,False,False,181,True
1900,0.7616,0.037970048000033785,,True,Laya,,,,Is the movie shape of water based on a book?,False,False,147,False
1902,0.001,0.039206492000175786,,False,Laya,,,,Is the young and the restless going off the air?,False,False,141,True
1903,0.9308,0.036799080000037065,,True,Laya,,,,Does a will have to be a legal document?,True,False,71,True
1904,0.509,0.03609981199997492,,True,Laya,,,,Can u be offside from a goal kick?,False,False,116,False
1905,0.1149,0.03820134399984454,,False,Laya,,,,Do college football players have to enter the draft?,False,False,108,True
1906,0.6931,0.044073890000163374,,True,Laya,,,,Is the iliac crest part of the hip?,True,False,32,True
1907,0.1615,0.038220410999883825,,False,Laya,,,,Is northern ireland the same as republic of ireland?,False,False,228,True
1909,0.6989,0.04581058799999482,,True,Laya,,,,Is the movie roxanne roxanne a true story?,True,False,90,True
1910,0.3188,0.03921993099993415,,False,Laya,,,,Is there a mandatory retirement age for supreme court justices?,False,False,175,True
1912,0.8372,0.03904942999997729,,True,Laya,,,,Can puppies see when they open their eyes?,True,False,167,True
1914,0.1272,0.042274914000017816,,False,Laya,,,,Is the hunchback of notre dame real story?,False,False,218,True
1915,0.8529,0.04568800800007011,,True,Laya,,,,Are pokemon let's go main series games?,True,False,126,True
1916,0.0746,0.03808586299987837,,False,Laya,,,,Is a payday lender a type of bank?,False,False,142,True
1917,0.4531,0.04054027400002269,,False,Laya,,,,Is fear the walking dead different than the walking dead?,True,False,79,False
1918,0.5174,0.03739927199990234,,True,Laya,,,,Can atoms be changed from one element to another?,True,False,76,True
1919,0.736,0.037440725000124075,,True,Laya,,,,Is it possible to lose the ability to speak?,True,False,112,True
1920,0.9122,0.03913158199998179,,True,Laya,,,,Is low isles part of the great barrier reef?,True,False,173,True
1921,0.5139,0.03777064800010521,,True,Laya,,,,Is there anything bigger than $100 bill?,True,False,97,True
1922,0.8729,0.03997001600009753,,True,Laya,,,,Does the amazon river run through the amazon rainforest?,True,False,266,True
1923,0.9252,0.03840414999990571,,True,Laya,,,,Is a car serial number the same as a vin?,True,False,53,True
1924,0.6523,0.03803886799983047,,True,Laya,,,,Is percent difference the same as percent change?,False,False,216,False
1926,0.8981,0.03687389000015173,,True,Laya,,,,Is studio city in the san fernando valley?,True,False,50,True
1927,0.8646,0.04526433000000907,,True,Laya,,,,Is jason in the first friday the 13th?,True,False,127,True
1928,0.8519,0.03783348899992234,,True,Laya,,,,Is there a glacier at glacier national park?,True,False,112,True
1930,0.8831,0.03740521200006697,,True,Laya,,,,Does bluebell sell other products besides ice cream?,True,False,121,True
1931,0.6743,0.04084523100004844,,True,Laya,,,,Is a passphrase the same as a password?,False,False,113,False
1932,0.0257,0.03794051599993509,,False,Laya,,,,Is body of proof still on the air?,False,False,64,True
1934,0.9382,0.03828036200002316,,True,Laya,,,,Is there a second season of this is us?,True,False,70,True
1938,0.8375,0.04010617199992339,,True,Laya,,,,Did kristen bell sing all the voices of anna?,False,False,84,False
1939,0.0287,0.037771926000004896,,False,Laya,,,,Is the movie burlesque based on a true story?,False,False,83,True
1940,0.6609,0.04378196100014975,,True,Laya,,,,Is national insurance number the same as tax identification number?,False,False,56,False
1941,0.995,0.040516448999824206,,True,Laya,,,,Does daniel come back to life in once upon a time?,True,False,380,True
1942,0.2589,0.037819035999973494,,False,Laya,,,,Does it cost money to join the playstation network?,False,False,100,True
1943,0.8534,0.040159870000024966,,True,Laya,,,,Is the bladder part of the excretory system?,True,False,172,True
1944,0.7375,0.040507171999934144,,True,Laya,,,,Can the goalkeeper pick up the ball from a throw in?,False,False,146,False
1945,0.5852,0.03761607599994932,,True,Laya,,,,Is snake eyes and storm shadow the same person?,False,False,147,False
1946,0.4102,0.04728734299987991,,False,Laya,,,,Are there any flights where smoking is allowed?,False,False,110,True
1948,0.9196,0.048213863000000856,,True,Laya,,,,Do all bacteria have peptidoglycan in their cell walls?,False,False,216,False
1949,0.8518,0.03999513400003707,,True,Laya,,,,Is the gulf of mexico considered an ocean?,False,False,118,False
1950,0.086,0.03887075400007234,,False,Laya,,,,Was the movie bridge on the river kwai a true story?,False,False,93,True
1951,0.2758,0.03981284399992546,,False,Laya,,,,Is final fantasy 12 zodiac age a remake?,True,False,110,False
1952,0.8601,0.03866045099994153,,True,Laya,,,,Is st augustine florida the oldest city in america?,True,False,59,True
1954,0.9066,0.03822148699987338,,True,Laya,,,,Does call of duty black ops 3 have zombies?,True,False,121,True
1955,0.1266,0.04025679200003651,,False,Laya,,,,Is the tale of despereaux a disney movie?,False,False,206,True
1956,0.0614,0.03744817699998748,,False,Laya,,,,Is it illegal to do fireworks in iowa?,False,False,131,True
1959,0.7486,0.037755725000124585,,True,Laya,,,,Is congo and democratic republic of congo the same country?,False,False,99,False
1960,0.2801,0.04344190799997705,,False,Laya,,,,Does ari gold get back with his wife?,True,False,117,False
1961,0.3759,0.039754678000008425,,False,Laya,,,,Do netherland dwarf rabbits like to be held?,False,False,129,True
1962,0.2293,0.03907931000003373,,False,Laya,,,,Is there no sales tax in new hampshire?,True,False,89,False
1963,0.9025,0.03906116300004214,,True,Laya,,,,Does wednesday die in what happened to monday?,True,False,187,True
1964,0.7405,0.039394911999806936,,True,Laya,,,,Does the table of contents get a page number?,True,False,89,True
1965,0.7302,0.03938691300004393,,True,Laya,,,,Is a power adapter the same as a charger?,False,False,145,False
1966,0.5915,0.03975307500013514,,True,Laya,,,,Is a caffe latte the same as a latte?,True,False,116,True
1967,0.1754,0.03739836800014018,,False,Laya,,,,Is a turtle the same as a tortoise?,True,False,89,False
1969,0.1998,0.04557906000013645,,False,Laya,,,,Is a state id a government issued id?,True,False,99,False
1971,0.5528,0.04025606600021092,,True,Laya,,,,Is a nissan frontier a 1/2 ton truck?,False,False,211,False
1972,0.8739,0.03738069100018038,,True,Laya,,,,Will there be a 2nd series of station 19?,True,False,43,True
1973,0.5062,0.037492720999807716,,True,Laya,,,,Is calcium chloride the same as calcium carbonate?,False,False,54,False
1976,0.1292,0.041201336000085576,,False,Laya,,,,Can you be president if you were not born in the us?,False,False,45,True
1977,0.1577,0.037424621999889496,,False,Laya,,,,Is a kippah the same as a yamaka?,True,False,193,False
1978,0.9065,0.03740735000019413,,True,Laya,,,,Was the spruce goose made out of wood?,True,False,205,True
1979,0.8893,0.04109259699998802,,True,Laya,,,,Is there such a thing as insulin resistance?,True,False,145,True
1980,0.1954,0.055077848999872,,False,Laya,,,,Is garrison from the ranch a real place?,False,False,156,True
1981,0.1623,0.03869863499994608,,False,Laya,,,,Does every name in iceland end in son?,False,False,192,True
1982,0.9567,0.04002509500014639,,True,Laya,,,,Is there a bank of america in north carolina?,True,False,135,True
1983,0.9331,0.038326069000049756,,True,Laya,,,,Has a country won the world cup at home?,True,False,126,True
1984,0.728,0.03933991799999603,,True,Laya,,,,Does the right to privacy exist in the constitution?,True,False,153,True
1985,0.0003,0.04070225200007371,,False,Laya,,,,Is the tv show the outsiders coming back?,False,False,142,True
1986,0.2798,0.037964562000070146,,False,Laya,,,,Was the lord of the rings originally one book?,False,False,145,True
1987,0.9265,0.037912873000095715,,True,Laya,,,,Is the national anthem and the star spangled banner the same thing?,True,False,131,True
1988,0.9193,0.042654606000041895,,True,Laya,,,,Is relative permittivity the same as dielectric constant?,True,False,77,True
1989,0.7944,0.04218202700008078,,True,Laya,,,,Is its a wonderful life a christmas movie?,True,False,53,True
1990,0.2059,0.038821808999955465,,False,Laya,,,,Is it true that the ring finger is connected to the heart?,False,False,94,True
1991,0.507,0.03952910000020893,,True,Laya,,,,Can a person transmit rabies to another person?,True,False,21,True
1992,0.042,0.037896140999919226,,False,Laya,,,,Did scotland win the world cup in 1978?,False,False,153,True
1993,0.5693,0.03966487100001359,,True,Laya,,,,Can you cut a diamond into a different shape?,True,False,39,True
1995,0.2406,0.038566895000030854,,False,Laya,,,,Does a public company have to be listed on the stock exchange?,False,False,161,True
1996,0.0941,0.03834296600007292,,False,Laya,,,,Does the alphabet song and twinkle twinkle have the same tune?,True,False,178,False
1997,0.0565,0.03710428999988835,,False,Laya,,,,Does a cow have to be pregnant to give milk?,False,False,121,True
2000,0.4569,0.047240075999980036,,False,Laya,,,,Can the president pardon someone convicted of a state crime?,False,False,97,True
2001,0.3708,0.03713722199995573,,False,Laya,,,,Is your body temperature higher in the evening?,True,False,266,False
2002,0.1929,0.03870354400010001,,False,Laya,,,,Is the sound of music set in austria?,True,False,195,False
2003,0.9231,0.038710588999947504,,True,Laya,,,,Will there be a second series of riviera?,True,False,38,True
2004,0.1478,0.03921276100004434,,False,Laya,,,,Is the game show the chase still on the air?,False,False,255,True
2005,0.7949,0.03814314100009142,,True,Laya,,,,Can a person be born with one testicle?,True,False,149,True
2006,0.9633,0.04204599900003814,,True,Laya,,,,Is liquid petroleum gas the same as propane?,True,False,49,True
2007,0.9832,0.03919889500002682,,True,Laya,,,,Do they have penalties in world cup final?,True,False,118,True
2008,0.3048,0.044377673999861145,,False,Laya,,,,Do color wonder markers work on regular paper?,False,False,94,True
2009,0.7868,0.05086108600016814,,True,Laya,,,,Is it legal to own a gun in chicago?,True,False,55,True
2010,0.8697,0.038593090999938795,,True,Laya,,,,Did andy's mom die in child's play?,False,False,64,False
2011,0.9382,0.037059576000046945,,True,Laya,,,,Did dwight howard play for the houston rockets?,True,False,234,True
2012,0.8298,0.04015430799995556,,True,Laya,,,,Do you need a tv license in uk?,True,False,96,True
2013,1.0,0.03935860599995067,,True,Laya,,,,Does teddy come back to grey's anatomy?,True,False,160,True
2014,0.8783,0.03844957799992699,,True,Laya,,,,Does seaworld san diego still have killer whales?,True,False,121,True
2015,0.8363,0.0397741470001165,,True,Laya,,,,Do minutes of a meeting have to be approved?,False,False,160,False
2016,0.8957,0.038349480000078984,,True,Laya,,,,Does a phd give you the title dr?,True,False,160,True
2017,0.9184,0.043768353999894316,,True,Laya,,,,Do mac and harm get together on jag?,True,False,76,True
2018,0.9114,0.04125074000012319,,True,Laya,,,,Is there such a thing as altitude sickness?,True,False,101,True
2019,0.5601,0.039118063000159964,,True,Laya,,,,Has a female director ever won an oscar?,True,False,175,True
2020,0.8289,0.0401858650000122,,True,Laya,,,,Can you have twins from 2 different dads?,True,False,163,True
2021,0.2617,0.04068744900018828,,False,Laya,,,,Is the eiffel tower the tallest structure in the world?,False,False,109,True
2022,0.0012,0.03863386900002297,,False,Laya,,,,Is hot springs arkansas sitting on a volcano?,False,False,62,True
2023,0.1836,0.039021092999973916,,False,Laya,,,,Does the foreword go before the table of contents?,False,False,157,True
2025,0.8441,0.04338369600009173,,True,Laya,,,,Has anything been brought up from the titanic?,True,False,212,True
2026,0.0767,0.03951603200016507,,False,Laya,,,,Is hd dvd the same as blu ray?,False,False,45,True
2027,0.854,0.03895610800009308,,True,Laya,,,,Has any nfl player died on the field?,True,False,56,True
2028,0.7111,0.03884198300011121,,True,Laya,,,,Can you be left footed and right handed?,True,False,97,True
2029,0.7474,0.04415830100015228,,True,Laya,,,,Is it illegal to deface money in the uk?,True,False,154,True
2031,0.8474,0.03690006800002266,,True,Laya,,,,Can a fly lay eggs in your skin?,True,False,133,True
2032,0.0974,0.03975024999999732,,False,Laya,,,,Is greece still in the world cup 2018?,False,False,56,True
2033,0.6599,0.039580244000035236,,True,Laya,,,,Was guerrilla warfare used in the civil war?,True,False,78,True
2035,0.8329,0.03776908800000456,,True,Laya,,,,Has canada ever participated in the world cup?,True,False,31,True
2036,0.8967,0.04007958400006828,,True,Laya,,,,Does insidious 3 take place before 1 and 2?,True,False,109,True
2037,0.6792,0.0548607749999519,,True,Laya,,,,Can a goalie get a penalty in hockey?,True,False,126,True
2038,0.2695,0.039472464000027685,,False,Laya,,,,Is mt evans part of rocky mountain national park?,True,False,97,False
2039,0.9459,0.041859091000105764,,True,Laya,,,,Is the 3 strikes law still in effect?,True,False,101,True
2040,0.8208,0.0389053960000183,,True,Laya,,,,Can you use them as a singular pronoun?,True,False,51,True
2041,0.9232,0.03906565500005854,,True,Laya,,,,Are all public companies listed on the stock exchange?,False,False,161,False
2042,0.7982,0.041926291999971,,True,Laya,,,,Is why don't we still a band?,True,False,35,True
2043,0.0342,0.04102624899996954,,False,Laya,,,,Is an architectural designer the same as an architect?,False,False,61,True
2044,0.3553,0.042193264999923485,,False,Laya,,,,Can a supreme court justice run for president?,True,False,67,False
2045,0.0001,0.04313959699993575,,False,Laya,,,,Is there a new season of hart of dixie?,False,False,42,True
2049,0.2777,0.03737094600001001,,False,Laya,,,,Would drug tolerance be caused by upregulation and downregulation?,True,False,70,False
2050,0.8515,0.03832972300006077,,True,Laya,,,,Does every set of traffic lights have cameras?,False,False,318,False
2052,0.776,0.04075848799993764,,True,Laya,,,,Do you have to serve to score in tennis?,False,False,79,False
2053,0.7502,0.038427048000130526,,True,Laya,,,,Can a company be listed in different countries?,True,False,84,True
2054,0.3676,0.03722048100007669,,False,Laya,,,,Is there going to be a new season of wentworth?,True,False,30,False
2055,0.7946,0.03831460500009598,,True,Laya,,,,Can you buy alcohol in pa on sunday?,True,False,140,True
2057,0.4639,0.03753446999985499,,False,Laya,,,,Do any flights fly over the north pole?,True,False,49,False
2059,0.4021,0.03753796900014095,,False,Laya,,,,Can you die from keeping a fan on?,False,False,57,True
2060,0.6609,0.039257760000054986,,True,Laya,,,,Can you choose who is your next of kin?,False,False,173,False
2061,0.7795,0.0373586929999874,,True,Laya,,,,Can you move a queen like a knight?,False,False,124,False
2062,0.938,0.03852286599999388,,True,Laya,,,,Does jk rowling have any other books besides harry potter?,True,False,182,True
2063,0.66,0.045854095999857236,,True,Laya,,,,Can non violent felons own guns in indiana?,False,False,45,False
2064,0.9473,0.03811147900000833,,True,Laya,,,,Is real feel the same as heat index?,True,False,148,True
2065,0.8768,0.037681031999909465,,True,Laya,,,,Does rachel dawes die in the dark knight?,True,False,226,True
2066,0.8515,0.04031307500008552,,True,Laya,,,,Can a polar bear and a grizzly mate?,True,False,90,True
2067,1.0,0.03803218999996716,,True,Laya,,,,Is allied waste the same as republic services?,True,False,53,True
2068,0.8994,0.04616290200010553,,True,Laya,,,,Is precipitation the same as chance of rain?,True,False,66,True
2069,0.2752,0.05452989500008698,,False,Laya,,,,Is this the final season of walking dead tv show?,False,False,130,True
2070,0.8896,0.07441105699990658,,True,Laya,,,,Is there such thing as a solar powered car?,True,False,40,True
2072,0.1091,0.06296996699984447,,False,Laya,,,,Does britain have the right to bear arms?,False,False,40,True
2073,0.9558,0.06059980300005918,,True,Laya,,,,Is los cabos the same as cabo san lucas?,False,False,105,False
2074,0.0012,0.06381494700008261,,False,Laya,,,,Does emma swan stop being the dark one?,True,True,477,False
2075,0.2086,0.05250786299984611,,False,Laya,,,,Is high maltose corn syrup the same as high fructose?,False,False,103,True
2076,0.7829,0.06341061800003445,,True,Laya,,,,Is spencer on the a team pretty little liars?,True,False,98,True
2077,0.4515,0.05352315899995119,,False,Laya,,,,Is black cumin seed same as black seed?,False,False,46,True
2079,0.5265,0.05324047899989637,,True,Laya,,,,Is coast guard part of department of defense?,True,False,84,True
2081,1.0,0.062155388000064704,,True,Laya,,,,Does canada have a free trade agreement with eu?,True,False,51,True
2082,0.2268,0.05484614400006649,,False,Laya,,,,Do your parents have to be dead to be an orphan?,True,False,32,False
2083,0.905,0.05361278400005176,,True,Laya,,,,Is modified release the same as prolonged release?,False,False,68,False
2084,0.9189,0.05156459300019378,,True,Laya,,,,Did an american in paris win an oscar?,True,False,77,True
2085,0.0475,0.05445404000010967,,False,Laya,,,,Will there be a cedar cove season 4?,False,False,24,True
2086,0.2945,0.04943925600014154,,False,Laya,,,,Are sperm whales on the endangered species list?,False,False,54,True
2087,0.6178,0.05240512399996078,,True,Laya,,,,Is english the official language of the u.s?,False,False,208,False
2088,0.0522,0.049977837999904295,,False,Laya,,,,Is han alive in fast and furious 7?,False,False,142,True
2089,0.863,0.0632496139999148,,True,Laya,,,,Does disney world still have tower of terror?,True,False,131,True
2090,0.4471,0.05627083500007757,,False,Laya,,,,Can a home team win by 2 in extra innings?,False,False,158,True
2091,0.9131,0.05117224799982978,,True,Laya,,,,Is the plant lily of the valley poisonous?,True,False,123,True
2092,0.4588,0.04911024000011821,,False,Laya,,,,Can you call the police with no sim?,True,False,257,False
2093,0.9296,0.049436314000104176,,True,Laya,,,,Is there an airport in fort walton beach florida?,False,False,106,False
2094,0.7703,0.050154724999856626,,True,Laya,,,,Does noel gallagher sing don't look back in anger?,True,False,135,True
2095,0.8613,0.05079034200002752,,True,Laya,,,,Is an x-ray the same as an mri?,False,False,69,False
2096,0.8434,0.04698893400018278,,True,Laya,,,,Is cabin in the woods a horror movie?,True,False,114,True
2097,0.8096,0.049095143000158714,,True,Laya,,,,Can u be flat footed in the army?,True,False,101,True
2098,0.7077,0.05231135600001835,,True,Laya,,,,Is a brother in law considered a relative?,True,False,134,True
2099,0.1425,0.04821249299993724,,False,Laya,,,,Can you get held back in freshman year?,True,False,211,False
2100,0.7988,0.051237391999848114,,True,Laya,,,,Does a whip crack break the sound barrier?,True,False,50,True
2101,0.9151,0.0503085809998538,,True,Laya,,,,Does the ipad pro come with the apple pencil?,True,False,58,True
2102,0.0389,0.052398188000097434,,False,Laya,,,,Will there be a season 2 of soredemo sekai wa utsukushii?,False,False,163,True
2104,0.1732,0.06139493099999527,,False,Laya,,,,Can there be an error in a perfect game?,True,False,222,False
2105,0.71,0.0622147279998444,,True,Laya,,,,Is it possible to be pregnant with twins by two different fathers?,True,False,163,True
2106,0.8113,0.05708228000003146,,True,Laya,,,,Was the battle of yorktown the last battle of the revolutionary war?,True,False,183,True
2108,0.298,0.055957528000135426,,False,Laya,,,,Is call of duty world at war based on world war 1?,False,False,121,True
2110,0.5837,0.054287739000074,,True,Laya,,,,Is dragon ball gt after dragon ball z?,True,False,16,True
2111,0.8517,0.052906957000004695,,True,Laya,,,,Are there confederate soldiers buried in arlington national cemetery?,True,False,227,True
2112,0.869,0.05413438899995526,,True,Laya,,,,Are greenwich village and the west village the same?,False,False,275,False
2114,0.7274,0.05818161299998792,,True,Laya,,,,Is it healthy to be a sumo wrestler?,False,False,134,False
2115,0.1599,0.0523402429998896,,False,Laya,,,,Is the everglades the largest swamp in north america?,False,False,226,True
2116,0.849,0.07045604700010699,,True,Laya,,,,Is father's day celebrated in the netherlands?,True,False,127,True
2117,0.6924,0.06308201900014865,,True,Laya,,,,Can you break someone's wrist by twisting it?,True,False,118,True
2118,0.8033,0.07164378699985718,,True,Laya,,,,Is france qualified for the world cup 2018?,True,False,48,True
2120,0.6949,0.06267698600004223,,True,Laya,,,,Is the film 633 squadron based on a true story?,False,False,110,False
2121,0.91,0.06926441399991745,,True,Laya,,,,Does windows include a restore utility which is used to restore your backup?,True,False,101,True
2122,0.9691,0.06331868899997062,,True,Laya,,,,Will a letter be delivered without a return address?,True,False,58,True
2123,0.3062,0.0557831809999243,,False,Laya,,,,Are diary of a wimpy kid books graphic novels?,False,False,68,True
2124,0.6734,0.03940284700001939,,True,Laya,,,,Is there a limit on freedom of speech?,True,False,165,True
2125,1.0,0.036826239999982135,,True,Laya,,,,Is a lightning bug the same as a firefly?,True,False,115,True
2127,0.0395,0.04322463800008336,,False,Laya,,,,Is scottish law the same as english law?,False,False,60,True
2128,0.6559,0.0379129540001486,,True,Laya,,,,Will there be a season 2 of penny on mars?,True,False,15,True
2130,0.1628,0.037857342000052085,,False,Laya,,,,Is nacho from better call saul in breaking bad?,False,False,114,True
2132,1.0,0.04129656800000703,,True,Laya,,,,Is ihop and applebee's owned by the same company?,True,False,53,True
2133,0.3131,0.03994855199994163,,False,Laya,,,,Is there a real baker street in london?,True,False,154,False
2134,0.2779,0.038693019999982425,,False,Laya,,,,Can an african nation win the world cup?,True,False,95,False
2135,0.9412,0.03987200899996424,,True,Laya,,,,Is there a border between switzerland and italy?,True,False,103,True
2136,0.1578,0.04090626700008215,,False,Laya,,,,Is it possible to win chess with only a king?,False,False,117,True
2138,0.5684,0.03813541199997417,,True,Laya,,,,Can you travel internationally with a passport card?,False,False,172,False
2139,0.7617,0.04906724900001791,,True,Laya,,,,Can a 3d printer print a real gun?,True,False,170,True
2140,0.8007,0.044742553000105545,,True,Laya,,,,Is zendaya in spider man far from home?,True,False,159,True
2141,0.064,0.04088113499983592,,False,Laya,,,,Is saigon cinnamon the same as regular cinnamon?,False,False,153,True
2142,0.8651,0.04308454000010897,,True,Laya,,,,Did estonia used to be part of russia?,True,False,83,True
2144,0.1385,0.038994232999812084,,False,Laya,,,,Do in n out burgers come with pickles?,False,False,69,True
2146,0.2789,0.03879410900003677,,False,Laya,,,,Is red grapefruit the same as pink grapefruit?,False,False,177,True
2147,0.2752,0.04837558400004127,,False,Laya,,,,Do you have to call the pocket in 9 ball?,False,False,191,True
2148,0.9629,0.03956201300002249,,True,Laya,,,,Did a helicopter crash in the perfect storm?,True,False,205,True
2149,0.126,0.04009667199989053,,False,Laya,,,,Has russia ever made it to the world cup finals?,False,False,188,True
2150,0.1406,0.04262157799985289,,False,Laya,,,,Do jj and reid date in criminal minds?,False,True,482,True
2151,0.5754,0.038307703000100446,,True,Laya,,,,Do you have to have a license to have a lemonade stand?,True,False,36,True
2152,0.6667,0.03891643499991915,,True,Laya,,,,Can a minor sit at a bar in nj?,True,False,141,True
2153,0.606,0.04433995599993068,,True,Laya,,,,Has a team ever won back to back super bowls?,True,False,386,True
2154,1.0,0.040330226999913066,,True,Laya,,,,Is there an insect called a walking stick?,True,False,161,True
2156,0.5386,0.041436165000050096,,True,Laya,,,,Is 1.5 ounces of liquor a standard drink?,True,False,74,True
2157,0.0047,0.04321746200002963,,False,Laya,,,,Did the cincinnati bengals ever win a superbowl?,False,False,50,True
2158,0.258,0.03968462600005296,,False,Laya,,,,Can a red back spider bite kill you?,True,False,291,False
2160,0.3161,0.041077121000171246,,False,Laya,,,,Do we find out where fez is from?,False,False,286,True
2163,0.9961,0.04450484599988158,,True,Laya,,,,Is orange is the new black a netflix original?,True,False,150,True
2164,0.0605,0.039504523000005065,,False,Laya,,,,Will one tree hill return for season 10?,False,False,81,True
2165,0.4079,0.03944043199999214,,False,Laya,,,,Can staring at a bright light cause blindness?,True,False,42,False
2166,0.6345,0.04006512599994494,,True,Laya,,,,Have the lakers ever had a 3 peat?,True,False,164,True
2167,0.654,0.03963336199990408,,True,Laya,,,,Did lil dicky write all of freaky friday?,False,False,144,False
2168,0.7789,0.0378103769999143,,True,Laya,,,,Is there going to be a sequel to the death cure?,False,False,58,False
2169,0.0001,0.04152705399997103,,False,Laya,,,,Is a bumble bee and a honey bee the same?,False,False,115,True
2170,0.613,0.05381186299996443,,True,Laya,,,,Can all xbox 360 games be played on xbox one?,False,False,115,False
2171,0.6535,0.04212563700002647,,True,Laya,,,,Was better call saul filmed before breaking bad?,False,False,175,False
2172,0.4211,0.04399531300009585,,False,Laya,,,,Can u get held back in 8th grade?,True,False,72,False
2173,0.2027,0.038241956999854665,,False,Laya,,,,Is fear the walking dead the same as the walking dead?,False,False,79,True
2174,0.9627,0.03835158699985186,,True,Laya,,,,Is there an amtrak station in pensacola florida?,False,False,89,False
2175,0.1697,0.04191926900011822,,False,Laya,,,,Is soy sauce and worcester sauce the same?,False,False,23,True
2176,0.0539,0.038978069999984655,,False,Laya,,,,Is there an in and out burger in maryland?,False,False,100,True
2177,0.8415,0.03793103600014547,,True,Laya,,,,Has canada ever competed in the world cup?,True,False,31,True
2178,0.1232,0.04509706399994684,,False,Laya,,,,Does the statute of limitations apply to all crimes?,False,False,121,True
2179,0.1115,0.040170514999999796,,False,Laya,,,,Was america the first country to have a president?,False,False,123,True
2180,0.8814,0.03861684899993634,,True,Laya,,,,Are there any tolls on i-75?,True,False,153,True
2181,0.735,0.04003031699994608,,True,Laya,,,,Is there extra time in the world cup playoffs?,True,False,66,True
2182,0.8773,0.03985128599993004,,True,Laya,,,,Is california still part of the united states?,True,False,149,True
2183,0.6427,0.04006089399990742,,True,Laya,,,,Does us have military bases in saudi arabia?,False,False,84,False
2185,0.8553,0.04058827299991208,,True,Laya,,,,Is there still a water crisis in cape town?,True,False,214,True
2186,0.7846,0.03815726600009839,,True,Laya,,,,Can you jump at the free throw line?,True,False,152,True
2187,0.9663,0.03844282799991561,,True,Laya,,,,Will hawaii five o have a season 8?,True,False,117,True
2188,0.9835,0.04089136300012797,,True,Laya,,,,Is demi moore in the movie wild oats?,True,False,83,True
2190,1.0,0.0407823720001943,,True,Laya,,,,Is the ascending colon part of the large intestine?,True,False,53,True
2191,0.3289,0.038366890999895986,,False,Laya,,,,Is a lieutenant colonel higher than a colonel?,False,False,61,True
2192,0.2119,0.0436253929999566,,False,Laya,,,,Can you die from a spoonful of cinnamon?,True,False,95,False
2193,0.9525,0.04052218800006813,,True,Laya,,,,Is dragon ball super a continuation of dragon ball z?,True,False,170,True
2194,0.8116,0.038201242000013735,,True,Laya,,,,Is there a lift at earls court tube station?,True,False,90,True
2196,0.8255,0.03962673700016239,,True,Laya,,,,Is there such thing as fresh water sharks?,True,False,16,True
2197,0.3714,0.03769993199989585,,False,Laya,,,,Were all 4 ghostbusters in the new movie?,False,False,119,True
2198,0.6794,0.05138704499995583,,True,Laya,,,,Is the dark knight a sequel to batman begins?,True,False,161,True
2200,0.9303,0.04525781799998185,,True,Laya,,,,Is there such thing as a no carb diet?,True,False,178,True
2201,0.851,0.038684953000029054,,True,Laya,,,,Are homologous chromosomes present in both mitosis and meiosis?,True,False,35,True
2202,0.0894,0.037534921000087706,,False,Laya,,,,Has serbia ever won the fifa world cup?,False,False,112,True
2203,0.7858,0.04161632299997109,,True,Laya,,,,Can you pick someone up by their hair?,True,False,91,True
2204,0.1047,0.03880878299992219,,False,Laya,,,,Is a savannah cat the same as a bengal?,False,False,77,True
2205,0.8052,0.039202438999836886,,True,Laya,,,,Did the emancipation proclamation apply to all states?,False,False,151,False
2206,0.8919,0.041295274000049176,,True,Laya,,,,Is there such thing as a six leaf clover?,True,False,136,True
2207,0.8354,0.04459000700012439,,True,Laya,,,,Is the pyramid in pyramid lake man made?,True,False,73,True
2208,0.949,0.03785119200006193,,True,Laya,,,,Is i cant believe its not butter margarine?,False,False,97,False
2209,0.948,0.04068291499993393,,True,Laya,,,,Is the last day of the tour de france a race?,True,False,55,True
2210,0.6999,0.038959033000082854,,True,Laya,,,,Is the electron transport chain and oxidative phosphorylation the same thing?,False,False,125,False
2211,0.1428,0.039059559999941484,,False,Laya,,,,Are bounty hunters allowed to carry a gun?,True,False,84,False
2212,0.7755,0.04242230199997721,,True,Laya,,,,Are us toll-free numbers free in canada?,True,False,53,True
2213,0.8897,0.03761583300001803,,True,Laya,,,,Is there such a thing as dry water?,True,False,99,True
2214,0.8532,0.03789201400013553,,True,Laya,,,,Are the two chromosomes in a pair identical?,False,False,203,False
2215,0.8139,0.040452678000065134,,True,Laya,,,,Does the a train go to penn station?,True,False,106,True
2217,0.34,0.038879206000046906,,False,Laya,,,,Are swift codes and bsb numbers the same?,False,False,117,True
2218,0.8342,0.03925253000011253,,True,Laya,,,,Has india won a gold medal in olympics?,True,False,131,True
2219,0.7011,0.044335350999972434,,True,Laya,,,,Is the ball dead on an infield fly?,False,False,110,False
2220,0.8385,0.041999950999979774,,True,Laya,,,,Has a supreme court justice ever run for president?,True,False,67,True
2221,0.1542,0.042707680999910735,,False,Laya,,,,Does passive transport go against the concentration gradient?,False,False,210,True
2222,0.863,0.04376718299999993,,True,Laya,,,,Is there a type of jellyfish that lives forever?,True,False,87,True
2223,0.7654,0.0411893330001476,,True,Laya,,,,Is there such thing as a blue ruby?,False,False,142,False
2224,0.886,0.040088234999984707,,True,Laya,,,,Is key west part of the united states?,True,False,165,True
2225,0.7902,0.05794228700005988,,True,Laya,,,,Can you make prawn crackers in the microwave?,True,False,109,True
2226,0.8473,0.04190586200002144,,True,Laya,,,,Has anyone won the million dollars on are you smarter than a fifth grader?,True,False,53,True
2227,0.9651,0.03819243599991751,,True,Laya,,,,Is the republic of ireland in the uk?,False,False,269,False
2228,1.0,0.040763232000017524,,True,Laya,,,,Was there a sequel to the movie prometheus?,True,False,145,True
2229,0.9913,0.0383843810000144,,True,Laya,,,,Was mama mia a play before a movie?,True,False,156,True
2230,0.9079,0.03902509799991094,,True,Laya,,,,Is there any nuclear power plants in canada?,True,False,109,True
2231,0.0901,0.04703807099986079,,False,Laya,,,,Is there a roman catholic cathedral in dublin?,False,False,235,True
2232,0.1987,0.03590529400003106,,False,Laya,,,,Did england beat belgium in the world cup?,False,False,35,True
2233,0.7186,0.03739818200006084,,True,Laya,,,,Is pokemon lets go eevee a spin off?,False,False,129,False
2234,0.8885,0.040624437000133184,,True,Laya,,,,Is displacement current like conduction current a source of magnetic field?,True,False,118,True
2235,0.8432,0.037203099999942424,,True,Laya,,,,Do they still make the chrysler pt cruiser?,False,False,54,False
2236,0.3371,0.03951795100010713,,False,Laya,,,,Is riviera maya on the gulf of mexico?,False,False,157,True
2237,0.1069,0.03939909800010355,,False,Laya,,,,Is ccr in rock and roll hall of fame?,True,False,115,False
2238,0.1408,0.04099276200008717,,False,Laya,,,,Does the speed of sound vary with changes in frequency at constant temperature?,True,False,37,False
2239,0.9728,0.0365730529999837,,True,Laya,,,,Is wont you be my neighbor a documentary?,True,False,101,True
2240,0.0008,0.04036269099992751,,False,Laya,,,,Are the ford ka and fiat 500 the same?,False,False,137,True
2241,0.88,0.04071713600001203,,True,Laya,,,,Did north korea make it to the world cup?,True,False,158,True
2242,0.4235,0.04039042999988851,,False,Laya,,,,Is it legal to smoke weed in ireland?,False,False,55,True
2243,0.7439,0.04205566500013447,,True,Laya,,,,Does companies act 2006 apply to all companies?,True,False,34,True
2246,0.6855,0.038397282999994786,,True,Laya,,,,Can you go into a liquor store under 21 in nj?,True,False,141,True
2247,0.9151,0.038275849999990896,,True,Laya,,,,Is pixel density and resolution the same thing?,True,False,81,True
2248,0.827,0.040472905999877185,,True,Laya,,,,Would you expect motor units to vary in size?,True,False,104,True
2249,0.8796,0.036587365999821486,,True,Laya,,,,Did poland qualify for the world cup 2018?,True,False,52,True
2251,0.1481,0.03817377899986241,,False,Laya,,,,Do you have to be from america to be on americas got talent?,False,False,161,True
2252,0.9986,0.04505151399985152,,True,Laya,,,,Does smackdown vs raw 2008 have gm mode?,True,False,46,True
2253,0.7482,0.04824834400005784,,True,Laya,,,,Is palm oil the same as palm fruit oil?,True,False,93,True
2255,0.826,0.04327816599993639,,True,Laya,,,,Can a police officer carry in any state?,True,False,72,True
2256,0.1203,0.041151345000116635,,False,Laya,,,,Is it illegal to steal a street sign?,True,False,108,False
2257,1.0,0.03794623900012084,,True,Laya,,,,Is the amur tiger the same as a siberian tiger?,True,False,190,True
2258,0.9792,0.03851258300005611,,True,Laya,,,,Do i need a visa to visit svalbard?,False,False,178,False
2259,0.8668,0.04671739300010813,,True,Laya,,,,Is there a river in ellicott city md?,True,False,181,True
2261,0.2802,0.03758392099985031,,False,Laya,,,,Is wordpad the same thing as microsoft word?,False,False,48,True
2262,0.12,0.03726284000003943,,False,Laya,,,,Do you have to pay to watch the itv hub?,False,False,158,True
2264,0.08,0.04111206600009609,,False,Laya,,,,Is g major and e minor the same?,False,False,94,True
2265,0.4881,0.037859953999941354,,False,Laya,,,,Is a nissan pathfinder a full size suv?,False,False,54,True
2266,0.9078,0.03935249599999224,,True,Laya,,,,Does a spark plug need to be grounded?,True,False,199,True
2267,0.0191,0.04135203700002421,,False,Laya,,,,Does a jury have to have 12 members?,False,False,139,True
2268,0.8885,0.03844055600006868,,True,Laya,,,,Is the good fight a sequel to the good wife?,True,False,138,True
2269,0.949,0.03801495199991223,,True,Laya,,,,Is commodity code the same as hs code?,True,False,89,True
2271,0.8405,0.04040318500005924,,True,Laya,,,,Is astro turf the same as artificial grass?,True,False,151,True
2273,0.0002,0.03878441100005148,,False,Laya,,,,Did lonnie die on days of our lives?,False,False,127,True
2274,0.8777,0.03894559700006539,,True,Laya,,,,Is it legal to count cards in las vegas?,True,False,89,True
2276,0.0001,0.040355654999984836,,False,Laya,,,,Is high dependency the same as intensive care?,False,False,145,True
2277,0.1162,0.03861983499996313,,False,Laya,,,,Is avicii the guy in the nights video?,False,False,100,True
2279,0.942,0.03937680899980478,,True,Laya,,,,Does the hatch act apply to elected officials?,True,False,94,True
2280,0.1467,0.04346075499984181,,False,Laya,,,,Are clary and jace really brother and sister?,False,False,202,True
2281,0.0895,0.037356403000103455,,False,Laya,,,,Do they find kate in a child in time?,False,False,45,True
2282,0.1379,0.037614270999938526,,False,Laya,,,,Is the netherlands part of the united kingdom?,False,False,39,True
2283,0.0861,0.04335676499999863,,False,Laya,,,,Will being flat footed keep you out of the military?,False,False,184,True
2284,0.8685,0.04030285999988337,,True,Laya,,,,Is atmospheric pressure the same as air pressure?,True,False,267,True
2286,1.0,0.039484415000060835,,True,Laya,,,,Is a crawfish and a crawdad the same thing?,True,False,154,True
2287,0.4943,0.05503633600005742,,False,Laya,,,,Is it law to wear a seatbelt uk?,True,False,214,False
2288,0.6412,0.03965529700008119,,True,Laya,,,,Do all xbox 360 games work on xbox 1?,False,False,262,False
2291,0.0913,0.037688536999894495,,False,Laya,,,,Is yg and yo gotti the same person?,False,False,103,True
2292,0.9195,0.046730724000099144,,True,Laya,,,,Is coast guard part of the armed forces?,True,False,158,True
2293,0.8711,0.03794795699991482,,True,Laya,,,,Has any team won 3 championships in a row?,True,False,45,True
2294,0.9073,0.037032699000064895,,True,Laya,,,,Can you have a unanimous vote with an abstention?,True,False,123,True
2295,0.7191,0.041134711000040625,,True,Laya,,,,Is it dangerous to drink from lead crystal glasses?,True,False,79,True
2297,0.9119,0.03843975699987823,,True,Laya,,,,Does c. botulinum have any positive medical uses?,True,False,83,True
2298,0.9185,0.03828241599990179,,True,Laya,,,,Can it rain if there are no clouds?,True,False,99,True
2299,0.1761,0.04000285999995867,,False,Laya,,,,Is season 6 of voltron the last one?,False,False,195,True
2300,0.0543,0.037992185000121026,,False,Laya,,,,Can the time value of an option be negative?,False,False,171,True
2301,0.8646,0.03975871900001948,,True,Laya,,,,Do both male and female rhinos have horns?,True,False,183,True
2304,0.8936,0.041960012000117786,,True,Laya,,,,Did mexico made it to the world cup?,True,False,139,True
2305,0.8927,0.038387142999908974,,True,Laya,,,,Can you keep doubling your bet on roulette?,True,False,117,True
2306,0.8811,0.038399653999931616,,True,Laya,,,,Do they still make new family guy episodes?,True,False,24,True
2307,0.3065,0.040573277000021335,,False,Laya,,,,Can i open carry without a permit in tennessee?,False,False,84,True
2308,0.6008,0.03894020600000658,,True,Laya,,,,Are maleficent and the evil queen the same?,False,False,124,False
2310,0.6954,0.03765840999994907,,True,Laya,,,,Is diary of a wimpy kid considered a graphic novel?,False,False,68,False
2311,0.0822,0.03989502200010975,,False,Laya,,,,Is turpentine and white spirit the same thing?,False,False,51,True
2313,0.8348,0.03930581899999197,,True,Laya,,,,Is it possible for someone to die of laughter?,True,False,48,True
2314,0.8801,0.0371077580000474,,True,Laya,,,,Are centripetal and centrifugal force action reaction pair?,True,False,24,True
2315,0.1223,0.046518804000015734,,False,Laya,,,,Did they use a real leopard in bringing up baby?,True,False,101,False
2316,0.631,0.038730409999971016,,True,Laya,,,,Does the waterloo and city line run on sundays?,False,False,81,False
2317,0.1585,0.037765295000099286,,False,Laya,,,,Is home park windsor open to the public?,False,False,65,True
2319,0.0637,0.04174730099998669,,False,Laya,,,,Is flight of the phoenix based on a true story?,False,False,91,True
2321,0.1028,0.04850507400010429,,False,Laya,,,,Was avatar the last airbender based on a book?,False,False,199,True
2322,0.1785,0.04147352399991178,,False,Laya,,,,Is the film tully based on the book?,False,False,99,True
2324,0.8718,0.04772244400010095,,True,Laya,,,,Is test track the fastest ride in disney?,True,False,187,True
2325,0.9495,0.04015945400010423,,True,Laya,,,,Were the twin towers taller than the empire state building?,True,False,257,True
2326,0.9661,0.038368169000023045,,True,Laya,,,,Is there a sequel to wrinkle in time?,True,False,189,True
2327,0.8397,0.03858647799984283,,True,Laya,,,,Is there such a thing as corinthian leather?,False,False,67,False
2328,0.0557,0.03873477499996625,,False,Laya,,,,Is the movie gone baby gone a true story?,False,False,109,True
2329,0.8401,0.03677532799997607,,True,Laya,,,,Is a toothed belt the same as a cam belt?,True,False,108,True
2330,0.8741,0.0394699490000221,,True,Laya,,,,Is there a story to magic the gathering?,True,False,160,True
2331,0.0,0.04439162099993155,,False,Laya,,,,Is the home insurance building still standing in chicago?,False,False,14,True
2332,0.7573,0.03767481899990344,,True,Laya,,,,Are there dolphins in the north atlantic ocean?,True,False,39,True
2333,0.3258,0.0402596829999311,,False,Laya,,,,Is the book of jasher in the bible?,False,False,118,True
2334,0.3851,0.03828625400001329,,False,Laya,,,,Is all of europe in the same time zone?,False,False,98,True
2335,0.861,0.03764135999995233,,True,Laya,,,,Is india a member of missile technology control regime?,True,False,112,True
2336,0.4613,0.04038875000014741,,False,Laya,,,,Do you have to have a gun license to go to the gun range?,False,False,69,True
2338,0.195,0.03917667500013522,,False,Laya,,,,Does the queen stay at st james palace?,False,False,186,True
2339,0.0279,0.03898721300015495,,False,Laya,,,,Will there be a 5th season of the killing?,False,False,79,True
2340,0.8362,0.04464811100001498,,True,Laya,,,,Does angel food cake have flour in it?,True,False,112,True
2341,0.0307,0.04540212100005192,,False,Laya,,,,Did belgium ever won the fifa world cup?,False,False,28,True
2344,0.6864,0.057101554999917425,,True,Laya,,,,Do you get paid when on administrative leave?,True,False,40,True
2345,0.7871,0.05424545500000022,,True,Laya,,,,Is us marshals a sequel to the fugitive?,False,False,196,False
2346,1.0,0.04066882600000099,,True,Laya,,,,Is bradley cooper a star is born a remake?,True,False,159,True
2347,0.6005,0.03944277799996598,,True,Laya,,,,Is an isothermal change the internal energy of the ideal gas molecules?,True,False,108,True
2348,0.8093,0.04101100299999416,,True,Laya,,,,Is there a run rule in ncaa softball?,True,False,100,True
2349,0.7684,0.039841253999838955,,True,Laya,,,,Is the little house on the prairie fiction?,False,False,123,False
2351,0.9296,0.0498065450001377,,True,Laya,,,,Is there a tunnel under the english channel?,True,False,187,True
2352,0.5102,0.040712036000059015,,True,Laya,,,,Do bees and hornets have the same venom?,False,False,84,False
2354,0.6575,0.03795039600004202,,True,Laya,,,,Did abba write songs specifically for mamma mia?,False,False,162,False
2355,0.9382,0.039827031999948304,,True,Laya,,,,Is the moose a member of the deer family?,True,False,255,True
2356,0.7782,0.05464453499985211,,True,Laya,,,,Is there a green lantern movie coming out?,True,False,136,True
2357,0.8642,0.038817708000124185,,True,Laya,,,,Are there other kinds of ketchup besides tomato?,True,False,170,True
2358,0.9266,0.03976562100001502,,True,Laya,,,,Is the ranch filmed in front of a live audience?,True,False,156,True
2359,0.0225,0.04169210899999598,,False,Laya,,,,Is netflix ozark based on a true story?,False,False,75,True
2361,0.0434,0.038941780999948605,,False,Laya,,,,Is season 14 the last season for grey's anatomy?,False,False,26,True
2362,0.1113,0.03908221999995476,,False,Laya,,,,Is it illegal to flash your headlights to warn of police in virginia?,False,False,47,True
2363,0.1185,0.040384017999940625,,False,Laya,,,,Is the outsiders movie based on a true story?,False,False,87,True
2364,0.8078,0.03740575300003002,,True,Laya,,,,Has it ever snowed in san diego california?,True,False,110,True
2365,0.9659,0.038539162999995824,,True,Laya,,,,Is keeping up with the kardashians a reality show?,True,False,107,True
2367,0.6523,0.04009612699996978,,True,Laya,,,,Is a nissan frontier a half ton truck?,False,False,211,False
2368,0.8343,0.0364954530000432,,True,Laya,,,,Can you play gameboy games on a ds lite?,True,False,43,True
2369,0.3747,0.03688410100016881,,False,Laya,,,,Has ireland ever beaten the wallabies in australia?,True,False,76,False
2370,0.9256,0.0392916430000696,,True,Laya,,,,Can you mail something with no return address?,True,False,58,True
2371,0.3273,0.03794385300011527,,False,Laya,,,,Are there sharks in the long island sound?,True,False,258,False
2372,0.8051,0.03706857400015906,,True,Laya,,,,Is lord of all hopefulness a funeral hymn?,True,False,58,True
2373,0.8667,0.04077630400001908,,True,Laya,,,,Is hawaii part of the united states territory?,True,False,127,True
2374,0.8018,0.03868673899978603,,True,Laya,,,,Can hydrogen be used in a combustion engine?,True,False,67,True
2377,0.7643,0.037386255000001256,,True,Laya,,,,Can a person die from a broken neck?,True,False,70,True
2378,1.0,0.04158327900017866,,True,Laya,,,,Did the washington post go public in 1971?,True,False,76,True
2379,0.1722,0.03758813700005703,,False,Laya,,,,Was the leaning tower of pisa built to lean?,False,False,114,True
2381,0.8082,0.038405225999895265,,True,Laya,,,,Does the right atrium receive blood from the lungs?,True,False,144,True
2382,0.1527,0.050138205000166636,,False,Laya,,,,Do you have to call a married woman matron of honor?,True,False,97,False
2384,0.4693,0.0386495999998715,,False,Laya,,,,Was family ties filmed in front of a live audience?,True,False,73,False
2386,0.8118,0.03892872100004752,,True,Laya,,,,Does northern ireland have a world cup team?,True,False,20,True
2387,0.5832,0.0471520580001652,,True,Laya,,,,Can you be retried if new evidence is found?,False,False,98,False
2388,0.33,0.037128844999870125,,False,Laya,,,,Is there a difference between dynamite and tnt?,True,False,283,False
2391,0.8032,0.03773577500010106,,True,Laya,,,,Does a flagrant foul count as a personal foul?,True,False,89,True
2393,1.0,0.03947089100006451,,True,Laya,,,,Are applebee's and ihop owned by the same company?,True,False,53,True
2394,0.4093,0.038136430000122346,,False,Laya,,,,Does the governor general have to sign all bills passed by federal parliament?,True,False,69,False
2395,0.0872,0.03882237500010888,,False,Laya,,,,Is semolina flour the same as cream of wheat?,True,False,30,False
2396,0.9067,0.04047274300000936,,True,Laya,,,,Is there such a thing as a cell phone jammer?,True,False,94,True
2397,0.8707,0.038242405000119106,,True,Laya,,,,Can you have more than 2 sets of teeth?,True,False,144,True
2399,0.8642,0.03868327899999713,,True,Laya,,,,Is willy wonka and the chocolate factory a musical?,True,False,122,True
2401,0.3559,0.044073666999793204,,False,Laya,,,,Has any pitcher thrown a no hitter and lost?,True,False,337,False
2402,0.1462,0.038192743000081464,,False,Laya,,,,Is it illegal to drive with no sleep?,False,False,70,True
2403,0.5771,0.0377471950000654,,True,Laya,,,,Has any team ever come back from 3-0 nhl?,True,False,134,True
2404,0.1929,0.04326738400004615,,False,Laya,,,,Can you move a king backwards in chess?,True,False,89,False
2406,0.9272,0.042206748000126026,,True,Laya,,,,Is it illegal to buy organs in the us?,True,False,112,True
2407,0.364,0.04186886200000117,,False,Laya,,,,Is employment termination the same as being fired?,True,False,106,False
2408,0.7943,0.04349979399989934,,True,Laya,,,,Is there a difference in power between the power input and power output?,True,False,116,True
2410,0.8326,0.03874985499987815,,True,Laya,,,,Is data visualization a part of data science?,True,False,94,True
2411,0.2441,0.040251918999956615,,False,Laya,,,,Is any part of lake michigan in canada?,False,False,294,True
2412,0.1532,0.04197453699998732,,False,Laya,,,,Is the movie stalingrad based on a true story?,False,False,48,True
2413,0.1465,0.04077180599983876,,False,Laya,,,,Does the dad die in train to busan?,True,False,273,False
2414,0.8225,0.03862598799992156,,True,Laya,,,,Is it possible to have a triangle with two obtuse angles?,False,False,60,False
2415,0.1464,0.040166167999814206,,False,Laya,,,,Do thelma and louise die at the end?,True,False,125,False
2416,0.3717,0.04888729300000705,,False,Laya,,,,Can drinking too much milk make you throw up?,True,False,155,False
2417,0.6442,0.04079507000005833,,True,Laya,,,,Is the sea snake the most venomous snake?,False,False,226,False
2418,0.7715,0.04611865399988346,,True,Laya,,,,Are there any nuclear power plants being built in the us?,True,False,59,True
2419,0.9178,0.03872364699986974,,True,Laya,,,,Is there a bird called a rain crow?,True,False,65,True
2421,0.7993,0.03815798599998743,,True,Laya,,,,Can you be born with both female and male parts?,True,False,87,True
2422,0.3959,0.05436256300004061,,False,Laya,,,,Can a player be substituted twice in football?,True,False,198,False
2425,0.9636,0.06360747799999444,,True,Laya,,,,Is an imperial gallon the same as a us gallon?,False,False,151,False
2426,0.8519,0.06081596800004263,,True,Laya,,,,Do you have the right to remain silent before arrest?,True,False,193,True
2427,0.8762,0.05598210200014364,,True,Laya,,,,Can a picc line be used for nutrition?,True,False,144,True
2428,0.7525,0.0533259060000546,,True,Laya,,,,Is dances with wolves supposed to have subtitles?,True,False,90,True
2429,0.726,0.05362452100007431,,True,Laya,,,,Can i get into canada with a birth certificate?,True,False,118,True
2430,0.3931,0.04823595299990302,,False,Laya,,,,Can a node in a tree have two parents?,False,False,86,True
2431,0.8658,0.04948842700014211,,True,Laya,,,,Has christiano ronaldo ever won the world cup?,True,False,247,True
2432,0.1079,0.05133540999986508,,False,Laya,,,,Can i have a beard in the military?,False,False,42,True
2433,0.4128,0.050343170000132886,,False,Laya,,,,Does the national anthem of spain have words?,False,False,89,True
2434,0.2158,0.04972241500013297,,False,Laya,,,,Do you get an rbi on a home run?,True,False,176,False
2435,0.1855,0.04929905900007725,,False,Laya,,,,Is it possible to run a mile in 2 minutes?,False,False,170,True
2436,0.8116,0.05610844700004236,,True,Laya,,,,Is closing date the same as settlement date?,True,False,22,True
2437,0.8831,0.054415422999909424,,True,Laya,,,,Does the vice president break tie votes in the senate?,True,False,77,True
2438,0.1307,0.05028458700007832,,False,Laya,,,,Are pork n beans the same as baked beans?,False,False,117,True
2439,0.7275,0.06900713899995026,,True,Laya,,,,Does all of the us do daylight savings?,False,False,123,False
2440,0.8657,0.07036309699992671,,True,Laya,,,,Can you have a boy and a girl identical twins?,False,False,114,False
2441,0.04,0.04964792700002363,,False,Laya,,,,Is the movie hostage based on a true story?,False,False,52,True
2442,0.8777,0.04732293300003221,,True,Laya,,,,Does the nile river still flood every year?,True,False,126,True
2443,0.782,0.049910516999943866,,True,Laya,,,,Is land tax the same as property tax?,False,False,121,False
2444,0.0001,0.056485672999997405,,False,Laya,,,,Is the film hush based on a true story?,False,False,108,True
2445,0.7213,0.0454615940000167,,True,Laya,,,,Is there a difference between an ounce and a fluid ounce?,True,False,42,True
2447,0.185,0.05309689399996387,,False,Laya,,,,Can puerto rico vote for the us president?,False,False,134,True
2448,0.8497,0.0485097499999938,,True,Laya,,,,Can an infinite geometric series have a sum?,True,False,86,True
2449,0.9716,0.052334093999888864,,True,Laya,,,,Is day of the dead bloodline a sequel?,False,False,105,False
2450,0.6218,0.05191759800004547,,True,Laya,,,,Do jenny and nate ever date in gossip girl?,True,False,262,True
2451,0.458,0.050508843000216075,,False,Laya,,,,Has there ever been an earthquake in tennessee?,True,False,147,False
2452,0.8136,0.048788734000027034,,True,Laya,,,,Was harry potter inspired by lord of the rings?,False,False,369,False
2453,0.943,0.05032738700015216,,True,Laya,,,,Did gone with the wind win best picture?,True,False,171,True
2454,0.9266,0.06045024500008367,,True,Laya,,,,Does the antagonist always have to be a person?,False,False,49,False
2455,0.8783,0.06701047499996093,,True,Laya,,,,Were the twin towers taller than empire state building?,True,False,257,True
2456,0.7396,0.061190864000082,,True,Laya,,,,Is ireland in the fifa world cup 2018?,False,False,52,False
2457,0.8004,0.053788307000104396,,True,Laya,,,,Is a web server an example of a host?,True,False,17,True
2459,0.7154,0.04893567300018731,,True,Laya,,,,Is national human rights commission a constitutional body?,True,False,110,True
2460,0.3278,0.057505259999970804,,False,Laya,,,,Are el dorado and rio bravo the same movie?,False,False,138,True
2461,0.8466,0.05211992700014889,,True,Laya,,,,Can you buy alcohol on sunday in indiana 2018?,True,False,81,True
2462,0.1142,0.061098327000081554,,False,Laya,,,,Is five guys only on the east coast?,False,False,180,True
2463,1.0,0.04560027299999092,,True,Laya,,,,Is white spirits the same as mineral spirits?,True,False,78,True
2464,0.8342,0.06190849600011461,,True,Laya,,,,Did a double deckers have raisins in it?,True,False,99,True
2466,0.6436,0.06466437899985067,,True,Laya,,,,Can i watch ireland's got talent in england?,True,False,19,True
2467,0.8785,0.062107149999974354,,True,Laya,,,,Is syria a member of the united nations?,True,False,112,True
2468,0.9176,0.06587818200000584,,True,Laya,,,,Is the isle of man part of the uk?,True,False,111,True
2469,0.821,0.07313213199995516,,True,Laya,,,,Do ncaa division 2 schools offer athletic scholarships?,False,False,72,False
2470,0.8712,0.0594382700001006,,True,Laya,,,,Is there a mechanical advantage for a fixed pulley?,False,False,83,False
2471,0.7188,0.06913964699992903,,True,Laya,,,,Does the new mama mia have abba music?,True,False,106,True
2473,0.7504,0.055491841000048225,,True,Laya,,,,Is a prince the same as a duke?,False,False,106,False
2474,0.8952,0.04413538200014955,,True,Laya,,,,Is the tower of terror in magic kingdom?,False,False,158,False
2476,0.8128,0.04014786700008699,,True,Laya,,,,Is 0 in the set of natural numbers?,True,False,82,True
2477,0.6344,0.04170807800005605,,True,Laya,,,,Did all of the lava flows associated with mauna loa originate at the top of the volcano?,False,False,300,False
2478,0.9214,0.04213418299991645,,True,Laya,,,,Is hong kong inside the great firewall of china?,False,False,74,False
2479,0.7939,0.04173125900001651,,True,Laya,,,,Did bart millard sing in movie i can only imagine?,True,False,217,True
2480,0.88,0.04312696500005586,,True,Laya,,,,Is puerto rico considered a part of the united states?,True,False,81,True
2481,0.7997,0.05002896999985751,,True,Laya,,,,Can a child born in canada get citizenship?,True,False,121,True
2482,0.148,0.040705181000021184,,False,Laya,,,,Has the long exile of the archbishop ended?,True,False,75,False
2483,0.0002,0.03820776299994577,,False,Laya,,,,Does marion die in raiders of the lost ark?,False,False,113,True
2485,0.9439,0.04814444400017237,,True,Laya,,,,Is the october revolution the same as the bolshevik revolution?,True,False,224,True
2486,0.7089,0.04635291700014932,,True,Laya,,,,Are there cars that run on natural gas?,True,False,144,True
2487,0.7505,0.03928673499990509,,True,Laya,,,,Are any cruise ships registered in the us?,True,False,81,True
2489,0.92,0.043472205000171016,,True,Laya,,,,Has usa ever played in the world cup?,True,False,105,True
2491,0.1364,0.03910724299998947,,False,Laya,,,,Is the open door policy still used today?,False,False,112,True
2492,0.3839,0.03953542900012508,,False,Laya,,,,Is the eye of a hurricane low pressure?,True,False,97,False
2494,0.7669,0.043738102999896,,True,Laya,,,,Has any team ever swept the stanley cup final?,True,False,91,True
2495,0.0958,0.03798164799991355,,False,Laya,,,,Are there in and out burgers in ohio?,False,False,100,True
2496,0.7622,0.03837959400016189,,True,Laya,,,,Does king kong die in the original movie?,True,False,228,True
2497,0.8561,0.047034972000119524,,True,Laya,,,,Has there ever been 2 grand slams in one inning?,True,False,137,True
2498,0.1406,0.04285347699988051,,False,Laya,,,,Is a doctor of physical therapy an md?,False,False,232,True
2500,0.9054,0.042215462000058324,,True,Laya,,,,Does a bloody mary have alcohol in it?,True,False,143,True
2501,0.7197,0.04624404699984552,,True,Laya,,,,Is penn and teller fool us still on?,True,False,104,True
2502,0.0623,0.044899936000092566,,False,Laya,,,,Is a catbird the same as a mockingbird?,False,False,69,True
2503,0.1694,0.04002900300019974,,False,Laya,,,,Is the strip in the city of las vegas?,False,False,82,True
2504,0.1632,0.041729331999931674,,False,Laya,,,,Did the actor who played gandalf play dumbledore?,False,False,79,True
2505,0.1752,0.04180107999991378,,False,Laya,,,,Is it normal for my second toe to be longer?,False,False,104,True
2506,0.0886,0.03865278200009925,,False,Laya,,,,Does cows have to be pregnant to produce milk?,False,False,121,True
2507,0.7259,0.05030828000008114,,True,Laya,,,,Are celery and rhubarb from the same family?,False,False,105,False
2508,0.7792,0.04025741800001015,,True,Laya,,,,Has any nba team came back from 3-1 in the finals?,True,False,22,True
2509,0.9104,0.041091835000088395,,True,Laya,,,,Do they still make $2 bills in 2018?,True,False,254,True
2511,0.2692,0.04328573599991614,,False,Laya,,,,Do you need a license for airsoft guns uk?,False,False,74,True
2512,0.8585,0.03809312100020179,,True,Laya,,,,Will there be season 2 of cobra kia?,True,False,91,True
2513,0.8914,0.03981951400010075,,True,Laya,,,,Is there a train station in zurich airport?,True,False,69,True
2514,0.8144,0.049093615999936446,,True,Laya,,,,Is lake ontario connected to the atlantic ocean?,True,False,164,True
2515,0.4669,0.04903549599998769,,False,Laya,,,,Is there a 4th film in divergent series?,False,False,178,True
2517,0.7411,0.03725232900001174,,True,Laya,,,,Do the second and third place winners on survivor get any money?,True,False,185,True
2518,0.0002,0.039568793999933405,,False,Laya,,,,Is cape fear based on a true story?,False,False,36,True
2519,0.62,0.03951178600004823,,True,Laya,,,,Can quartz cuvette be used in visible range?,True,False,75,True
2520,0.7885,0.039048734999823864,,True,Laya,,,,Does the t distribution have a standard deviation of 1?,False,False,69,False
2521,0.8843,0.043256350000092425,,True,Laya,,,,Is himalayan pink salt the same as curing salt?,False,False,150,False
2522,0.8587,0.03857037299985677,,True,Laya,,,,Is the scottish £1 note still legal tender?,True,False,48,True
2523,0.3029,0.03869856599999366,,False,Laya,,,,Is iphone se and iphone 5 the same?,False,False,43,True
2524,0.9833,0.04097659600006409,,True,Laya,,,,Did the queen mum buy a castle in scotland?,True,False,124,True
2525,0.9104,0.04014412500009712,,True,Laya,,,,Is new york a city in new york?,True,False,238,True
2526,0.105,0.03839916399988397,,False,Laya,,,,Is there a season four of red rock?,False,False,111,True
2527,0.15,0.04118475199993554,,False,Laya,,,,Are there more movies after i am number four?,False,False,36,True
2528,0.3337,0.039708552999854874,,False,Laya,,,,Did blake shelton wrote mine would be you?,False,False,71,True
2529,1.0,0.0393741120001323,,True,Laya,,,,Is elmer's glue all a pva glue?,True,False,65,True
2530,0.4927,0.04108699499988688,,False,Laya,,,,Are any original members of lynyrd skynyrd still alive?,False,False,167,True
2531,0.8778,0.04034948800017446,,True,Laya,,,,Can a twin be born inside the other?,True,False,48,True
2532,0.8802,0.039057557999967685,,True,Laya,,,,Is it possible to die from a bee sting?,True,False,54,True
2533,0.0464,0.04198455300002024,,False,Laya,,,,Are bensons and harvey's the same company?,False,False,85,True
2534,0.3835,0.0397273099999893,,False,Laya,,,,Does mercury stay a constant distance from the sun year after year?,True,False,128,False
2535,0.7504,0.03950908999991043,,True,Laya,,,,Is there going to be a sequel to wrath of the titans?,False,False,160,False
2536,0.7683,0.0411816580001414,,True,Laya,,,,Is social studies and social science the same?,False,False,83,False
2537,0.0597,0.038570765000031315,,False,Laya,,,,Is war room movie based on a true story?,False,False,66,True
2539,0.7207,0.038220698000031916,,True,Laya,,,,Are the inside of your cheeks called gums?,False,False,108,False
2540,0.324,0.04565046899983827,,False,Laya,,,,Does the sea of galilee have salt water?,False,False,252,True
2541,0.125,0.03854641599991737,,False,Laya,,,,Is fathers day the first sunday in september?,False,False,148,True
2542,0.376,0.054522563999853446,,False,Laya,,,,Is we bought a zoo based on a real story?,True,False,218,False
2543,1.0,0.041918597999938356,,True,Laya,,,,Is the walking dead ride a roller coaster?,True,False,97,True
2544,0.7864,0.04105167900002016,,True,Laya,,,,Can an induction motor work as a generator?,True,False,100,True
2545,0.9402,0.04121916000008241,,True,Laya,,,,Is there a book for harry potter and the cursed child?,True,False,100,True
2546,0.9443,0.04484792500011281,,True,Laya,,,,Can you use .224 bullets in a .223?,True,False,204,True
2548,0.0698,0.03716557399980047,,False,Laya,,,,Are natural gas and oil the same thing?,False,False,101,True
2549,0.8252,0.03793731900009334,,True,Laya,,,,Is a new nba trophy made every year?,True,False,47,True
2550,1.0,0.04307378700013942,,True,Laya,,,,Is guitar center and musicians friend the same company?,True,False,83,True
2551,0.7993,0.040153780000082406,,True,Laya,,,,Is superman going to be in the new justice league movie?,True,False,251,True
2552,0.9466,0.04041684700018777,,True,Laya,,,,Is lily-of-the-valley poisonous?,True,False,123,True
2553,0.7229,0.04305391100001543,,True,Laya,,,,Has season 5 of the flash come out?,False,False,49,False
2554,0.1653,0.04265918100009003,,False,Laya,,,,Is lymphoma the same as lymph node cancer?,False,False,128,True
2555,0.9724,0.03898440399984793,,True,Laya,,,,Is there a grey's anatomy season 14?,True,False,102,True
2556,0.8401,0.03902529600009075,,True,Laya,,,,Is a shear wall a load bearing wall?,True,False,99,True
2557,0.766,0.040323941999986346,,True,Laya,,,,Did they ever make it off gilligan island?,True,False,108,True
2558,0.78,0.03691633600010391,,True,Laya,,,,Has south africa qualified for the world cup?,True,False,20,True
2559,0.7235,0.038885080000000016,,True,Laya,,,,Is milan the fashion capital of the world?,True,False,53,True
2560,0.3819,0.036404753000169876,,False,Laya,,,,Can a horse win the kentucky derby twice?,False,False,106,True
2561,0.2709,0.036413723999885406,,False,Laya,,,,Is a ribeye steak the same as a delmonico steak?,False,False,66,True
2562,0.7774,0.03898763600000166,,True,Laya,,,,Is the turbulent water created by breaking waves?,True,False,90,True
2563,1.0,0.03895420499998181,,True,Laya,,,,Is cape lookout part of the outer banks?,True,False,138,True
2564,0.7995,0.03810533199998645,,True,Laya,,,,Is common law marriage legal in the united states?,True,False,156,True
2565,0.081,0.046686104000173145,,False,Laya,,,,Is a bachelor of education an undergraduate degree?,False,False,46,True
2566,0.9129,0.03678893300002528,,True,Laya,,,,Does every state have a good samaritan law?,True,False,43,True
2568,0.7975,0.039398078999965946,,True,Laya,,,,Can i get pregnant at 52 years old?,True,False,162,True
2570,0.1026,0.05183665000004112,,False,Laya,,,,Does the mason dixon line go through nj?,False,False,140,True
2572,0.3577,0.0366070210000089,,False,Laya,,,,Are all members of the four seasons still alive?,False,False,281,True
2574,0.7876,0.0382657319998998,,True,Laya,,,,Is there going to be fauda season 3?,True,False,80,True
2576,0.2851,0.0423298949999662,,False,Laya,,,,Does a soccer kick off have to go forward?,False,False,82,True
2577,0.8628,0.03733940300003269,,True,Laya,,,,Was san luis rey de francia always a mission?,False,False,124,False
2578,0.8304,0.03783461500006524,,True,Laya,,,,Is socialized medicine the same as universal health care?,True,False,79,True
2579,0.333,0.040713214999868796,,False,Laya,,,,Do the chargers still play in san diego?,False,False,204,True
2580,0.8821,0.03783981700007644,,True,Laya,,,,Will there be a new how to train your dragon series?,False,False,250,False
2581,0.9592,0.039763199000162786,,True,Laya,,,,Is profit and loss statement same as income statement?,True,False,158,True
2582,0.7685,0.0402669350000906,,True,Laya,,,,Can a federal court hear a state law case?,True,False,123,True
2583,0.4905,0.03830570099989927,,False,Laya,,,,Is mineral oil the same as hydraulic oil?,False,False,68,True
2584,0.7621,0.040742751000152566,,True,Laya,,,,Is elderflower cordial the same as elderflower syrup?,False,False,171,False
2585,0.8697,0.0398246070001278,,True,Laya,,,,Is abu dhabi and dubai the same place?,False,False,161,False
2586,0.1198,0.038011427000128606,,False,Laya,,,,Does the us follow the universal declaration of human rights?,False,False,96,True
2587,0.8807,0.03703165000001718,,True,Laya,,,,Is there a garbage patch in the pacific ocean?,True,False,91,True
2588,0.6598,0.04290376199992352,,True,Laya,,,,Do you have to raise double in poker?,True,False,244,True
2590,0.0805,0.03838038300000335,,False,Laya,,,,Has anyone ever won the million on millionaire?,True,False,188,False
2591,0.4418,0.03793414400001893,,False,Laya,,,,Is it law to get paid maternity leave?,False,False,60,True
2593,0.8369,0.03945771999997305,,True,Laya,,,,Can a soft material scratch a hard material?,False,False,95,False
2594,0.9555,0.04278081500001463,,True,Laya,,,,Is a way out a single player game?,False,False,108,False
2595,0.2443,0.037575497000034375,,False,Laya,,,,Is there a new season of once upon a time?,False,False,57,True
2596,1.0,0.03843454000002566,,True,Laya,,,,Do they have mother's day in other countries?,True,False,80,True
2597,0.0978,0.037372431999983746,,False,Laya,,,,Is hellmann's and best foods the same company?,True,False,88,False
2598,1.0,0.03976396300004126,,True,Laya,,,,Is there a spin off from breaking bad?,True,False,172,True
2599,0.2873,0.04503101700015577,,False,Laya,,,,Is things fall apart based on a true story?,False,False,235,True
2600,0.1328,0.04448851899996953,,False,Laya,,,,Have the phoenix suns ever won a championship?,False,False,118,True
2601,0.8266,0.04990439200014407,,True,Laya,,,,Is english the official language of south africa?,False,False,175,False
2602,0.4879,0.044250347999877704,,False,Laya,,,,Do you have to take the bar exam to practice law?,True,False,103,False
2603,0.077,0.03902740100011215,,False,Laya,,,,Did we have red solo cups in 1982?,True,False,74,False
2604,0.8147,0.03892894399996294,,True,Laya,,,,Are 45 colt and 45 long colt the same?,True,False,207,True
2605,0.9164,0.039671987000019726,,True,Laya,,,,Is a learner's license the same as a permit?,True,False,110,True
2608,0.8692,0.0394416059998548,,True,Laya,,,,Are xmen in the same universe as avengers?,True,False,120,True
2609,0.4726,0.041547064000042155,,False,Laya,,,,Do they celebrate father's day in france?,True,False,207,False
2610,0.1417,0.04169312399994851,,False,Laya,,,,Does indiana jones play a role in raiders?,True,False,108,False
2612,0.8172,0.03942270400011694,,True,Laya,,,,Has cleveland ever beat golden state in the finals?,True,False,123,True
2613,1.0,0.04504493200010984,,True,Laya,,,,Is snow on the mountain the same as bishops weed?,True,False,149,True
2614,0.9225,0.039269545000024664,,True,Laya,,,,Is there a season 14 of grey's anatomy?,True,False,103,True
2615,0.9579,0.0385798799998156,,True,Laya,,,,Is soul surfer based on a true story?,True,False,113,True
2616,0.8925,0.036624486999926376,,True,Laya,,,,Is sri lanka a neighbouring country of india?,True,False,106,True
2617,0.1693,0.042568684000116264,,False,Laya,,,,Has anyone ever won a million on who wants to be a millionaire?,True,False,188,False
2618,0.6029,0.040011073999949076,,True,Laya,,,,Is there a hulk movie with mark ruffalo?,False,False,283,False
2619,0.5761,0.03756724999993821,,True,Laya,,,,Is english an official language of new zealand?,True,False,38,True
2620,0.2231,0.046458111999982066,,False,Laya,,,,Does mr darcy die in pride and prejudice and zombies?,False,False,147,True
2621,0.9705,0.037969387999964965,,True,Laya,,,,Is 7.62 nato the same as 308 win?,False,False,161,False
2622,0.9118,0.03787500299995372,,True,Laya,,,,Is there a star wars movie this year?,True,False,165,True
2623,0.8167,0.04049416099996961,,True,Laya,,,,Is tartar sauce and cream of tartar the same?,False,False,168,False
2625,0.9167,0.037698716000022614,,True,Laya,,,,Is the world cup trophy new every time?,False,False,232,False
2626,0.2665,0.037856165999983205,,False,Laya,,,,Have any satellites or robots been to neptune?,True,False,72,False
2627,0.1313,0.040911777000019356,,False,Laya,,,,Does it have to rain to have lightning?,False,False,76,True
2628,0.477,0.04626007799993204,,False,Laya,,,,Does the dishwasher make its own hot water?,True,False,92,False
2629,0.9598,0.05121458300004633,,True,Laya,,,,Was the game a spin off of girlfriends?,True,False,107,True
2630,0.9594,0.055139486999905785,,True,Laya,,,,Are chickpeas and garbonzo beans the same thing?,True,False,94,True
2631,0.2438,0.03986580600007983,,False,Laya,,,,Can you put a split tongue back together?,True,False,44,False
2632,0.9437,0.038808279000022594,,True,Laya,,,,Will there be a season 5 of steven universe?,True,False,127,True
2633,0.3006,0.04165934299999208,,False,Laya,,,,Is there ball in hand in 8 ball?,True,False,136,False
2634,0.1198,0.04375579999987167,,False,Laya,,,,Do jackson and april get back together after divorce?,False,False,185,True
2635,0.8174,0.04710477200001151,,True,Laya,,,,Is it normal to have motion sickness after a cruise?,True,False,283,True
2636,0.2955,0.04302281800005403,,False,Laya,,,,Do runs have to be the same suit in gin rummy?,True,False,184,False
2637,0.245,0.03846256799988623,,False,Laya,,,,Do you need a license to go to shooting range?,False,False,69,True
2638,0.0001,0.039651675999948566,,False,Laya,,,,Is canada part of the human rights council?,True,False,171,False
2639,0.7063,0.04120601399995394,,True,Laya,,,,Is a half barrel the same as a keg?,True,False,60,True
2640,0.2,0.0374264970000695,,False,Laya,,,,Does a double barrel surname have to be hyphenated?,False,False,47,True
2641,0.8975,0.03809760100011772,,True,Laya,,,,Is gdp per capita the same as average income?,False,False,63,False
2642,0.2566,0.042655027999899175,,False,Laya,,,,Do you capitalize elements of the periodic table?,False,False,255,True
2643,0.8583,0.03688437100004194,,True,Laya,,,,Can you get a 3rd set of teeth?,False,False,88,False
2644,0.7763,0.03625623400012046,,True,Laya,,,,Are they going to make a punisher season 2?,True,False,9,True
2646,0.9625,0.047001169999930426,,True,Laya,,,,Is rocky balboa in the boxing hall of fame?,True,False,71,True
2648,0.0147,0.036945544999980484,,False,Laya,,,,Is the leaning tower of pisa in rome?,False,False,114,True
2649,0.0567,0.03821928599995772,,False,Laya,,,,Is there really a gotham city in new york?,False,False,47,True
2650,0.0374,0.038705371000105515,,False,Laya,,,,Has anyone ever hit five home runs in a game?,False,False,139,True
2651,0.1262,0.036592188999975406,,False,Laya,,,,Do all baby birds have an egg tooth?,False,False,50,True
2652,0.8483,0.03786524799988911,,True,Laya,,,,Has anyone in the coast guard won the medal of honor?,True,False,91,True
2653,1.0,0.04013793599983728,,True,Laya,,,,Is troy fall of a city on netflix?,True,False,96,True
2654,0.9688,0.0407831800000622,,True,Laya,,,,Is visa delta the same as visa debit?,True,False,42,True
2656,0.994,0.03742270400016423,,True,Laya,,,,Is verizon and verizon wireless the same company?,True,False,92,True
2657,0.0607,0.04497759300011239,,False,Laya,,,,Are wolf spiders and grass spiders the same thing?,False,False,91,True
2658,0.651,0.0463892970001325,,True,Laya,,,,Is triamcinolone acetonide cream good for poison oak?,True,False,126,True
2659,0.4482,0.03683062899995093,,False,Laya,,,,Are there extra innings in all star game?,True,False,45,False
2660,0.7177,0.039766373000020394,,True,Laya,,,,Can you castle after being checked in chess?,False,False,117,False
2661,0.8616,0.03766800899984446,,True,Laya,,,,Do you get 3 steps in the nba?,False,False,116,False
2662,0.84,0.0378684049999265,,True,Laya,,,,Is an australian cattle dog the same as a blue heeler?,True,False,97,True
2663,0.915,0.043892654000046605,,True,Laya,,,,Is blood type o positive a universal donor?,False,False,123,False
2664,0.6393,0.037530883999806974,,True,Laya,,,,Does keith die in season 3 of one tree hill?,True,False,70,True
2665,0.7692,0.03888223199987806,,True,Laya,,,,Is there a place called cabot cove maine?,False,False,149,False
2666,0.8693,0.04189389299995128,,True,Laya,,,,Were the balkans part of the ottoman empire?,True,False,135,True
2667,0.32,0.03890255599981174,,False,Laya,,,,Does the mlb all star game go into extra innings?,True,False,45,False
2668,0.9168,0.039542388999961986,,True,Laya,,,,Is there a six flags in new orleans?,True,False,88,True
2669,0.7284,0.04021844500016414,,True,Laya,,,,Do they find the child in gone baby gone?,True,False,230,True
2670,0.9127,0.039101917999914804,,True,Laya,,,,Does derek shepard die in grey's anatomy?,True,False,187,True
2671,0.1101,0.03782473699993716,,False,Laya,,,,Was how i met your mother filmed in new york?,False,False,133,True
2672,0.9711,0.048112269999819546,,True,Laya,,,,Is it mandatory to sign up for selective service?,True,False,203,True
2673,0.8051,0.03906804300004296,,True,Laya,,,,Were any japanese planes shot down at pearl harbor?,True,False,228,True
2674,0.9626,0.037261547000071005,,True,Laya,,,,Is .380 auto the same as .380 acp?,True,False,168,True
2675,0.2682,0.04109014699997715,,False,Laya,,,,Does a business have a birthday or anniversary?,True,False,132,False
2676,0.216,0.03844430999993165,,False,Laya,,,,Is there only 1 season of the terror?,False,False,100,True
2677,0.0778,0.0369588640000984,,False,Laya,,,,Is the frankenstein chronicles based on a true story?,False,False,98,True
2678,0.9185,0.03888114400001541,,True,Laya,,,,Can you make a right on red in massachusetts?,True,False,182,True
2679,0.8641,0.038597708999986935,,True,Laya,,,,Is there going to be a season 2 of la piloto?,True,False,45,True
2681,0.0085,0.03852995500005818,,False,Laya,,,,Is ez pass the same as ez tag?,False,False,28,True
2683,0.277,0.0395447979999517,,False,Laya,,,,Can you use a credit card number without the card?,True,False,87,False
2684,0.7527,0.037019083999894065,,True,Laya,,,,Is the movie the shape of water based on a book?,False,False,147,False
2685,0.7443,0.05056843600004868,,True,Laya,,,,Has a number 16 seed ever beat a number 1 seed in the ncaa?,True,False,30,True
2686,0.0706,0.039752581000129794,,False,Laya,,,,Is series of unfortunate events a true story?,False,False,167,True
2687,0.7436,0.03854639800010773,,True,Laya,,,,Are research and scientific method related to one another?,True,False,118,True
2688,0.8053,0.03815050600019276,,True,Laya,,,,Is a t bone steak the same as a porterhouse?,False,False,148,False
2689,0.1412,0.039548598000010315,,False,Laya,,,,Is parcel force the same as royal mail?,True,False,29,False
2690,0.1376,0.036848326000153975,,False,Laya,,,,Is king's college london part of cambridge university?,False,False,146,True
2691,0.1288,0.03683630399996218,,False,Laya,,,,Were the us and soviet union allies in the cold war?,False,False,151,True
2692,0.4787,0.04083416399998896,,False,Laya,,,,Can an 18 year old serve alcohol in pennsylvania?,True,False,87,False
2693,0.8116,0.03896622000002026,,True,Laya,,,,Can your equilibrium be off after a cruise?,True,False,283,True
2694,0.9058,0.036883839999973134,,True,Laya,,,,Is adjusted gross income the same as taxable income?,False,False,59,False
2695,0.6912,0.03918511300003047,,True,Laya,,,,Does the elder scrolls online have a monthly fee?,True,False,270,True
2696,0.1926,0.03731854000011481,,False,Laya,,,,Do anne and gilbert get together in the books?,True,False,30,False
2699,0.8246,0.03934838899999704,,True,Laya,,,,Is los lobos in the rock and roll hall of fame?,False,False,27,False
2701,0.9442,0.03819792000012967,,True,Laya,,,,Is there really a sequel to the shining?,True,False,98,True
2702,0.2476,0.03717876299992895,,False,Laya,,,,Is coca tea legal in the united states?,False,False,55,True
2703,0.8377,0.0388318950001576,,True,Laya,,,,Is paget's disease of the bone cancer?,False,False,174,False
2704,0.9154,0.04547844700005044,,True,Laya,,,,Can there be a tornado in new york?,True,False,95,True
2705,0.7889,0.037210409999943295,,True,Laya,,,,Is diet rite and diet rc the same?,True,False,23,True
2706,0.8199,0.0373129350000454,,True,Laya,,,,Does switzerland allow free movement of eu citizens?,True,False,106,True
2707,0.3211,0.039693071000101554,,False,Laya,,,,Is it possible for a person to have two different colored eyes?,True,False,76,False
2708,0.8361,0.037774101999957566,,True,Laya,,,,Is norway a member of the single market?,True,False,187,True
2709,0.3189,0.036891074999857665,,False,Laya,,,,Does a batter get an rbi on a fielder's choice?,True,False,93,False
2710,0.1313,0.0424265970000306,,False,Laya,,,,Is the tv series star crossed based on a book?,False,False,84,True
2711,0.082,0.03901049699993564,,False,Laya,,,,Are a23 batteries the same as n batteries?,False,False,22,True
2712,0.9011,0.038164273999882425,,True,Laya,,,,Is hellmans mayo the same as best foods?,True,False,88,True
2713,0.9067,0.04254705899984401,,True,Laya,,,,Are tbs and tnt owned by the same company?,True,False,193,True
2715,0.8548,0.051894803000095635,,True,Laya,,,,Did george rr martin write the rains of castamere?,True,False,93,True
2716,0.2694,0.03731882199986103,,False,Laya,,,,Does scotland have the same bank holidays as england?,False,False,139,True
2717,0.9187,0.039771087999952215,,True,Laya,,,,Is there peanut butter in reese's peanut butter cups?,True,False,92,True
2718,0.1026,0.039695549000043684,,False,Laya,,,,Do electrons flow in the same direction as current?,False,False,41,True
2719,0.8499,0.0385785799999212,,True,Laya,,,,Does the british monarchy have any power in canada?,True,False,245,True
2720,0.7884,0.040266108999958306,,True,Laya,,,,Can you have an ectopic pregnancy in your ovary?,True,False,76,True
2721,0.9666,0.03849610899987965,,True,Laya,,,,Does panic at the disco have an opening act?,True,False,64,True
2722,0.8971,0.03953700600004595,,True,Laya,,,,Did england ever win the soccer world cup?,True,False,77,True
2723,0.0738,0.04216132699980335,,False,Laya,,,,Is white tack the same as blu tack?,True,False,79,False
2724,0.9144,0.03950664600006348,,True,Laya,,,,Does learner's permit count as driver's license?,False,False,110,False
2725,0.9216,0.03850393199991231,,True,Laya,,,,Will there be a season 4 of total bellas?,True,False,155,True
2726,0.8403,0.04378353799984325,,True,Laya,,,,Is the ar-10 an assault rifle?,False,False,152,False
2727,0.0752,0.0380663910000294,,False,Laya,,,,Does the carrie diaries have a season 3?,False,False,57,True
2728,0.7457,0.038941877000070235,,True,Laya,,,,Is leatherface in texas chainsaw massacre the same?,True,False,93,True
2729,0.1986,0.047738740000113467,,False,Laya,,,,Can a 14 year old shoot a gun at a shooting range?,False,False,69,True
2730,0.9081,0.0383196489999591,,True,Laya,,,,Is panama city beach on the gulf of mexico?,True,False,112,True
2731,0.4972,0.03785705100017367,,False,Laya,,,,Is scotland a country in its own right?,True,False,19,False
2732,0.6535,0.039813064000099985,,True,Laya,,,,Is a upc code the same as a barcode?,False,False,150,False
2734,0.8297,0.038188341000022774,,True,Laya,,,,Can pipelining help latency of a single task?,True,False,101,True
2735,0.297,0.038603343000204404,,False,Laya,,,,Do all states enforce a minimum drinking age of 21?,False,False,174,True
2736,0.7767,0.04170235800006594,,True,Laya,,,,Is joe namath in the nfl hall of fame?,True,False,135,True
2737,0.2392,0.03775369600020895,,False,Laya,,,,Is the mackinac bridge the longest suspension bridge in the world?,False,False,53,True
2738,0.1862,0.036661113000036494,,False,Laya,,,,Can a state constitution override the us constitution?,False,False,245,True
2739,0.0713,0.039579076000109126,,False,Laya,,,,Is the better business bureau part of the government?,False,False,66,True
2740,0.8849,0.0371084549999523,,True,Laya,,,,Are they making more episodes of bob's burgers?,True,False,76,True
2742,0.1021,0.038803185000006124,,False,Laya,,,,Is iron man part of the justice league?,False,False,144,True
2743,0.8949,0.05145898999990095,,True,Laya,,,,Can i get my ashes shot into space?,True,False,36,True
2744,0.8821,0.03718510800013064,,True,Laya,,,,Has a super bowl team played at home?,False,False,197,False
2746,0.2678,0.037851361000093675,,False,Laya,,,,Does the white house residence have a kitchen?,True,False,226,False
2747,0.8998,0.04002197399995566,,True,Laya,,,,Do you get money for nobel peace prize?,True,False,184,True
2748,0.7812,0.038253524000083416,,True,Laya,,,,Can heat from a hair dryer kill lice?,True,False,61,True
2749,0.4695,0.038731430000098044,,False,Laya,,,,Do cows need to get pregnant to give milk?,True,False,179,False
2751,0.1883,0.0679359820001082,,False,Laya,,,,Do you need your own gun to go to a shooting range?,False,False,152,True
2752,0.0011,0.06521746500015979,,False,Laya,,,,Does jackson avery die on grey's anatomy?,False,False,182,True
2753,0.9105,0.05901614799995514,,True,Laya,,,,Can an ant colony have more than one queen?,True,False,214,True
2755,0.8574,0.05941378000011355,,True,Laya,,,,Is the bill of rights part of the original constitution?,False,False,170,False
2756,0.939,0.05716337600006227,,True,Laya,,,,Is there a dodo in alice in wonderland?,True,False,145,True
2757,0.3335,0.05820539999990615,,False,Laya,,,,Is anzac day and remembrance day the same?,False,False,204,True
2758,0.8383,0.05042088999994121,,True,Laya,,,,Can district of columbia residents vote for president?,True,False,77,True
2759,0.9441,0.05284256999993886,,True,Laya,,,,Can an organism be in more than one trophic level?,True,False,147,True
2760,0.8858,0.04812753800001701,,True,Laya,,,,Is the second amendment part of the constitution?,True,False,119,True
2761,0.9579,0.05325130000005629,,True,Laya,,,,Is there a third season of better call saul?,True,False,72,True
2762,0.8742,0.04843730900006449,,True,Laya,,,,Is the cecum part of the large intestine?,True,False,56,True
2764,0.8403,0.04936245199996847,,True,Laya,,,,Is encino in the city of los angeles?,True,False,20,True
2765,0.8806,0.05649604699988231,,True,Laya,,,,Are tj maxx and marshalls the same company?,True,False,101,True
2766,0.9443,0.04840317900016089,,True,Laya,,,,Does the spanish alphabet have more letters than the english alphabet?,True,False,173,True
2767,0.0981,0.05645355499996185,,False,Laya,,,,Is the plaza hotel in nyc still open?,True,False,53,False
2769,0.8925,0.05852740199998152,,True,Laya,,,,Is 9 to 5 a 40 hour week?,True,False,208,True
2770,0.7496,0.04710275200000069,,True,Laya,,,,Are any members of our gang still alive?,True,False,30,True
2771,0.0001,0.05546174599999176,,False,Laya,,,,Will there be a season 5 of skam?,False,False,169,True
2772,1.0,0.04704573099979825,,True,Laya,,,,Are sheet rock and drywall the same thing?,True,False,116,True
2773,0.4734,0.04903936599998815,,False,Laya,,,,Didn't coldwater creek go out of business?,False,False,35,True
2774,0.0699,0.04726115000016762,,False,Laya,,,,Are walgreens and rite aid owned by the same company?,False,False,183,True
2775,0.9233,0.05060777499988944,,True,Laya,,,,Is there a film about the chilean miners?,True,False,104,True
2776,0.8381,0.05902716600007807,,True,Laya,,,,Are there any c&a stores in the uk?,False,False,223,False
2777,0.8212,0.04767771999991055,,True,Laya,,,,Are hot tubs and jacuzzis the same thing?,True,False,50,True
2778,0.6304,0.04825019500003691,,True,Laya,,,,Is it normal to be dizzy after a cruise?,True,False,283,True
2779,0.2083,0.04780380499983039,,False,Laya,,,,Do the saints run a 3 4 defense?,False,False,136,True
2780,0.5437,0.04807427900004768,,True,Laya,,,,Are liquor stores open on july 4th oklahoma?,False,False,68,False
2781,0.6585,0.05637152200006312,,True,Laya,,,,Is hydronium ion and hydrogen ion the same?,False,False,150,False
2782,0.1966,0.05933684199999334,,False,Laya,,,,Are chestnuts and water chestnuts the same thing?,False,False,124,True
2783,0.1461,0.0670279189998837,,False,Laya,,,,Is baylor college of medicine related to baylor university?,False,False,62,True
2784,0.607,0.06211444299992763,,True,Laya,,,,Is travis scott a part of good music?,True,False,122,True
2785,0.8953,0.05733328599990273,,True,Laya,,,,Is there such thing as a meat allergy?,True,False,159,True
2786,0.9029,0.050264409999954296,,True,Laya,,,,Is love never dies a sequel to phantom of the opera?,True,False,73,True
2788,0.8604,0.060882973000161655,,True,Laya,,,,Was season 7 the last season of once upon a time?,True,False,57,True
2790,0.8217,0.05941347500015581,,True,Laya,,,,Is the gut the same as the stomach?,True,False,114,True
2791,0.0998,0.05299050700000407,,False,Laya,,,,Is new york city and manhattan the same thing?,False,False,93,True
2792,0.8038,0.054050484000072174,,True,Laya,,,,Is eastern kentucky university a division 1 school?,True,False,41,True
2793,0.9086,0.06578008299993598,,True,Laya,,,,Are flat feet the same as fallen arches?,True,False,70,True
2794,0.7214,0.06111706399997274,,True,Laya,,,,Does a pdf count as a print source?,True,False,56,True
2796,0.9189,0.06520924699998432,,True,Laya,,,,Has there ever been a tsunami in the maldives?,True,False,92,True
2797,0.0,0.06679851299986694,,False,Laya,,,,Does the super bowl loser get a ring?,False,False,74,True
2798,0.9021,0.07130634000009195,,True,Laya,,,,Does the e train run on weekends nyc?,True,False,129,True
2799,0.2305,0.062412597000047754,,False,Laya,,,,Do you get a background check at a gun show?,False,False,52,True
2801,0.9861,0.06496656500007703,,True,Laya,,,,Is steel wool the same as wire wool?,True,False,73,True
2802,0.2381,0.046036187000026985,,False,Laya,,,,Is the lady liberty stamp a forever stamp?,True,False,121,False
2803,0.7751,0.044113879999940764,,True,Laya,,,,Are a meter and a yard the same length?,False,False,77,False
2804,0.6737,0.0386150860001635,,True,Laya,,,,Do i need to fast for an acth test?,True,False,19,True
2805,0.691,0.0391856439998719,,True,Laya,,,,Is it okay for cousins to marry in japan?,True,False,15,True
2807,0.1333,0.04255951499999355,,False,Laya,,,,Does sac fly count as an at bat?,False,False,44,True
2808,0.8405,0.04061571800002639,,True,Laya,,,,Is a 45 colt the same as a 45 long colt?,True,False,207,True
2809,0.8393,0.039275746000157596,,True,Laya,,,,Can you get to the mississippi river from the great lakes?,True,False,118,True
2810,0.7677,0.04095124399987071,,True,Laya,,,,Can the speaker of the house be removed?,True,False,137,True
2811,0.8098,0.03958644399995137,,True,Laya,,,,Is it saltier at the bottom of the ocean?,False,False,120,False
2812,0.9166,0.03995759400004317,,True,Laya,,,,Is the movie greatest showman based on a true story?,True,False,85,True
2813,0.0896,0.057625552999979845,,False,Laya,,,,Are seagate and western digital the same company?,False,False,49,True
2814,0.1342,0.041789020000123855,,False,Laya,,,,Does stephen curry have an olympic gold medal?,False,False,148,True
2815,0.0902,0.03710811699988881,,False,Laya,,,,Does the sister die in the lovely bones?,False,False,113,True
2816,0.2374,0.04210305399988101,,False,Laya,,,,Is the movie stepfather based on a true story?,True,False,78,False
2818,0.2686,0.04131791399981921,,False,Laya,,,,Is there a way one can grow more crops from the same land?,True,False,126,False
2819,0.7992,0.03952696299984382,,True,Laya,,,,Is an echocardiogram the same as a sonogram?,True,False,68,True
2821,0.8608,0.0492588260001412,,True,Laya,,,,Can a puppy see when they first open their eyes?,True,False,167,True
2822,0.7758,0.03921494700011863,,True,Laya,,,,Are all members of peter paul and mary still alive?,False,False,107,False
2823,0.2318,0.038854882999885376,,False,Laya,,,,Is the movie get out based on a book?,False,False,81,True
2824,0.8215,0.040494837999858646,,True,Laya,,,,Can you carry a concealed weapon in tennessee?,True,False,232,True
2825,0.8686,0.04019209800003409,,True,Laya,,,,Has anyone ever ran a 4 minute mile?,True,False,170,True
2826,0.3201,0.03906187699999464,,False,Laya,,,,Do u need a gun license to go to a shooting range?,False,False,69,True
2827,0.2032,0.04488166700002694,,False,Laya,,,,Did civil war come out before age of ultron?,False,False,143,True
2828,0.0712,0.038233005000165576,,False,Laya,,,,Do the try guys still work for buzzfeed?,False,False,25,True
2829,0.7161,0.04016129699994053,,True,Laya,,,,Can i buy liquor on sunday in wv?,True,False,82,True
2831,0.96,0.04099573199982842,,True,Laya,,,,Is shea butter made from a tree nut?,True,False,152,True
2832,0.5286,0.03776175500001955,,True,Laya,,,,Has sweden ever been in a world cup final?,False,False,52,False
2833,0.8802,0.03962454899988188,,True,Laya,,,,Does anne of green gables end up with gilbert?,True,False,183,True
2835,0.3553,0.04002752499991402,,False,Laya,,,,Is the f-4 phantom still in service?,True,False,26,False
2836,0.5227,0.03913555899998755,,True,Laya,,,,Was ontario one of the last province to introduce human rights legislation?,False,False,44,False
2837,0.0201,0.040985219000049256,,False,Laya,,,,Is prince of tides based on a true story?,False,False,249,True
2838,0.666,0.03999823100002686,,True,Laya,,,,Did peyton manning ever play eli manning in the super bowl?,False,False,171,False
2839,0.378,0.03981315300006827,,False,Laya,,,,Have the bengals ever been to the superbowl?,True,False,50,False
2840,0.6778,0.039379541000016616,,True,Laya,,,,Is a dodge 3500 a 1 ton truck?,True,False,211,True
2841,0.921,0.04195475000005899,,True,Laya,,,,Is there a full version of birthday cake by rihanna?,True,False,165,True
2842,0.3633,0.0543057919999228,,False,Laya,,,,Is the movie daddy little girl a true story?,False,False,120,True
2843,0.053,0.0391215470001498,,False,Laya,,,,Does the jeep compass come in a 6 cylinder?,False,False,82,True
2844,0.1297,0.04221879800002171,,False,Laya,,,,Can you be born with two different coloured eyes?,True,False,87,False
2846,0.9341,0.04048555200006376,,True,Laya,,,,Does tara get out of jail in sons of anarchy?,True,True,450,True
2847,0.8497,0.039850240000077974,,True,Laya,,,,Did dwyane wade make the playoffs his rookie year?,True,False,349,True
2848,0.5838,0.042385043999956906,,True,Laya,,,,Does washington dc have their own license plate?,True,False,58,True
2849,0.8531,0.03915955700017548,,True,Laya,,,,Is there always a stinger in a bee sting?,False,False,106,False
2850,0.9013,0.03784836199997699,,True,Laya,,,,Has anyone ever won the american ninja warrior?,True,False,155,True
2851,0.1652,0.0408135789998596,,False,Laya,,,,Is there a season 8 of once apon a time?,False,False,118,True
2852,0.0183,0.03807191500004592,,False,Laya,,,,Is the language the same in north and south korea?,False,False,24,True
2853,0.0408,0.03857645099992624,,False,Laya,,,,Does trevor die in the fundamentals of caring?,False,False,120,True
2854,0.8862,0.04761687199993503,,True,Laya,,,,Is blue off of blue's clues a girl?,True,False,183,True
2855,0.0384,0.03932739600008972,,False,Laya,,,,Did king louie die in the jungle book 2016?,False,False,30,True
2857,0.7305,0.039595704000021215,,True,Laya,,,,Is the last of us a ps4 exclusive?,False,False,138,False
2859,0.9841,0.03978095200000098,,True,Laya,,,,Is make a wish foundation a nonprofit organization?,True,False,88,True
2861,0.6624,0.038822129999971366,,True,Laya,,,,Do all eye doctors use the same eye chart?,False,False,58,False
2863,0.0439,0.03877289399997608,,False,Laya,,,,Is the tv show ascension based on a book?,False,False,71,True
2864,1.0,0.040316317999895546,,True,Laya,,,,Is mccormick and schmick owned by landry's?,True,False,90,True
2866,0.9418,0.0392048450000857,,True,Laya,,,,Does beckett ever find out who killed her mom?,True,False,342,True
2867,0.018,0.036405329999979585,,False,Laya,,,,Is there a season two of the messengers?,False,False,68,True
2868,0.1821,0.042443442000148934,,False,Laya,,,,Do you need a permit to open carry in nc?,False,False,368,True
2869,0.63,0.042189682000071116,,True,Laya,,,,Is the derivative of a continuous function always continuous?,False,False,57,False
2870,0.9212,0.040438656000105766,,True,Laya,,,,Is a pip the same as a basis point?,False,False,73,False
2871,0.1132,0.04247117100021569,,False,Laya,,,,Is benzalkonium chloride the same as hydrogen peroxide?,False,False,89,True
2872,1.0,0.04707738300021447,,True,Laya,,,,Is cod liver oil from a cod's liver?,True,False,94,True
2873,0.9464,0.054912110000032044,,True,Laya,,,,Is it possible to have thunder without rain?,True,False,76,True
2874,0.0931,0.040460699000050226,,False,Laya,,,,Is aldi's affiliated with trader joe's?,True,False,123,False
2875,0.2182,0.037637948000110555,,False,Laya,,,,Are there 104 episodes of phineas and ferb?,False,False,47,True
2876,0.8583,0.03904058199987048,,True,Laya,,,,Do i need to put oil in a 2 stroke engine?,True,False,100,True
2877,0.8129,0.040980237999974634,,True,Laya,,,,Are nucleotides the building blocks of dna and rna?,True,False,94,True
2878,0.4313,0.04130750900003477,,False,Laya,,,,Has any team ever won back to back super bowls?,True,False,386,False
2879,0.8039,0.03783436399999118,,True,Laya,,,,Is the county court business centre a real court?,False,False,61,False
2880,0.8866,0.03956547099983254,,True,Laya,,,,Do you fight any gods in god of war?,True,False,205,True
2881,0.9202,0.03789243999995051,,True,Laya,,,,Are there red back spiders in the uk?,True,False,97,True
2882,0.1026,0.037266586999976425,,False,Laya,,,,Can you be a dual citizen in japan?,True,False,62,False
2883,0.4918,0.048549448999892775,,False,Laya,,,,Does the us constitution allow states to secede?,False,False,254,True
2884,0.1532,0.04200341399996432,,False,Laya,,,,Is there tea in long island iced tea?,False,False,99,True
2885,0.386,0.03693973199983702,,False,Laya,,,,Is it illegal to smoke weed in ct?,True,False,26,False
2887,0.7958,0.04150254799992581,,True,Laya,,,,Can a person have both male and female organs?,True,False,80,True
2888,0.8492,0.0408711709999352,,True,Laya,,,,Can you contest a scrum in rugby league?,True,False,190,True
2889,0.3734,0.04337966499997492,,False,Laya,,,,Do non permanent members security council have veto?,False,False,115,True
2890,0.5608,0.050004756000134876,,True,Laya,,,,Is there goal line technology in the world cup?,True,False,131,True
2892,0.9626,0.04544380599986653,,True,Laya,,,,Is bicuspid valve the same as mitral valve?,True,False,88,True
2894,0.8745,0.04004606299986335,,True,Laya,,,,Is contempt of court a criminal offence in canada?,True,False,51,True
2895,0.9523,0.0396515529998851,,True,Laya,,,,Did elton john ever play with t rex?,True,False,161,True
2896,0.2024,0.03859215600004973,,False,Laya,,,,Is somewhere over the rainbow a love song?,False,False,155,True
2897,0.897,0.03721982399997614,,True,Laya,,,,Can a dog be mixed with 3 breeds?,True,False,150,True
2898,0.9361,0.04203309099989383,,True,Laya,,,,Do dalmatians get more spots as they grow?,True,False,189,True
2900,0.438,0.04080118899992158,,False,Laya,,,,Are vw audi and porsche the same company?,True,False,294,False
2901,0.9558,0.039474983999980395,,True,Laya,,,,Are a cougar and a mountain lion the same thing?,True,False,200,True
2902,0.8957,0.05200768000008793,,True,Laya,,,,Is there an orange county in new york?,True,False,57,True
2903,0.0809,0.03848898100000042,,False,Laya,,,,Is spider man turn off the dark still playing?,False,False,75,True
2904,0.5231,0.03997340599994459,,True,Laya,,,,Do sean and alex get together on nikita?,False,True,539,False
2905,0.9931,0.0473481599999559,,True,Laya,,,,Is fidelity bond the same as crime insurance?,True,False,129,True
2906,0.2862,0.04028719099983391,,False,Laya,,,,Is teenage mutant ninja turtles still on tv?,True,False,23,False
2907,0.6055,0.03851959700000407,,True,Laya,,,,Do all xbox 360 games work on xbox one x?,False,False,128,False
2908,0.2955,0.045855045000052996,,False,Laya,,,,Is what a wonderful world in the public domain?,False,False,120,True
2910,0.1166,0.04478282700006275,,False,Laya,,,,Does the united states have a fixed exchange rate?,False,False,97,True
2911,0.944,0.038455474000102186,,True,Laya,,,,Is the new mercedes a class front wheel drive?,True,False,127,True
2912,0.8323,0.042076611999846136,,True,Laya,,,,Did the stock market crash of 1929 caused the great depression?,True,False,106,True
2913,0.6733,0.038339690000157134,,True,Laya,,,,Is this the last year for once upon a time?,True,False,57,True
2914,0.9236,0.03877864900005079,,True,Laya,,,,Was ethiopia a member of the league of nations?,True,False,250,True
2915,0.9342,0.040383410000004005,,True,Laya,,,,Was the song footloose made for the movie?,True,False,114,True
2916,0.935,0.0387198509999962,,True,Laya,,,,Has the tampa bay lightning ever won a stanley cup?,True,False,89,True
2920,0.7042,0.039126985999928365,,True,Laya,,,,Is property tax the same as council tax?,False,False,70,False
2922,0.3112,0.04111234700008026,,False,Laya,,,,Is red dead revolver related to red dead redemption?,True,False,121,False
2923,0.9675,0.03847316600013073,,True,Laya,,,,Is randy savage in the hall of fame?,True,False,128,True
2925,0.5072,0.04106541500004823,,True,Laya,,,,Is super better than perfect in just dance?,False,False,101,False
2927,0.4949,0.039696978999927524,,False,Laya,,,,Has anyone ever died during a football game?,True,False,73,False
2928,0.9543,0.04020368100009364,,True,Laya,,,,Is child psychology the same as developmental psychology?,True,False,121,True
2929,0.864,0.04030170500004715,,True,Laya,,,,Did the great depression affect the whole world?,True,False,116,True
2930,0.7749,0.04298653899991223,,True,Laya,,,,Can you drink under the age of 21?,True,False,49,True
2931,0.9432,0.04405267399988588,,True,Laya,,,,Is alaska still part of the united states?,True,False,307,True
2932,0.6179,0.039883911000060834,,True,Laya,,,,Do commercial aircraft fly over the north pole?,False,False,257,False
2933,0.9108,0.0483221979998234,,True,Laya,,,,Are they making a season 8 of suits?,True,False,34,True
2934,0.7068,0.04657380000003286,,True,Laya,,,,Does every school in the uk wear uniforms?,False,False,174,False
2935,0.2131,0.03824655200014604,,False,Laya,,,,Is a grouse the same as a partridge?,False,False,42,True
2936,0.7984,0.04231953900011831,,True,Laya,,,,Is it legal to own a gun in the philippines?,True,False,95,True
2937,0.1178,0.03915572500000053,,False,Laya,,,,Are babies born with 2 sets of teeth?,True,False,122,False
2938,0.9606,0.03854418600008103,,True,Laya,,,,Will there be a sequel to star wars the last jedi?,True,False,191,True
2939,0.52,0.044904061000124784,,True,Laya,,,,Is the palace of versailles open to the public?,True,False,75,True
2940,0.1386,0.0382406409999021,,False,Laya,,,,Is it legal to sell human body parts?,True,False,112,False
2941,0.9435,0.03796714200007045,,True,Laya,,,,Are the raiders really moving to las vegas?,True,False,228,True
2942,0.7826,0.039439239999865094,,True,Laya,,,,Do i use plumbers tape on compression fittings?,False,False,86,False
2943,0.9554,0.037635355000020354,,True,Laya,,,,Are peppers and tomatoes in the same family?,True,False,159,True
2944,0.7715,0.03887815899997804,,True,Laya,,,,Does oklahoma have a stand your ground law?,True,False,74,True
2945,0.1601,0.04386405099990043,,False,Laya,,,,Are kansas city ks and kansas city mo the same city?,False,False,162,True
2946,0.0022,0.03969085000017003,,False,Laya,,,,Is everybody's all american a true story?,False,False,85,True
2947,0.9428,0.038426488000141035,,True,Laya,,,,Are activated charcoal and activated carbon the same?,True,False,43,True
2948,0.7955,0.0438261419999435,,True,Laya,,,,Is jurassic world the sequel to jurassic park?,True,False,81,True
2949,0.8657,0.03902998400008073,,True,Laya,,,,Does elena get with damon in vampire diaries?,True,False,173,True
2950,0.0895,0.03959104799992019,,False,Laya,,,,Is the united states apart of the eu?,False,False,88,True
2951,0.5069,0.04117911000003005,,True,Laya,,,,Can the word actor be used for females?,True,False,282,True
2953,0.0954,0.037742940999805796,,False,Laya,,,,Is remember the titans based on a book?,False,False,118,True
2956,0.1538,0.038864684999907695,,False,Laya,,,,Does a .org have to be a non profit?,False,False,134,True
2957,0.8922,0.041256470999996964,,True,Laya,,,,Does roman-dutch law still apply to south african law?,True,False,210,True
2958,0.111,0.04129383300005429,,False,Laya,,,,Is there a bridge between morocco and spain?,False,False,76,True
2960,0.3156,0.03847027300002992,,False,Laya,,,,Is a goose and geese the same thing?,True,False,119,False
2961,0.1803,0.04325002800010225,,False,Laya,,,,Was child's play 3 banned in uk?,False,False,200,True
2962,0.1963,0.04228255799989711,,False,Laya,,,,Do you have to use all the numbers on countdown?,False,False,271,True
2964,0.8979,0.05065046999993683,,True,Laya,,,,Can you own a pet skunk in canada?,True,False,55,True
2965,0.9507,0.04239408599983108,,True,Laya,,,,Can you go to nba out of high school?,True,False,202,True
2966,0.662,0.03969424000001709,,True,Laya,,,,Does the sun ever shine from the north?,True,False,164,True
2967,0.8454,0.03939939499991851,,True,Laya,,,,Is there going to be a 14th season of grey's anatomy?,True,False,102,True
2968,0.1702,0.044194384999855174,,False,Laya,,,,Can you drink alcohol at 16 in australia?,False,False,51,True
2969,0.8511,0.038150364000102854,,True,Laya,,,,Is there an alternative ending to how i met your mother?,True,False,62,True
2971,0.8103,0.038057495999964885,,True,Laya,,,,Is commercial law and corporate law the same?,False,False,170,False
2972,0.1453,0.040044901999863214,,False,Laya,,,,Is there a second movie to golden compass?,False,False,38,True
2973,0.8539,0.03798153299999285,,True,Laya,,,,Is it possible to run for 24 hours?,True,False,47,True
2976,0.8452,0.038198514999976396,,True,Laya,,,,Did top gear really build a bridge over the river?,True,False,79,True
2977,1.0,0.04209953999998106,,True,Laya,,,,Is money heist the same as la casa de papel?,True,False,183,True
2978,0.9998,0.03796505500008607,,True,Laya,,,,Are ground beef and minced beef the same?,True,False,83,True
2980,0.0961,0.03956823999988046,,False,Laya,,,,Is theory of a deadman changing their name?,True,False,70,False
2981,0.7037,0.04276639299996532,,True,Laya,,,,Is checkmate the only way to win at chess?,True,False,70,True
2982,0.7327,0.038391402999877755,,True,Laya,,,,Are old navy and gap owned by the same company?,True,False,125,True
2983,0.8223,0.03786781400003747,,True,Laya,,,,Does a cow produce milk all the time?,False,False,121,False
2984,0.9336,0.041001570000162246,,True,Laya,,,,Is drag force the same as air resistance?,True,False,132,True
2985,0.197,0.03897791999997935,,False,Laya,,,,Do you need a license to carry in new hampshire?,False,False,44,True
2986,0.0312,0.03980611800011502,,False,Laya,,,,Are ritz carlton and four seasons the same company?,False,False,105,True
2987,0.8782,0.04316499299989118,,True,Laya,,,,Can electrons travel at the speed of light?,False,False,81,False
2989,0.9643,0.04087446700009423,,True,Laya,,,,Is there a sequel to the percy jackson series?,True,False,123,True
2990,0.8169,0.04152496200003952,,True,Laya,,,,Can gamblers ever acquire a statistical advantage over the house in casino games?,True,False,187,True
2993,0.3062,0.04233048799983408,,False,Laya,,,,Is new york and new jersey the same state?,False,False,145,True
2994,0.0002,0.03817998199997419,,False,Laya,,,,Is the dominican republic a part of mexico?,False,False,81,True
2995,0.9118,0.038369032999980845,,True,Laya,,,,Does shadow of mordor take place before lotr?,True,False,132,True
2996,0.0905,0.05260454599988407,,False,Laya,,,,Was there a sequel to the golden compass movie?,False,False,38,True
2997,0.7638,0.03975857899990842,,True,Laya,,,,Does a square have to have right angles?,True,False,77,True
2999,1.0,0.0390895460000138,,True,Laya,,,,Are back ribs same as baby back ribs?,True,False,221,True
3000,0.0006,0.046878068000069106,,False,Laya,,,,Is there a season 5 of the tudors?,False,False,65,True
3001,0.232,0.038291307999998025,,False,Laya,,,,Does marley die in a little bit of heaven?,True,False,150,False
3002,0.8842,0.038884367000036946,,True,Laya,,,,Does canada have a men's national soccer team?,True,False,62,True
3004,0.7464,0.039215074999901844,,True,Laya,,,,Is an english bull terrier a pit bull?,False,False,41,False
3005,0.9532,0.03885097200009113,,True,Laya,,,,Is postal code and zip code the same?,True,False,64,True
3006,0.1749,0.03751978800005418,,False,Laya,,,,Is the tour de france different every year?,True,False,120,False
3007,0.7644,0.04316832599988629,,True,Laya,,,,Are solar cells the same as solar panels?,False,False,118,False
3008,0.0752,0.03840508000007503,,False,Laya,,,,Does he make it home in the martian?,True,False,42,False
3009,0.949,0.037221670999997514,,True,Laya,,,,Does the subway in nyc run 24 hours?,True,False,108,True
3010,0.767,0.040065814999934446,,True,Laya,,,,Is there work done in an adiabatic process?,True,False,74,True
3011,0.6527,0.03912822900019819,,True,Laya,,,,Does the dulles toll road take credit cards?,True,False,369,True
3012,0.2863,0.03936769400002049,,False,Laya,,,,Is we bought a zoo a true story?,True,False,218,False
3013,0.8243,0.04009541300001729,,True,Laya,,,,Do the days get longer and shorter at the equator?,False,False,64,False
3014,0.5617,0.03806601600012982,,True,Laya,,,,Is keyless entry the same as remote start?,True,False,47,True
3015,0.6756,0.03905680000002576,,True,Laya,,,,Can you use the euro in the czech republic?,False,False,102,False
3016,0.8594,0.03998208000007253,,True,Laya,,,,Is normal saline the same as 0.9 sodium chloride?,True,False,221,True
3017,0.0391,0.03765242299982674,,False,Laya,,,,Is mickey and minnie's house still in magic kingdom?,False,False,52,True
3019,0.7612,0.0411473690001003,,True,Laya,,,,Is there a fourth season of doctor doctor?,False,False,71,False
3020,0.9999,0.0398789549999492,,True,Laya,,,,Will the milky way collide with another galaxy?,True,False,91,True
3021,0.621,0.037281168999925285,,True,Laya,,,,Are cruel intentions 1 and 2 the same?,False,False,109,False
3025,0.0,0.03919283899995207,,False,Laya,,,,Is the movie the duel based on a true story?,False,False,77,True
3027,0.8584,0.04079825000007986,,True,Laya,,,,Have the blue angels ever had an accident?,True,False,44,True
3030,0.9471,0.049501633999852857,,True,Laya,,,,Are rats and mice from the same family?,True,False,136,True
3031,0.4825,0.04287224300014714,,False,Laya,,,,Is there a movie after fifty shades darker?,True,False,149,False
3032,0.854,0.04684177300009651,,True,Laya,,,,Is the sears tower still the tallest building?,False,False,202,False
3033,0.125,0.037983384999961345,,False,Laya,,,,Is hydraulic lime and hydrated lime the same?,False,False,46,True
3034,0.0916,0.03871084200000041,,False,Laya,,,,Does halo 2 have achievements on xbox 360?,False,False,136,True
3035,0.9003,0.03986154500012162,,True,Laya,,,,Can you marry more than one person in the us?,False,False,209,False
3037,0.9741,0.03755446799982565,,True,Laya,,,,Is here comes the sun a beatles song?,True,False,128,True
3038,0.1231,0.038578949000111606,,False,Laya,,,,Is the prostate part of the endocrine system?,False,False,104,True
3039,0.7692,0.03963149500009422,,True,Laya,,,,Is a no insurance ticket a moving violation?,False,False,58,False
3040,0.2208,0.04095032700001866,,False,Laya,,,,Is transit number the same as institution number?,False,False,64,True
3041,0.0879,0.03760550899983173,,False,Laya,,,,Is there anyone alive from world war 1?,False,False,144,True
3042,0.9995,0.04121571500013488,,True,Laya,,,,Is i know why the caged bird sings an autobiography?,True,False,140,True
3044,0.7526,0.03959516999998414,,True,Laya,,,,Is it legal to drink in public edinburgh?,True,False,219,True
3045,0.796,0.037927866000018184,,True,Laya,,,,Do all down syndrome babies have simian crease?,True,False,104,True
3046,0.752,0.03916030100003809,,True,Laya,,,,Does the robot in lost in space talk?,True,False,85,True
3047,0.2073,0.039066823999974076,,False,Laya,,,,Is palm kernel oil the same as coconut oil?,False,False,65,True
3048,0.5282,0.0389446610001869,,True,Laya,,,,Is lost in space based on a book?,True,False,115,True
3049,0.9026,0.04263479400015058,,True,Laya,,,,Does ross on wye have a train station?,False,False,74,False
3050,0.8837,0.04143441799988068,,True,Laya,,,,Are eyes one of the organs of our body?,True,False,83,True
3051,0.7009,0.04155800300009105,,True,Laya,,,,Is the kentucky derby always on may 5th?,False,False,106,False
3052,0.8559,0.045192876999863074,,True,Laya,,,,Are there internet cables under the atlantic ocean?,True,False,72,True
3053,0.8816,0.038828999999850566,,True,Laya,,,,Can you have twin with two different father?,True,False,163,True
3054,0.8601,0.03968610199990508,,True,Laya,,,,Can i bring my dog to pet supplies plus?,True,False,201,True
3055,0.884,0.045470103999832645,,True,Laya,,,,Is there such a thing as a half uncle?,True,False,145,True
3056,1.0,0.039909773000090354,,True,Laya,,,,Is windows subsystem for linux a virtual machine?,False,False,72,False
3057,0.9007,0.04893189299991718,,True,Laya,,,,Did carmelo anthony go to the western conference finals?,True,False,301,True
3058,0.7764,0.053242918000023565,,True,Laya,,,,Do they grow plants on the space station?,True,False,116,True
3059,0.4446,0.038678957999991326,,False,Laya,,,,Do the try guys no longer work for buzzfeed?,True,False,25,False
3060,0.8046,0.0389038809998965,,True,Laya,,,,Does the us really have a designated survivor?,True,False,162,True
3061,0.238,0.04030855700011671,,False,Laya,,,,Are black and yellow garden spiders poisonous to humans?,False,False,176,True
3062,0.1446,0.0359291120000762,,False,Laya,,,,Will there be a 3rd season of the paradise?,False,False,91,True
3063,0.8253,0.03837104899980659,,True,Laya,,,,Are the leaves of the beet plant edible?,True,False,83,True
3064,0.8541,0.038790649000020494,,True,Laya,,,,Is cyborg a member of the justice league?,True,False,113,True
3065,1.0,0.04110404099992593,,True,Laya,,,,Is scotiabank and bank of nova scotia the same?,True,False,148,True
3066,0.1889,0.037748487000044406,,False,Laya,,,,Can you use 5 pound coins in shops?,True,False,63,False
3067,0.14,0.04009361899989017,,False,Laya,,,,Was leaning tower of pisa supposed to lean?,False,False,114,True
3068,0.8101,0.03951589600001171,,True,Laya,,,,Is mount fuji the tallest mountain in the world?,False,False,185,False
3070,0.7091,0.039122195000118154,,True,Laya,,,,Is there going to be a season 13 of criminal minds?,True,False,77,True
3071,0.7765,0.040871900999945865,,True,Laya,,,,Does johnny cage die in mortal kombat annihilation?,True,False,216,True
3072,0.4853,0.03966650000006666,,False,Laya,,,,Is top sirloin steak the same as sirloin steak?,False,False,125,True
3073,0.8782,0.03833573799988699,,True,Laya,,,,Is there any danger of a steam explosion of the reactor core becomes overheated?,True,False,118,True
3074,0.0425,0.04073580999988735,,False,Laya,,,,Is pulp fiction based on a true story?,False,False,166,True
3076,0.9295,0.037422923000121955,,True,Laya,,,,Is a intel core 2 duo processor 64 bit?,True,False,129,True
3077,0.9254,0.038187473000107275,,True,Laya,,,,Is the show shadowhunters based on a book?,True,False,124,True
3078,0.3742,0.043970240999897214,,False,Laya,,,,Is salary included in cost of goods sold?,True,False,103,False
3079,0.8838,0.038353109000127006,,True,Laya,,,,Can you buy liquor on sunday in pennsylvania?,True,False,140,True
3081,0.9222,0.03896313799987183,,True,Laya,,,,Does every country have their own sign language?,False,False,164,False
3082,0.6028,0.03996660300003896,,True,Laya,,,,Was ode to billy joe based on a true story?,True,False,84,True
3083,0.9161,0.03834722299984605,,True,Laya,,,,Can u have a skunk as a pet?,True,False,55,True
3085,0.008,0.03702923799983182,,False,Laya,,,,Is fargo tv show based on a true story?,False,False,60,True
3086,0.7653,0.04336319200001526,,True,Laya,,,,Do you have to go into the military if you go to the citadel?,False,False,100,False
3087,0.8507,0.05845344799990926,,True,Laya,,,,Is the variance the same as standard deviation?,False,False,68,False
3088,0.6729,0.03826056699995206,,True,Laya,,,,Is a peach part of the almond family?,True,False,64,True
3091,0.3887,0.040394109999851935,,False,Laya,,,,Can ipad mini 1st generation get ios 10?,False,False,71,True
3092,0.7907,0.037033519000033266,,True,Laya,,,,Can a widower marry his sister in law?,True,False,84,True
3094,0.87,0.03762096900004508,,True,Laya,,,,Is there going to be a second part of infinity war?,True,False,140,True
3095,0.0736,0.04142957500016564,,False,Laya,,,,Is ross dress for less a thrift store?,False,False,105,True
3096,0.9569,0.05614551999997275,,True,Laya,,,,Is a flash drive the same as a usb stick?,True,False,206,True
3097,0.8298,0.06527565300007154,,True,Laya,,,,Does angel food cake have eggs in it?,True,False,112,True
3099,0.064,0.06029289599996446,,False,Laya,,,,Will there be a 6th season of hell on wheels?,False,False,83,True
3100,0.9835,0.05311062999999194,,True,Laya,,,,Is timor leste and east timor the same?,True,False,196,True
3101,0.8678,0.053881747999867,,True,Laya,,,,Did the iphone 6 come out before the iphone se?,True,False,177,True
3103,0.1512,0.05793343699997422,,False,Laya,,,,Is the monorail at disney a maglev train?,False,False,158,True
3104,0.817,0.0506496180000795,,True,Laya,,,,Can a neutral wire be connected to ground?,True,False,124,True
3105,0.9016,0.0506749270000455,,True,Laya,,,,Are high rise and high waisted jeans the same?,True,False,68,True
3106,0.9926,0.06254473900003177,,True,Laya,,,,Has there ever been a recess appointment to the supreme court?,True,False,121,True
3107,0.1786,0.051468570999986696,,False,Laya,,,,Is washington dc a part of any state?,False,False,125,True
3108,0.8768,0.05024799499983601,,True,Laya,,,,Did sears and roebuck start by selling watches?,True,False,118,True
3109,0.6423,0.05579741900010049,,True,Laya,,,,Are the base angles of an isosceles triangle equal?,True,False,108,True
3110,0.9268,0.050796514000012394,,True,Laya,,,,Is a kcal the same as a calorie?,True,False,138,True
3111,0.1789,0.06328894500006754,,False,Laya,,,,Are tonsil stones and salivary stones the same?,False,False,326,True
3112,0.0304,0.05791883099982442,,False,Laya,,,,Was bennie and the jets a real band?,False,False,84,True
3113,0.4973,0.05410811699994156,,False,Laya,,,,Can the president pardon someone for a state crime?,False,False,97,True
3114,0.8586,0.05267712099998789,,True,Laya,,,,Is a midsummer night's dream a comedy?,True,False,115,True
3115,0.7681,0.051150191000033374,,True,Laya,,,,Can i have dual citizenship in us and czech republic?,True,False,131,True
3116,0.9417,0.04826968800011855,,True,Laya,,,,Does the girl die in a walk to remember?,True,False,100,True
3117,0.7832,0.049273114000015994,,True,Laya,,,,Have we reached the bottom of the mariana trench?,True,False,91,True
3118,0.7676,0.04915463899988026,,True,Laya,,,,Has anyone ever won the wsop main event twice?,True,False,140,True
3119,0.8493,0.04698329600000761,,True,Laya,,,,Is sunflower oil a type of vegetable oil?,True,False,61,True
3120,0.6362,0.05348565500003133,,True,Laya,,,,Is rosso vermouth the same as sweet vermouth?,False,False,61,False
3121,0.8043,0.049658451999903264,,True,Laya,,,,Is there any chocolate in reese's pieces?,False,False,51,False
3122,0.058,0.05360855100002482,,False,Laya,,,,Is there a dawn of the dead 2?,False,False,183,True
3123,0.9915,0.04889340899990202,,True,Laya,,,,Does steph curry have a brother in the nba?,True,False,75,True
3125,0.9402,0.051629701000138084,,True,Laya,,,,Is there such a thing as an upside down rainbow?,True,False,182,True
3127,0.3242,0.049390230999961204,,False,Laya,,,,Is there going to be another insurgent movie?,True,False,14,False
3128,0.8525,0.048653962000116735,,True,Laya,,,,Is there a train station at oslo airport?,True,False,104,True
3129,0.5964,0.04724719399996502,,True,Laya,,,,Does a conditional discharge mean a criminal record?,False,False,56,False
3130,0.5071,0.05640686399988226,,True,Laya,,,,Was the united states in the world cup this year?,False,False,105,False
3132,0.9637,0.06525179899995237,,True,Laya,,,,Is hawaii a state of the united states of america?,True,False,130,True
3133,0.1452,0.06239989899995635,,False,Laya,,,,Is the chernobyl nuclear power plant still operating?,False,False,223,True
3134,0.9272,0.05803425899989634,,True,Laya,,,,Can a person be a citizen of no country?,True,False,59,True
3135,1.0,0.06568116800008283,,True,Laya,,,,Is jp morgan chase the same as chase bank?,True,False,136,True
3136,0.8893,0.05957982199993239,,True,Laya,,,,Is the international journal of nursing studies peer reviewed?,True,False,36,True
3139,0.9742,0.04788537199988241,,True,Laya,,,,Can a supreme court justice be a recess appointment?,True,False,121,True
3140,0.9554,0.050199828999893725,,True,Laya,,,,Is there a such thing as a liger?,True,False,107,True
3141,0.6496,0.05213993899997149,,True,Laya,,,,Did marv die in the first sin city?,True,False,155,True
3142,0.0786,0.06431863000011617,,False,Laya,,,,Is republic of ireland part of schengen visa?,False,False,89,True
3143,0.8419,0.06218137399991974,,True,Laya,,,,Is there border between ireland and northern ireland?,True,False,53,True
3144,0.0845,0.0779852050000045,,False,Laya,,,,Is central bank of india and reserve bank of india same?,False,False,35,True
3145,0.9076,0.07196010600000591,,True,Laya,,,,Can you have both male and female genitalia?,True,False,79,True
3146,0.8906,0.07179629100005513,,True,Laya,,,,Is aloe barbadensis the same as aloe vera?,True,False,222,True
3147,0.9068,0.061131160000059026,,True,Laya,,,,Can tobramycin and dexamethasone be used for a stye?,True,False,134,True
3148,0.8757,0.06787693299997954,,True,Laya,,,,Will they make a pirates of the caribbean 6?,True,False,76,True
3150,0.8403,0.05841039899996758,,True,Laya,,,,Do cows have to keep getting pregnant to produce milk?,True,False,179,True
3151,0.9526,0.041815437999957794,,True,Laya,,,,Has croatia ever played in a world cup final?,True,False,94,True
3152,0.9112,0.04222983099998601,,True,Laya,,,,Is isle of man in the channel islands?,False,False,207,False
3153,0.9184,0.03898295099997995,,True,Laya,,,,Is a nissan titan a full size truck?,True,False,33,True
3154,0.4779,0.05004176800002824,,False,Laya,,,,Do you get overseas service bars for korea?,True,True,1068,False
3155,0.0079,0.03732121400003052,,False,Laya,,,,Is a midsize car bigger than a full size?,False,False,82,True
3156,0.5927,0.03883875200017428,,True,Laya,,,,Is a football field equal to an acre?,False,False,48,False
3157,0.7451,0.06260985400012942,,True,Laya,,,,Is there a direct link between economic development and social development?,True,False,116,True
3158,0.8649,0.039197788000137734,,True,Laya,,,,Is a chipmunk the same as a ground squirrel?,False,False,296,False
3159,0.961,0.04298520999986977,,True,Laya,,,,Is bachelor of laws the same as llb?,True,False,113,True
3160,0.1184,0.03878031100020962,,False,Laya,,,,Is there a monthly fee for google voice?,False,False,107,True
3161,0.8223,0.0392042500000116,,True,Laya,,,,Can a civilian own a fn five seven?,True,False,119,True
3162,0.8778,0.043293289999837725,,True,Laya,,,,Has there ever been a perfect tennis match?,True,False,227,True
3163,0.9397,0.038390698000057455,,True,Laya,,,,Is it possible for a zebra and a horse to interbreed?,True,False,70,True
3166,0.6822,0.039190690999930666,,True,Laya,,,,Is gear oil the same as motor oil?,False,False,100,False
3167,0.2549,0.04252527399989958,,False,Laya,,,,Is there a difference between chicken tikka and chicken tikka masala?,True,False,152,False
3168,0.7941,0.03923375999988821,,True,Laya,,,,Was popcorn once eaten as a breakfast cereal?,True,False,27,True
3169,0.781,0.04531769799996255,,True,Laya,,,,Is pasadena part of the san fernando valley?,False,False,53,False
3171,0.8065,0.06267918699995789,,True,Laya,,,,Has anyone ever hit 2 grand slams in one inning?,True,False,138,True
3173,0.9188,0.04850112700000864,,True,Laya,,,,Do front turn signals have to be amber?,True,False,135,True
3174,0.9838,0.03956191099996431,,True,Laya,,,,Have the oakland athletics won a world series?,True,False,98,True
3175,0.9593,0.04091776700010996,,True,Laya,,,,Was there a women's baseball league during wwii?,True,False,96,True
3176,0.8746,0.03869160700014618,,True,Laya,,,,Does the mother die in how i met your mother?,True,False,129,True
3177,0.9084,0.03827246500009096,,True,Laya,,,,Is there a second gone with the wind?,True,False,73,True
3178,0.4855,0.03950732099997367,,False,Laya,,,,Is the red panda is related to the giant panda?,True,False,89,False
3179,0.2525,0.0423818100000517,,False,Laya,,,,Will there be new episodes of black mirror?,True,False,86,False
3180,0.1064,0.044680871000082334,,False,Laya,,,,Did the broncos beat the seahawks in the super bowl?,False,False,201,True
3181,0.9266,0.04083401100001538,,True,Laya,,,,Is film stars don't die in liverpool a true story?,True,False,100,True
3183,0.769,0.037317843999971956,,True,Laya,,,,Do you have to pay for the midtown tunnel?,True,False,99,True
3184,0.8344,0.038948465999965265,,True,Laya,,,,Is there a sequel to 50 shades of gray?,True,False,104,True
3185,1.0,0.04183338400002867,,True,Laya,,,,Will there be a new ed edd n eddy?,False,False,131,False
3187,0.8972,0.05376190900005895,,True,Laya,,,,Is a turkey vulture and a buzzard the same thing?,True,False,120,True
3188,0.8291,0.04029638999986673,,True,Laya,,,,Is me to we a non profit organization?,False,False,64,False
3189,0.1464,0.04175008900006105,,False,Laya,,,,Is mahi mahi the same as ahi tuna?,False,False,105,True
3192,0.841,0.03815043099984905,,True,Laya,,,,Does the georgia aquarium still have whale sharks?,True,False,29,True
3193,0.0827,0.03945182200004638,,False,Laya,,,,Are corn chips and tortilla chips the same?,False,False,64,True
3194,0.0969,0.04049611499999628,,False,Laya,,,,Is a boarding pass and ticket the same thing?,False,False,86,True
3195,0.5907,0.03905037699996683,,True,Laya,,,,Is american and australian sign language the same?,False,False,127,False
3196,0.1203,0.040371492000076614,,False,Laya,,,,Does us have a team in the world cup?,False,False,239,True
3198,0.8567,0.0527340579999418,,True,Laya,,,,Has a club pro ever won the pga?,True,False,75,True
3199,0.9001,0.04079484599992611,,True,Laya,,,,Is the coffee bean and tea leaf kosher?,True,False,88,True
3200,0.6248,0.03836915300007604,,True,Laya,,,,Did colombia make it to the round of 16?,True,False,112,True
3201,0.8545,0.04364277100012259,,True,Laya,,,,Is there a relationship between our latitude position and high diversity of life form in the country?,True,False,79,True
3202,0.3353,0.04015900000013062,,False,Laya,,,,Do all teachers have to take the rica?,False,False,57,True
3205,0.8507,0.03964654900005371,,True,Laya,,,,Will there be a total bellas season 4?,True,False,23,True
3206,0.9063,0.04334332700000232,,True,Laya,,,,Is there a third place in the world cup?,True,False,104,True
3207,0.7803,0.04277199299986023,,True,Laya,,,,Does bourbon have to be made in bourbon county?,False,False,201,False
3209,0.7445,0.03721669199990174,,True,Laya,,,,Can you make clothes out of spider silk?,True,False,53,True
3210,0.1186,0.04768070699992677,,False,Laya,,,,Do they live at the end of a quiet place?,True,False,142,False
3211,0.705,0.041557851999868944,,True,Laya,,,,Is physical address and mac address the same?,True,False,46,True
3212,0.5489,0.03788754299989705,,True,Laya,,,,Are honey bees the same as bumble bees?,False,False,157,False
3213,0.5031,0.04025276900006247,,True,Laya,,,,Are liquor stores in oklahoma open on 4th of july?,False,False,68,False
3214,0.7495,0.03761457099994914,,True,Laya,,,,Will there be a season 3 el chapo?,True,False,22,True
3216,0.3923,0.036750214999983655,,False,Laya,,,,Is a memory card the same as a flash drive?,False,False,91,True
3217,0.9769,0.03812626800004182,,True,Laya,,,,Is there going to be a season 3 in daredevil?,True,False,90,True
3218,0.8436,0.03697067600000992,,True,Laya,,,,Was germany in a position to block a british dream of building a railroad?,True,False,68,True
3219,1.0,0.05707288200005678,,True,Laya,,,,Does the bomb go off in grey's anatomy?,True,False,378,True
3220,0.0704,0.041159504000006564,,False,Laya,,,,Can pool water change color if you pee in it?,False,False,120,True
3221,0.1605,0.03775865700004033,,False,Laya,,,,Is davao city the biggest city in the whole world?,False,False,148,True
3224,0.2904,0.03798551199997746,,False,Laya,,,,Do away goals count in the league 2 playoffs?,False,False,75,True
3225,0.8534,0.038437303999899086,,True,Laya,,,,Is it possible to have an extra y chromosome?,True,False,52,True
3226,0.0282,0.03774211400013883,,False,Laya,,,,Are the bahamas islands part of the united states?,False,False,67,True
3227,0.8693,0.039915322999831915,,True,Laya,,,,Is the united states postal service owned by the government?,True,False,165,True
3229,0.7247,0.038795602999925904,,True,Laya,,,,Can you eat the rind of port salut?,True,False,102,True
3230,0.8492,0.03770468799984883,,True,Laya,,,,Is the standard error the same as standard deviation?,True,False,57,True
3231,0.3706,0.03884222800002135,,False,Laya,,,,Is corn starch the same as corn flower?,True,False,131,False
3232,0.2535,0.04419360599990796,,False,Laya,,,,Does the chevy cobalt ss come in automatic?,True,False,165,False
3233,0.8571,0.039587449000009656,,True,Laya,,,,Is a rhombus the same as a diamond?,True,False,138,True
3235,0.0008,0.039038479000055304,,False,Laya,,,,Is there season 3 witches of east end?,False,False,66,True
3236,0.8745,0.04100357300012547,,True,Laya,,,,Is all of thailand in the same time zone?,True,False,71,True
3237,0.6912,0.03898962700009179,,True,Laya,,,,Can the non-striker be run out by the bowler?,True,False,76,True
3238,0.4775,0.03849436400014383,,False,Laya,,,,Has the conn smythe ever gone to the losing team?,True,False,172,False
3239,0.8457,0.04134245099999134,,True,Laya,,,,Can a third party beneficiary sue for breach of contract?,True,False,160,True
3240,0.7495,0.04008427400003711,,True,Laya,,,,Was romania part of the austro hungarian empire?,True,False,119,True
3241,0.9868,0.045889690999956656,,True,Laya,,,,Does a ruby and a sapphire make a garnet?,True,False,93,True
3242,0.9661,0.04092758899992077,,True,Laya,,,,Are f-14 tomcats still in service?,True,False,62,True
3243,0.8963,0.03760241100007988,,True,Laya,,,,Did grace have a baby on will & grace?,True,False,172,True
3244,0.7268,0.03834540799994102,,True,Laya,,,,Is spain all in the same time zone?,False,False,131,False
3245,0.7573,0.03907902700007071,,True,Laya,,,,Is a group of cats known as a clowder?,True,False,113,True
3246,0.8867,0.03834888400001546,,True,Laya,,,,Are fixed costs and overhead costs the same?,True,False,178,True
3248,0.8951,0.03936401900000419,,True,Laya,,,,Is there a national park in all 50 states?,False,False,163,False
3249,0.7625,0.05178752999995595,,True,Laya,,,,Is hereditary spastic paraplegia a motor neuron disease?,True,False,179,True
3250,0.9193,0.04069204699999318,,True,Laya,,,,Do you have to pay to use the itv hub?,True,False,48,True
3251,0.3773,0.0389868929999011,,False,Laya,,,,Is boiling point a characteristic property of matter?,True,False,59,False
3252,0.8096,0.041028486999948655,,True,Laya,,,,Has kermit the frog been on sesame street?,True,False,162,True
3253,0.7563,0.03830111999991459,,True,Laya,,,,Does the uk national anthem change if there is a king?,True,False,78,True
3254,0.8631,0.03661116700004641,,True,Laya,,,,Is myofibril another name for a muscle fiber?,True,False,74,True
3255,0.8296,0.04249227900004371,,True,Laya,,,,Is there a camera on all traffic lights?,False,False,318,False
3257,0.9967,0.03953447899993989,,True,Laya,,,,Is jaguar and land rover owned by tata?,True,False,145,True
3258,0.9645,0.03957372900003975,,True,Laya,,,,Is new york life insurance a public company?,False,False,96,False
3259,0.0524,0.04332514599991555,,False,Laya,,,,Is time warner and time warner cable the same company?,False,False,74,True
3260,0.0972,0.04292655199992623,,False,Laya,,,,Is the canadian dollar worth more than usd?,False,False,46,True
3261,0.709,0.038328718999991906,,True,Laya,,,,Was pirates of the caribbean based on the ride?,True,False,95,True
3262,0.1066,0.04153405399983967,,False,Laya,,,,Is the iphone se before the iphone 6?,False,False,73,True
3263,0.8029,0.03828070500003378,,True,Laya,,,,Were the new england states free states in 1854?,True,False,152,True
3264,0.7903,0.03839844799995262,,True,Laya,,,,Do exoplanetary systems follow the titus bode rule?,True,False,100,True
3267,0.8229,0.04030240499992033,,True,Laya,,,,Are there plants on the international space station?,True,False,186,True
3269,0.038,0.03779379399998106,,False,Laya,,,,Will there be a season 5 of shadowhunters?,False,False,101,True
279,0.9924236536026001,0.14680921862500895,,True,Phi-4-mini,Yes.,81.0,True,Is there a disorder for being obsessed with someone?,True,False,50,True
290,0.0007099193753674626,0.14680921862500895,,False,Phi-4-mini,No.,118.0,False,Is there a season 3 of indian summers?,False,False,72,True
307,0.9996540546417236,0.14680921862500895,,True,Phi-4-mini,Yes.,137.0,True,Is it illegal for a minor to be in possession of alcohol?,True,False,98,True
418,0.9539761543273926,0.14680921862500895,,True,Phi-4-mini,Yes.,179.0,True,Did eric clapton play while my guitar gently weeps?,True,False,147,True
656,0.9863643050193787,0.14680921862500895,,True,Phi-4-mini,Yes.,118.0,True,Is yield stress and yield strength the same?,True,False,85,True
1409,0.999713122844696,0.14680921862500895,,True,Phi-4-mini,Yes.,198.0,True,Does a fennec fox live in the desert?,True,False,168,True
1428,0.9886702299118042,0.14680921862500895,,True,Phi-4-mini,Yes.,244.0,True,Can it hail and rain at the same time?,True,False,210,True
1472,0.9466042518615723,0.14680921862500895,,True,Phi-4-mini,Yes.,90.0,True,Can a boat sail faster than the wind?,True,False,57,True
1676,0.04605434089899063,0.15066671549999455,,False,Phi-4-mini,No.,130.0,False,Is the world cup made out of solid gold?,True,False,91,False
1716,0.9995418787002563,0.15066671549999455,,True,Phi-4-mini,Yes.,83.0,True,Is english an official language in hong kong?,True,False,47,True
2129,0.9875707030296326,0.15066671549999455,,True,Phi-4-mini,Yes.,150.0,True,Is there a bone in the middle of your chest?,True,False,116,True
2272,0.03023393079638481,0.15066671549999455,,False,Phi-4-mini,No.,113.0,False,Is there a third clash of the titans?,False,False,78,True
2342,0.010994820855557919,0.15066671549999455,,False,Phi-4-mini,No.,402.0,False,Does lynette's family die in the tornado?,False,False,380,True
2400,0.09537184238433838,0.15066671549999455,,False,Phi-4-mini,No.,128.0,False,Can a batsman be run out on a no ball?,False,False,96,True
2484,0.24514290690422058,0.15066671549999455,,False,Phi-4-mini,No.,200.0,False,Is lac leman the same as lake geneva?,True,False,184,False
2516,0.017457658424973488,0.15066671549999455,,False,Phi-4-mini,No.,121.0,False,Is the bank of england a private company?,False,False,85,True
2567,0.7372335195541382,0.10408032225001307,,True,Phi-4-mini,Yes.,154.0,True,Was highway to the danger zone written for top gun?,True,False,121,True
2745,0.9930968880653381,0.10408032225001307,,True,Phi-4-mini,Yes.,197.0,True,Is raging bull based on a true story?,True,False,170,True
2795,0.8741288185119629,0.10408032225001307,,True,Phi-4-mini,Yes.,117.0,True,Were betty and jughead together in the comics?,False,False,84,False
3182,0.05187397822737694,0.10408032225001307,,False,Phi-4-mini,No.,101.0,False,Does the winner of the british open get to keep the jug?,False,False,64,True
16,0.0113363703712821,0.10792220312499978,,False,Phi-4-mini,No.,185.0,False,Was the movie strangers based on a true story?,True,False,150,False
21,0.29427677392959595,0.10792220312499978,,False,Phi-4-mini,No.,231.0,False,Does a spark plug keep an engine running?,True,False,199,False
30,0.9969250559806824,0.10792220312499978,,True,Phi-4-mini,Yes,166.0,True,Does deadpool have a kid in the comics?,True,False,136,True
44,0.9933083057403564,0.10792220312499978,,True,Phi-4-mini,Yes.,129.0,True,Can there be a word without a vowel?,True,False,100,True
57,0.15205585956573486,0.10792220312499978,,False,Phi-4-mini,No.,86.0,False,Is the other boleyn girl part of a series?,True,False,52,False
58,0.5545976758003235,0.10792220312499978,,True,Phi-4-mini,Yes.,119.0,True,Is there a group called the five heartbeats?,False,False,90,False
66,0.23377332091331482,0.10792220312499978,,False,Phi-4-mini,No.,144.0,False,Is baylor and mary hardin baylor the same school?,True,False,109,False
69,0.9626775979995728,0.10792220312499978,,True,Phi-4-mini,Yes.,215.0,True,Are t rex and tyrannosaurus rex the same?,True,False,180,True
80,0.08038594573736191,0.08761939187499479,,False,Phi-4-mini,No.,87.0,False,Will there be a second season of 11.22.63?,False,False,50,True
89,0.9944463968276978,0.08761939187499479,,True,Phi-4-mini,Yes.,150.0,True,Is the jaguar s type rear wheel drive?,True,False,112,True
100,0.99991774559021,0.08761939187499479,,True,Phi-4-mini,Yes.,204.0,True,Can you have too much oxygen in your body?,True,False,171,True
101,0.21212425827980042,0.08761939187499479,,False,Phi-4-mini,No.,133.0,False,Is northern ireland part of the great britain?,False,False,97,True
107,0.003946636337786913,0.08761939187499479,,False,Phi-4-mini,No.,170.0,False,Will there be a new spartacus season 5?,False,False,137,True
115,0.9970192909240723,0.08761939187499479,,True,Phi-4-mini,Yes.,140.0,True,Is a father in law considered a relative?,True,False,117,True
123,0.0005035582580603659,0.08761939187499479,,False,Phi-4-mini,No.,121.0,False,Is health care free in the united states?,False,False,83,True
125,0.04744620621204376,0.08761939187499479,,False,Phi-4-mini,No.,114.0,False,Can one travel faster than the speed of light?,False,False,81,True
140,0.9073443412780762,0.1284106511250087,,True,Phi-4-mini,Yes.,134.0,True,Can the fa cup final end in a tie?,False,False,91,False
141,0.00019721077114809304,0.1284106511250087,,False,Phi-4-mini,No.,137.0,False,Is denatured alcohol and acetone the same thing?,False,False,92,True
170,0.0009699995280243456,0.1284106511250087,,False,Phi-4-mini,No.,99.0,False,Is the routing number the same as transit number?,False,False,64,True
179,0.0016490857815369964,0.1284106511250087,,False,Phi-4-mini,No.,118.0,False,Do you win chess by taking the queen?,False,False,80,True
191,0.12596097588539124,0.1284106511250087,,False,Phi-4-mini,No.,133.0,False,Is a pickle the same as a gherkin?,True,False,102,False
198,0.04086440056562424,0.1284106511250087,,False,Phi-4-mini,No.,113.0,False,Is antarctica the same as the south pole?,False,False,83,True
213,0.9902926683425903,0.1284106511250087,,True,Phi-4-mini,Yes.,328.0,True,Does the animal cell have a cell membrane?,True,False,287,True
216,0.8559132218360901,0.1284106511250087,,True,Phi-4-mini,Yes.,157.0,True,Is air canada part of one world alliance?,False,False,118,False
229,0.34164857864379883,0.09720120887499206,,False,Phi-4-mini,No.,132.0,False,Can you run on a dropped third strike in little league?,False,False,97,True
236,0.6860217452049255,0.09720120887499206,,True,Phi-4-mini,Yes.,90.0,True,Is there a difference between 2 cycle and 2 stroke?,False,False,51,False
238,0.028445202857255936,0.09720120887499206,,False,Phi-4-mini,No.,110.0,False,Has anyone won more than one congressional medal of honor?,True,False,66,False
247,0.11600765585899353,0.09720120887499206,,False,Phi-4-mini,No.,129.0,False,Is there a bird faster than a cheetah?,True,False,94,False
252,0.9886707067489624,0.09720120887499206,,True,Phi-4-mini,Yes.,192.0,True,Is metal gear rising related to metal gear solid?,True,False,160,True
254,0.0009405028540641069,0.09720120887499206,,False,Phi-4-mini,No.,211.0,False,Is britain still a member of european union?,True,False,167,False
258,0.0009402913856320083,0.09720120887499206,,False,Phi-4-mini,No.,150.0,False,Was the power of one a true story?,False,False,114,True
259,0.005556800402700901,0.09720120887499206,,False,Phi-4-mini,No.,231.0,False,Did they use a real gorilla in mighty joe young?,False,False,198,True
261,0.9893485307693481,0.07758115612499239,,True,Phi-4-mini,Yes.,83.0,True,Can a real image be projected onto a screen?,True,False,47,True
262,0.9989352822303772,0.07758115612499239,,True,Phi-4-mini,Yes.,169.0,True,Is the army under the department of defense?,True,False,132,True
264,0.16893994808197021,0.07758115612499239,,False,Phi-4-mini,No.,91.0,False,Is st augustine the oldest city in florida?,True,False,59,False
270,0.9966236352920532,0.07758115612499239,,True,Phi-4-mini,Yes.,97.0,True,Is outcome variable the same as dependent variable?,True,False,71,True
277,0.0029824504163116217,0.07758115612499239,,False,Phi-4-mini,No.,110.0,False,Did us ever win the world cup soccer?,False,False,65,True
284,0.008580470457673073,0.07758115612499239,,False,Phi-4-mini,No.,81.0,False,Do donna and eric end up getting married?,False,False,43,True
285,0.9992448091506958,0.07758115612499239,,True,Phi-4-mini,Yes.,85.0,True,Is an administrative law judge a real judge?,True,False,49,True
288,0.9688602089881897,0.07758115612499239,,True,Phi-4-mini,Yes.,143.0,True,Do supreme court justices have to be confirmed?,True,False,113,True
297,0.10671968013048172,0.10879765912500261,,False,Phi-4-mini,No.,129.0,False,Is sheet metal gauge the same as wire gauge?,True,False,91,False
312,0.0002614374679978937,0.10879765912500261,,False,Phi-4-mini,No.,90.0,False,Is st kitts and nevis a us territory?,False,False,50,True
313,0.8634281158447266,0.10879765912500261,,True,Phi-4-mini,Yes.,140.0,True,Is cheaper by the dozen based on a true story?,True,False,98,True
330,0.999738872051239,0.10879765912500261,,True,Phi-4-mini,Yes.,126.0,True,Is a wheel and axle a simple machine?,True,False,90,True
333,0.9994474053382874,0.10879765912500261,,True,Phi-4-mini,Yes.,195.0,True,Is wrath of the titans a sequel to clash of the titans?,True,False,162,True
334,0.02759602852165699,0.10879765912500261,,False,Phi-4-mini,No.,264.0,False,Is z nation a spinoff of the walking dead?,False,False,237,True
342,0.006492771208286285,0.10879765912500261,,False,Phi-4-mini,No.,228.0,False,Is the president the only member of the executive branch?,True,False,193,False
350,0.035152867436409,0.10879765912500261,,False,Phi-4-mini,No.,56.0,False,Was the movie insomnia based on a book?,False,False,20,True
354,0.006099550519138575,0.07893012600000304,,False,Phi-4-mini,No.,179.0,False,Is father's day the same day every year?,False,False,148,True
357,0.0003053908294532448,0.07893012600000304,,False,Phi-4-mini,No.,130.0,False,Is george washington university an ivy league school?,False,False,96,True
363,0.009415363892912865,0.07893012600000304,,False,Phi-4-mini,No.,140.0,False,Do you have to have a wicket keeper in cricket?,False,False,108,True
366,0.2511049807071686,0.07893012600000304,,False,Phi-4-mini,No.,100.0,False,Is devil may cry 5 set after 2?,True,False,59,False
369,0.7123275399208069,0.07893012600000304,,True,Phi-4-mini,Yes.,118.0,True,Does the monorail go to las vegas airport?,False,False,75,False
381,0.9688650369644165,0.07893012600000304,,True,Phi-4-mini,Yes.,166.0,True,Has a school shooting happened in a private school?,True,False,132,True
387,0.02518942393362522,0.07893012600000304,,False,Phi-4-mini,No.,127.0,False,Was integration the rule in the northern states?,False,False,91,True
388,0.005912638269364834,0.07893012600000304,,False,Phi-4-mini,No.,80.0,False,Is 1 ounce the same as 1 fluid ounce?,True,False,42,False
396,0.00013138586655259132,0.08687915187499584,,False,Phi-4-mini,No.,124.0,False,Is europe a part of the united states?,False,False,88,True
401,0.008850767277181149,0.08687915187499584,,False,Phi-4-mini,No.,88.0,False,Can you have more than one wife in uk?,False,False,51,True
403,0.008853980340063572,0.08687915187499584,,False,Phi-4-mini,No.,116.0,False,Is puerto rico a protectorate of the us?,False,False,81,True
419,0.9975277781486511,0.08687915187499584,,True,Phi-4-mini,Yes.,114.0,True,Is red velvet cake chocolate cake with red dye?,True,False,83,True
422,0.0038264025934040546,0.08687915187499584,,False,Phi-4-mini,No.,207.0,False,Is race 3 a continuation of race 2?,False,False,175,True
424,0.9987553358078003,0.08687915187499584,,True,Phi-4-mini,Yes.,160.0,True,Is 50 to 1 based on a true story?,True,False,113,True
431,0.7311358451843262,0.08687915187499584,,True,Phi-4-mini,Yes.,64.0,True,Is central bank of india a nationalised bank?,True,False,28,True
436,0.0015983933117240667,0.08687915187499584,,False,Phi-4-mini,No.,83.0,False,Is there always a full moon on summer solstice?,False,False,46,True
437,0.6927499771118164,0.12981424100000538,,True,Phi-4-mini,Yes.,138.0,True,Is there more than 9 seasons of heartland?,True,False,101,True
449,0.23937572538852692,0.12981424100000538,,False,Phi-4-mini,No.,195.0,False,Can protein pass through the blood brain barrier?,False,False,156,True
453,0.6443492770195007,0.12981424100000538,,True,Phi-4-mini,Yes.,326.0,True,Have the houston texans ever won a playoff game?,True,False,264,True
457,0.9854997992515564,0.12981424100000538,,True,Phi-4-mini,Yes,77.0,True,Is there going to be another series of the apprentice?,True,False,36,True
458,0.5622544288635254,0.12981424100000538,,True,Phi-4-mini,Yes.,84.0,True,Does it matter which dna strand is transcribed?,True,False,46,True
461,0.9019536972045898,0.12981424100000538,,True,Phi-4-mini,Yes,241.0,True,Is kabaneri of the iron fortress on crunchyroll?,True,False,202,True
464,0.0017012925818562508,0.12981424100000538,,False,Phi-4-mini,No.,125.0,False,Is the national guard part of the coast guard?,False,False,92,True
473,0.7431992888450623,0.12981424100000538,,True,Phi-4-mini,Yes.,142.0,True,Is women's one a day fda approved?,True,False,115,True
475,0.49235212802886963,0.0952168823750128,,False,Phi-4-mini,No.,180.0,False,Has arkansas ever won a national championship in any sport?,True,False,137,False
478,0.9914231896400452,0.0952168823750128,,True,Phi-4-mini,Yes.,202.0,True,Is there such a thing as a miniature pig?,False,False,169,False
484,0.5156970620155334,0.0952168823750128,,True,Phi-4-mini,Yes.,214.0,True,Do dairy cows have to have a baby to produce milk?,True,False,179,True
490,0.00048797985073179007,0.0952168823750128,,False,Phi-4-mini,No.,101.0,False,Is picante sauce the same as taco sauce?,False,False,69,True
491,0.9965180158615112,0.0952168823750128,,True,Phi-4-mini,Yes.,93.0,True,Has belgium ever been in world cup final?,True,False,53,True
492,0.9381389021873474,0.0952168823750128,,True,Phi-4-mini,Yes.,143.0,True,Is love child based on a true story?,True,False,95,True
509,0.0038262137677520514,0.0952168823750128,,False,Phi-4-mini,No.,73.0,False,Did ireland ever win the soccer world cup?,False,False,34,True
513,0.9950959086418152,0.0952168823750128,,True,Phi-4-mini,Yes,92.0,True,Is far cry the movie based on the game?,True,False,58,True
517,0.007348218932747841,0.09592234924998877,,False,Phi-4-mini,No.,110.0,False,Is the justice department part of the judicial branch?,False,False,74,True
530,0.0011699737515300512,0.09592234924998877,,False,Phi-4-mini,No.,107.0,False,Is smaug the only dragon in middle earth?,False,False,75,True
537,0.9867815375328064,0.09592234924998877,,True,Phi-4-mini,Yes.,228.0,True,Was the soviet union an ally in ww2?,True,False,182,True
538,0.3630988895893097,0.09592234924998877,,False,Phi-4-mini,No.,173.0,False,Does the host of americas got talent get a golden buzzer?,True,False,139,False
542,0.9953919649124146,0.09592234924998877,,True,Phi-4-mini,Yes,242.0,True,Did mel gibson won an oscar for braveheart?,True,False,217,True
549,0.9970197081565857,0.09592234924998877,,True,Phi-4-mini,Yes.,187.0,True,Has there ever been a tie game in baseball?,True,False,147,True
554,0.9949400424957275,0.09592234924998877,,True,Phi-4-mini,Yes.,95.0,True,Are zip code and postal code the same?,True,False,64,True
559,0.8903370499610901,0.09592234924998877,,True,Phi-4-mini,Yes.,101.0,True,Does university of tampa have a football team?,False,False,63,False
563,0.006695031654089689,0.10680322487499438,,False,Phi-4-mini,No.,90.0,False,Is the little princess based on a true story?,False,False,54,True
566,0.005062675569206476,0.10680322487499438,,False,Phi-4-mini,No.,132.0,False,Is romania part of the visa waiver program?,False,False,94,True
569,0.34168457984924316,0.10680322487499438,,False,Phi-4-mini,No.,84.0,False,Is there a remake of my fair lady?,False,False,48,True
574,0.5158028602600098,0.10680322487499438,,True,Phi-4-mini,Yes,168.0,True,Have we seen the bottom of the mariana trench?,True,False,132,True
587,0.004907733760774136,0.10680322487499438,,False,Phi-4-mini,No.,137.0,False,Is boost mobile and virgin mobile the same?,True,False,100,False
605,0.6993274092674255,0.10680322487499438,,True,Phi-4-mini,Yes,128.0,True,Is it legal to escape from prison in germany?,False,False,92,False
622,0.7187000513076782,0.10680322487499438,,True,Phi-4-mini,Yes.,259.0,True,Is george washington bridge a one way toll?,True,False,232,True
624,0.7931634783744812,0.10680322487499438,,True,Phi-4-mini,Yes.,115.0,True,Do plant cell walls restrict the entry of water?,True,False,74,True
630,0.4225902855396271,0.09744837025000663,,False,Phi-4-mini,No.,129.0,False,Does the post office run on memorial day?,False,False,101,True
636,0.9173136949539185,0.09744837025000663,,True,Phi-4-mini,Yes.,255.0,True,Can you use other colors for a green screen?,True,False,226,True
638,0.0004730726359412074,0.09744837025000663,,False,Phi-4-mini,No.,234.0,False,Has every mountain in the world been climbed?,False,False,209,True
646,0.754971444606781,0.09744837025000663,,True,Phi-4-mini,Yes.,104.0,True,Does every nation state have a national government?,True,False,74,True
682,0.9933087825775146,0.09744837025000663,,True,Phi-4-mini,Yes,103.0,True,Is the blue whale the largest animal ever?,True,False,67,True
686,0.0384773388504982,0.09744837025000663,,False,Phi-4-mini,No.,96.0,False,Will there be episode 9 of sacred games?,False,False,56,True
699,0.9946154952049255,0.09744837025000663,,True,Phi-4-mini,Yes.,216.0,True,Is the cell membrane and plasma membrane same?,True,False,177,True
706,0.9996540546417236,0.09744837025000663,,True,Phi-4-mini,Yes.,169.0,True,Was the space race part of the cold war?,True,False,136,True
709,0.0013673797948285937,0.09314703500000121,,False,Phi-4-mini,No.,140.0,False,Is there a year 0 in the gregorian calendar?,False,False,100,True
712,0.04469389468431473,0.09314703500000121,,False,Phi-4-mini,No.,213.0,False,Does a cow have to be pregnant to lactate?,False,False,179,True
730,0.024430271238088608,0.09314703500000121,,False,Phi-4-mini,No.,169.0,False,Is there raw egg in egg drop soup?,False,False,144,True
732,0.9953912496566772,0.09314703500000121,,True,Phi-4-mini,Yes,72.0,True,Will the next step have a season 6?,True,False,31,True
752,0.008581703528761864,0.09314703500000121,,False,Phi-4-mini,No.,132.0,False,Are billy and nora from the thundermans twins?,False,False,95,True
757,0.5776005387306213,0.09314703500000121,,True,Phi-4-mini,Yes.,142.0,True,Is nanny plum and miss rabbit the same voice?,True,False,113,True
760,0.16895762085914612,0.09314703500000121,,False,Phi-4-mini,No.,213.0,False,Are any of the original members of lynyrd skynyrd alive?,True,False,167,False
777,0.9263144135475159,0.09314703500000121,,True,Phi-4-mini,Yes.,83.0,True,Is a cookie sheet the same as a sheet pan?,True,False,50,True
778,0.8903217315673828,0.09164268737499981,,True,Phi-4-mini,Yes.,159.0,True,Is your body temp lower in the morning?,True,False,125,True
785,0.06191851943731308,0.09164268737499981,,False,Phi-4-mini,No.,161.0,False,Is i 80 in indiana a toll road?,True,False,127,False
791,0.9993929862976074,0.09164268737499981,,True,Phi-4-mini,Yes.,90.0,True,Is actin and myosin present in smooth muscle?,True,False,50,True
797,3.883792305714451e-05,0.09164268737499981,,False,Phi-4-mini,No.,132.0,False,Is area code 669 a toll free number?,False,False,94,True
798,0.7549594640731812,0.09164268737499981,,True,Phi-4-mini,Yes.,143.0,True,Do you get the money you win on jeopardy?,True,False,119,True
805,0.7826988101005554,0.09164268737499981,,True,Phi-4-mini,Yes.,148.0,True,Is the calvin cycle and dark reaction the same?,True,False,113,True
812,0.9988306164741516,0.09164268737499981,,True,Phi-4-mini,Yes.,200.0,True,Is it possible to give birth to twins with different fathers?,True,False,163,True
814,0.9890159964561462,0.09164268737499981,,True,Phi-4-mini,Yes,150.0,True,Does sprite have lemon and lime in it?,True,False,118,True
817,0.9980130195617676,0.09538960662499107,,True,Phi-4-mini,Yes.,206.0,True,Was all in the family filmed in front of a live audience?,True,False,169,True
822,0.6372036933898926,0.09538960662499107,,True,Phi-4-mini,Yes.,191.0,True,Is the ogallala aquifer the largest in the world?,False,False,151,False
826,0.9974493384361267,0.09538960662499107,,True,Phi-4-mini,Yes.,151.0,True,Can you do surgery on a baby in utero?,True,False,115,True
841,0.9992903470993042,0.09538960662499107,,True,Phi-4-mini,Yes.,215.0,True,Is a diffraction effect seen in sound waves?,True,False,180,True
858,0.0007099356153048575,0.09538960662499107,,False,Phi-4-mini,No.,209.0,False,Is the us open played on the same course every year?,False,False,172,True
867,0.2689991891384125,0.09538960662499107,,False,Phi-4-mini,No.,175.0,False,Are fruit roll ups made with real fruit?,False,False,145,True
873,0.009418424218893051,0.09538960662499107,,False,Phi-4-mini,No.,163.0,False,Has anyone ever escaped from alcatraz and lived?,False,False,124,True
883,0.00040458026342093945,0.09538960662499107,,False,Phi-4-mini,No.,185.0,False,Is the wizard of oz a disney production?,False,False,157,True
888,0.6298990845680237,0.11016917587500075,,True,Phi-4-mini,Yes.,189.0,True,Is percy jackson in the blood of olympus?,True,False,163,True
889,0.9960557222366333,0.11016917587500075,,True,Phi-4-mini,Yes.,168.0,True,Has any movie gotten 100 on rotten tomatoes?,True,False,131,True
892,0.9983522891998291,0.11016917587500075,,True,Phi-4-mini,Yes.,186.0,True,Did lagos used to be the capital of nigeria?,True,False,151,True
896,0.004907081834971905,0.11016917587500075,,False,Phi-4-mini,No,112.0,False,Can you carry a gun in new york city?,False,False,78,True
905,0.4456840753555298,0.11016917587500075,,False,Phi-4-mini,No.,259.0,False,Is taylor back on the bold and the beautiful?,True,False,208,False
909,0.980286180973053,0.11016917587500075,,True,Phi-4-mini,Yes.,81.0,True,Is the dewey decimal system still in use?,True,False,41,True
916,0.9921865463256836,0.11016917587500075,,True,Phi-4-mini,Yes.,107.0,True,Is there a self defense law in kentucky?,True,False,73,True
922,0.5001382827758789,0.11016917587500075,,False,Phi-4-mini,No.,132.0,False,Are there in n outs outside of california?,True,False,100,False
924,0.0052304561249911785,0.11375510012499035,,False,Phi-4-mini,No.,129.0,False,Is america the only country with an electoral college?,False,False,105,True
928,0.9987157583236694,0.11375510012499035,,True,Phi-4-mini,Yes.,197.0,True,Can a person have twins with different fathers?,True,False,163,True
929,0.8740906715393066,0.11375510012499035,,True,Phi-4-mini,Yes.,269.0,True,Is it normal for a 50 year old man to have wet dreams?,True,False,230,True
933,0.48451724648475647,0.11375510012499035,,False,Phi-4-mini,No.,160.0,False,Is pokemon lets go a main series game?,True,False,129,False
936,0.0032766012009233236,0.11375510012499035,,False,Phi-4-mini,No.,119.0,False,Did the american health care act pass the senate?,False,False,77,True
940,0.9956691265106201,0.11375510012499035,,True,Phi-4-mini,Yes.,193.0,True,Can i have more than one queen in chess?,True,False,162,True
943,0.9724203944206238,0.11375510012499035,,True,Phi-4-mini,Yes.,143.0,True,Were greece and rome around at the same time?,False,False,108,False
945,0.8597061038017273,0.11375510012499035,,True,Phi-4-mini,Yes.,232.0,True,Are there any states where you don't have to wear a seatbelt?,True,False,189,True
946,0.4766862392425537,0.12516385850000233,,False,Phi-4-mini,No.,116.0,False,Is it illegal to shoot in the air?,True,False,84,False
961,0.9755827784538269,0.12516385850000233,,True,Phi-4-mini,Yes,132.0,True,Does surface pro 4 come with microsoft office?,True,False,98,True
966,0.9933078289031982,0.12516385850000233,,True,Phi-4-mini,Yes.,317.0,True,Is the pancreas part of the gastrointestinal system?,True,False,283,True
972,3.2200685382122174e-05,0.12516385850000233,,False,Phi-4-mini,No.,124.0,False,Is salt water taffy made with ocean water?,False,False,90,True
982,0.9987554550170898,0.12516385850000233,,True,Phi-4-mini,Yes.,282.0,True,Do the bruins and celtics play in the same arena?,True,False,213,True
983,0.00011243043991271406,0.12516385850000233,,False,Phi-4-mini,No.,228.0,False,Is oasis of the seas the largest cruise ship?,False,False,197,True
985,0.07371189445257187,0.12516385850000233,,False,Phi-4-mini,No.,260.0,False,Do owen and cristina get back together season 10?,False,False,233,True
991,0.9770255088806152,0.12516385850000233,,True,Phi-4-mini,Yes.,106.0,True,Can you get held back in elementary school?,True,False,74,True
997,0.8741536140441895,0.1136373060000011,,True,Phi-4-mini,Yes.,261.0,True,Is california state route 73 a toll road?,True,False,227,True
1006,0.9981330037117004,0.1136373060000011,,True,Phi-4-mini,Yes.,164.0,True,Is there a line of duty series 4?,True,False,128,True
1009,0.10377416759729385,0.1136373060000011,,False,Phi-4-mini,No.,175.0,False,Do brown recluse spiders live in the woods?,True,False,144,False
1010,0.9975278973579407,0.1136373060000011,,True,Phi-4-mini,Yes,132.0,True,Does the world cup trophy have a name?,False,False,94,False
1015,0.7491301894187927,0.1136373060000011,,True,Phi-4-mini,Yes.,223.0,True,Can you buy a gun from a gun show without a background check?,True,False,187,True
1016,0.21738101541996002,0.1136373060000011,,False,Phi-4-mini,No.,202.0,False,Is there overlap between the different organ systems in a vertebrate?,True,False,163,False
1027,0.060145918279886246,0.1136373060000011,,False,Phi-4-mini,No.,159.0,False,Does arnie die in what eating gilbert grape?,False,False,127,True
1035,0.9615521430969238,0.1136373060000011,,True,Phi-4-mini,Yes,112.0,True,Is fear the walking dead based on the comics?,True,False,79,True
1038,0.9450038075447083,0.11602439049998736,,True,Phi-4-mini,Yes.,115.0,True,Are the violin and the fiddle the same thing?,True,False,80,True
1051,0.7123048901557922,0.11602439049998736,,True,Phi-4-mini,Yes.,110.0,True,Have the thunder ever made it to the finals?,True,False,69,True
1053,0.001927835401147604,0.11602439049998736,,False,Phi-4-mini,No.,203.0,False,Is the tv show taken still on the air?,False,False,150,True
1054,0.996828019618988,0.11602439049998736,,True,Phi-4-mini,Yes.,250.0,True,Is fullmetal alchemist conqueror of shamballa a sequel?,True,False,219,True
1072,0.0007098814239725471,0.11602439049998736,,False,Phi-4-mini,No.,197.0,False,Is a porpoise and a dolphin the same animal?,False,False,162,True
1088,0.999312162399292,0.11602439049998736,,True,Phi-4-mini,Yes.,206.0,True,Can you remove the venom glands from a snake?,True,False,175,True
1109,0.9989681243896484,0.11602439049998736,,True,Phi-4-mini,Yes.,272.0,True,Are there only 2 rounds in the nba draft?,True,False,232,True
1116,0.999643087387085,0.11602439049998736,,True,Phi-4-mini,Yes.,119.0,True,Is a bachelor degree considered an undergraduate degree?,True,False,86,True
1125,0.09537447988986969,0.11404714699999374,,False,Phi-4-mini,No.,161.0,False,Can you still use old 5 euro note?,False,False,116,True
1127,0.9975281357765198,0.11404714699999374,,True,Phi-4-mini,Yes,155.0,True,Does attack on titan have a season 2?,True,False,128,True
1150,0.0003460575535427779,0.11404714699999374,,False,Phi-4-mini,No.,92.0,False,Is liquid nitrogen the same as dry ice?,False,False,58,True
1161,0.9988666772842407,0.11404714699999374,,True,Phi-4-mini,Yes,77.0,True,Can you play ds games on a ds lite?,True,False,43,True
1164,0.008851938880980015,0.11404714699999374,,False,Phi-4-mini,No.,178.0,False,Is the voice of alice the same as wendy?,True,False,139,False
1174,0.8872298002243042,0.11404714699999374,,True,Phi-4-mini,Yes.,115.0,True,Was michigan a state during the civil war?,False,False,83,False
1190,0.013641917146742344,0.11404714699999374,,False,Phi-4-mini,No.,274.0,False,Did izzie stevens die on grey's anatomy?,False,False,243,True
1192,0.6514025330543518,0.11404714699999374,,True,Phi-4-mini,Yes.,198.0,True,Can ace be used as a 1 in poker?,True,False,160,True
1196,0.07162163406610489,0.09702074762500956,,False,Phi-4-mini,No.,115.0,False,Can an ectopic pregnancy be carried to term?,True,False,71,False
1200,0.6724627614021301,0.09702074762500956,,True,Phi-4-mini,Yes,96.0,True,Is house of cards based on the british series?,True,False,56,True
1201,0.9987934827804565,0.09702074762500956,,True,Phi-4-mini,Yes.,102.0,True,Can the chief justice of the supreme court be impeached?,True,False,62,True
1217,0.9879496097564697,0.09702074762500956,,True,Phi-4-mini,Yes.,230.0,True,Is there a season 2 of case histories?,True,False,190,True
1222,0.9924236536026001,0.09702074762500956,,True,Phi-4-mini,Yes.,171.0,True,Is canary wharf on the isle of dogs?,True,False,138,True
1226,0.004200550261884928,0.09702074762500956,,False,Phi-4-mini,No.,57.0,False,Is 1 a prime factor of every number?,False,False,20,True
1241,0.02443518117070198,0.09702074762500956,,False,Phi-4-mini,No.,109.0,False,Is air canada rouge the same as air canada?,False,False,73,True
1245,0.9985455274581909,0.09702074762500956,,True,Phi-4-mini,Yes.,225.0,True,Is sex and the city filmed in new york?,True,False,196,True
1246,0.9073750376701355,0.11442190587500534,,True,Phi-4-mini,Yes.,163.0,True,Is west texas a&m part of texas a&m?,True,False,125,True
1254,0.9994117021560669,0.11442190587500534,,True,Phi-4-mini,Yes.,170.0,True,Can you make silk without killing the worm?,True,False,138,True
1255,0.046045463532209396,0.11442190587500534,,False,Phi-4-mini,No.,183.0,False,Was there a tsunami in the 1906 san francisco earthquake?,True,False,143,False
1256,0.004907193593680859,0.11442190587500534,,False,Phi-4-mini,No.,81.0,False,Is home bargains the same as quality save?,False,False,48,True
1261,0.9450076222419739,0.11442190587500534,,True,Phi-4-mini,Yes,137.0,True,Is online sports betting legal in south africa?,True,False,106,True
1270,0.8933523297309875,0.11442190587500534,,True,Phi-4-mini,Yes.,279.0,True,Does the drinking age vary from state to state?,False,False,227,False
1273,0.6513972878456116,0.11442190587500534,,True,Phi-4-mini,Yes.,93.0,True,Can you send out mail without a return address?,True,False,58,True
1276,0.9637967348098755,0.11442190587500534,,True,Phi-4-mini,Yes.,175.0,True,Have both parts of the titanic been found?,True,False,140,True
1289,0.006908757146447897,0.093946891249999,,False,Phi-4-mini,No.,135.0,False,Was nova scotia part of the 13 colonies?,False,False,97,True
1299,0.9802895188331604,0.093946891249999,,True,Phi-4-mini,Yes.,93.0,True,Is a bmw 1 series rear wheel drive?,True,False,57,True
1316,0.0018107969081029296,0.093946891249999,,False,Phi-4-mini,No.,218.0,False,Are any planets involved in the formation of an actual planetary nebula?,False,False,183,True
1318,0.07588652521371841,0.093946891249999,,False,Phi-4-mini,No.,97.0,False,Is it illegal to warn drivers of a speed trap?,False,False,60,True
1323,0.8670502305030823,0.093946891249999,,True,Phi-4-mini,Yes.,84.0,True,Does a flask count as an open container?,True,False,49,True
1332,0.18718144297599792,0.093946891249999,,False,Phi-4-mini,No.,108.0,False,Is a dame the same as a knight?,True,False,75,False
1333,0.0001273562083952129,0.093946891249999,,False,Phi-4-mini,No.,121.0,False,Is patagonia a country in its own right?,False,False,93,True
1336,0.07372674345970154,0.093946891249999,,False,Phi-4-mini,No.,110.0,False,Is babies r us and toys r us the same?,True,False,74,False
1340,0.967906653881073,0.11535707100000536,,True,Phi-4-mini,Yes.,114.0,True,Is there a new pirates of the caribbean movie coming?,True,False,76,True
1346,0.9659180641174316,0.11535707100000536,,True,Phi-4-mini,Yes,111.0,True,Does steph curry have a brother that plays basketball?,True,False,75,True
1347,0.222737118601799,0.11535707100000536,,False,Phi-4-mini,No.,148.0,False,Is it possible to have a 5th wisdom tooth?,True,False,109,False
1353,0.00021661094797309488,0.11535707100000536,,False,Phi-4-mini,No.,156.0,False,Is the depth of the water table always the same?,False,False,119,True
1355,0.9997695088386536,0.11535707100000536,,True,Phi-4-mini,Yes.,121.0,True,Is the prefrontal cortex part of the frontal lobe?,True,False,78,True
1357,0.8808286786079407,0.11535707100000536,,True,Phi-4-mini,Yes.,80.0,True,Has anyone climbed the north face of everest?,True,False,47,True
1359,0.8032244443893433,0.11535707100000536,,True,Phi-4-mini,Yes.,262.0,True,Is there a lake in lake hiawatha nj?,False,False,231,False
1360,0.21213319897651672,0.11535707100000536,,False,Phi-4-mini,No.,280.0,False,Can a nhl playoff game end in a tie?,False,False,238,True
1363,0.0004583722911775112,0.08327506300000209,,False,Phi-4-mini,No.,188.0,False,Is a jet engine an external combustion engine?,False,False,158,True
1377,0.005732529330998659,0.08327506300000209,,False,Phi-4-mini,No.,150.0,False,Can you get into canada with just a drivers license?,False,False,118,True
1390,0.00522240437567234,0.08327506300000209,,False,Phi-4-mini,No.,183.0,False,Can you conceal carry in louisiana without a permit?,False,False,149,True
1392,0.9732449054718018,0.08327506300000209,,True,Phi-4-mini,Yes.,113.0,True,Can i go to canada with an edl?,True,False,81,True
1396,0.9985452890396118,0.08327506300000209,,True,Phi-4-mini,Yes.,111.0,True,Do green anacondas live in the amazon rainforest?,True,False,76,True
1401,0.036237239837646484,0.08327506300000209,,False,Phi-4-mini,No.,89.0,False,Is tissue composed of one type of cell?,False,False,55,True
1406,0.9911564588546753,0.08327506300000209,,True,Phi-4-mini,Yes,186.0,True,Did kevin durant play for the seattle supersonics?,True,False,144,True
1423,0.6927037239074707,0.08327506300000209,,True,Phi-4-mini,Yes.,153.0,True,Does it get cold at night in hawaii?,False,False,118,False
1430,0.0011340831406414509,0.16666474824999966,,False,Phi-4-mini,No.,69.0,False,Do you have to pay for tvnz on demand?,False,False,36,True
1448,0.7607506513595581,0.16666474824999966,,True,Phi-4-mini,Yes,146.0,True,Is frasier filmed in front of a live audience?,True,False,108,True
1458,0.9989997744560242,0.16666474824999966,,True,Phi-4-mini,Yes,153.0,True,Is the movie get rich or die tryin based on 50 cent's life?,True,False,102,True
1464,0.9196639657020569,0.16666474824999966,,True,Phi-4-mini,Yes.,173.0,True,Can a judge be removed from the bench?,True,False,141,True
1468,0.6298243999481201,0.16666474824999966,,True,Phi-4-mini,Yes.,78.0,True,Is the tv show the 100 still on?,True,False,35,True
1469,0.9969256520271301,0.16666474824999966,,True,Phi-4-mini,Yes.,426.0,True,Are there any tim hortons in the us?,True,False,379,True
1471,0.04086095839738846,0.16666474824999966,,False,Phi-4-mini,No.,203.0,False,Does rachel die in hawaii 5-0?,False,False,166,True
1478,0.9979496598243713,0.16666474824999966,,True,Phi-4-mini,Yes.,155.0,True,Is olympus has fallen and london has fallen related?,True,False,125,True
1479,0.999841570854187,0.12146571037499143,,True,Phi-4-mini,Yes.,110.0,True,Can fusion be used as an energy source?,True,False,76,True
1480,0.9994117021560669,0.12146571037499143,,True,Phi-4-mini,Yes.,99.0,True,Does honey bunches of oats have folic acid?,True,False,62,True
1485,0.6298199892044067,0.12146571037499143,,True,Phi-4-mini,Yes.,144.0,True,Can you start dreaming before you fall asleep?,True,False,117,True
1492,0.9965170621871948,0.12146571037499143,,True,Phi-4-mini,Yes.,135.0,True,Is pva glue the same as elmers glue?,True,False,92,True
1498,0.9763244390487671,0.12146571037499143,,True,Phi-4-mini,Yes.,165.0,True,Is finders keepers a sequel to mr mercedes?,True,False,122,True
1507,0.6443098783493042,0.12146571037499143,,True,Phi-4-mini,Yes.,58.0,True,Has anyone ever died doing the tour de france?,False,False,20,False
1516,0.3998757302761078,0.12146571037499143,,False,Phi-4-mini,No.,89.0,False,Can i use hydraulic fluid for brake fluid?,True,False,57,False
1526,0.936292290687561,0.12146571037499143,,True,Phi-4-mini,Yes.,319.0,True,Is there a such thing as yellow watermelon?,True,False,295,True
1545,0.27517613768577576,0.10002717324999821,,False,Phi-4-mini,No.,199.0,False,Can a passport card be used for real id?,True,False,172,False
1555,0.992425799369812,0.10002717324999821,,True,Phi-4-mini,Yes,69.0,True,Will there be a 7th season of new girl?,True,False,28,True
1570,0.007123937364667654,0.10002717324999821,,False,Phi-4-mini,No.,213.0,False,Was the iphone the first touch screen phone?,False,False,179,True
1585,0.9902936220169067,0.10002717324999821,,True,Phi-4-mini,Yes.,160.0,True,Is emotionally unstable personality disorder the same as bpd?,True,False,124,True
1590,0.4689141511917114,0.10002717324999821,,False,Phi-4-mini,No.,228.0,False,Will there be a new total drama series?,True,False,194,False
1596,0.9046785235404968,0.10002717324999821,,True,Phi-4-mini,Yes.,108.0,True,Are all the royal families of europe related?,True,False,75,True
1601,0.4844467341899872,0.10002717324999821,,False,Phi-4-mini,No.,169.0,False,Is southern ireland part of the british isles?,True,False,136,False
1603,0.00014888161967974156,0.10002717324999821,,False,Phi-4-mini,No.,181.0,False,Is father's day the same day all over the world?,False,False,148,True
1606,0.9928805828094482,0.07977063650000105,,True,Phi-4-mini,Yes.,134.0,True,Are residents of the us virgin islands american citizens?,True,False,97,True
1608,0.9989998936653137,0.07977063650000105,,True,Phi-4-mini,Yes.,84.0,True,Has australia ever been in a world cup final?,True,False,37,True
1615,0.01800326630473137,0.07977063650000105,,False,Phi-4-mini,No.,150.0,False,Is the first round of the nba playoffs a 5 game series?,False,False,97,True
1623,0.999738872051239,0.07977063650000105,,True,Phi-4-mini,Yes.,105.0,True,Can being too hot cause you to faint?,True,False,72,True
1627,0.9511487483978271,0.07977063650000105,,True,Phi-4-mini,Yes.,108.0,True,Is foam board and foam core the same thing?,True,False,75,True
1630,0.9433639049530029,0.07977063650000105,,True,Phi-4-mini,Yes.,176.0,True,Are blade runner and blade runner 2049 connected?,True,False,145,True
1634,0.9893524050712585,0.07977063650000105,,True,Phi-4-mini,Yes,115.0,True,Will there be a fifth season of arrested development?,True,False,71,True
1636,0.19687987864017487,0.07977063650000105,,False,Phi-4-mini,No.,111.0,False,Do corporations have the same free speech rights as persons?,True,False,72,False
1640,0.8872637748718262,0.09601993425000899,,True,Phi-4-mini,Yes.,146.0,True,Have the seattle supersonics ever won a championship?,True,False,100,True
1641,0.9996750354766846,0.09601993425000899,,True,Phi-4-mini,Yes.,163.0,True,Can a return address be a po box?,True,False,128,True
1658,0.9241623878479004,0.09601993425000899,,True,Phi-4-mini,Yes.,121.0,True,Is an undergraduate degree the same as a bachelor's degree?,True,False,86,True
1663,0.9993929862976074,0.09601993425000899,,True,Phi-4-mini,Yes,209.0,True,Does minute maid stadium have a retractable roof?,True,False,171,True
1665,0.9919400811195374,0.09601993425000899,,True,Phi-4-mini,Yes,79.0,True,Is pb(no3)2 soluble in water?,True,False,44,True
1669,4.401008118293248e-05,0.09601993425000899,,False,Phi-4-mini,No.,181.0,False,Is the book of life a pixar movie?,False,False,151,True
1670,0.921941876411438,0.09601993425000899,,True,Phi-4-mini,Yes.,150.0,True,Is the lead singer of hellyeah from mudvayne?,True,False,120,True
1677,0.9820161461830139,0.09601993425000899,,True,Phi-4-mini,Yes.,221.0,True,Are they going to make another jurassic world movie?,True,False,179,True
1695,0.9998148083686829,0.10108531299999868,,True,Phi-4-mini,Yes,117.0,True,Is iron (iii) sulfate soluble in water?,True,False,82,True
1705,0.0030770311132073402,0.10108531299999868,,False,Phi-4-mini,No.,183.0,False,Does sam come back to the west wing?,True,False,151,False
1720,0.9978851675987244,0.10108531299999868,,True,Phi-4-mini,Yes.,89.0,True,Are there us military bases in the uk?,True,False,56,True
1729,0.9992679953575134,0.10108531299999868,,True,Phi-4-mini,Yes.,169.0,True,Did they use bayonets in the civil war?,True,False,135,True
1736,0.9919384121894836,0.10108531299999868,,True,Phi-4-mini,Yes.,186.0,True,Can you do a jump shot on a free throw?,True,False,152,True
1748,0.7372032999992371,0.10108531299999868,,True,Phi-4-mini,Yes.,233.0,True,Is delhi university and university of delhi same?,True,False,195,True
1752,0.0073496936820447445,0.10108531299999868,,False,Phi-4-mini,No.,181.0,False,Is universal music group part of universal studios?,False,False,133,True
1759,0.6517428755760193,0.10108531299999868,,True,Phi-4-mini,Yes.,158.0,True,Is there a sequel to the avengers infinity war?,True,False,124,True
1764,0.3075050413608551,0.11889700350000965,,False,Phi-4-mini,No.,75.0,False,Is swat a remake of an old show?,True,False,36,False
1774,0.004758288152515888,0.11889700350000965,,False,Phi-4-mini,No.,146.0,False,Is nba playoffs 2-3-2?,False,False,97,True
1780,0.9942702054977417,0.11889700350000965,,True,Phi-4-mini,Yes.,125.0,True,Are cowpeas and black eyed peas the same thing?,True,False,94,True
1791,0.9960551261901855,0.11889700350000965,,True,Phi-4-mini,Yes.,108.0,True,Does the first amendment separate church and state?,True,False,71,True
1796,0.6792261004447937,0.11889700350000965,,True,Phi-4-mini,Yes.,131.0,True,Are flying fish fish that can actually fly?,False,False,97,False
1797,0.999868631362915,0.11889700350000965,,True,Phi-4-mini,Yes.,141.0,True,Is back to the future a science fiction movie?,True,False,102,True
1799,0.9958017468452454,0.11889700350000965,,True,Phi-4-mini,Yes.,279.0,True,Are treaties the supreme law of the land?,True,False,245,True
1800,0.8520139455795288,0.11889700350000965,,True,Phi-4-mini,Yes.,230.0,True,Has anyone ever been awarded two medal of honors?,True,False,190,True
1815,0.031169969588518143,0.1284594878749914,,False,Phi-4-mini,No.,88.0,False,Is eastern standard time the same as atlantic standard time?,False,False,49,True
1819,0.9697946310043335,0.1284594878749914,,True,Phi-4-mini,Yes.,225.0,True,Is the university of michigan a public school?,True,False,188,True
1826,0.004200470168143511,0.1284594878749914,,False,Phi-4-mini,No.,114.0,False,Can you play all ps3 games on vita?,False,False,79,True
1840,0.9970194697380066,0.1284594878749914,,True,Phi-4-mini,Yes.,199.0,True,Is there free to air tv in the usa?,True,False,173,True
1856,0.036233242601156235,0.1284594878749914,,False,Phi-4-mini,No.,159.0,False,Do cows have to be pregnant to get milk?,False,False,124,True
1861,0.0013671715278178453,0.1284594878749914,,False,Phi-4-mini,No.,162.0,False,Does the equal time rule apply to newspapers?,False,False,128,True
1866,0.0002960767596960068,0.1284594878749914,,False,Phi-4-mini,No.,124.0,False,Is the united states part of the eu?,False,False,88,True
1888,0.018558859825134277,0.1284594878749914,,False,Phi-4-mini,No.,319.0,False,Are mazda tribute and ford escape the same?,True,False,286,False
1893,0.015428203158080578,0.1373992471250034,,False,Phi-4-mini,No.,111.0,False,Are roasted red peppers and pimentos the same?,False,False,72,True
1895,0.008579723536968231,0.1373992471250034,,False,Phi-4-mini,No.,212.0,False,Is garfield a real cat in the movie?,False,False,173,True
1896,0.9845764636993408,0.1373992471250034,,True,Phi-4-mini,Yes.,337.0,True,Is it illegal to sell e cigs to minors?,True,False,315,True
1901,0.9871804118156433,0.1373992471250034,,True,Phi-4-mini,Yes.,203.0,True,Is there such a thing as meat allergy?,True,False,159,True
1908,0.9381526112556458,0.1373992471250034,,True,Phi-4-mini,Yes.,118.0,True,Is the greatest show on earth a musical?,True,False,85,True
1911,0.00019117502961307764,0.1373992471250034,,False,Phi-4-mini,No.,152.0,False,Is johnson and wales a for profit school?,False,False,117,True
1913,0.07371137291193008,0.1373992471250034,,False,Phi-4-mini,No.,91.0,False,Can you be jailed in canada for offensive speech?,True,False,57,False
1925,0.06373616307973862,0.1373992471250034,,False,Phi-4-mini,No.,245.0,False,Is there any more hunger games coming out?,False,False,211,True
1929,0.9902939796447754,0.12461784087500405,,True,Phi-4-mini,Yes.,315.0,True,Are audi and volkswagen made by the same company?,True,False,294,True
1933,0.9980131387710571,0.12461784087500405,,True,Phi-4-mini,Yes.,160.0,True,Did west virginia used to be part of virginia?,True,False,122,True
1935,0.9998148083686829,0.12461784087500405,,True,Phi-4-mini,Yes.,128.0,True,Is the caribbean sea a part of the atlantic ocean?,True,False,95,True
1936,0.2337644100189209,0.12461784087500405,,False,Phi-4-mini,No.,226.0,False,Can you shoot .38 long colt in .38 special?,True,False,198,False
1937,0.13300777971744537,0.12461784087500405,,False,Phi-4-mini,No.,125.0,False,Is the empty set an element of the set containing the empty set?,False,False,82,True
1947,0.046045128256082535,0.12461784087500405,,False,Phi-4-mini,No.,72.0,False,Is a chicken and rooster the same thing?,True,False,38,False
1953,0.00011597241245908663,0.12461784087500405,,False,Phi-4-mini,No.,113.0,False,Is all of australia in the same time zone?,False,False,79,True
1957,0.005914454348385334,0.12461784087500405,,False,Phi-4-mini,No.,220.0,False,Is the titanic still the biggest ship ever built?,False,False,189,True
1958,0.963787853717804,0.1379008462499911,,True,Phi-4-mini,Yes.,109.0,True,Does normal body temperature vary throughout the day?,True,False,75,True
1968,0.6927077770233154,0.1379008462499911,,True,Phi-4-mini,Yes.,130.0,True,Is the legal drinking age a federal law?,False,False,87,False
1970,0.00782029703259468,0.1379008462499911,,False,Phi-4-mini,No.,198.0,False,Is bosnia and herzegovina part of the eu?,False,False,157,True
1974,0.4688980281352997,0.1379008462499911,,False,Phi-4-mini,No.,185.0,False,Is the film changeling based on a true story?,True,False,155,False
1975,0.4922596216201782,0.1379008462499911,,False,Phi-4-mini,No.,63.0,False,Is paris still the fashion capital of the world?,True,False,27,False
1994,0.9950959086418152,0.1379008462499911,,True,Phi-4-mini,Yes.,266.0,True,Does winning the fa cup qualify for europe?,True,False,238,True
1998,0.9511503577232361,0.1379008462499911,,True,Phi-4-mini,Yes.,147.0,True,Is a beef burger the same as a hamburger?,True,False,123,True
1999,0.011340560391545296,0.1379008462499911,,False,Phi-4-mini,No.,329.0,False,Was till i collapse made for real steel?,False,False,286,True
2024,5.476666410686448e-05,0.0848041889999962,,False,Phi-4-mini,No.,171.0,False,Is the load the pivot point of a lever?,False,False,138,True
2030,0.002801641123369336,0.0848041889999962,,False,Phi-4-mini,No.,110.0,False,Are tonic water and quinine water the same thing?,True,False,76,False
2034,0.33469393849372864,0.0848041889999962,,False,Phi-4-mini,No.,153.0,False,Was mary blind on little house on the prairie?,True,False,114,False
2046,0.44558608531951904,0.0848041889999962,,False,Phi-4-mini,No.,144.0,False,Can any organs in the digestive system be transplanted?,True,False,102,False
2047,0.8670722246170044,0.0848041889999962,,True,Phi-4-mini,Yes,175.0,True,Does charlotte's web cbd oil have thc?,True,False,135,True
2048,0.9956693649291992,0.0848041889999962,,True,Phi-4-mini,Yes.,90.0,True,Is the common femoral vein a deep vein?,True,False,51,True
2051,0.9942706823348999,0.0848041889999962,,True,Phi-4-mini,Yes.,129.0,True,Is it legal to be a bounty hunter in the us?,True,False,91,True
2056,0.00030543393222615123,0.0848041889999962,,False,Phi-4-mini,No.,178.0,False,Is income support the same as housing benefit?,False,False,146,True
2058,0.032109834253787994,0.11974547049999273,,False,Phi-4-mini,No.,177.0,False,Does everyone do their own singing in mamma mia?,True,False,152,False
2071,0.015435216948390007,0.11974547049999273,,False,Phi-4-mini,No.,114.0,False,Did tom hardy won an oscar for the revenant?,False,False,70,True
2078,0.9971116781234741,0.11974547049999273,,True,Phi-4-mini,Yes.,113.0,True,Is eeyore from winnie the pooh a donkey?,True,False,82,True
2080,0.02677289955317974,0.11974547049999273,,False,Phi-4-mini,No.,280.0,False,Do we still have net neutrality in the us?,True,False,236,False
2103,0.6859856247901917,0.11974547049999273,,True,Phi-4-mini,Yes.,190.0,True,Can you get on the internet with a playstation 2?,False,False,143,False
2107,0.005732398945838213,0.11974547049999273,,False,Phi-4-mini,No.,75.0,False,Are home hardware and home depot the same?,False,False,41,True
2109,0.936341404914856,0.11974547049999273,,True,Phi-4-mini,Yes,216.0,True,Did spain win the world cup in 2010?,True,False,180,True
2113,0.999030590057373,0.11974547049999273,,True,Phi-4-mini,Yes.,117.0,True,Is harry potter world part of universal studios hollywood?,True,False,86,True
2119,0.24516549706459045,0.11707494899999915,,False,Phi-4-mini,No.,225.0,False,Do dalmatians have spots when they are born?,False,False,189,True
2126,0.8559104800224304,0.11707494899999915,,True,Phi-4-mini,Yes.,245.0,True,Do ant man and the wasp get together?,True,False,220,True
2131,0.006905119400471449,0.11707494899999915,,False,Phi-4-mini,No.,134.0,False,Is the ballroom at the top of the blackpool tower?,False,False,96,True
2137,0.4379286766052246,0.11707494899999915,,False,Phi-4-mini,No.,170.0,False,Can you travel within the eu with an id card?,True,False,133,False
2143,0.0007098679197952151,0.11707494899999915,,False,Phi-4-mini,No.,123.0,False,Was everything everything based on a true story?,False,False,87,True
2145,0.6792194247245789,0.11707494899999915,,True,Phi-4-mini,Yes.,92.0,True,Can i send something without a return address?,True,False,58,True
2155,7.488706614822149e-05,0.11707494899999915,,False,Phi-4-mini,No.,173.0,False,Did the yankees win the world series in 2001?,False,False,134,True
2159,0.6860193014144897,0.11707494899999915,,True,Phi-4-mini,Yes.,269.0,True,Are there any words in the english language with a q and no u?,True,False,241,True
2161,0.15208488702774048,0.14051278124999556,,False,Phi-4-mini,No.,73.0,False,Is there a movie after i am number 4?,False,False,36,True
2162,0.5390713810920715,0.14051278124999556,,True,Phi-4-mini,Yes.,283.0,True,Is the us 2 dollar bill still in circulation?,True,False,254,True
2184,0.015432084910571575,0.14051278124999556,,False,Phi-4-mini,No.,124.0,False,Was good times a spin off of the jeffersons?,False,False,84,True
2189,0.21735765039920807,0.14051278124999556,,False,Phi-4-mini,No.,150.0,False,Can i mix cement and plaster of paris?,True,False,125,False
2195,0.4074263870716095,0.14051278124999556,,False,Phi-4-mini,No.,236.0,False,Do red slider turtles lay eggs in water?,False,False,199,True
2199,0.08040624856948853,0.14051278124999556,,False,Phi-4-mini,No.,95.0,False,Is port louis mauritius in the atlantic or pacific ocean?,False,False,56,True
2216,0.023716306313872337,0.14051278124999556,,False,Phi-4-mini,No.,333.0,False,Is the new god of war 2 players?,False,False,314,True
2244,0.9989013671875,0.14051278124999556,,True,Phi-4-mini,Yes.,140.0,True,Is cedar oil the same as cedarwood oil?,True,False,106,True
2245,0.0009701179224066436,0.1703458256250059,,False,Phi-4-mini,No.,99.0,False,Is the show nashville based on a true story?,False,False,64,True
2250,0.999595582485199,0.1703458256250059,,True,Phi-4-mini,Yes.,190.0,True,Is a master of fine arts a terminal degree?,True,False,161,True
2254,0.9899911880493164,0.1703458256250059,,True,Phi-4-mini,Yes.,183.0,True,Has indian ever made it to the world cup?,True,False,128,True
2260,0.6724972128868103,0.1703458256250059,,True,Phi-4-mini,Yes,65.0,True,Did i am they get a new singer?,True,False,29,True
2263,0.999868631362915,0.1703458256250059,,True,Phi-4-mini,Yes.,217.0,True,Does the moment of inertia depend on the axis of rotation?,True,False,181,True
2270,0.8741511702537537,0.1703458256250059,,True,Phi-4-mini,Yes.,416.0,True,Did rita die in season 4 of dexter?,True,True,405,True
2275,0.014068441465497017,0.1703458256250059,,False,Phi-4-mini,No.,298.0,False,Is contemporary dance the same as modern dance?,False,False,259,True
2278,0.17784713208675385,0.1703458256250059,,False,Phi-4-mini,No.,185.0,False,Could you survive jumping off the golden gate bridge?,True,False,143,False
2285,0.999868631362915,0.12212773012500122,,True,Phi-4-mini,Yes.,279.0,True,Can a federal law override a state law?,True,False,245,True
2289,0.8991355895996094,0.12212773012500122,,True,Phi-4-mini,Yes.,165.0,True,Is gdp per capita same as per capita income?,False,False,132,False
2290,0.9981326460838318,0.12212773012500122,,True,Phi-4-mini,Yes.,261.0,True,Is a groundhog and a woodchuck the same thing?,True,False,226,True
2296,0.016417071223258972,0.12212773012500122,,False,Phi-4-mini,No.,149.0,False,Has the us won a fifa world cup?,False,False,105,True
2302,0.7186391353607178,0.12212773012500122,,True,Phi-4-mini,Yes.,198.0,True,Does all life require the same essential elements?,True,False,163,True
2303,0.00734805129468441,0.12212773012500122,,False,Phi-4-mini,No.,69.0,False,Is the house of representatives also called congress?,True,False,34,False
2309,0.0002305832167621702,0.12212773012500122,,False,Phi-4-mini,No.,160.0,False,Is in-n-out burger a franchise?,False,False,133,True
2312,0.6792609691619873,0.12212773012500122,,True,Phi-4-mini,Yes.,148.0,True,Do you get jet lag travelling west to east?,True,False,115,True
2318,0.9998877048492432,0.1390635178750017,,True,Phi-4-mini,Yes.,164.0,True,Are there different strains of the common cold?,True,False,131,True
2320,0.0008561061113141477,0.1390635178750017,,False,Phi-4-mini,No.,90.0,False,Is home depot and lowes the same company?,False,False,59,True
2323,0.9466138482093811,0.1390635178750017,,True,Phi-4-mini,Yes.,210.0,True,Is there any original members of lynyrd skynyrd?,True,False,154,True
2337,0.6792460083961487,0.1390635178750017,,True,Phi-4-mini,Yes.,154.0,True,Can a player play in the europa league and champions league?,True,False,124,True
2343,0.9697922468185425,0.1390635178750017,,True,Phi-4-mini,Yes.,191.0,True,Is there a wells fargo in new york?,True,False,154,True
2350,0.9930983185768127,0.1390635178750017,,True,Phi-4-mini,Yes.,135.0,True,Is fantastic beasts movie based on a book?,True,False,96,True
2353,0.05839993804693222,0.1390635178750017,,False,Phi-4-mini,No.,128.0,False,Is the shooter tv show the same as the movie?,False,False,87,True
2360,0.9916865229606628,0.1390635178750017,,True,Phi-4-mini,Yes.,337.0,True,Do caroline and stefan date in vampire diaries?,True,False,323,True
2366,0.8872392773628235,0.16811652399999844,,True,Phi-4-mini,Yes.,413.0,True,Did jean grey die in the last stand?,True,False,390,True
2375,0.025189144536852837,0.16811652399999844,,False,Phi-4-mini,No.,71.0,False,Is v power the same as super unleaded?,True,False,36,False
2376,0.7432116866111755,0.16811652399999844,,True,Phi-4-mini,Yes.,81.0,True,Can you build up immunity to snake venom?,True,False,48,True
2380,0.8706260323524475,0.16811652399999844,,True,Phi-4-mini,Yes,150.0,True,Does the handsome collection come with all dlc?,True,False,111,True
2383,0.021620579063892365,0.16811652399999844,,False,Phi-4-mini,No.,165.0,False,Do elizabeth and jack sparrow end up together?,False,False,129,True
2385,0.0009403309086337686,0.16811652399999844,,False,Phi-4-mini,No.,76.0,False,Does the arizona court of appeals hear death penalty cases?,False,False,38,True
2389,0.7607187032699585,0.16811652399999844,,True,Phi-4-mini,Yes.,112.0,True,Did the jamaican bobsled team carry the sled?,False,False,74,False
2390,0.012824400328099728,0.16811652399999844,,False,Phi-4-mini,No.,145.0,False,Can a post dated cheque be cashed early in india?,False,False,111,True
2392,0.7880101799964905,0.10651187874999835,,True,Phi-4-mini,Yes.,78.0,True,Was the green mile nominated for any oscars?,True,False,43,True
2398,0.9988665580749512,0.10651187874999835,,True,Phi-4-mini,Yes.,143.0,True,Do supreme court justices have to be confirmed by the senate?,True,False,107,True
2405,0.9511585831642151,0.10651187874999835,,True,Phi-4-mini,Yes.,134.0,True,Is it true to say that the torrens system only recognizes registered interests in land?,True,False,91,True
2409,0.005557201337069273,0.10651187874999835,,False,Phi-4-mini,No.,101.0,False,Is split phase the same as single phase?,True,False,74,False
2420,0.006696554832160473,0.10651187874999835,,False,Phi-4-mini,No.,242.0,False,Are abc and nbc owned by the same company?,False,False,218,True
2423,0.9993334412574768,0.10651187874999835,,True,Phi-4-mini,Yes,105.0,True,Has israel ever qualified for the world cup?,True,False,67,True
2424,0.7187039256095886,0.10651187874999835,,True,Phi-4-mini,Yes.,171.0,True,Is interstate 70 in kansas a toll road?,True,False,130,True
2446,0.050353243947029114,0.10651187874999835,,False,Phi-4-mini,No.,234.0,False,Can a wild card team have home field advantage in mlb playoffs?,False,False,188,True
2458,0.9863682389259338,0.10104881762499929,,True,Phi-4-mini,Yes.,107.0,True,Is there a sequal to gone with the wind?,True,False,73,True
2465,0.3702751696109772,0.10104881762499929,,False,Phi-4-mini,No.,167.0,False,Is a sous chef higher than a chef de partie?,True,False,137,False
2472,0.010656853206455708,0.10104881762499929,,False,Phi-4-mini,No.,137.0,False,Are pokemon gold silver and crystal the same?,True,False,99,False
2475,0.9926556348800659,0.10104881762499929,,True,Phi-4-mini,Yes.,121.0,True,Do they have sharks in the mississippi river?,True,False,87,True
2488,0.9962946772575378,0.10104881762499929,,True,Phi-4-mini,Yes.,173.0,True,Are they making a season 4 of the flash?,True,False,132,True
2490,0.04086948186159134,0.10104881762499929,,False,Phi-4-mini,No.,210.0,False,Does the goalkeeper count in the offside rule?,True,False,173,False
2493,0.8080938458442688,0.10104881762499929,,True,Phi-4-mini,Yes.,140.0,True,Can you make a citizen's arrest in the uk?,True,False,100,True
2499,0.0005359930219128728,0.10104881762499929,,False,Phi-4-mini,No.,171.0,False,Does the fibula form part of the knee joint?,False,False,133,True
2510,0.9433693289756775,0.11612922537500481,,True,Phi-4-mini,Yes.,260.0,True,Do all craftsman tools have a lifetime warranty?,True,False,228,True
2538,0.0024736488703638315,0.11612922537500481,,False,Phi-4-mini,No.,174.0,False,Is the national cathedral in washington dc catholic?,False,False,147,True
2547,0.010331468656659126,0.11612922537500481,,False,Phi-4-mini,No.,88.0,False,Does the queen bee die after she stings?,False,False,54,True
2569,0.4923644959926605,0.11612922537500481,,False,Phi-4-mini,No.,117.0,False,Is kingda ka the biggest roller coaster in the world?,True,False,89,False
2571,9.61482510319911e-05,0.11612922537500481,,False,Phi-4-mini,No.,236.0,False,Are the channel isles part of great britain?,False,False,207,True
2573,0.9968277812004089,0.11612922537500481,,True,Phi-4-mini,Yes.,142.0,True,Is there such a thing as garlic allergy?,True,False,109,True
2575,0.0002869240997824818,0.11612922537500481,,False,Phi-4-mini,No.,119.0,False,Does it always rain when there's lightning?,False,False,85,True
2589,0.16455106437206268,0.11612922537500481,,False,Phi-4-mini,No.,116.0,False,Is it true that your arm span is your height?,True,False,78,False
2592,0.006905721500515938,0.12264259887500373,,False,Phi-4-mini,No.,274.0,False,Is roman j israel movie based on a true story?,False,False,224,True
2606,0.9924238920211792,0.12264259887500373,,True,Phi-4-mini,Yes.,234.0,True,Does 3rd place in the world cup get a medal?,True,False,195,True
2607,0.00032509409356862307,0.12264259887500373,,False,Phi-4-mini,No.,91.0,False,Is natural gas and oil the same thing?,False,False,57,True
2611,0.9896734952926636,0.12264259887500373,,True,Phi-4-mini,Yes.,100.0,True,Do north and south korea have different accents?,True,False,69,True
2624,0.0656195729970932,0.12264259887500373,,False,Phi-4-mini,No.,214.0,False,Are craftsman tool boxes made in the usa?,False,False,184,True
2645,0.99973064661026,0.12264259887500373,,True,Phi-4-mini,Yes,160.0,True,Is the tv show riverdale based on the archie comics?,True,False,126,True
2647,0.34869450330734253,0.12264259887500373,,False,Phi-4-mini,No.,244.0,False,Is a german shepherd and an alsatian the same dog?,True,False,217,False
2655,0.0027159873861819506,0.12264259887500373,,False,Phi-4-mini,No.,74.0,False,Is right of abode the same as indefinite leave to remain?,True,False,38,False
2680,0.0009701031376607716,0.14085602437499745,,False,Phi-4-mini,No.,197.0,False,Does the sun rise in the west in the northern hemisphere?,False,False,164,True
2682,0.9994966983795166,0.14085602437499745,,True,Phi-4-mini,Yes.,116.0,True,Is there wheel of fortune in other countries?,True,False,74,True
2697,0.9284288287162781,0.14085602437499745,,True,Phi-4-mini,Yes.,162.0,True,Is it possible to make an emulsion with water ethanol and an emulsifier?,True,False,132,True
2698,0.8439187407493591,0.14085602437499745,,True,Phi-4-mini,Yes,106.0,True,Can i use a net10 card on a tracfone?,False,False,73,False
2700,8.482301200274378e-05,0.14085602437499745,,False,Phi-4-mini,No.,169.0,False,Is internal energy the same as potential energy?,False,False,133,True
2714,0.9991961121559143,0.14085602437499745,,True,Phi-4-mini,Yes.,112.0,True,Is each state guaranteed a minimum number of representatives?,True,False,73,True
2733,0.03849441930651665,0.14085602437499745,,False,Phi-4-mini,No.,156.0,False,Does the lego hobbit game have all 3 movies?,False,False,120,True
2741,0.7372276186943054,0.14085602437499745,,True,Phi-4-mini,Yes.,328.0,True,Is lord of the rings a book series?,True,False,284,True
2750,0.6151899099349976,0.11883412949998728,,True,Phi-4-mini,Yes.,181.0,True,Was looking for mr goodbar based on a true story?,True,False,129,True
2754,0.012056550942361355,0.11883412949998728,,False,Phi-4-mini,No.,137.0,False,Can you be an attorney without taking the bar exam?,False,False,103,True
2763,0.9994966983795166,0.11883412949998728,,True,Phi-4-mini,Yes.,270.0,True,Does colorado school of mines have a football team?,True,False,192,True
2768,0.9982454776763916,0.11883412949998728,,True,Phi-4-mini,Yes.,133.0,True,Can you take a picture of anyone in public uk?,True,False,95,True
2787,0.8634244203567505,0.11883412949998728,,True,Phi-4-mini,Yes.,69.0,True,Is season 2 of the last kingdom on netflix?,True,False,33,True
2789,0.9466146230697632,0.11883412949998728,,True,Phi-4-mini,Yes.,135.0,True,Do superman and lois lane end up together?,True,False,96,True
2800,0.9980124235153198,0.11883412949998728,,True,Phi-4-mini,Yes.,100.0,True,Can you move a knight first in chess?,True,False,65,True
2806,0.3141244947910309,0.11883412949998728,,False,Phi-4-mini,No.,159.0,False,Can you go out on the first round of phase 10?,True,False,120,False
2817,0.004333657678216696,0.10542523725000308,,False,Phi-4-mini,No.,105.0,False,Is it the same world cup trophy every year?,True,False,63,False
2820,0.0637318342924118,0.10542523725000308,,False,Phi-4-mini,No.,241.0,False,Can nicotine be classified as a ganglion blocker?,True,False,192,False
2830,0.03736844286322594,0.10542523725000308,,False,Phi-4-mini,No.,183.0,False,Is the going to be another avengers infinity war?,True,False,134,False
2834,0.0013252595672383904,0.10542523725000308,,False,Phi-4-mini,No.,202.0,False,Is canada a state in the united states?,False,False,160,True
2845,0.970693051815033,0.10542523725000308,,True,Phi-4-mini,Yes.,102.0,True,Are there any p 38 lightnings still flying?,True,False,63,True
2856,0.043403949588537216,0.10542523725000308,,False,Phi-4-mini,No.,130.0,False,Is the san pedro cactus illegal in the us?,False,False,98,True
2858,0.7827247381210327,0.10542523725000308,,True,Phi-4-mini,Yes.,133.0,True,Do you have to have a license to own a tv in england?,False,False,96,False
2860,0.6723695397377014,0.10542523725000308,,True,Phi-4-mini,Yes.,181.0,True,Is it hard to breathe at 7000 feet?,True,False,146,True
2862,0.051859717816114426,0.10645420299999842,,False,Phi-4-mini,No.,192.0,False,Is little red riding hood a grimm fairytale?,True,False,160,False
2865,0.8596891164779663,0.10645420299999842,,True,Phi-4-mini,Yes,90.0,True,Is 866 a toll free number in canada?,True,False,53,True
2886,0.02677488699555397,0.10645420299999842,,False,Phi-4-mini,No.,99.0,False,Does host country have to qualify for world cup?,True,False,62,False
2891,0.0006882157758809626,0.10645420299999842,,False,Phi-4-mini,No.,101.0,False,Is scottish gaelic and irish gaelic the same?,False,False,65,True
2893,0.6585462093353271,0.10645420299999842,,True,Phi-4-mini,Yes.,176.0,True,Is the wheel of time set on earth?,True,False,145,True
2899,0.5698966383934021,0.10645420299999842,,True,Phi-4-mini,Yes.,117.0,True,Is there any toys r us still open in the world?,True,False,76,True
2909,0.007123020011931658,0.10645420299999842,,False,Phi-4-mini,No.,239.0,False,Is taro root the same as elephant ears?,True,False,203,False
2917,0.7607006430625916,0.10645420299999842,,True,Phi-4-mini,Yes,151.0,True,Does the handsome jack collection come with all dlc?,True,False,111,True
2918,0.15614761412143707,0.08087681287499038,,False,Phi-4-mini,No.,97.0,False,Can the human body directly absorb animal protein?,False,False,59,True
2919,0.11283282935619354,0.08087681287499038,,False,Phi-4-mini,No.,90.0,False,Can a 16 year old be with an 18 year old in florida?,True,False,46,False
2921,0.6298235058784485,0.08087681287499038,,True,Phi-4-mini,Yes.,162.0,True,Is someone born in guam a us citizen?,True,False,128,True
2924,0.9990891218185425,0.08087681287499038,,True,Phi-4-mini,Yes.,71.0,True,Is the road from cairns to normanton sealed?,True,False,35,True
2926,0.9706925749778748,0.08087681287499038,,True,Phi-4-mini,Yes.,107.0,True,Are leeks in the same family as onions?,True,False,73,True
2952,0.9996750354766846,0.08087681287499038,,True,Phi-4-mini,Yes.,76.0,True,Is there such a thing as spring fever?,True,False,42,True
2954,0.3489172160625458,0.08087681287499038,,False,Phi-4-mini,No.,121.0,False,Is beyonce in coldplay's hymn for the weekend?,True,False,85,False
2955,0.042111724615097046,0.08087681287499038,,False,Phi-4-mini,No.,135.0,False,Is a 17 hmr bigger than a 22lr?,True,False,93,False
2959,0.7663796544075012,0.10643814937499485,,True,Phi-4-mini,Yes.,48.0,True,Are there any countries that don't have a football team?,True,False,12,True
2963,0.005062291398644447,0.10643814937499485,,False,Phi-4-mini,No.,239.0,False,Will my military id get me into canada?,True,False,217,False
2970,0.9715688228607178,0.10643814937499485,,True,Phi-4-mini,Yes.,130.0,True,Can you have a surrogate mother in australia?,True,False,96,True
2974,0.7549912333488464,0.10643814937499485,,True,Phi-4-mini,Yes,143.0,True,Is trinidad and tobago going to world cup 2018?,True,False,100,True
2975,0.5775772929191589,0.10643814937499485,,True,Phi-4-mini,Yes.,155.0,True,Is ronnie o sullivan in the world championship 2016?,True,False,113,True
2979,0.9875707626342773,0.10643814937499485,,True,Phi-4-mini,Yes.,132.0,True,Is the show the magicians based on a book?,True,False,93,True
2988,0.9977485537528992,0.10643814937499485,,True,Phi-4-mini,Yes.,108.0,True,Does kentucky have a stand your ground law?,True,False,74,True
2991,0.9626792669296265,0.10643814937499485,,True,Phi-4-mini,Yes.,214.0,True,Has anyone ever hit a hole-in-one on a par 5?,True,False,173,True
2992,0.010658382438123226,0.17956142387500051,,False,Phi-4-mini,No.,191.0,False,Are eidetic memory and photographic memory the same?,True,False,163,False
2998,0.0010325810872018337,0.17956142387500051,,False,Phi-4-mini,No.,106.0,False,Is selection sort more efficient than insertion sort?,False,False,73,True
3003,0.39987021684646606,0.17956142387500051,,False,Phi-4-mini,No.,177.0,False,Could you buy your council house before 1979?,False,False,139,True
3018,0.9995558857917786,0.17956142387500051,,True,Phi-4-mini,Yes.,84.0,True,Does each state have its own constitution australia?,True,False,48,True
3022,0.9019635319709778,0.17956142387500051,,True,Phi-4-mini,Yes.,427.0,True,Does stefan turn his humanity off in season 6?,True,True,566,True
3023,0.010338139720261097,0.17956142387500051,,False,Phi-4-mini,No.,121.0,False,Were the us armed forces integrated in wwi?,True,False,83,False
3024,0.9416824579238892,0.17956142387500051,,True,Phi-4-mini,Yes.,177.0,True,Is five nights at freddy's 2 a prequel?,True,False,128,True
3026,0.0006072214455343783,0.17956142387500051,,False,Phi-4-mini,No.,124.0,False,Can we travel to ireland with schengen visa?,False,False,89,True
3028,0.9124718308448792,0.09499673825000343,,True,Phi-4-mini,Yes.,165.0,True,Did the united kingdom leave the european union?,False,False,123,False
3029,0.8397657871246338,0.09499673825000343,,True,Phi-4-mini,Yes.,89.0,True,Can an 18 year old own a handgun in indiana?,True,False,51,True
3036,0.0053892298601567745,0.09499673825000343,,False,Phi-4-mini,No.,161.0,False,Is season 5 the last season of agents of shield?,False,False,118,True
3043,0.2878381907939911,0.09499673825000343,,False,Phi-4-mini,No.,126.0,False,Is motherhood maternity and destination maternity the same?,True,False,98,False
3069,0.9997695088386536,0.09499673825000343,,True,Phi-4-mini,Yes.,114.0,True,Can a compound be an acid and a base?,True,False,81,True
3075,0.9284197092056274,0.09499673825000343,,True,Phi-4-mini,Yes,101.0,True,Can you draw from the discard pile in rummy?,True,False,66,True
3080,0.030237063765525818,0.09499673825000343,,False,Phi-4-mini,No.,199.0,False,Are there any living survivors from world war 1?,False,False,144,True
3084,0.38497987389564514,0.09499673825000343,,False,Phi-4-mini,No.,103.0,False,Is it illegal to flash your headlights to warn of police uk?,False,False,69,True
3089,0.007124990224838257,0.12812663537499702,,False,Phi-4-mini,No.,136.0,False,Are honey bees and bumble bees the same?,False,False,101,True
3090,2.0148150724708103e-05,0.12812663537499702,,False,Phi-4-mini,No.,225.0,False,Is a lion part of the dog family?,False,False,191,True
3093,0.020341092720627785,0.12812663537499702,,False,Phi-4-mini,No.,263.0,False,Is the girl who leapt through time studio ghibli?,False,False,237,True
3098,0.9740463495254517,0.12812663537499702,,True,Phi-4-mini,Yes.,115.0,True,Are sweet peppers and bell peppers the same?,True,False,84,True
3102,0.9659188389778137,0.12812663537499702,,True,Phi-4-mini,Yes.,283.0,True,Has texas a&m ever won a national championship?,True,False,226,True
3124,0.30086109042167664,0.12812663537499702,,False,Phi-4-mini,No.,187.0,False,Is the incredicoaster the same as california screamin?,True,False,150,False
3126,0.0014554786030203104,0.12812663537499702,,False,Phi-4-mini,No.,160.0,False,Is the movie sling blade a true story?,False,False,126,True
3131,0.9953917264938354,0.12812663537499702,,True,Phi-4-mini,Yes.,99.0,True,Is the movie the kissing booth on netflix?,True,False,62,True
3137,0.39244869351387024,0.10373726400000294,,False,Phi-4-mini,No.,111.0,False,Is the olympic gold medal made of gold?,False,False,71,True
3138,6.607230170629919e-05,0.10373726400000294,,False,Phi-4-mini,No.,144.0,False,Is jamaica considered part of the united states?,False,False,108,True
3149,0.2394542098045349,0.10373726400000294,,False,Phi-4-mini,No.,80.0,False,Has north korea ever made it to the world cup?,True,False,44,False
3164,0.43793994188308716,0.10373726400000294,,False,Phi-4-mini,No.,187.0,False,Do you have to be born in us to become president?,True,False,155,False
3165,0.1732969433069229,0.10373726400000294,,False,Phi-4-mini,No.,84.0,False,Is red stripe light sold in the us?,True,False,45,False
3170,0.001988243544474244,0.10373726400000294,,False,Phi-4-mini,No.,157.0,False,Is there a second season of your lie in april?,False,False,117,True
3172,0.006904752925038338,0.10373726400000294,,False,Phi-4-mini,No.,151.0,False,Is a private equity fund a financial institution?,False,False,116,True
3186,0.9777193069458008,0.10373726400000294,,True,Phi-4-mini,Yes.,224.0,True,Is batman forever a sequel to batman returns?,True,False,197,True
3190,0.022296661511063576,0.20113707449999652,,False,Phi-4-mini,No.,416.0,False,Do house and cuddy get back together in season 8?,False,True,639,True
3191,0.17340847849845886,0.20113707449999652,,False,Phi-4-mini,No.,128.0,False,Is canada dry ginger ale made in canada?,False,False,94,True
3197,0.9987159967422485,0.20113707449999652,,True,Phi-4-mini,Yes,220.0,True,Has germany ever won the eurovision song contest?,True,False,169,True
3203,0.13300469517707825,0.20113707449999652,,False,Phi-4-mini,No.,228.0,False,Is the fundus of the gallbladder located near the cystic duct?,False,False,182,True
3204,0.004757854621857405,0.20113707449999652,,False,Phi-4-mini,No.,132.0,False,Is the movie lady bird about lady bird johnson?,False,False,101,True
3208,0.8597009778022766,0.20113707449999652,,True,Phi-4-mini,Yes.,241.0,True,Are you in the navy if you go to the naval academy?,True,False,203,True
3215,0.9950966238975525,0.20113707449999652,,True,Phi-4-mini,Yes.,111.0,True,Has the data protection act 1998 been superseded?,True,False,62,True
3222,0.2878131568431854,0.20113707449999652,,False,Phi-4-mini,No.,156.0,False,Does the batter have to move out of the way of a pitch?,True,False,119,False
3223,0.16456365585327148,0.13509659512500605,,False,Phi-4-mini,No.,158.0,False,Can an mlb game end in a tie?,False,False,124,True
3228,0.9896736145019531,0.13509659512500605,,True,Phi-4-mini,Yes,160.0,True,Can triamcinolone acetonide cream be used to treat poison ivy?,True,False,126,True
3234,0.0002034680946962908,0.13509659512500605,,False,Phi-4-mini,No.,86.0,False,Is fixed cost the same as total cost?,False,False,54,True
3247,0.9984517097473145,0.13509659512500605,,True,Phi-4-mini,Yes,115.0,True,Is there a season 5 of arrested development?,True,False,71,True
3256,0.014963719993829727,0.13509659512500605,,False,Phi-4-mini,No.,165.0,False,Does the girl in don take the girl die?,False,False,134,True
3265,0.9241583943367004,0.13509659512500605,,True,Phi-4-mini,Yes.,208.0,True,Is manic depression the same as bi polar?,True,False,170,True
3266,0.95792156457901,0.13509659512500605,,True,Phi-4-mini,Yes.,148.0,True,Was whiskey galore based on a true story?,True,False,112,True
3268,0.9993122816085815,0.13509659512500605,,True,Phi-4-mini,Yes.,157.0,True,Does the hockey puck have to cross the line to be a goal?,True,False,119,True
0,0.061926938593387604,0.1352748496250058,,False,Phi-4-mini,No.,303.0,False,Does ethanol take more energy make that produces?,False,False,259,True
1,0.9688602089881897,0.1352748496250058,,True,Phi-4-mini,Yes.,290.0,True,Is house tax and property tax are same?,True,False,260,True
2,0.9968277812004089,0.1352748496250058,,True,Phi-4-mini,Yes.,100.0,True,Is pain experienced in a missing body part or paralyzed area?,True,False,62,True
3,0.999030590057373,0.1352748496250058,,True,Phi-4-mini,Yes.,151.0,True,Is harry potter and the escape from gringotts a roller coaster ride?,True,False,114,True
4,0.969791829586029,0.1352748496250058,,True,Phi-4-mini,Yes.,137.0,True,Is there a difference between hydroxyzine hcl and hydroxyzine pam?,True,False,102,True
5,4.8339832574129105e-05,0.1352748496250058,,False,Phi-4-mini,No.,122.0,False,Is barq's root beer a pepsi product?,False,False,88,True
6,0.17785213887691498,0.1352748496250058,,False,Phi-4-mini,No.,168.0,False,Can an odd number be divided by an even number?,True,False,118,False
7,0.971578061580658,0.1352748496250058,,True,Phi-4-mini,Yes,168.0,True,Is there a word with q without u?,True,False,133,True
8,0.010993867181241512,0.0957563006249984,,False,Phi-4-mini,No.,51.0,False,Can u drive in canada with us license?,True,False,17,False
9,0.984096884727478,0.0957563006249984,,True,Phi-4-mini,Yes,143.0,True,Is there a play off for third place in the world cup?,True,False,104,True
10,0.8670542240142822,0.0957563006249984,,True,Phi-4-mini,Yes.,210.0,True,Can minors drink with parents in new york?,True,False,159,True
11,0.0008561551803722978,0.0957563006249984,,False,Phi-4-mini,No.,145.0,False,Is the show bloodline based on a true story?,False,False,109,True
12,0.001868120743893087,0.0957563006249984,,False,Phi-4-mini,No.,149.0,False,Is it bad to wash your hair with shower gel?,True,False,121,False
13,0.6993041634559631,0.0957563006249984,,True,Phi-4-mini,Yes.,156.0,True,Is the liver part of the excretory system?,True,False,123,True
14,0.9958024621009827,0.0957563006249984,,True,Phi-4-mini,Yes.,195.0,True,Is fantastic beasts and where to find them a prequel?,True,False,170,True
15,0.9196774363517761,0.0957563006249984,,True,Phi-4-mini,Yes,116.0,True,Will there be a season 8 of vampire diaries?,True,False,68,True
17,0.9952458739280701,0.09615429074997905,,True,Phi-4-mini,Yes,95.0,True,Is durham university part of the russell group?,True,False,55,True
18,0.47673195600509644,0.09615429074997905,,False,Phi-4-mini,No.,200.0,False,Is the tv show the resident over for the season?,True,False,151,False
19,0.9996200799942017,0.09615429074997905,,True,Phi-4-mini,Yes.,100.0,True,Does magnesium citrate have citric acid in it?,True,False,63,True
20,0.14036110043525696,0.09615429074997905,,False,Phi-4-mini,No.,211.0,False,Does p o box come before street address?,False,False,177,True
22,0.1366313397884369,0.09615429074997905,,False,Phi-4-mini,No.,95.0,False,Is a cape and a cloak the same?,True,False,67,False
23,0.9949401617050171,0.09615429074997905,,True,Phi-4-mini,Yes.,118.0,True,Does it cost money to renounce us citizenship?,True,False,73,True
24,0.7549735903739929,0.09615429074997905,,True,Phi-4-mini,Yes.,190.0,True,Is a fire 7 the same as a kindle?,True,False,141,True
25,0.9893497824668884,0.09615429074997905,,True,Phi-4-mini,Yes.,136.0,True,Can you drink alcohol with your parents in wisconsin?,True,False,95,True
26,0.0637391209602356,0.10310039674999416,,False,Phi-4-mini,No.,164.0,False,Do penguins have feathers arising from the epidermis?,True,False,125,False
27,0.0191304050385952,0.10310039674999416,,False,Phi-4-mini,No.,250.0,False,Do you need to break in a car?,False,False,214,True
28,0.8222125768661499,0.10310039674999416,,True,Phi-4-mini,Yes.,106.0,True,Is the enchanted forest in oregon still open?,True,False,70,True
29,0.912456214427948,0.10310039674999416,,True,Phi-4-mini,Yes.,155.0,True,Is there a golf course at the indy 500?,True,False,113,True
31,0.9591530561447144,0.10310039674999416,,True,Phi-4-mini,Yes.,97.0,True,Do they still make benson & hedges cigarettes?,True,False,62,True
32,0.0005705070798285306,0.10310039674999416,,False,Phi-4-mini,No.,121.0,False,Is federal income tax the same as social security?,False,False,85,True
33,0.04887746274471283,0.10310039674999416,,False,Phi-4-mini,No.,130.0,False,Is an engine speed sensor the same as a crankshaft sensor?,True,False,92,False
34,0.5314050316810608,0.10310039674999416,,True,Phi-4-mini,Yes.,143.0,True,Is indiana jones temple of doom a prequel?,True,False,108,True
35,0.6725249290466309,0.12425015637501247,,True,Phi-4-mini,Yes.,179.0,True,Is there any next part of avengers infinity war?,True,False,140,True
36,0.0014554675435647368,0.12425015637501247,,False,Phi-4-mini,No.,152.0,False,Is the toyota highlander on a truck frame?,False,False,114,True
37,0.9883134365081787,0.12425015637501247,,True,Phi-4-mini,Yes.,201.0,True,Is it legal to do a cover of a song?,True,False,165,True
38,0.02844741940498352,0.12425015637501247,,False,Phi-4-mini,No.,255.0,False,Can carbon form polar covalent bonds with hydrogen?,False,False,209,True
39,0.11922936141490936,0.12425015637501247,,False,Phi-4-mini,No.,77.0,False,Is there a sequel to the movie the golden compass?,False,False,38,True
40,0.9996317625045776,0.12425015637501247,,True,Phi-4-mini,Yes.,295.0,True,Is columbus day a national holiday in the united states?,True,False,282,True
41,0.00038013525772839785,0.12425015637501247,,False,Phi-4-mini,No.,181.0,False,Are new balance and nike the same company?,False,False,146,True
42,0.9450109601020813,0.12425015637501247,,True,Phi-4-mini,Yes.,175.0,True,Is there an interstate that goes coast to coast?,True,False,137,True
43,7.968668069224805e-05,0.0996210272499809,,False,Phi-4-mini,No.,81.0,False,Is pureed tomatoes the same as tomato sauce?,False,False,46,True
45,0.9974502921104431,0.0996210272499809,,True,Phi-4-mini,Yes.,123.0,True,Does only the winner get money on tipping point?,True,False,89,True
46,0.9996199607849121,0.0996210272499809,,True,Phi-4-mini,Yes.,152.0,True,Is there such a thing as a turkey vulture?,True,False,120,True
47,0.9978176355361938,0.0996210272499809,,True,Phi-4-mini,Yes.,210.0,True,Has anyone hit a hole in one on a par 5?,True,False,167,True
48,0.9988307356834412,0.0996210272499809,,True,Phi-4-mini,Yes.,216.0,True,Do the jets and giants share a stadium?,True,False,183,True
49,0.11284122616052628,0.0996210272499809,,False,Phi-4-mini,No.,144.0,False,Is the us womens soccer team in the world cup?,True,False,99,False
50,0.9972854852676392,0.0996210272499809,,True,Phi-4-mini,Yes.,77.0,True,Can an african team win the world cup?,True,False,43,True
51,0.9919393658638,0.0996210272499809,,True,Phi-4-mini,Yes.,152.0,True,Can a hammer be used as a weapon?,True,False,118,True
52,0.008066171780228615,0.18011347187498927,,False,Phi-4-mini,No.,226.0,False,Do they still have fox hunts in england?,False,False,189,True
53,0.8311569690704346,0.18011347187498927,,True,Phi-4-mini,Yes.,206.0,True,Can you wear short sleeve shirt with asu jacket?,True,False,171,True
54,0.013643354177474976,0.18011347187498927,,False,Phi-4-mini,No.,106.0,False,Has wisconsin ever been in the little league world series?,False,False,67,True
55,0.08038453757762909,0.18011347187498927,,False,Phi-4-mini,No.,421.0,False,Does damon and elena get together in season 3?,False,True,742,True
56,0.9659166932106018,0.18011347187498927,,True,Phi-4-mini,Yes.,167.0,True,Is there a player in the nfl missing a hand?,True,False,129,True
59,0.9997547268867493,0.18011347187498927,,True,Phi-4-mini,Yes.,122.0,True,Is mount everest a part of the himalayas?,True,False,88,True
60,0.003273687092587352,0.18011347187498927,,False,Phi-4-mini,No.,191.0,False,Can an emt-basic start an iv?,False,False,163,True
61,0.39993613958358765,0.18011347187498927,,False,Phi-4-mini,No,78.0,False,Has no 1 court at wimbledon got a roof?,False,False,36,True
62,0.04604864493012428,0.08690603574999045,,False,Phi-4-mini,No.,176.0,False,Has anyone come back from 3-0 in the nba finals?,False,False,134,True
63,0.9998804330825806,0.08690603574999045,,True,Phi-4-mini,Yes.,149.0,True,Do radio waves travel at the speed of light?,True,False,109,True
64,0.8933417797088623,0.08690603574999045,,True,Phi-4-mini,Yes.,84.0,True,Did anyone from the 1980 us hockey team play in the nhl?,True,False,38,True
65,0.5545628070831299,0.08690603574999045,,True,Phi-4-mini,Yes.,99.0,True,Do all triangles have at least two acute angles?,True,False,60,True
67,0.001206943765282631,0.08690603574999045,,False,Phi-4-mini,No.,71.0,False,Can you get the death penalty as a minor?,False,False,35,True
68,0.036234840750694275,0.08690603574999045,,False,Phi-4-mini,No.,156.0,False,Did indian football team qualified for fifa 2018?,False,False,115,True
70,0.6002835631370544,0.08690603574999045,,True,Phi-4-mini,Yes.,109.0,True,Is the old panama canal still in use?,True,False,71,True
71,0.5775502920150757,0.08690603574999045,,True,Phi-4-mini,Yes.,179.0,True,Do you need a pal to possess ammunition?,True,False,147,True
72,0.0015983019256964326,0.09420691112501345,,False,Phi-4-mini,No.,168.0,False,Do blue and pink cotton candy taste the same?,False,False,141,True
73,0.3850178122520447,0.09420691112501345,,False,Phi-4-mini,No.,83.0,False,Did to kill a mockingbird win an academy award?,True,False,48,False
74,0.9996540546417236,0.09420691112501345,,True,Phi-4-mini,Yes.,115.0,True,Is there such a thing as a floating island?,True,False,85,True
75,0.9669205546379089,0.09420691112501345,,True,Phi-4-mini,Yes.,167.0,True,Do female ferrets die if they don't mate?,True,False,132,True
76,0.0047572944313287735,0.09420691112501345,,False,Phi-4-mini,No.,164.0,False,Will all xbox 360 games work on xbox one?,False,False,115,True
77,0.23941391706466675,0.09420691112501345,,False,Phi-4-mini,No.,90.0,False,Is there a right and left brachiocephalic artery?,False,False,49,True
78,0.9989678859710693,0.09420691112501345,,True,Phi-4-mini,Yes.,207.0,True,Do the runners up on survivor win money?,True,False,185,True
79,0.036249496042728424,0.09420691112501345,,False,Phi-4-mini,No.,113.0,False,Is there a sequel to love finds a home?,False,False,80,True
81,0.9995695948600769,0.10686645100000192,,True,Phi-4-mini,Yes.,133.0,True,Are there nuclear power plants in the us?,True,False,92,True
82,0.02299073338508606,0.10686645100000192,,False,Phi-4-mini,No.,238.0,False,Is there a tiebreaker in final set at wimbledon?,False,False,199,True
83,0.46890556812286377,0.10686645100000192,,False,Phi-4-mini,No.,215.0,False,Were the twin towers the world trade center?,True,False,171,False
84,0.7931585311889648,0.10686645100000192,,True,Phi-4-mini,Yes.,179.0,True,Did deion sanders ever win a world series?,False,False,145,False
85,0.585166871547699,0.10686645100000192,,True,Phi-4-mini,Yes.,244.0,True,Is a german shepard the same as an alsatian?,True,False,217,True
86,0.1919955164194107,0.10686645100000192,,False,Phi-4-mini,No.,98.0,False,Does a frog jump out of boiling water?,True,False,65,False
87,0.9926551580429077,0.10686645100000192,,True,Phi-4-mini,Yes.,101.0,True,Is it possible to create mass from energy?,True,False,66,True
88,0.9974494576454163,0.10686645100000192,,True,Phi-4-mini,Yes.,74.0,True,Is there a movie with 0 on rotten tomatoes?,True,False,38,True
90,0.3849916160106659,0.09501074162500345,,False,Phi-4-mini,No.,136.0,False,Is a tablespoon bigger than a dessert spoon?,True,False,103,False
91,0.3850846588611603,0.09501074162500345,,False,Phi-4-mini,No.,158.0,False,Is this the last season of bunk'd?,True,False,117,False
92,0.9960556030273438,0.09501074162500345,,True,Phi-4-mini,Yes.,103.0,True,Does the president live in the white house?,True,False,66,True
93,0.9991959929466248,0.09501074162500345,,True,Phi-4-mini,Yes.,96.0,True,Does the dorsal root ganglion carry sensory input?,True,False,60,True
94,0.5699957013130188,0.09501074162500345,,True,Phi-4-mini,Yes,60.0,True,Is anne with an e filmed on pei?,True,False,25,True
95,0.8741015791893005,0.09501074162500345,,True,Phi-4-mini,Yes.,80.0,True,Is angular frequency and angular velocity the same?,False,False,47,False
96,0.9997040629386902,0.09501074162500345,,True,Phi-4-mini,Yes.,133.0,True,Can someone die from a bullet shot in the air?,True,False,97,True
97,0.08038650453090668,0.09501074162500345,,False,Phi-4-mini,No.,204.0,False,Is salt lake city the biggest city in utah?,True,False,164,False
98,0.2569820284843445,0.14794039362499234,,False,Phi-4-mini,No.,138.0,False,Was chasing cars written for grey's anatomy?,False,False,92,True
99,0.08275755494832993,0.14794039362499234,,False,Phi-4-mini,No.,257.0,False,Did the girl in the lost world die?,False,False,235,True
102,0.9916862845420837,0.14794039362499234,,True,Phi-4-mini,Yes.,332.0,True,Has tampa ever been hit by a hurricane?,True,False,301,True
103,0.006694016978144646,0.14794039362499234,,False,Phi-4-mini,No.,185.0,False,Can anyone give last rites in an emergency?,False,False,153,True
104,0.8962850570678711,0.14794039362499234,,True,Phi-4-mini,Yes.,282.0,True,Was there a draft in the revolutionary war?,True,False,240,True
105,0.8558681011199951,0.14794039362499234,,True,Phi-4-mini,Yes.,85.0,True,Can you wear your letterman after high school?,True,False,50,True
106,0.0010010726982727647,0.14794039362499234,,False,Phi-4-mini,No.,55.0,False,Do you pay tax on gambling winnings in australia?,False,False,20,True
108,0.2814742624759674,0.14794039362499234,,False,Phi-4-mini,No.,113.0,False,Is scar alive in the lion king 2?,False,False,85,True
109,0.001245075836777687,0.1104716022499872,,False,Phi-4-mini,No.,204.0,False,Is the dog from little rascals still alive?,False,False,164,True
110,0.9955332279205322,0.1104716022499872,,True,Phi-4-mini,Yes.,255.0,True,Is journey 2 the mysterious island a sequel?,True,False,221,True
111,0.8355050086975098,0.1104716022499872,,True,Phi-4-mini,Yes.,184.0,True,Can you cut the stock off a shotgun?,True,False,148,True
112,0.0007798237493261695,0.1104716022499872,,False,Phi-4-mini,No.,120.0,False,Is all of new zealand in the same time zone?,False,False,80,True
113,0.9958018660545349,0.1104716022499872,,True,Phi-4-mini,Yes.,164.0,True,Is powdered milk the same as milk powder?,True,False,134,True
114,0.9997040629386902,0.1104716022499872,,True,Phi-4-mini,Yes.,155.0,True,Does the united states have a federal system of government?,True,False,120,True
116,0.6514258980751038,0.1104716022499872,,True,Phi-4-mini,Yes,96.0,True,Is david from love it or list it a real realtor?,True,False,60,True
117,0.8634631037712097,0.1104716022499872,,True,Phi-4-mini,Yes,197.0,True,Have the capitals ever win the stanley cup?,True,False,153,True
118,0.0001443148939870298,0.11003213774998244,,False,Phi-4-mini,No.,126.0,False,Is the united states a part of the european union?,False,False,88,True
119,0.017991937696933746,0.11003213774998244,,False,Phi-4-mini,No.,189.0,False,Is a title and registration the same thing?,True,False,154,False
120,0.9553282260894775,0.11003213774998244,,True,Phi-4-mini,Yes.,240.0,True,Are st bernards and bernese mountain dogs related?,True,False,215,True
121,0.9905890226364136,0.11003213774998244,,True,Phi-4-mini,Yes.,131.0,True,Is there any train between india and pakistan?,True,False,148,True
122,0.07587716728448868,0.11003213774998244,,False,Phi-4-mini,No.,144.0,False,Are public limited companies in the private sector?,False,False,112,True
124,0.7249197363853455,0.11003213774998244,,True,Phi-4-mini,Yes.,146.0,True,Were there any survivors in the pompeii eruption?,True,False,108,True
126,0.0009700069786049426,0.11003213774998244,,False,Phi-4-mini,No.,76.0,False,Is there going to be another golden compass movie?,False,False,38,True
127,0.010657618753612041,0.11003213774998244,,False,Phi-4-mini,No.,89.0,False,Did ireland qualify for the 2018 world cup?,False,False,52,True
128,0.8355128765106201,0.16421476162500426,,True,Phi-4-mini,Yes.,169.0,True,Can you sell a gun privately in florida?,True,False,138,True
129,0.015435620211064816,0.16421476162500426,,False,Phi-4-mini,No.,363.0,False,Does the little girl die in man on fire?,False,False,352,True
130,0.9992207288742065,0.16421476162500426,,True,Phi-4-mini,Yes.,146.0,True,Does latent heat of vaporization change with temperature?,True,False,105,True
131,0.9688603281974792,0.16421476162500426,,True,Phi-4-mini,Yes.,215.0,True,Can a nas be used as a server?,True,False,189,True
132,0.016412697732448578,0.16421476162500426,,False,Phi-4-mini,No.,254.0,False,Did my name is earl finish his list?,False,False,223,True
133,0.051908694207668304,0.16421476162500426,,False,Phi-4-mini,No.,157.0,False,Do powerball matches have to be in order?,False,False,121,True
134,0.0004732223751489073,0.16421476162500426,,False,Phi-4-mini,No.,253.0,False,Is fate and the furious the last movie?,False,False,207,True
135,0.9991170763969421,0.16421476162500426,,True,Phi-4-mini,Yes,89.0,True,Does battlefield 1 have a single player campaign?,True,False,56,True
136,0.994090735912323,0.1785716846250125,,True,Phi-4-mini,Yes.,238.0,True,Was the sears tower the tallest building in the world?,True,False,202,True
137,0.12600213289260864,0.1785716846250125,,False,Phi-4-mini,No.,278.0,False,Is the drinking age different in every state?,False,False,227,True
138,0.999595582485199,0.1785716846250125,,True,Phi-4-mini,Yes.,140.0,True,Is it possible to have no sense of smell?,True,False,101,True
139,0.9994643330574036,0.1785716846250125,,True,Phi-4-mini,Yes.,392.0,True,Is the port mann bridge a toll bridge?,False,False,355,False
142,0.9997468590736389,0.1785716846250125,,True,Phi-4-mini,Yes.,104.0,True,Is the dot product of two vectors a scalar?,True,False,68,True
143,0.9998365640640259,0.1785716846250125,,True,Phi-4-mini,Yes.,160.0,True,Is there such thing as a dominant eye?,True,False,124,True
144,8.755775343161076e-05,0.1785716846250125,,False,Phi-4-mini,No.,122.0,False,Is the isle of man part of the european economic area?,False,False,84,True
145,0.18726326525211334,0.1785716846250125,,False,Phi-4-mini,No.,96.0,False,Is ncis new orleans over for the season?,True,False,52,False
146,0.9381327033042908,0.12962476812501222,,True,Phi-4-mini,Yes.,93.0,True,Is navel and belly button the same thing?,True,False,53,True
147,0.9825628995895386,0.12962476812501222,,True,Phi-4-mini,Yes,207.0,True,Does smeagol die in lord of the rings?,True,False,173,True
148,0.03847846761345863,0.12962476812501222,,False,Phi-4-mini,No,61.0,False,Will there be a season 3 of here come the habibs?,False,False,23,True
149,0.9997547268867493,0.12962476812501222,,True,Phi-4-mini,Yes.,283.0,True,Does majora's mask have a time limit?,True,False,248,True
150,0.00014430003648158163,0.12962476812501222,,False,Phi-4-mini,No.,102.0,False,Do numbers look the same in all languages?,False,False,65,True
151,0.9984992742538452,0.12962476812501222,,True,Phi-4-mini,Yes.,157.0,True,Are the marvel tv shows in the mcu?,True,False,120,True
152,0.9985899329185486,0.12962476812501222,,True,Phi-4-mini,Yes.,168.0,True,Is there a movie the handmaid's tale?,True,False,132,True
153,0.0043328674510121346,0.12962476812501222,,False,Phi-4-mini,No.,144.0,False,Is the shape of water movie based on a book?,False,False,107,True
154,0.02933068946003914,0.11421993787499218,,False,Phi-4-mini,No.,146.0,False,Does 1 ball and 1 lucky star win euromillions?,False,False,105,True
155,7.723841554252431e-05,0.11421993787499218,,False,Phi-4-mini,No.,205.0,False,Is hindi is our national language of india?,True,False,174,False
156,0.014966757036745548,0.11421993787499218,,False,Phi-4-mini,No.,111.0,False,Are all eyeglasses made by the same company?,False,False,71,True
157,0.9603729248046875,0.11421993787499218,,True,Phi-4-mini,Yes.,232.0,True,Is there going to be a season 3 for daredevil?,True,False,188,True
158,0.9928801655769348,0.11421993787499218,,True,Phi-4-mini,Yes.,174.0,True,Can a tree have more than one trunk?,True,False,147,True
159,0.014068176038563251,0.11421993787499218,,False,Phi-4-mini,No.,234.0,False,Does bailey die in a dog's purpose?,True,False,209,False
160,0.9553297162055969,0.11421993787499218,,True,Phi-4-mini,Yes.,125.0,True,Is night of the hunter a film noir?,True,False,91,True
161,0.9883146286010742,0.11421993787499218,,True,Phi-4-mini,Yes.,136.0,True,Is ivory coast and cote d ivoire the same?,True,False,116,True
162,0.8962634205818176,0.10670770712502531,,True,Phi-4-mini,Yes.,73.0,True,Can root 2 be written as a fraction?,True,False,36,True
163,0.6077077388763428,0.10670770712502531,,True,Phi-4-mini,Yes.,217.0,True,Is thread seal tape and teflon tape the same?,True,False,184,True
164,0.018551426008343697,0.10670770712502531,,False,Phi-4-mini,No.,150.0,False,Is dragon fruit and pitaya the same thing?,False,False,118,True
165,0.7932004332542419,0.10670770712502531,,True,Phi-4-mini,Yes.,161.0,True,Is it 5 portions of fruit and 5 of vegetables?,False,False,119,False
166,0.328113853931427,0.10670770712502531,,False,Phi-4-mini,No.,108.0,False,Did they cancel whose line is it anyway?,True,False,67,False
167,0.015434634871780872,0.10670770712502531,,False,Phi-4-mini,No.,126.0,False,Did the game of thrones theme song change?,False,False,91,True
168,0.0003683807735797018,0.10670770712502531,,False,Phi-4-mini,No.,163.0,False,Is a bumble bee the same as a carpenter bee?,False,False,127,True
169,0.007350222207605839,0.10670770712502531,,False,Phi-4-mini,No.,132.0,False,Has czech republic ever won the world cup?,False,False,92,True
171,7.032927533145994e-05,0.12658594262498468,,False,Phi-4-mini,No.,159.0,False,Is new zealand on the continent of australia?,False,False,125,True
172,0.9850446581840515,0.12658594262498468,,True,Phi-4-mini,Yes.,135.0,True,Is there going to be any more pirates of the caribbean films?,True,False,98,True
173,0.0008561094291508198,0.12658594262498468,,False,Phi-4-mini,No.,255.0,False,Is there an official release date for the last airbender 2?,False,False,215,True
174,0.8439423441886902,0.12658594262498468,,True,Phi-4-mini,Yes.,101.0,True,Is there an age limit to compete in the olympics?,True,False,58,True
175,0.314169704914093,0.12658594262498468,,False,Phi-4-mini,No.,84.0,False,Is the indian motorcycle made in united states?,True,False,48,False
176,0.0034858088474720716,0.12658594262498468,,False,Phi-4-mini,No.,187.0,False,Is st andrews university in the russell group?,False,False,139,True
177,0.7608166337013245,0.12658594262498468,,True,Phi-4-mini,Yes.,258.0,True,Was eye of the tiger written for rocky?,True,False,235,True
178,0.0007324464968405664,0.12658594262498468,,False,Phi-4-mini,No.,189.0,False,Does the us court of appeals have original jurisdiction?,False,False,153,True
180,0.5699330568313599,0.07771235824998257,,True,Phi-4-mini,Yes.,97.0,True,Does a fried egg have a runny yolk?,True,False,61,True
181,0.014524421654641628,0.07771235824998257,,False,Phi-4-mini,No.,90.0,False,Did boo the world's cutest dog die?,False,False,61,True
182,0.9124678373336792,0.07771235824998257,,True,Phi-4-mini,Yes.,148.0,True,Did they change laurie in that 70s show?,True,False,115,True
183,0.22273778915405273,0.07771235824998257,,False,Phi-4-mini,No.,92.0,False,Can you boat from lake michigan to atlantic ocean?,True,False,52,False
184,0.0113407326862216,0.07771235824998257,,False,Phi-4-mini,No.,135.0,False,Have scotland ever been in the world cup final?,False,False,92,True
185,0.9989352822303772,0.07771235824998257,,True,Phi-4-mini,Yes.,158.0,True,Is there a military base in san diego?,True,False,115,True
186,0.9914264678955078,0.07771235824998257,,True,Phi-4-mini,Yes.,122.0,True,Did england host the world cup in 1966?,True,False,77,True
187,0.9859375357627869,0.07771235824998257,,True,Phi-4-mini,Yes.,63.0,True,Can you get more than one varsity letter?,True,False,28,True
188,0.8933534026145935,0.19751145412499227,,True,Phi-4-mini,Yes.,231.0,True,Are there any states that do not have a seat belt law?,True,False,189,True
189,0.9344176054000854,0.19751145412499227,,True,Phi-4-mini,Yes.,141.0,True,Do bees die if they lose their stinger?,True,False,106,True
190,0.005061676260083914,0.19751145412499227,,False,Phi-4-mini,No.,154.0,False,Are there actual bodies in the tomb of the unknown soldier?,True,False,123,False
192,0.5699180364608765,0.19751145412499227,,True,Phi-4-mini,Yes.,159.0,True,Is it possible to type 200 words per minute?,True,False,123,True
193,0.9983519315719604,0.19751145412499227,,True,Phi-4-mini,Yes,181.0,True,Is the rampage movie based on the game?,True,False,148,True
194,0.5235545039176941,0.19751145412499227,,True,Phi-4-mini,Yes.,190.0,True,Do alligators drown their prey and eat it later?,True,False,154,True
195,0.8439745306968689,0.19751145412499227,,True,Phi-4-mini,Yes.,435.0,True,Has a t rex skull ever been found?,True,True,453,True
196,0.0015027440385892987,0.19751145412499227,,False,Phi-4-mini,No.,236.0,False,Are all the members of the band still alive?,False,False,189,True
197,0.02230406552553177,0.19155172337499948,,False,Phi-4-mini,No.,84.0,False,Do you need a permit to carry a gun in nh?,False,False,44,True
199,0.9998365640640259,0.19155172337499948,,True,Phi-4-mini,Yes.,125.0,True,Do competitive inhibitors bind to the active site?,True,False,91,True
200,0.46108028292655945,0.19155172337499948,,False,Phi-4-mini,No.,420.0,False,Has a woman ever played minor league baseball?,True,True,443,False
201,0.507862389087677,0.19155172337499948,,True,Phi-4-mini,Yes.,212.0,True,Is breaking and entering into a car a felony?,True,False,181,True
202,0.015913497656583786,0.19155172337499948,,False,Phi-4-mini,No.,98.0,False,Is victoria plum the same as victorian plumbing?,True,False,63,False
203,0.129444420337677,0.19155172337499948,,False,Phi-4-mini,No.,148.0,False,Is tess carroll died in charlie st cloud?,False,False,111,True
204,0.9836017489433289,0.19155172337499948,,True,Phi-4-mini,Yes.,149.0,True,Does each state have their own national guard?,True,False,114,True
205,0.9940906167030334,0.19155172337499948,,True,Phi-4-mini,Yes.,118.0,True,Does the sahara desert in northern africa help south americas amazon rainforest grow?,True,False,79,True
206,0.03413764014840126,0.10924561612497996,,False,Phi-4-mini,No.,212.0,False,Is france the same timezone as the uk?,False,False,158,True
207,0.9944456815719604,0.10924561612497996,,True,Phi-4-mini,Yes.,100.0,True,Can the heat of a hair dryer kill lice?,True,False,61,True
208,0.0015015139942988753,0.10924561612497996,,False,Phi-4-mini,No.,192.0,False,Is israel part of the european economic area?,False,False,152,True
209,0.0021831567864865065,0.10924561612497996,,False,Phi-4-mini,No.,181.0,False,Is the three little pigs a nursery rhyme?,False,False,146,True
210,0.9984024167060852,0.10924561612497996,,True,Phi-4-mini,Yes.,143.0,True,Did murphy brown have a baby on the show?,True,False,108,True
211,0.04086170718073845,0.10924561612497996,,False,Phi-4-mini,No.,142.0,False,Does maple syrup come straight from the tree?,False,False,110,True
212,0.00141082052141428,0.10924561612497996,,False,Phi-4-mini,No.,123.0,False,Will there be a season 7 of puss in boots on netflix?,False,False,80,True
214,0.029321348294615746,0.10924561612497996,,False,Phi-4-mini,No.,101.0,False,Are liquor stores open on memorial day oklahoma?,False,False,68,True
215,0.998675525188446,0.10530889025000079,,True,Phi-4-mini,Yes,106.0,True,Was the parkers a spin off of moesha?,True,False,68,True
217,0.9987162351608276,0.10530889025000079,,True,Phi-4-mini,Yes,91.0,True,Is nfs carbon a sequel to most wanted?,True,False,54,True
218,0.9974493384361267,0.10530889025000079,,True,Phi-4-mini,Yes.,149.0,True,Can ingrown toenails come back after being removed?,True,False,115,True
219,0.9978846907615662,0.10530889025000079,,True,Phi-4-mini,Yes.,152.0,True,Does david brooks still write for ny times?,True,False,116,True
220,0.039650749415159225,0.10530889025000079,,False,Phi-4-mini,No.,201.0,False,Is a markup language designed to describe data?,False,False,165,True
221,0.010994531214237213,0.10530889025000079,,False,Phi-4-mini,No.,206.0,False,Are ncaa and nba balls the same size?,False,False,170,True
222,0.009127845056355,0.10530889025000079,,False,Phi-4-mini,No.,199.0,False,Is it illegal to make covers of songs?,False,False,165,True
223,0.002632525283843279,0.10530889025000079,,False,Phi-4-mini,No.,170.0,False,Is the book the outsiders based on a true story?,False,False,137,True
224,0.31423959136009216,0.13943031037499054,,False,Phi-4-mini,No.,197.0,False,Has washington capitals ever won the stanley cup?,True,False,153,False
225,0.13664303719997406,0.13943031037499054,,False,Phi-4-mini,No.,318.0,False,Is the liver a part of the gi tract?,False,False,283,True
226,0.9994966983795166,0.13943031037499054,,True,Phi-4-mini,Yes.,124.0,True,Does salt water taffy have salt in it?,True,False,90,True
227,0.08758975565433502,0.13943031037499054,,False,Phi-4-mini,No.,107.0,False,Does the navy have a delayed entry program?,True,False,75,False
228,0.9019479751586914,0.13943031037499054,,True,Phi-4-mini,Yes,91.0,True,Do all ni numbers have a letter at the end?,True,False,53,True
230,0.9944456815719604,0.13943031037499054,,True,Phi-4-mini,Yes.,121.0,True,Does penne alla vodka have dairy in it?,True,False,83,True
231,0.8439357876777649,0.13943031037499054,,True,Phi-4-mini,Yes.,151.0,True,Is i can only imagine based on a true story?,True,False,116,True
232,0.8872649073600769,0.13943031037499054,,True,Phi-4-mini,Yes,125.0,True,Is season 4 of better call saul out?,True,False,84,True
233,0.022292254492640495,0.1546093351250022,,False,Phi-4-mini,No.,131.0,False,Can an 18 year old sleep with a 15 year old?,False,False,89,True
234,0.9481641054153442,0.1546093351250022,,True,Phi-4-mini,Yes.,84.0,True,Can you take a right turn on a red light?,True,False,47,True
235,0.0009403093135915697,0.1546093351250022,,False,Phi-4-mini,No.,341.0,False,Do straights have to be the same suit?,False,False,314,True
237,0.0006267927819862962,0.1546093351250022,,False,Phi-4-mini,No.,166.0,False,Does beau abbott die in a quiet place?,True,False,134,False
239,0.010658945888280869,0.1546093351250022,,False,Phi-4-mini,No.,113.0,False,Is the walking dead same as fear the walking dead?,False,False,79,True
240,0.9962943196296692,0.1546093351250022,,True,Phi-4-mini,Yes.,131.0,True,Did mariah carey wrote all i want for christmas is you?,True,False,91,True
241,0.9982996582984924,0.1546093351250022,,True,Phi-4-mini,Yes.,292.0,True,Do both male and female bighorn sheep have horns?,True,False,249,True
242,0.9939042925834656,0.1546093351250022,,True,Phi-4-mini,Yes.,92.0,True,Is there a chinatown in st louis mo?,False,False,59,False
243,0.00017404525715392083,0.11509551862499734,,False,Phi-4-mini,No.,96.0,False,Is there a season 4 of bad education?,False,False,52,True
244,0.7491187453269958,0.11509551862499734,,True,Phi-4-mini,Yes.,151.0,True,Can you pass the ball more than once in american football?,True,False,113,True
245,0.9344099164009094,0.11509551862499734,,True,Phi-4-mini,Yes.,199.0,True,Was the tiger really on the boat in life of pi?,True,False,164,True
246,0.0007557310746051371,0.11509551862499734,,False,Phi-4-mini,No.,128.0,False,Is let there be light a true story?,False,False,89,True
248,0.05668281018733978,0.11509551862499734,,False,Phi-4-mini,No.,250.0,False,Do queen ants give birth to queen ants?,True,False,214,False
249,0.9996850490570068,0.11509551862499734,,True,Phi-4-mini,Yes.,157.0,True,Do they celebrate father's day in the netherlands?,True,False,127,True
250,0.9566500782966614,0.11509551862499734,,True,Phi-4-mini,Yes.,165.0,True,Does one sister chromatid have half the dna of a chromosome?,True,False,127,True
251,0.985055685043335,0.11509551862499734,,True,Phi-4-mini,Yes,140.0,True,Was the lizzie mcguire movie filmed in rome?,True,False,100,True
253,0.9998766183853149,0.1034149962500237,,True,Phi-4-mini,Yes.,157.0,True,Is the vice president the president of the senate?,True,False,117,True
255,0.10672622919082642,0.1034149962500237,,False,Phi-4-mini,No.,92.0,False,Is the human torch the same guy as captain america?,True,False,52,False
256,0.9962931275367737,0.1034149962500237,,True,Phi-4-mini,Yes.,67.0,True,Can a glass window break on its own?,True,False,34,True
257,0.2568902373313904,0.1034149962500237,,False,Phi-4-mini,No.,142.0,False,Can you buy alcohol on sunday in wi?,True,False,110,False
260,0.004756825044751167,0.1034149962500237,,False,Phi-4-mini,No.,170.0,False,Is the barber of seville a true story?,False,False,143,True
263,0.9965177774429321,0.1034149962500237,,True,Phi-4-mini,Yes.,179.0,True,Did the titanic sink on its maiden voyage?,True,False,135,True
265,0.9916875958442688,0.1034149962500237,,True,Phi-4-mini,Yes.,198.0,True,Does the boy die in the book of henry?,True,False,162,True
266,0.9992678761482239,0.1034149962500237,,True,Phi-4-mini,Yes.,128.0,True,Are there any games that are cross platform?,True,False,98,True
267,0.9984514713287354,0.13355988487498394,,True,Phi-4-mini,Yes.,164.0,True,Is an agm battery a sealed lead acid battery?,True,False,131,True
268,0.025967003777623177,0.13355988487498394,,False,Phi-4-mini,No.,87.0,False,Is the united states part of the commonwealth of nations?,False,False,55,True
269,0.8933330178260803,0.13355988487498394,,True,Phi-4-mini,Yes.,281.0,True,Is there a state where the drinking age is 18?,False,False,227,False
271,0.0037081828340888023,0.13355988487498394,,False,Phi-4-mini,No.,125.0,False,Can trucks go on the taconic state parkway?,False,False,86,True
272,0.031158221885561943,0.13355988487498394,,False,Phi-4-mini,No.,263.0,False,Do you have to pay both ways on the george washington bridge?,False,False,232,True
273,0.9993929862976074,0.13355988487498394,,True,Phi-4-mini,Yes.,89.0,True,Is there such thing as over drinking water?,True,False,50,True
274,0.9968283772468567,0.13355988487498394,,True,Phi-4-mini,Yes.,117.0,True,Did the astros used to be in the national league?,True,False,79,True
275,0.08760042488574982,0.13355988487498394,,False,Phi-4-mini,No.,162.0,False,Does the vegas golden knights have a captain?,False,False,126,True
276,0.23946186900138855,0.19069202987500944,,False,Phi-4-mini,No.,426.0,False,Did michael and pam date on the office?,False,True,527,True
278,0.42258745431900024,0.19069202987500944,,False,Phi-4-mini,No.,174.0,False,Is blue cross blue shield a managed care organization?,True,False,144,False
280,0.9961769580841064,0.19069202987500944,,True,Phi-4-mini,Yes.,172.0,True,Are there tolls on i-70 in kansas?,True,False,130,True
281,0.7549622654914856,0.19069202987500944,,True,Phi-4-mini,Yes.,161.0,True,Can an act be a tort and a crime?,True,False,124,True
282,0.008064004592597485,0.19069202987500944,,False,Phi-4-mini,No.,126.0,False,Do they still make new episodes of dora?,False,False,88,True
283,0.039646681398153305,0.19069202987500944,,False,Phi-4-mini,No.,236.0,False,Does enameled cast iron leach iron into food?,True,False,197,False
286,0.975580632686615,0.19069202987500944,,True,Phi-4-mini,Yes.,185.0,True,Can you call fair catch on a kickoff?,True,False,152,True
287,0.9539822340011597,0.19069202987500944,,True,Phi-4-mini,Yes.,119.0,True,Does the uk use a 24 hour clock?,True,False,81,True
289,0.047443799674510956,0.15292329224999435,,False,Phi-4-mini,No.,329.0,False,Does elena die for good in vampire diaries?,False,False,296,True
291,0.07810892164707184,0.15292329224999435,,False,Phi-4-mini,No.,95.0,False,Are there going to be any more i am number four movies?,False,False,61,True
292,0.9937115907669067,0.15292329224999435,,True,Phi-4-mini,Yes.,160.0,True,Can the world cup final be decided on penalties?,True,False,118,True
293,0.0005196316633373499,0.15292329224999435,,False,Phi-4-mini,No.,158.0,False,Is australian sign language the same as american?,False,False,128,True
294,0.9859389066696167,0.15292329224999435,,True,Phi-4-mini,Yes.,203.0,True,Is there a difference between doves and pigeons?,False,False,173,False
295,0.9949413537979126,0.15292329224999435,,True,Phi-4-mini,Yes,115.0,True,Is there a sequel to hunter x hunter?,True,False,77,True
296,0.9958023428916931,0.15292329224999435,,True,Phi-4-mini,Yes,144.0,True,Is there a season 2 of medici masters of florence?,True,False,106,True
298,0.0013679685071110725,0.15292329224999435,,False,Phi-4-mini,No.,221.0,False,Is amy's baking company in scottsdale still open?,False,False,185,True
299,0.9939035773277283,0.10817226537500346,,True,Phi-4-mini,Yes,79.0,True,Will there be a season 5 the 100?,True,False,35,True
300,0.0006669107242487371,0.10817226537500346,,False,Phi-4-mini,No.,106.0,False,Is the berlin wall the same as the berlin blockade?,False,False,64,True
301,0.41497108340263367,0.10817226537500346,,False,Phi-4-mini,No.,219.0,False,Is there a belt above black in karate?,False,False,187,True
302,0.004201044794172049,0.10817226537500346,,False,Phi-4-mini,No.,84.0,False,Did arizona die in season 8 of grey's anatomy?,False,False,45,True
303,0.9989354014396667,0.10817226537500346,,True,Phi-4-mini,Yes.,81.0,True,Is there a border between england and scotland?,True,False,45,True
304,0.001988818868994713,0.10817226537500346,,False,Phi-4-mini,No.,154.0,False,Is language the only criteria of classifying state in india?,False,False,132,True
305,0.07588786631822586,0.10817226537500346,,False,Phi-4-mini,No.,214.0,False,Is grey's anatomy filmed at a real hospital?,True,False,183,False
306,0.7371847629547119,0.10817226537500346,,True,Phi-4-mini,Yes.,150.0,True,Can you put 700c tires on a 29er?,True,False,110,True
308,9.612002031644806e-05,0.15117749949999393,,False,Phi-4-mini,No.,162.0,False,Are ground coriander and cumin the same thing?,False,False,134,True
309,0.9992448091506958,0.15117749949999393,,True,Phi-4-mini,Yes.,207.0,True,Do u get paid to be on survivor?,True,False,185,True
310,0.984095573425293,0.15117749949999393,,True,Phi-4-mini,Yes.,121.0,True,Are dachshunds and weiner dogs the same thing?,True,False,91,True
311,0.0025517279282212257,0.15117749949999393,,False,Phi-4-mini,No.,77.0,False,Do adjectives have to come before a noun?,False,False,45,True
314,0.9969250559806824,0.15117749949999393,,True,Phi-4-mini,Yes.,134.0,True,Can you play soccer on a football field?,True,False,99,True
315,0.0006880845176056027,0.15117749949999393,,False,Phi-4-mini,No.,78.0,False,Do the internal intercostal muscles contract during inspiration?,True,False,41,False
316,0.001455373247154057,0.15117749949999393,,False,Phi-4-mini,No.,262.0,False,Do you have to be born with perfect pitch?,False,False,227,True
317,0.23376238346099854,0.15117749949999393,,False,Phi-4-mini,No.,338.0,False,Is an ace 2 3 4 5 a straight?,True,False,314,False
318,0.9890190958976746,0.10015953737499217,,True,Phi-4-mini,Yes,150.0,True,Is season 5 of the originals the series finale?,True,False,102,True
319,0.9416766166687012,0.10015953737499217,,True,Phi-4-mini,Yes.,82.0,True,Has anyone won the grand slam in golf?,True,False,49,True
320,0.34874653816223145,0.10015953737499217,,False,Phi-4-mini,No.,152.0,False,Can a filibuster stop a supreme court nominee?,True,False,113,False
321,0.9972001314163208,0.10015953737499217,,True,Phi-4-mini,Yes.,135.0,True,Is city of industry in los angeles county?,True,False,89,True
322,0.9924246072769165,0.10015953737499217,,True,Phi-4-mini,Yes.,149.0,True,Is song of solomon the same as song of songs?,True,False,123,True
323,0.6792933344841003,0.10015953737499217,,True,Phi-4-mini,Yes.,193.0,True,Did the pirates of the caribbean ride come first?,True,False,162,True
324,0.843926727771759,0.10015953737499217,,True,Phi-4-mini,Yes.,192.0,True,Is it true that ethiopia has 13 months?,True,False,146,True
325,0.7186977863311768,0.10015953737499217,,True,Phi-4-mini,Yes.,123.0,True,Is the wizarding world of harry potter in islands of adventure?,True,False,88,True
326,0.061897918581962585,0.11164282912500312,,False,Phi-4-mini,No.,137.0,False,Is there a season 7 of the sopranos?,False,False,94,True
327,0.029324281960725784,0.11164282912500312,,False,Phi-4-mini,No.,115.0,False,Is a yard the same as a meter?,False,False,77,True
328,0.9998148083686829,0.11164282912500312,,True,Phi-4-mini,Yes.,168.0,True,Does the sun orbit around the milky way?,True,False,128,True
329,0.9961762428283691,0.11164282912500312,,True,Phi-4-mini,Yes.,125.0,True,Is the white cover on brie cheese edible?,True,False,98,True
331,0.5157275795936584,0.11164282912500312,,True,Phi-4-mini,Yes.,164.0,True,Is there going to be a jack reacher 2?,True,False,123,True
332,0.9706937074661255,0.11164282912500312,,True,Phi-4-mini,Yes.,229.0,True,Is 22 magnum and 22 wmr the same?,True,False,191,True
335,0.24519020318984985,0.11164282912500312,,False,Phi-4-mini,No.,201.0,False,Is there a difference between muay thai and thai boxing?,False,False,177,True
336,0.7186298370361328,0.11164282912500312,,True,Phi-4-mini,Yes.,206.0,True,Is the queen's birthday a public holiday in victoria?,True,False,164,True
337,0.9820203185081482,0.13538822649999815,,True,Phi-4-mini,Yes.,113.0,True,Are fear the walking dead and the walking dead related?,True,False,79,True
338,0.043382737785577774,0.13538822649999815,,False,Phi-4-mini,No.,149.0,False,Can i get into canada with a military id?,True,False,118,False
339,0.07374914735555649,0.13538822649999815,,False,Phi-4-mini,No.,174.0,False,Is there a congestion charge in london on sunday?,False,False,132,True
340,0.9924241304397583,0.13538822649999815,,True,Phi-4-mini,Yes.,315.0,True,Did christine and the phantom have a son?,True,False,291,True
341,7.723634917056188e-05,0.13538822649999815,,False,Phi-4-mini,No.,196.0,False,Is the speed of sound constant for all materials?,False,False,157,True
343,0.8775017857551575,0.13538822649999815,,True,Phi-4-mini,Yes.,293.0,True,Can you build up an immunity to arsenic?,True,False,258,True
344,0.3924623429775238,0.13538822649999815,,False,Phi-4-mini,No.,119.0,False,Is the singer from blur in the gorillaz?,True,False,87,False
345,0.9956696033477783,0.13538822649999815,,True,Phi-4-mini,Yes.,51.0,True,Was there helicopters in the second world war?,True,False,17,True
346,0.5546165108680725,0.1776131775000067,,True,Phi-4-mini,Yes.,227.0,True,Is women's college world series double elimination?,True,False,188,True
347,0.884074866771698,0.1776131775000067,,True,Phi-4-mini,Yes,52.0,True,Can you own a skunk in the uk?,True,False,16,True
348,0.9998511075973511,0.1776131775000067,,True,Phi-4-mini,Yes.,207.0,True,Is there such a thing as brain freeze?,True,False,172,True
349,0.39251238107681274,0.1776131775000067,,False,Phi-4-mini,No.,191.0,False,Did the queen have any brothers or sisters?,True,False,152,False
351,0.010331195779144764,0.1776131775000067,,False,Phi-4-mini,No.,103.0,False,Can you score off a throw in in soccer?,False,False,68,True
352,0.10975534468889236,0.1776131775000067,,False,Phi-4-mini,No.,144.0,False,Was the king and i based on a true story?,True,False,112,False
353,0.0550316646695137,0.1776131775000067,,False,Phi-4-mini,No.,281.0,False,Is the cast of mama mia the same?,True,False,242,False
355,0.00016869907267391682,0.1776131775000067,,False,Phi-4-mini,No.,398.0,False,Is there a season 9 of pretty little liars?,False,False,316,True
356,0.9511553645133972,0.1817715939999971,,True,Phi-4-mini,Yes.,85.0,True,Are you required to complete the american community survey?,True,False,49,True
358,0.8840627670288086,0.1817715939999971,,True,Phi-4-mini,Yes.,180.0,True,Can you take the money in who wants to be a millionaire?,True,False,149,True
359,0.002802088623866439,0.1817715939999971,,False,Phi-4-mini,No.,165.0,False,Is the son of beast still at kings island?,False,False,122,True
360,0.8670766949653625,0.1817715939999971,,True,Phi-4-mini,Yes.,425.0,True,Is chewing tobacco banned in major league baseball?,True,False,397,True
361,0.994448184967041,0.1817715939999971,,True,Phi-4-mini,Yes.,160.0,True,Did brendon urie wrote death of a bachelor?,True,False,132,True
362,0.01855107769370079,0.1817715939999971,,False,Phi-4-mini,No.,209.0,False,Is there silver in a 1971 silver dollar?,True,False,161,False
364,0.7827559113502502,0.1817715939999971,,True,Phi-4-mini,Yes.,77.0,True,Is there a post credit scene in ifinity war?,True,False,43,True
365,0.00038009032141417265,0.1817715939999971,,False,Phi-4-mini,No.,131.0,False,Does any structure separate the abdominal cavity and pelvic cavity?,False,False,92,True
367,0.002183447824791074,0.10545583487501631,,False,Phi-4-mini,No.,85.0,False,Was the color purple based on a true story?,False,False,46,True
368,0.9997965693473816,0.10545583487501631,,True,Phi-4-mini,Yes.,180.0,True,Is petroleum an example of a fossil fuel?,True,False,145,True
370,0.17786553502082825,0.10545583487501631,,False,Phi-4-mini,No.,78.0,False,Is national and enterprise car rental the same company?,False,False,45,True
371,0.9953925609588623,0.10545583487501631,,True,Phi-4-mini,Yes.,120.0,True,Was egypt a part of the ottoman empire?,True,False,83,True
372,0.9989996552467346,0.10545583487501631,,True,Phi-4-mini,Yes.,114.0,True,Has there ever been a movie rated nc-17?,True,False,77,True
373,0.0004443911602720618,0.10545583487501631,,False,Phi-4-mini,No.,88.0,False,Is san pedro laguna part of metro manila?,False,False,52,True
374,0.9998313188552856,0.10545583487501631,,True,Phi-4-mini,Yes.,170.0,True,Is a boston terrier a small breed dog?,True,False,132,True
375,0.21741734445095062,0.10545583487501631,,False,Phi-4-mini,No.,244.0,False,Did william the conqueror have a legitimate claim to the english throne?,True,False,195,False
376,0.9959306120872498,0.17819632674999752,,True,Phi-4-mini,Yes.,163.0,True,Is the cortex of the cerebellum gray matter?,True,False,114,True
377,0.9967280626296997,0.17819632674999752,,True,Phi-4-mini,Yes.,175.0,True,Did the titanic sank on its maiden voyage?,True,False,141,True
378,0.9879493713378906,0.17819632674999752,,True,Phi-4-mini,Yes.,83.0,True,Is new england baptist hospital a teaching hospital?,True,False,49,True
379,0.9926550388336182,0.17819632674999752,,True,Phi-4-mini,Yes.,154.0,True,Are the mountains in utah part of the rockies?,True,False,108,True
380,0.9399213194847107,0.17819632674999752,,True,Phi-4-mini,Yes.,185.0,True,Will there be another now you see me movie?,True,False,146,True
382,0.37035080790519714,0.17819632674999752,,False,Phi-4-mini,No.,187.0,False,Is there a difference in structure of the two atria?,True,False,144,False
383,0.9994643330574036,0.17819632674999752,,True,Phi-4-mini,Yes,101.0,True,Do you qualify for the world cup if you host it?,True,False,62,True
384,0.028449738398194313,0.17819632674999752,,False,Phi-4-mini,No.,404.0,False,Can you open carry in nc with a concealed permit?,True,False,368,False
385,0.9996850490570068,0.08670224562499129,,True,Phi-4-mini,Yes.,115.0,True,Is there a red light district in brussels?,True,False,93,True
386,0.9965169429779053,0.08670224562499129,,True,Phi-4-mini,Yes.,98.0,True,Does density depend on the type of material?,True,False,64,True
389,0.9984025359153748,0.08670224562499129,,True,Phi-4-mini,Yes.,146.0,True,Is there a season 4 of crazy ex girlfriend?,True,False,108,True
390,0.8775010108947754,0.08670224562499129,,True,Phi-4-mini,Yes,72.0,True,Will there be a series 5 of brokenwood mysteries?,True,False,28,True
391,0.9937117099761963,0.08670224562499129,,True,Phi-4-mini,Yes.,107.0,True,Will there be a second season of discovery?,True,False,72,True
392,0.9496764540672302,0.08670224562499129,,True,Phi-4-mini,Yes.,190.0,True,Does the size of a rain gauge matter?,True,False,154,True
393,0.26900219917297363,0.08670224562499129,,False,Phi-4-mini,No.,73.0,False,Is there a sequel to the movie i am four?,False,False,36,True
394,0.8775070905685425,0.08670224562499129,,True,Phi-4-mini,Yes.,116.0,True,Is the guy from deception really a twin?,False,False,84,False
395,0.6514484286308289,0.09254876212500562,,True,Phi-4-mini,Yes.,87.0,True,Are the make it or break it cast real gymnasts?,False,False,50,False
397,0.02033858560025692,0.09254876212500562,,False,Phi-4-mini,No.,103.0,False,Can you score from a throw in in soccer?,False,False,68,True
398,0.002252850215882063,0.09254876212500562,,False,Phi-4-mini,No.,171.0,False,Is new jersey a suburb of new york city?,True,False,136,False
399,0.9994115829467773,0.09254876212500562,,True,Phi-4-mini,Yes.,193.0,True,Is profit and loss account same as income statement?,True,False,158,True
400,0.1919582337141037,0.09254876212500562,,False,Phi-4-mini,No.,99.0,False,Is whole wheat rice the same as brown rice?,True,False,65,False
402,0.9626757502555847,0.09254876212500562,,True,Phi-4-mini,Yes.,130.0,True,Is the new york post still in business?,True,False,98,True
404,0.0004175004141870886,0.09254876212500562,,False,Phi-4-mini,No.,179.0,False,Are the netherlands and belgium the same country?,False,False,142,True
405,0.011690606363117695,0.09254876212500562,,False,Phi-4-mini,No.,110.0,False,Does a california roll have fish in it?,False,False,84,True
406,0.896298885345459,0.1276032425000153,,True,Phi-4-mini,Yes.,89.0,True,Does the us own the statue of liberty?,True,False,49,True
407,0.996925413608551,0.1276032425000153,,True,Phi-4-mini,Yes.,164.0,True,Does the xbox 1 play xbox 360 games?,True,False,115,True
408,0.9998089671134949,0.1276032425000153,,True,Phi-4-mini,Yes.,288.0,True,Is asylum a right in the united states?,True,False,245,True
409,0.9991170763969421,0.1276032425000153,,True,Phi-4-mini,Yes.,222.0,True,Is revenge of the mummy a roller coaster?,True,False,189,True
410,0.6792393922805786,0.1276032425000153,,True,Phi-4-mini,Yes.,183.0,True,Do the redskins run a 3-4 defense?,True,False,136,True
411,0.02229524776339531,0.1276032425000153,,False,Phi-4-mini,No.,93.0,False,Do the miami dolphins have a real dolphin in their stadium?,False,False,53,True
412,0.9919393658638,0.1276032425000153,,True,Phi-4-mini,Yes.,165.0,True,Can you use xbox 360 games in the xbox one?,True,False,115,True
413,0.036235637962818146,0.1276032425000153,,False,Phi-4-mini,No.,127.0,False,Is courage the cowardly dog still on tv?,False,False,83,True
414,7.969549915287644e-05,0.11073149962501816,,False,Phi-4-mini,No.,238.0,False,Will there be a season 4 of game shakers?,False,False,183,True
415,0.0010008704848587513,0.11073149962501816,,False,Phi-4-mini,No.,175.0,False,Is the movie a mountain between us a true story?,False,False,128,True
416,0.0032742097973823547,0.11073149962501816,,False,Phi-4-mini,No.,195.0,False,Do you have to be an all star to participate in the home run derby?,False,False,151,True
417,0.9989013671875,0.11073149962501816,,True,Phi-4-mini,Yes.,138.0,True,Is it possible to thunder and lightning while snowing?,True,False,104,True
420,0.0009114331915043294,0.11073149962501816,,False,Phi-4-mini,No.,151.0,False,Do penalty shoot out goals count in golden boot?,False,False,119,True
421,0.17784655094146729,0.11073149962501816,,False,Phi-4-mini,No.,119.0,False,Does lucas and peyton come back to one tree hill?,True,False,90,False
423,0.008320151828229427,0.11073149962501816,,False,Phi-4-mini,No.,192.0,False,Are they still making new episodes of adventure time?,False,False,160,True
425,0.5312996506690979,0.11073149962501816,,True,Phi-4-mini,Yes,174.0,True,Can a soccer goalie pick up a throw in?,False,False,146,False
426,0.002397497184574604,0.09886096137500999,,False,Phi-4-mini,No.,94.0,False,Is the barber of seville the same as sweeney todd?,False,False,56,True
427,0.05342995002865791,0.09886096137500999,,False,Phi-4-mini,No.,51.0,False,Is peroxide and hydrogen peroxide the same thing?,False,False,16,True
428,0.9939029812812805,0.09886096137500999,,True,Phi-4-mini,Yes.,209.0,True,Is flax oil and linseed oil the same?,True,False,177,True
429,0.02299373224377632,0.09886096137500999,,False,Phi-4-mini,No.,169.0,False,Is banaue rice terraces 7 wonders of the world?,True,False,140,False
430,0.7719355225563049,0.09886096137500999,,True,Phi-4-mini,Yes.,180.0,True,Is canada part of the commonwealth of england?,True,False,136,True
432,0.04338257759809494,0.09886096137500999,,False,Phi-4-mini,No.,74.0,False,Will private eyes be renewed for season 3?,True,False,33,False
433,0.0016493118600919843,0.09886096137500999,,False,Phi-4-mini,No.,141.0,False,Are all xbox games compatible with xbox one?,False,False,106,True
434,0.02845616824924946,0.09886096137500999,,False,Phi-4-mini,No.,106.0,False,Has the u s ever won a world cup?,False,False,71,True
435,0.9977483153343201,0.12704249687502056,,True,Phi-4-mini,Yes.,98.0,True,Is there a such thing as a broken heart?,False,False,64,False
438,0.9926567673683167,0.12704249687502056,,True,Phi-4-mini,Yes.,120.0,True,Did the brewers make it to the world series?,True,False,79,True
439,0.9983516931533813,0.12704249687502056,,True,Phi-4-mini,Yes.,271.0,True,Is there such a thing as a fainting goat?,True,False,233,True
440,0.03622778132557869,0.12704249687502056,,False,Phi-4-mini,No.,158.0,False,Is there lobster in shrimp with lobster sauce?,False,False,126,True
441,0.1688821166753769,0.12704249687502056,,False,Phi-4-mini,No.,230.0,False,Can lead dust be absorbed through the eyes?,True,False,190,False
442,0.9960552453994751,0.12704249687502056,,True,Phi-4-mini,Yes.,128.0,True,Is powder sugar the same as confectioners sugar?,True,False,96,True
443,0.999582827091217,0.12704249687502056,,True,Phi-4-mini,Yes.,103.0,True,Is there a free period in high school?,True,False,68,True
444,0.9715676307678223,0.12704249687502056,,True,Phi-4-mini,Yes.,272.0,True,Can you grow olives in the united states?,True,False,232,True
445,0.9659032821655273,0.10105433962502275,,True,Phi-4-mini,Yes.,110.0,True,Do you need a membership for bi mart?,True,False,77,True
446,0.6078359484672546,0.10105433962502275,,True,Phi-4-mini,Yes.,98.0,True,Have panama qualified for the world cup before?,False,False,59,False
447,0.9997305274009705,0.10105433962502275,,True,Phi-4-mini,Yes.,219.0,True,Is jefferson airplane in the rock and roll hall of fame?,True,False,180,True
448,0.0016493621515110135,0.10105433962502275,,False,Phi-4-mini,No.,163.0,False,Is every step you take about a stalker?,True,False,129,False
450,0.018553925678133965,0.10105433962502275,,False,Phi-4-mini,No.,129.0,False,Are the pirates of the caribbean movies based on books?,False,False,95,True
451,0.9967280626296997,0.10105433962502275,,True,Phi-4-mini,Yes.,93.0,True,Have belgium ever reached the world cup final?,True,False,53,True
452,0.04086155816912651,0.10105433962502275,,False,Phi-4-mini,No.,137.0,False,Are there any states where you can marry your sibling?,False,False,105,True
454,0.6792892217636108,0.10105433962502275,,True,Phi-4-mini,Yes.,84.0,True,Are the new indian motorcycles made in america?,True,False,48,True
455,0.5468024611473083,0.09503077987500319,,True,Phi-4-mini,Yes.,134.0,True,Is a pickle and a gherkin the same thing?,True,False,102,True
456,0.05341470614075661,0.09503077987500319,,False,Phi-4-mini,No.,166.0,False,Is income per capita the same as gdp per capita?,False,False,132,True
459,0.9777162671089172,0.09503077987500319,,True,Phi-4-mini,Yes.,197.0,True,Can you eat the black things in bubble tea?,True,False,176,True
460,0.008580632507801056,0.09503077987500319,,False,Phi-4-mini,No.,114.0,False,Is the width of your arms your height?,True,False,78,False
462,0.9947803616523743,0.09503077987500319,,True,Phi-4-mini,Yes.,161.0,True,Can a country have more than one type of government?,True,False,125,True
463,0.020342234522104263,0.09503077987500319,,False,Phi-4-mini,No.,155.0,False,Does golden goal apply in the world cup 2018?,False,False,111,True
465,0.2942633032798767,0.09503077987500319,,False,Phi-4-mini,No.,153.0,False,Was turkey a part of the roman empire?,True,False,119,False
466,0.8775087594985962,0.09503077987500319,,True,Phi-4-mini,Yes.,105.0,True,Is a certification of birth the same as a birth certificate?,True,False,70,True
467,0.0025540688075125217,0.08640206512498594,,False,Phi-4-mini,No.,132.0,False,Is in n out only located in california?,False,False,100,True
468,0.9988666772842407,0.08640206512498594,,True,Phi-4-mini,Yes.,136.0,True,Is there a floating mass of garbage in the ocean?,True,False,91,True
469,0.9992207288742065,0.08640206512498594,,True,Phi-4-mini,Yes.,167.0,True,Does dark brown sugar have molasses in it?,True,False,128,True
470,0.46883144974708557,0.08640206512498594,,False,Phi-4-mini,No.,150.0,False,Is it possible to be allergic to rain water?,True,False,117,False
471,0.03211173042654991,0.08640206512498594,,False,Phi-4-mini,No.,108.0,False,Are toys r us and babies r us the same company?,True,False,70,False
472,0.8176370859146118,0.08640206512498594,,True,Phi-4-mini,Yes.,95.0,True,Was my heart will go on recorded in one take?,True,False,59,True
474,0.03311833366751671,0.08640206512498594,,False,Phi-4-mini,No.,178.0,False,Did australia fight in the battle of the somme?,True,False,137,False
476,0.4302399158477783,0.08640206512498594,,False,Phi-4-mini,No.,109.0,False,Do ex presidents fly on air force one?,False,False,72,True
477,0.8032467365264893,0.12610460824998881,,True,Phi-4-mini,Yes.,162.0,True,Is call of duty modern warfare 2 multiplayer?,True,False,129,True
479,0.00041742235771380365,0.12610460824998881,,False,Phi-4-mini,No.,220.0,False,Do we still follow the articles of confederation?,False,False,182,True
480,0.009130984544754028,0.12610460824998881,,False,Phi-4-mini,No.,134.0,False,Was there a 6th burrow in new york?,False,False,98,True
481,0.04337766766548157,0.12610460824998881,,False,Phi-4-mini,No.,89.0,False,Does a bumble bee die after stinging someone?,False,False,54,True
482,0.25693684816360474,0.12610460824998881,,False,Phi-4-mini,No.,304.0,False,Is hawaii 5-0 still on tv?,True,False,258,False
483,0.0003054281114600599,0.12610460824998881,,False,Phi-4-mini,No.,125.0,False,Does salt water taffy have salt water in it?,False,False,90,True
485,0.9992904663085938,0.12610460824998881,,True,Phi-4-mini,Yes.,107.0,True,Is the us postal service part of the federal government?,True,False,71,True
486,0.06562050431966782,0.12610460824998881,,False,Phi-4-mini,No.,141.0,False,Can you grow banana trees from a banana?,False,False,108,True
487,0.9989678859710693,0.09442812574999948,,True,Phi-4-mini,Yes.,85.0,True,Is there a such thing as common law marriage?,True,False,52,True
488,0.02596931904554367,0.09442812574999948,,False,Phi-4-mini,No.,139.0,False,Are all of the far cry games connected?,False,False,107,True
489,0.269003689289093,0.09442812574999948,,False,Phi-4-mini,No.,162.0,False,Do american citizens need a visa for georgia?,False,False,132,True
493,0.00317344325594604,0.09442812574999948,,False,Phi-4-mini,No.,118.0,False,Does fitness(as used in biology) and survival have the same meaning?,False,False,79,True
494,0.93442302942276,0.09442812574999948,,True,Phi-4-mini,Yes.,197.0,True,Was when i see you again written for furious 7?,True,False,155,True
495,0.9553321003913879,0.09442812574999948,,True,Phi-4-mini,Yes.,187.0,True,Is there gonna be a new halloween movie?,True,False,162,True
496,0.7719013094902039,0.09442812574999948,,True,Phi-4-mini,Yes.,161.0,True,Is bayern munich the same as bayern munchen?,True,False,136,True
497,0.9983519315719604,0.09442812574999948,,True,Phi-4-mini,Yes.,78.0,True,Does the florida constitution give a minimum age for legislators?,True,False,42,True
498,0.0038257772102952003,0.12508785587502302,,False,Phi-4-mini,No.,165.0,False,Can a puerto rican resident vote for president?,False,False,134,True
499,0.005913355853408575,0.12508785587502302,,False,Phi-4-mini,No.,158.0,False,Can you get a tattoo at any age?,False,False,120,True
500,0.00832090713083744,0.12508785587502302,,False,Phi-4-mini,No.,119.0,False,Is comcast and time warner the same company?,False,False,80,True
501,0.9732463955879211,0.12508785587502302,,True,Phi-4-mini,Yes.,130.0,True,Is a king snake immune to rattlesnake venom?,True,False,94,True
502,0.9994643330574036,0.12508785587502302,,True,Phi-4-mini,Yes.,116.0,True,Does universal studios hollywood have harry potter world?,True,False,86,True
503,0.004199768416583538,0.12508785587502302,,False,Phi-4-mini,No.,165.0,False,Is friction tape the same as electrical tape?,True,False,136,False
504,0.06561466306447983,0.12508785587502302,,False,Phi-4-mini,No.,158.0,False,Is there a season 4 for red rock?,False,False,111,True
505,0.9989678859710693,0.12508785587502302,,True,Phi-4-mini,Yes.,297.0,True,Is drywall mud the same as joint compound?,True,False,283,True
506,0.005387206096202135,0.1297867945000064,,False,Phi-4-mini,No.,117.0,False,Does the girl die in brain on fire?,False,False,83,True
507,0.004612513817846775,0.1297867945000064,,False,Phi-4-mini,No.,169.0,False,Can an american president run for 3 terms?,False,False,132,True
508,0.12598618865013123,0.1297867945000064,,False,Phi-4-mini,No.,127.0,False,Is ar-15 used in the military?,False,False,96,True
510,0.9284361600875854,0.1297867945000064,,True,Phi-4-mini,Yes.,308.0,True,Have the washington capitals ever been in a stanley cup?,True,False,254,True
511,0.003946951124817133,0.1297867945000064,,False,Phi-4-mini,No.,205.0,False,Is microsoft visio and visual studio the same?,False,False,155,True
512,0.000646289496216923,0.1297867945000064,,False,Phi-4-mini,No.,186.0,False,Is a purchase price alone considered to be a prove of part performance in any jurisdiction?,False,False,143,True
514,0.9648606777191162,0.1297867945000064,,True,Phi-4-mini,Yes.,263.0,True,Can i put a restraining order on my landlord?,True,False,230,True
515,0.00033544094185344875,0.1297867945000064,,False,Phi-4-mini,No.,175.0,False,Is a ram and a lamb the same thing?,False,False,142,True
516,0.012824304401874542,0.10475622612500501,,False,Phi-4-mini,No.,121.0,False,Did olivia from law and order have a baby?,False,False,84,True
518,0.9937114715576172,0.10475622612500501,,True,Phi-4-mini,Yes.,149.0,True,Has there ever been a shooting at a hospital?,True,False,118,True
519,0.8312099575996399,0.10475622612500501,,True,Phi-4-mini,Yes.,177.0,True,Does age of ultron come after winter soldier?,True,False,135,True
520,0.13302098214626312,0.10475622612500501,,False,Phi-4-mini,No.,159.0,False,Is it true that kangaroo means i don't know?,False,False,131,True
521,0.9996750354766846,0.10475622612500501,,True,Phi-4-mini,Yes.,120.0,True,Can a hornet sting you more than once?,True,False,84,True
522,0.39989492297172546,0.10475622612500501,,False,Phi-4-mini,No.,78.0,False,Do dairy cows have to be bred to produce milk?,True,False,42,False
523,0.9344125390052795,0.10475622612500501,,True,Phi-4-mini,Yes,133.0,True,Is there an in n out in nevada?,True,False,100,True
524,0.9989351630210876,0.10475622612500501,,True,Phi-4-mini,Yes.,230.0,True,Did queen ever have a number one hit?,True,False,193,True
525,0.001701629487797618,0.09491958662499655,,False,Phi-4-mini,No.,94.0,False,Are canadian dollars the same as american dollars?,False,False,61,True
526,0.00019722581782843918,0.09491958662499655,,False,Phi-4-mini,No.,198.0,False,Do hela cells have a normal number of chromosomes?,False,False,155,True
527,0.9995121955871582,0.09491958662499655,,True,Phi-4-mini,Yes.,136.0,True,Is there a train station in atlantic city?,True,False,97,True
528,0.15615767240524292,0.09491958662499655,,False,Phi-4-mini,No.,123.0,False,Do the aleutian islands cross the international date line?,True,False,89,False
529,0.9980127811431885,0.09491958662499655,,True,Phi-4-mini,Yes,149.0,True,Is legally blonde a pun on legally blind?,True,False,117,True
531,0.15208832919597626,0.09491958662499655,,False,Phi-4-mini,No.,145.0,False,Is it possible to connect your brain to a computer?,False,False,109,True
532,0.009711191058158875,0.09491958662499655,,False,Phi-4-mini,No.,80.0,False,Will there be any more tinker bell movies?,False,False,42,True
533,0.5235021710395813,0.09491958662499655,,True,Phi-4-mini,Yes.,193.0,True,Does the national guard stay in the us?,False,False,152,False
534,0.26921528577804565,0.10177678650001099,,False,Phi-4-mini,No.,135.0,False,Did houston used to be the capital of texas?,True,False,100,False
535,0.040862008929252625,0.10177678650001099,,False,Phi-4-mini,No.,131.0,False,Was thanos in the first guardians of the galaxy?,True,False,92,False
536,0.15206322073936462,0.10177678650001099,,False,Phi-4-mini,No.,132.0,False,Can you get a caution without being arrested?,False,False,100,True
539,0.9986754059791565,0.10177678650001099,,True,Phi-4-mini,Yes,110.0,True,Did the milwaukee braves ever win the world series?,True,False,70,True
540,0.05835925415158272,0.10177678650001099,,False,Phi-4-mini,No.,225.0,False,Is tea tree oil and melaluca the same?,True,False,193,False
541,0.02369697391986847,0.10177678650001099,,False,Phi-4-mini,No.,137.0,False,Is there going to be a 13th captain underpants book?,True,False,86,False
543,0.00019115532631985843,0.10177678650001099,,False,Phi-4-mini,No.,61.0,False,Is trinity forest golf club a public course?,False,False,25,True
544,0.99617600440979,0.10177678650001099,,True,Phi-4-mini,Yes.,105.0,True,Is there a storyline in just cause 3?,True,False,68,True
545,0.020973872393369675,0.08135041775000218,,False,Phi-4-mini,No.,122.0,False,Is college of william and mary an ivy league school?,True,False,81,False
546,0.025961117818951607,0.08135041775000218,,False,Phi-4-mini,No.,131.0,False,Is there a toll on the battery tunnel?,True,False,99,False
547,0.9883143901824951,0.08135041775000218,,True,Phi-4-mini,Yes.,162.0,True,Is the terminal based on a real story?,True,False,128,True
548,0.0007098273490555584,0.08135041775000218,,False,Phi-4-mini,No.,68.0,False,Is a bowl and a pipe the same thing?,False,False,33,True
550,0.002632535295560956,0.08135041775000218,,False,Phi-4-mini,No.,78.0,False,Is an oz and a fl oz the same?,False,False,42,True
551,0.0005034449859522283,0.08135041775000218,,False,Phi-4-mini,No.,112.0,False,Are you allowed to have your phone in prison?,False,False,76,True
552,0.07162391394376755,0.08135041775000218,,False,Phi-4-mini,No.,136.0,False,Are all the angles equal in a parallelogram?,False,False,97,True
553,0.9976035952568054,0.08135041775000218,,True,Phi-4-mini,Yes.,167.0,True,Is artificial selection and selective breeding the same thing?,True,False,134,True
555,0.0927259549498558,0.17674583650000386,,False,Phi-4-mini,No.,180.0,False,Did deep blue sea 2 come out in theaters?,False,False,141,True
556,0.9939031004905701,0.17674583650000386,,True,Phi-4-mini,Yes.,205.0,True,Is the water in the amazon river fresh?,True,False,176,True
557,0.9969248175621033,0.17674583650000386,,True,Phi-4-mini,Yes.,191.0,True,Can someone with a phd be called a doctor?,True,False,160,True
558,0.9987159967422485,0.17674583650000386,,True,Phi-4-mini,Yes,125.0,True,Is there going to be a third season of fauda?,True,False,80,True
560,0.022297492250800133,0.17674583650000386,,False,Phi-4-mini,No.,137.0,False,Will the new legends of monkey have a season 2?,False,False,101,True
561,0.02759602852165699,0.17674583650000386,,False,Phi-4-mini,No.,427.0,False,Is texas concealed carry good in new mexico?,True,True,614,False
562,0.0010658031096681952,0.17674583650000386,,False,Phi-4-mini,No.,150.0,False,Has croatia ever won the soccer world cup?,False,False,94,True
564,0.004070941358804703,0.17674583650000386,,False,Phi-4-mini,No.,89.0,False,Do you count walks in the batting average?,False,False,57,True
565,0.000269600423052907,0.09906476674998999,,False,Phi-4-mini,No.,126.0,False,Are all bacteria of a single species the exact same shape?,False,False,89,True
567,0.0013255828525871038,0.09906476674998999,,False,Phi-4-mini,No.,188.0,False,Was the movie heat based on a book?,False,False,151,True
568,0.0006669234135188162,0.09906476674998999,,False,Phi-4-mini,No.,212.0,False,Is the nba salary cap a hard cap?,False,False,181,True
570,0.0023239406291395426,0.09906476674998999,,False,Phi-4-mini,No.,139.0,False,Is chicken cordon bleu made with blue cheese?,True,False,109,False
571,0.04337466508150101,0.09906476674998999,,False,Phi-4-mini,No.,123.0,False,Is a legislator the same as a senator?,False,False,88,True
572,0.8267325758934021,0.09906476674998999,,True,Phi-4-mini,Yes.,117.0,True,Can you get to the black sea from the mediterranean?,True,False,76,True
573,0.20693223178386688,0.09906476674998999,,False,Phi-4-mini,No.,92.0,False,Can you go out on a double in chicken foot?,True,False,57,False
575,0.7718939185142517,0.09906476674998999,,True,Phi-4-mini,Yes.,170.0,True,Is jpmorgan chase the same as chase bank?,True,False,136,True
576,0.8840674161911011,0.12893181799998388,,True,Phi-4-mini,Yes.,183.0,True,Were phil collins and peter gabriel in genesis at the same time?,True,False,145,True
577,0.9840983748435974,0.12893181799998388,,True,Phi-4-mini,Yes.,186.0,True,Did they build ships for pirates of the caribbean?,True,False,152,True
578,0.6513964533805847,0.12893181799998388,,True,Phi-4-mini,Yes.,117.0,True,Can you really hear the ocean in a seashell?,False,False,82,False
579,0.19200143218040466,0.12893181799998388,,False,Phi-4-mini,No.,128.0,False,Do female and male blue jays look the same?,True,False,97,False
580,0.01282594632357359,0.12893181799998388,,False,Phi-4-mini,No.,176.0,False,Is a peck the same as a bushel?,False,False,141,True
581,0.9987938404083252,0.12893181799998388,,True,Phi-4-mini,Yes.,296.0,True,Does america have a team in the world cup?,False,False,254,False
582,0.9875703454017639,0.12893181799998388,,True,Phi-4-mini,Yes.,258.0,True,Are pork back ribs same as baby back?,True,False,221,True
583,0.9930980801582336,0.12893181799998388,,True,Phi-4-mini,Yes.,125.0,True,Is the first amendment in the bill of rights?,True,False,88,True
584,0.06189081817865372,0.12103517337502012,,False,Phi-4-mini,No.,174.0,False,Can you push in a rugby league scrum?,True,False,146,False
585,0.008064370602369308,0.12103517337502012,,False,Phi-4-mini,No.,64.0,False,Is there a season 4 for cedar cove?,False,False,24,True
586,0.7311252951622009,0.12103517337502012,,True,Phi-4-mini,Yes.,52.0,True,Is going to school mandatory in the us?,True,False,15,True
588,0.016919417306780815,0.12103517337502012,,False,Phi-4-mini,No.,277.0,False,Is it goaltending if the ball hits the backboard below the rim?,False,False,237,True
589,0.9979497790336609,0.12103517337502012,,True,Phi-4-mini,Yes,142.0,True,Is there a 3rd season of berlin station?,True,False,91,True
590,0.9989016056060791,0.12103517337502012,,True,Phi-4-mini,Yes,138.0,True,Is copa airlines part of the star alliance?,True,False,118,True
591,0.005913423374295235,0.12103517337502012,,False,Phi-4-mini,No.,82.0,False,Is there a season 5 of melissa and joey?,False,False,36,True
592,0.036238569766283035,0.12103517337502012,,False,Phi-4-mini,No.,267.0,False,Do teams keep the fifa world cup trophy?,False,False,232,True
593,0.1968967616558075,0.1623711658749869,,False,Phi-4-mini,No.,141.0,False,Do bee stingers fall out on their own?,False,False,106,True
594,0.9973692893981934,0.1623711658749869,,True,Phi-4-mini,Yes.,83.0,True,Does the ivy league have a basketball tournament?,True,False,42,True
595,0.06011294201016426,0.1623711658749869,,False,Phi-4-mini,No.,132.0,False,Is c# and visual c# the same?,False,False,100,True
596,0.637140154838562,0.1623711658749869,,True,Phi-4-mini,Yes.,387.0,True,Was et played by a boy with no legs?,True,False,378,True
597,0.7311418056488037,0.1623711658749869,,True,Phi-4-mini,Yes.,134.0,True,Is the vice president the head of the senate?,True,False,98,True
598,0.9362943172454834,0.1623711658749869,,True,Phi-4-mini,Yes.,126.0,True,Is a tax free savings account an investment?,True,False,100,True
599,0.9450111389160156,0.1623711658749869,,True,Phi-4-mini,Yes.,85.0,True,Was arthur and george based on a true story?,True,False,47,True
600,0.7123252153396606,0.1623711658749869,,True,Phi-4-mini,Yes.,228.0,True,Was the soviet union part of the allied powers?,True,False,182,True
601,0.9830886721611023,0.09994178675000853,,True,Phi-4-mini,Yes.,161.0,True,Was there a sequel to ender's game?,True,False,128,True
602,0.00013986314297653735,0.09994178675000853,,False,Phi-4-mini,No.,143.0,False,Is the seven ages of man a sonnet?,False,False,108,True
603,0.6860316395759583,0.09994178675000853,,True,Phi-4-mini,Yes.,100.0,True,Does maid marian die in once upon a time?,True,False,63,True
604,0.06957210600376129,0.09994178675000853,,False,Phi-4-mini,No.,135.0,False,Do you have to be a mormon to go to byu?,False,False,92,True
606,0.9724180698394775,0.09994178675000853,,True,Phi-4-mini,Yes.,132.0,True,Is there such a thing as cold fire?,True,False,97,True
607,0.9959304928779602,0.09994178675000853,,True,Phi-4-mini,Yes.,83.0,True,Is x-ring chain better than o-ring chain?,True,False,51,True
608,0.9914235472679138,0.09994178675000853,,True,Phi-4-mini,Yes.,221.0,True,Is a cougar and a mountain lion the same?,True,False,200,True
609,0.014068812131881714,0.09994178675000853,,False,Phi-4-mini,No.,185.0,False,Did denzel washington play the trumpet in mo better blues?,False,False,152,True
610,0.9496772289276123,0.09364724149997983,,True,Phi-4-mini,Yes.,91.0,True,Will the us ever get high speed rail?,True,False,53,True
611,0.5775586366653442,0.09364724149997983,,True,Phi-4-mini,Yes.,205.0,True,Is popcorn made from corn on the cob?,True,False,181,True
612,0.7123213410377502,0.09364724149997983,,True,Phi-4-mini,Yes.,126.0,True,Is there a set number of supreme court justices?,True,False,79,True
613,0.016409866511821747,0.09364724149997983,,False,Phi-4-mini,No.,156.0,False,Is a cold water bath as good as an ice bath?,True,False,127,False
614,0.006291571538895369,0.09364724149997983,,False,Phi-4-mini,No.,68.0,False,Are rice noodles and glass noodles the same?,False,False,33,True
615,0.9990890026092529,0.09364724149997983,,True,Phi-4-mini,Yes.,143.0,True,Are bi carb soda and baking soda the same?,True,False,113,True
616,0.9659141302108765,0.09364724149997983,,True,Phi-4-mini,Yes.,137.0,True,Have france and england ever met in the world cup?,True,False,102,True
617,0.6724451780319214,0.09364724149997983,,True,Phi-4-mini,Yes.,149.0,True,Does dying light the following enhanced edition come with the original game?,True,False,109,True
618,0.09811238944530487,0.10335255625000173,,False,Phi-4-mini,No.,114.0,False,Is the state of texas bigger than germany?,True,False,80,False
619,0.5927817225456238,0.10335255625000173,,True,Phi-4-mini,Yes.,102.0,True,Has the un ever intervened in a conflict involving pakistan?,True,False,61,True
620,0.06374981999397278,0.10335255625000173,,False,Phi-4-mini,No.,171.0,False,Does it cost money to get cash back?,False,False,139,True
621,0.9992678761482239,0.10335255625000173,,True,Phi-4-mini,Yes.,168.0,True,Is the tommy gun a sub machine gun?,True,False,142,True
623,0.8775251507759094,0.10335255625000173,,True,Phi-4-mini,Yes.,134.0,True,Is there really a how to train your dragon 3?,True,False,89,True
625,0.8397657871246338,0.10335255625000173,,True,Phi-4-mini,Yes.,224.0,True,Is skyline drive part of the blue ridge parkway?,True,False,194,True
626,0.445597380399704,0.10335255625000173,,False,Phi-4-mini,No.,227.0,False,Can you be a sir if not british?,True,False,197,False
627,0.2878444492816925,0.10335255625000173,,False,Phi-4-mini,No.,150.0,False,Is it possible to be alergic to water?,True,False,117,False
628,0.9344155192375183,0.12385037424999723,,True,Phi-4-mini,Yes.,157.0,True,Was the 13th amendment after the civil war?,True,False,106,True
629,0.09011676162481308,0.12385037424999723,,False,Phi-4-mini,No.,86.0,False,Is under honorable conditions the same as honorable discharge?,False,False,49,True
631,0.023701738566160202,0.12385037424999723,,False,Phi-4-mini,No.,130.0,False,Does the jeep commander have a third row?,True,False,99,False
632,0.9958017468452454,0.12385037424999723,,True,Phi-4-mini,Yes.,219.0,True,Can a us supreme court justice be impeached?,True,False,175,True
633,0.03734498471021652,0.12385037424999723,,False,Phi-4-mini,No.,304.0,False,Is how to train your dragon on now tv?,False,False,250,True
634,0.016413867473602295,0.12385037424999723,,False,Phi-4-mini,No.,246.0,False,Is a dodge dakota a half ton truck?,False,False,211,True
635,0.2878725826740265,0.12385037424999723,,False,Phi-4-mini,No.,227.0,False,Can you carry a gun on you in california?,True,False,193,False
637,0.9984024167060852,0.12385037424999723,,True,Phi-4-mini,Yes.,63.0,True,Do all rhombuses have 2 pairs of parallel sides?,True,False,25,True
639,0.09538007527589798,0.09465087587497578,,False,Phi-4-mini,No.,170.0,False,Do world cup players have to play for their home country?,False,False,129,True
640,0.9748284220695496,0.09465087587497578,,True,Phi-4-mini,Yes.,123.0,True,Are maverick 88 and mossberg 500 parts interchangeable?,True,False,83,True
641,0.009416609071195126,0.09465087587497578,,False,Phi-4-mini,No.,194.0,False,Will there be a season six of breaking bad?,False,False,159,True
642,0.32092687487602234,0.09465087587497578,,False,Phi-4-mini,No.,199.0,False,Is there a new kung fu panda coming out?,True,False,173,False
643,0.1441996842622757,0.09465087587497578,,False,Phi-4-mini,No.,123.0,False,Is it a law that you have to pull over for an ambulance?,True,False,86,False
644,0.00043090363033115864,0.09465087587497578,,False,Phi-4-mini,No.,196.0,False,Is american sign language the only sign language?,False,False,164,True
645,0.9196552038192749,0.09465087587497578,,True,Phi-4-mini,Yes.,128.0,True,Is multithreading useful even on a single processor?,True,False,96,True
647,0.0002869842865038663,0.09465087587497578,,False,Phi-4-mini,No.,107.0,False,Do evergreen trees lose their leaves in the winter?,False,False,76,True
648,0.9996079802513123,0.12014281349999578,,True,Phi-4-mini,Yes.,277.0,True,Can a selective growth medium also be differential?,True,False,236,True
649,0.9997220635414124,0.12014281349999578,,True,Phi-4-mini,Yes,131.0,True,Does new york city include the 5 boroughs?,True,False,98,True
650,0.9019490480422974,0.12014281349999578,,True,Phi-4-mini,Yes,166.0,True,Is there going to be a season 6 of spirit?,True,False,107,True
651,9.613174188416451e-05,0.12014281349999578,,False,Phi-4-mini,No.,74.0,False,Is the square root of 3 a rational number?,False,False,34,True
652,0.9994472861289978,0.12014281349999578,,True,Phi-4-mini,Yes.,120.0,True,Is the family medical leave act a federal law?,True,False,83,True
653,0.0035949277225881815,0.12014281349999578,,False,Phi-4-mini,No.,63.0,False,Are beef short ribs the same as spare ribs?,False,False,27,True
654,0.39987391233444214,0.12014281349999578,,False,Phi-4-mini,No.,155.0,False,Can a hiatal hernia cause an irregular heartbeat?,True,False,119,False
655,0.995392918586731,0.12014281349999578,,True,Phi-4-mini,Yes,162.0,True,Did kaka play in the 2002 world cup?,True,False,120,True
657,0.000688042608089745,0.10165016574998731,,False,Phi-4-mini,No.,243.0,False,Is a walk in baseball a dead ball?,False,False,208,True
658,0.9984517097473145,0.10165016574998731,,True,Phi-4-mini,Yes.,102.0,True,Is there a season 2 of designated survivor?,True,False,60,True
659,0.9995418787002563,0.10165016574998731,,True,Phi-4-mini,Yes.,102.0,True,Does the host country for the world cup get an automatic bid?,True,False,62,True
660,0.9965183734893799,0.10165016574998731,,True,Phi-4-mini,Yes.,141.0,True,Is the ksi vs logan paul fight pay per view?,True,False,104,True
661,0.007125854026526213,0.10165016574998731,,False,Phi-4-mini,No.,114.0,False,Are lenscrafters and pearle vision the same company?,True,False,82,False
662,0.011335685849189758,0.10165016574998731,,False,Phi-4-mini,No.,242.0,False,Can you play just cause 3 on xbox 360?,False,False,197,True
663,0.9987553358078003,0.10165016574998731,,True,Phi-4-mini,Yes.,106.0,True,Is it possible to do a uterus transplant?,True,False,68,True
664,0.9964074492454529,0.10165016574998731,,True,Phi-4-mini,Yes.,159.0,True,Is there a shoot out in world cup?,True,False,118,True
665,0.003709239885210991,0.12315014949999181,,False,Phi-4-mini,No.,164.0,False,Do all xbox 360 discs work on xbox one?,False,False,115,True
666,0.08515103906393051,0.12315014949999181,,False,Phi-4-mini,No.,81.0,False,Are they gonna make a season 5 of the 100?,True,False,35,False
667,0.001598119386471808,0.12315014949999181,,False,Phi-4-mini,No.,215.0,False,Can red eared sliders live in the ocean?,False,False,187,True
668,0.9921854138374329,0.12315014949999181,,True,Phi-4-mini,Yes.,143.0,True,Did straws used to be made of paper?,True,False,110,True
669,0.9971996545791626,0.12315014949999181,,True,Phi-4-mini,Yes.,283.0,True,Does the human body have a cannabinoid system?,True,False,257,True
670,0.9993539452552795,0.12315014949999181,,True,Phi-4-mini,Yes.,57.0,True,Does the state of kansas have the death penalty?,True,False,22,True
671,0.07161427289247513,0.12315014949999181,,False,Phi-4-mini,No.,280.0,False,Is kelly and ryan still on the air?,True,False,242,False
672,0.07810535281896591,0.12315014949999181,,False,Phi-4-mini,No.,103.0,False,Is the find my iphone app automatically installed?,True,False,62,False
673,0.9969252943992615,0.09460516000001462,,True,Phi-4-mini,Yes.,108.0,True,Did star trek discovery get a second season?,True,False,73,True
674,0.02230173535645008,0.09460516000001462,,False,Phi-4-mini,No.,176.0,False,Has saudi arabia signed the universal declaration of human rights?,False,False,138,True
675,0.0373319573700428,0.09460516000001462,,False,Phi-4-mini,No.,81.0,False,Is twitch still on the ellen degeneres show?,True,False,40,False
676,0.027598485350608826,0.09460516000001462,,False,Phi-4-mini,No.,206.0,False,Will there be another season of ad the bible continues?,False,False,168,True
677,0.0019881073385477066,0.09460516000001462,,False,Phi-4-mini,No.,97.0,False,Is it safe to wash your kid's mouth out with soap?,False,False,59,True
678,0.0049077896401286125,0.09460516000001462,,False,Phi-4-mini,No.,179.0,False,Does the little girl in the movie crash die?,False,False,148,True
679,0.005732529330998659,0.09460516000001462,,False,Phi-4-mini,No.,179.0,False,Is there a time limit on trade secrets?,False,False,148,True
680,0.9926550388336182,0.09460516000001462,,True,Phi-4-mini,Yes.,145.0,True,Is boric acid and orthoboric acid the same?,True,False,111,True
681,0.9830875992774963,0.1249541688750071,,True,Phi-4-mini,Yes.,116.0,True,Is a sermon the same as a homily?,True,False,85,True
683,0.9344351291656494,0.1249541688750071,,True,Phi-4-mini,Yes.,173.0,True,Is the world trade center in the financial district?,True,False,138,True
684,0.0028024190105497837,0.1249541688750071,,False,Phi-4-mini,No.,85.0,False,Has nigeria ever won the fifa world cup before?,False,False,47,True
685,0.26903820037841797,0.1249541688750071,,False,Phi-4-mini,No.,132.0,False,Is edinburgh castle built on top of a volcano?,True,False,94,False
687,0.2121657133102417,0.1249541688750071,,False,Phi-4-mini,No.,299.0,False,Does the little boy die in life is beautiful?,False,False,271,True
688,0.9950968623161316,0.1249541688750071,,True,Phi-4-mini,Yes,170.0,True,Does dan stevens sing in beauty and the beast?,True,False,127,True
689,0.9914255142211914,0.1249541688750071,,True,Phi-4-mini,Yes.,171.0,True,Does the clock stop when you run out of bounds in the nfl?,True,False,134,True
690,0.017994364723563194,0.1249541688750071,,False,Phi-4-mini,No.,115.0,False,Do i need a stamp if it says freepost?,False,False,86,True
691,0.9998028874397278,0.10496240324999917,,True,Phi-4-mini,Yes.,91.0,True,Can we use a hydrometer to measure the density of milk?,True,False,54,True
692,0.9996540546417236,0.10496240324999917,,True,Phi-4-mini,Yes.,166.0,True,Is molly's game based on a book?,True,False,130,True
693,0.9845818877220154,0.10496240324999917,,True,Phi-4-mini,Yes,101.0,True,Did zz top play in back to the future 3?,True,False,66,True
694,0.6443510055541992,0.10496240324999917,,True,Phi-4-mini,Yes.,126.0,True,Was she like the wind in dirty dancing?,True,False,92,True
695,0.004906653426587582,0.10496240324999917,,False,Phi-4-mini,No.,230.0,False,Is there a seat belt law in new hampshire?,False,False,189,True
696,0.9433701634407043,0.10496240324999917,,True,Phi-4-mini,Yes.,155.0,True,Is there a storage limit on google drive?,True,False,121,True
697,0.0009116208530031145,0.10496240324999917,,False,Phi-4-mini,No.,96.0,False,Did greece qualify for the 2018 world cup?,False,False,56,True
698,0.00014887764700688422,0.10496240324999917,,False,Phi-4-mini,No.,217.0,False,Is aldi the largest grocer in the world?,False,False,177,True
700,0.48454490303993225,0.1159850663750035,,False,Phi-4-mini,No.,139.0,False,Is the kentucky derby always the first weekend in may?,True,False,106,False
701,0.3703223168849945,0.1159850663750035,,False,Phi-4-mini,No.,183.0,False,Is st maarten and st martin the same?,True,False,144,False
702,0.004469504114240408,0.1159850663750035,,False,Phi-4-mini,No.,153.0,False,Do you know the place where the peacock throne is now?,False,False,117,True
703,0.9911569356918335,0.1159850663750035,,True,Phi-4-mini,Yes.,261.0,True,Did wayne gretzky ever win a stanley cup?,True,False,227,True
704,0.9976775050163269,0.1159850663750035,,True,Phi-4-mini,Yes.,148.0,True,Will there be a fourth season of crazy ex girlfriend?,True,False,110,True
705,0.11285077780485153,0.1159850663750035,,False,Phi-4-mini,No.,98.0,False,Is there anything higher than a 100 dollar bill?,False,False,62,True
707,0.0023971411865204573,0.1159850663750035,,False,Phi-4-mini,No.,84.0,False,Can a negative number be a perfect square?,False,False,51,True
708,0.060137081891298294,0.1159850663750035,,False,Phi-4-mini,No.,98.0,False,Has panama been in the world cup before?,False,False,59,True
710,0.21214468777179718,0.10511607437499038,,False,Phi-4-mini,No.,118.0,False,Is musician's friend and guitar center the same?,True,False,83,False
711,0.9099248647689819,0.10511607437499038,,True,Phi-4-mini,Yes.,145.0,True,Is there such thing as a blue wasp?,True,False,111,True
713,0.6792318820953369,0.10511607437499038,,True,Phi-4-mini,Yes.,134.0,True,Is veterinary science the same as veterinary medicine?,True,False,105,True
714,0.04745328053832054,0.10511607437499038,,False,Phi-4-mini,No.,210.0,False,Is there going to be a shrek 4?,True,False,176,False
715,0.41512390971183777,0.10511607437499038,,False,Phi-4-mini,No.,192.0,False,Is there another part of avengers infinity war?,True,False,147,False
716,0.0953688845038414,0.10511607437499038,,False,Phi-4-mini,No.,94.0,False,Is russell brand singing in get him to the greek?,True,False,58,False
717,0.8706866502761841,0.10511607437499038,,True,Phi-4-mini,Yes,255.0,True,Is chicago the third largest city in the united states?,True,False,224,True
718,0.32776495814323425,0.10511607437499038,,False,Phi-4-mini,No.,137.0,False,Does anyone die in the movie forever my girl?,True,False,104,False
719,0.8559090495109558,0.12435501587498266,,True,Phi-4-mini,Yes,81.0,True,Is state of decay coop on xbox one?,True,False,40,True
720,0.0003921973111573607,0.12435501587498266,,False,Phi-4-mini,No.,127.0,False,Is night of the living dead a true story?,False,False,96,True
721,0.9875725507736206,0.12435501587498266,,True,Phi-4-mini,Yes,145.0,True,Do they have guitar hero for xbox one?,True,False,101,True
722,0.9879499673843384,0.12435501587498266,,True,Phi-4-mini,Yes.,112.0,True,Does the prime minister live at number 10 downing street?,True,False,67,True
723,0.09538567066192627,0.12435501587498266,,False,Phi-4-mini,No.,76.0,False,Is there a sequel to along came a spider?,False,False,39,True
724,0.9902955889701843,0.12435501587498266,,True,Phi-4-mini,Yes.,180.0,True,Will there be a sequal to avengers infinity war?,True,False,140,True
725,0.7982556223869324,0.12435501587498266,,True,Phi-4-mini,Yes.,307.0,True,Has carmelo ever been to the western conference finals?,True,False,264,True
726,0.3277985751628876,0.12435501587498266,,False,Phi-4-mini,No.,69.0,False,Will there be a season 4 of the flash?,True,False,26,False
727,0.0016491861315444112,0.09556634099999428,,False,Phi-4-mini,No.,145.0,False,Is the movie pay it forward based on a true story?,False,False,111,True
728,0.0004585576243698597,0.09556634099999428,,False,Phi-4-mini,No.,115.0,False,Does the away goal count in the playoffs?,False,False,75,True
729,0.9196758270263672,0.09556634099999428,,True,Phi-4-mini,Yes.,129.0,True,Has croatia ever made it to the finals in the world cup?,True,False,70,True
731,0.008848658762872219,0.09556634099999428,,False,Phi-4-mini,No.,127.0,False,Did star wars episode 3 come out on vhs?,True,False,85,False
733,0.9099208116531372,0.09556634099999428,,True,Phi-4-mini,Yes,102.0,True,Can you boat from lake erie to lake ontario?,True,False,70,True
734,0.002183381002396345,0.09556634099999428,,False,Phi-4-mini,No.,89.0,False,Is secondary school the same as high school in the united states?,True,False,50,False
735,0.9978177547454834,0.09556634099999428,,True,Phi-4-mini,Yes.,202.0,True,Is the world bank affiliated with the united nations?,True,False,172,True
736,0.00971108116209507,0.09556634099999428,,False,Phi-4-mini,No.,163.0,False,Is a cornish game hen a baby chicken?,False,False,126,True
737,0.002183937933295965,0.17593593649999661,,False,Phi-4-mini,No.,107.0,False,Is taiwan a member of the paris convention?,False,False,67,True
738,0.9989996552467346,0.17593593649999661,,True,Phi-4-mini,Yes.,104.0,True,Is the movie iceman based on a true story?,True,False,71,True
739,0.995802104473114,0.17593593649999661,,True,Phi-4-mini,Yes.,159.0,True,Is there a time limit for ratification of an amendment?,True,False,118,True
740,0.06190633028745651,0.17593593649999661,,False,Phi-4-mini,No.,316.0,False,Is there always a way to win solitaire?,False,False,267,True
741,0.998299777507782,0.17593593649999661,,True,Phi-4-mini,Yes,87.0,True,Is boom gaspar a member of pearl jam?,True,False,48,True
742,0.9924236536026001,0.17593593649999661,,True,Phi-4-mini,Yes.,91.0,True,Is orphan x going to be a movie?,True,False,56,True
743,0.5156818628311157,0.17593593649999661,,True,Phi-4-mini,Yes.,427.0,True,Can a polynomial have a square root of a variable?,True,False,368,True
744,0.10973522067070007,0.17593593649999661,,False,Phi-4-mini,No.,188.0,False,Is it possible to be alergic to your own sweat?,True,False,150,False
745,0.9987937211990356,0.09391842237499759,,True,Phi-4-mini,Yes.,93.0,True,Is june 12 a holiday in the philippines?,True,False,56,True
746,0.06189325824379921,0.09391842237499759,,False,Phi-4-mini,No.,202.0,False,Can you drink the water in flint now?,False,False,159,True
747,0.10973409563302994,0.09391842237499759,,False,Phi-4-mini,No.,94.0,False,Do i have to put my name on a letter?,False,False,58,True
748,0.0016487403772771358,0.09391842237499759,,False,Phi-4-mini,No.,206.0,False,Are sensory neurons part of the central nervous system?,False,False,164,True
749,0.9099264144897461,0.09391842237499759,,True,Phi-4-mini,Yes.,86.0,True,Has anyone ever been born with three testicles?,True,False,48,True
750,0.6860324740409851,0.09391842237499759,,True,Phi-4-mini,Yes.,88.0,True,Does germany have to qualify for 2018 world cup?,True,False,50,True
751,0.034105829894542694,0.09391842237499759,,False,Phi-4-mini,No.,112.0,False,Is there a mercy rule in professional soccer?,True,False,77,False
753,0.5001535415649414,0.09391842237499759,,False,Phi-4-mini,No.,161.0,False,Is world at war part of black ops?,True,False,121,False
754,0.14045870304107666,0.08244867587498561,,False,Phi-4-mini,No.,152.0,False,Is white christmas a sequel to holiday inn?,False,False,120,True
755,0.9890156388282776,0.08244867587498561,,True,Phi-4-mini,Yes.,172.0,True,Is a descant recorder the same as a soprano?,True,False,141,True
756,0.9988665580749512,0.08244867587498561,,True,Phi-4-mini,Yes.,146.0,True,Can you get in trouble for stealing a street sign?,True,False,108,True
758,0.018003063276410103,0.08244867587498561,,False,Phi-4-mini,No.,59.0,False,Does north and south korea speak the same?,False,False,24,True
759,0.9802848100662231,0.08244867587498561,,True,Phi-4-mini,Yes.,111.0,True,Has anyone ever won the medal of honor more than once?,True,False,66,True
761,0.0003251226444263011,0.08244867587498561,,False,Phi-4-mini,No.,92.0,False,Is adjusted gross income same as taxable income?,False,False,59,True
762,0.0008044691057875752,0.08244867587498561,,False,Phi-4-mini,No.,99.0,False,Did ukraine make it to the world cup?,False,False,64,True
763,0.0010324906324967742,0.08244867587498561,,False,Phi-4-mini,No.,92.0,False,Is sampling error the same as standard deviation?,True,False,57,False
764,0.999373733997345,0.115271963500021,,True,Phi-4-mini,Yes.,106.0,True,Do salted duck eggs need to be cooked?,True,False,79,True
765,0.40737760066986084,0.115271963500021,,False,Phi-4-mini,No.,146.0,False,Is it rare to have 6 wisdom teeth?,True,False,109,False
766,0.934434711933136,0.115271963500021,,True,Phi-4-mini,Yes.,257.0,True,Has the canadian dollar ever been worth more than the american dollar?,True,False,206,True
767,0.23379381000995636,0.115271963500021,,False,Phi-4-mini,No.,205.0,False,Is a soccer stadium bigger than a football stadium?,True,False,170,False
768,0.9989013671875,0.115271963500021,,True,Phi-4-mini,Yes.,62.0,True,Does cerebral spinal fluid have glucose in it?,True,False,25,True
769,0.7827461957931519,0.115271963500021,,True,Phi-4-mini,Yes,90.0,True,Do all the numbers on a roulette wheel add up to 666?,True,False,51,True
770,0.014987524598836899,0.115271963500021,,False,Phi-4-mini,No.,137.0,False,Is payola legal in canada and the united states?,False,False,101,True
771,0.9879484176635742,0.115271963500021,,True,Phi-4-mini,Yes.,137.0,True,Can you die from hot dog eating contest?,True,False,97,True
772,0.9999152421951294,0.09090906812497224,,True,Phi-4-mini,Yes.,196.0,True,Can a company be public but not listed?,True,False,161,True
773,0.8840713500976562,0.09090906812497224,,True,Phi-4-mini,Yes.,108.0,True,Is there a real cheers bar in boston?,True,False,75,True
774,0.12258762121200562,0.09090906812497224,,False,Phi-4-mini,No.,158.0,False,Was the right to bear arms in the original constitution?,False,False,119,True
775,0.040862008929252625,0.09090906812497224,,False,Phi-4-mini,No.,151.0,False,Are breakfast lunch and dinner always served in italy?,False,False,117,True
776,0.2628876864910126,0.09090906812497224,,False,Phi-4-mini,No.,86.0,False,Is pizza sauce and tomato sauce the same thing?,False,False,53,True
779,0.672438383102417,0.09090906812497224,,True,Phi-4-mini,Yes.,110.0,True,Did spider man turn off the dark make money?,True,False,73,True
780,0.3849654495716095,0.09090906812497224,,False,Phi-4-mini,No.,133.0,False,Can you vote for president in washington dc?,True,False,99,False
781,0.9989014863967896,0.09090906812497224,,True,Phi-4-mini,Yes.,126.0,True,Do ac milan and inter milan share a stadium?,True,False,94,True
782,0.00016870164836291224,0.12164845875000196,,False,Phi-4-mini,No.,62.0,False,Is the honda crf 250 a 2 stroke?,False,False,25,True
783,0.0018680283101275563,0.12164845875000196,,False,Phi-4-mini,No.,125.0,False,Is a veteran someone who went to war?,False,False,90,True
784,0.9755826592445374,0.12164845875000196,,True,Phi-4-mini,Yes.,232.0,True,Is there a sequel to oz the great and powerful?,False,False,192,False
786,0.005913401022553444,0.12164845875000196,,False,Phi-4-mini,No.,93.0,False,Is a bmw 1 series front wheel drive?,False,False,57,True
787,0.0022526015527546406,0.12164845875000196,,False,Phi-4-mini,No.,179.0,False,Are mini dv tapes the same as 8mm?,False,False,142,True
788,0.2173985242843628,0.12164845875000196,,False,Phi-4-mini,No.,64.0,False,Are there going to be more tinkerbell movies?,True,False,30,False
789,0.00058859953423962,0.12164845875000196,,False,Phi-4-mini,No.,290.0,False,Do great white sharks live at the bottom of the sea?,False,False,240,True
790,8.221255120588467e-05,0.12164845875000196,,False,Phi-4-mini,No.,131.0,False,Is the university of chicago an ivy league school?,False,False,96,True
792,0.9219558238983154,0.10528820962500163,,True,Phi-4-mini,Yes.,192.0,True,Does ny ez pass work in other states?,True,False,159,True
793,0.9796731472015381,0.10528820962500163,,True,Phi-4-mini,Yes.,214.0,True,Is the sociologist associated with the dramaturgical model of social interaction?,True,False,174,True
794,0.005062886979430914,0.10528820962500163,,False,Phi-4-mini,No.,87.0,False,Are driving laws the same in all states?,False,False,53,True
795,0.9985454082489014,0.10528820962500163,,True,Phi-4-mini,Yes.,108.0,True,Have tunisia been in the world cup before?,True,False,65,True
796,0.99265456199646,0.10528820962500163,,True,Phi-4-mini,Yes.,119.0,True,Does average velocity have a direction associated with it?,True,False,82,True
799,0.6656687259674072,0.10528820962500163,,True,Phi-4-mini,Yes.,231.0,True,Is there a part two to advengers infinity war?,True,False,191,True
800,0.007348915096372366,0.10528820962500163,,False,Phi-4-mini,No.,195.0,False,Are black widow and red back spiders the same?,False,False,162,True
801,0.9996850490570068,0.10528820962500163,,True,Phi-4-mini,Yes.,89.0,True,Can you die from consuming too much water?,True,False,50,True
802,0.8808122873306274,0.10185863987499033,,True,Phi-4-mini,Yes.,215.0,True,Can you use vegetable oil as carrier oil?,True,False,183,True
803,0.11601351946592331,0.10185863987499033,,False,Phi-4-mini,No.,195.0,False,Is alex from 13 reasons why in nerve?,True,False,149,False
804,0.0005529283662326634,0.10185863987499033,,False,Phi-4-mini,No.,170.0,False,Do i have to give my name to a police officer?,False,False,133,True
806,0.8670498132705688,0.10185863987499033,,True,Phi-4-mini,Yes.,157.0,True,Will a straight talk phone work with tracfone?,True,False,129,True
807,0.0003354882646817714,0.10185863987499033,,False,Phi-4-mini,No.,182.0,False,Are there always 365 days in a year?,False,False,144,True
808,0.9124663472175598,0.10185863987499033,,True,Phi-4-mini,Yes.,179.0,True,Did they find both halves of the titanic?,True,False,144,True
809,0.008858970366418362,0.10185863987499033,,False,Phi-4-mini,No.,149.0,False,Do you have to tag up on an infield fly rule?,True,False,110,False
810,0.9914247989654541,0.10185863987499033,,True,Phi-4-mini,Yes.,141.0,True,Is game of thrones based on a book?,True,False,109,True
811,0.9450222253799438,0.13006967787501367,,True,Phi-4-mini,Yes,100.0,True,Is season 7 last season of once upon a time?,True,False,57,True
813,0.9967272281646729,0.13006967787501367,,True,Phi-4-mini,Yes.,75.0,True,Does the air force have ground combat troops?,True,False,42,True
815,0.0017550955526530743,0.13006967787501367,,False,Phi-4-mini,No.,237.0,False,Are the spinal cord and vertebral column the same length?,False,False,188,True
816,0.5699508190155029,0.13006967787501367,,True,Phi-4-mini,Yes.,264.0,True,Are there any post credit scenes in dead pool 2?,False,False,236,False
818,0.006695716641843319,0.13006967787501367,,False,Phi-4-mini,No.,149.0,False,Is i can only imagine movie true story?,True,False,116,False
819,0.04085991531610489,0.13006967787501367,,False,Phi-4-mini,No.,205.0,False,Does monetary neutrality mean that changes in the money supply can never affect real​ gdp?,True,False,167,False
820,0.9953908920288086,0.13006967787501367,,True,Phi-4-mini,Yes.,127.0,True,Are age spots the same as liver spots?,True,False,96,True
821,0.7311508059501648,0.13006967787501367,,True,Phi-4-mini,Yes.,310.0,True,Is there a waterfall in marble falls tx?,True,False,273,True
823,0.01799025386571884,0.10632558400001813,,False,Phi-4-mini,No.,121.0,False,Can you get a pearl from a muscle?,True,False,91,False
824,0.0004585576243698597,0.10632558400001813,,False,Phi-4-mini,No.,113.0,False,Does the waterloo and city line run on a sunday?,False,False,81,True
825,0.9976770281791687,0.10632558400001813,,True,Phi-4-mini,Yes.,114.0,True,Can you have one green eye and one blue eye?,True,False,76,True
827,0.4533828794956207,0.10632558400001813,,False,Phi-4-mini,No.,172.0,False,Is there more than one type of mono?,True,False,135,False
828,0.024442914873361588,0.10632558400001813,,False,Phi-4-mini,No.,140.0,False,Was the battle of new orleans fought after the war of 1812?,False,False,95,True
829,0.999713122844696,0.10632558400001813,,True,Phi-4-mini,Yes.,188.0,True,Is a host required for syphilis to survive?,True,False,156,True
830,0.9748257994651794,0.10632558400001813,,True,Phi-4-mini,Yes.,129.0,True,Is a us passport card a valid form of id?,True,False,95,True
831,0.9697903394699097,0.10632558400001813,,True,Phi-4-mini,Yes.,215.0,True,Can you get to south america by car?,False,False,173,False
832,0.0006668624118901789,0.14353420537500483,,False,Phi-4-mini,No.,324.0,False,Were any bodies found from the edmund fitzgerald?,False,False,287,True
833,0.9921877384185791,0.14353420537500483,,True,Phi-4-mini,Yes.,159.0,True,Has the world cup been won on penalties?,True,False,118,True
834,0.9980738162994385,0.14353420537500483,,True,Phi-4-mini,Yes.,218.0,True,Is pokemon let's go a remake of yellow?,True,False,207,True
835,0.9921863079071045,0.14353420537500483,,True,Phi-4-mini,Yes.,176.0,True,Is soho in the west end of london?,True,False,145,True
836,0.0503457635641098,0.14353420537500483,,False,Phi-4-mini,No.,115.0,False,Is universal healthcare the same as socialized medicine?,True,False,79,False
837,0.9324684143066406,0.14353420537500483,,True,Phi-4-mini,Yes,167.0,True,Can you turn right on a red in quebec?,True,False,128,True
838,0.0008833992760628462,0.14353420537500483,,False,Phi-4-mini,No.,140.0,False,Is west virginia and virginia the same state?,False,False,106,True
839,0.060122206807136536,0.14353420537500483,,False,Phi-4-mini,No.,117.0,False,Is the bronx zoo the largest zoo in the world?,False,False,77,True
840,0.0015496284468099475,0.10588944375001574,,False,Phi-4-mini,No.,100.0,False,Does season finale mean the show is over?,False,False,65,True
842,0.996055006980896,0.10588944375001574,,True,Phi-4-mini,Yes.,239.0,True,Can a blighted ovum have a yolk sac?,True,False,196,True
843,0.9896740913391113,0.10588944375001574,,True,Phi-4-mini,Yes.,148.0,True,Do bell and telus use the same towers?,True,False,103,True
844,0.02369767799973488,0.10588944375001574,,False,Phi-4-mini,No.,251.0,False,Do you have to break in new car engines?,True,False,214,False
845,0.6928523182868958,0.10588944375001574,,True,Phi-4-mini,Yes.,174.0,True,Did the uk have a referendum to join the eu?,True,False,133,True
846,0.9591790437698364,0.10588944375001574,,True,Phi-4-mini,Yes,230.0,True,Is god of war sequel to god of war 3?,True,False,193,True
847,0.3558238744735718,0.10588944375001574,,False,Phi-4-mini,No.,88.0,False,Can you sign free agents outside transfer window?,True,False,53,False
848,0.001245369901880622,0.10588944375001574,,False,Phi-4-mini,No.,106.0,False,Is there a series 9 of vampire diaries?,False,False,67,True
849,0.11924777925014496,0.1029194302500116,,False,Phi-4-mini,No.,200.0,False,Are there any ww1 veterans still alive 2018?,False,False,144,True
850,0.12941691279411316,0.1029194302500116,,False,Phi-4-mini,No.,108.0,False,Is attending a first aid course part of the chain of survival?,False,False,69,True
851,0.003377343760803342,0.1029194302500116,,False,Phi-4-mini,No.,237.0,False,Can you play phase 10 with 7 players?,False,False,190,True
852,0.03733415529131889,0.1029194302500116,,False,Phi-4-mini,No.,52.0,False,Can a girl scout be an eagle scout?,False,False,18,True
853,0.034112486988306046,0.1029194302500116,,False,Phi-4-mini,No.,243.0,False,Are elephants at the top of the food chain?,False,False,215,True
854,0.9591646790504456,0.1029194302500116,,True,Phi-4-mini,Yes.,82.0,True,Do flight paths go over the north pole?,True,False,45,True
855,0.982559859752655,0.1029194302500116,,True,Phi-4-mini,Yes.,68.0,True,Does a woman's age affect birth defects?,True,False,33,True
856,0.010016294196248055,0.1029194302500116,,False,Phi-4-mini,No.,86.0,False,Can a ship's captain legally marry a couple?,False,False,50,True
857,0.9902938604354858,0.11801918425001645,,True,Phi-4-mini,Yes,92.0,True,Is there a season three of doctor doctor?,True,False,49,True
859,0.9525910019874573,0.11801918425001645,,True,Phi-4-mini,Yes.,188.0,True,Is there a cable car in new york?,True,False,150,True
860,0.0050623491406440735,0.11801918425001645,,False,Phi-4-mini,No.,83.0,False,Does a junctional rhythm have a p wave?,False,False,46,True
861,0.009416325017809868,0.11801918425001645,,False,Phi-4-mini,No.,113.0,False,Do we have to say check in chess?,False,False,76,True
862,0.006293527316302061,0.11801918425001645,,False,Phi-4-mini,No.,86.0,False,Is the closer and major crimes the same?,False,False,51,True
863,0.9970195889472961,0.11801918425001645,,True,Phi-4-mini,Yes.,156.0,True,Can you open carry in the state of ohio?,True,False,122,True
864,0.020982490852475166,0.11801918425001645,,False,Phi-4-mini,No,141.0,False,Have the san jose sharks won a stanley cup?,False,False,98,True
865,0.8397714495658875,0.11801918425001645,,True,Phi-4-mini,Yes.,266.0,True,Is there a word where q is not followed by u?,True,False,241,True
866,0.0006074112607166171,0.09315668187500137,,False,Phi-4-mini,No.,180.0,False,Does the same genotype always result in the same phenotype?,False,False,140,True
868,0.989676296710968,0.09315668187500137,,True,Phi-4-mini,Yes.,191.0,True,Is the maze runner death cure the last movie?,True,False,172,True
869,0.005221829283982515,0.09315668187500137,,False,Phi-4-mini,No.,96.0,False,Does a paladin have to be lawful good?,False,False,60,True
870,0.9715707302093506,0.09315668187500137,,True,Phi-4-mini,Yes.,104.0,True,Is english the most commonly spoken language in the world?,True,False,62,True
871,0.025961793959140778,0.09315668187500137,,False,Phi-4-mini,No.,195.0,False,Is a first degree burn worse than a third degree burn?,False,False,165,True
872,0.05342762917280197,0.09315668187500137,,False,Phi-4-mini,No.,76.0,False,Can i drive a car with learners permit?,True,False,42,False
874,0.028445202857255936,0.09315668187500137,,False,Phi-4-mini,No.,137.0,False,Are there any thousand dollar bills in circulation?,True,False,97,False
875,0.9930981993675232,0.09315668187500137,,True,Phi-4-mini,Yes,160.0,True,Is there a sequel to the movie fifty shades of grey?,True,False,126,True
876,0.00337757496163249,0.10072030800000675,,False,Phi-4-mini,No.,94.0,False,Was the black death in the victorian times?,False,False,57,True
877,0.4688580632209778,0.10072030800000675,,False,Phi-4-mini,No.,188.0,False,Is the national government the same as the federal government?,True,False,154,False
878,0.00610086927190423,0.10072030800000675,,False,Phi-4-mini,No.,116.0,False,Does cedar point still have the demon drop?,False,False,78,True
879,0.0015495105180889368,0.10072030800000675,,False,Phi-4-mini,No.,135.0,False,Is thousand island the same as french dressing?,False,False,99,True
880,0.31412121653556824,0.10072030800000675,,False,Phi-4-mini,No.,213.0,False,Do dairy cows have to have calves to produce milk?,True,False,179,False
881,0.705830991268158,0.10072030800000675,,True,Phi-4-mini,Yes.,189.0,True,Is there a material that contracts with electricity?,True,False,158,True
882,0.9984025359153748,0.10072030800000675,,True,Phi-4-mini,Yes,174.0,True,Has a team ever come back from 3-1?,True,False,134,True
884,0.042108647525310516,0.10072030800000675,,False,Phi-4-mini,No.,130.0,False,Do uk citizens need a visa for albania?,False,False,97,True
885,0.0007099112262949347,0.09460264524997797,,False,Phi-4-mini,No.,199.0,False,Does the ride harry potter and the forbidden journey go upside down?,False,False,167,True
886,0.6724569201469421,0.09460264524997797,,True,Phi-4-mini,Yes,160.0,True,Will there be a new season of the resident?,True,False,108,True
887,0.08275030553340912,0.09460264524997797,,False,Phi-4-mini,No.,154.0,False,Have any supreme court justices ever been removed?,False,False,109,True
890,0.015430521219968796,0.09460264524997797,,False,Phi-4-mini,No.,103.0,False,Is breakfast at tiffany's black and white?,False,False,69,True
891,0.05666995793581009,0.09460264524997797,,False,Phi-4-mini,No.,175.0,False,Has anyone ever came back from 3-0 in nba?,False,False,134,True
893,0.06957260519266129,0.09460264524997797,,False,Phi-4-mini,No.,165.0,False,Are you required to complete the 2017 economic census?,True,False,128,False
894,0.005386061500757933,0.09460264524997797,,False,Phi-4-mini,No.,142.0,False,Can you move the pawn backwards in chess?,False,False,109,True
895,0.9867815375328064,0.09460264524997797,,True,Phi-4-mini,Yes.,81.0,True,Does naruto ultimate ninja storm have a story mode?,True,False,43,True
897,0.0007796305580995977,0.15625979224998332,,False,Phi-4-mini,No.,127.0,False,Can you vote as a permanent resident in canada?,False,False,94,True
898,0.9777206778526306,0.15625979224998332,,True,Phi-4-mini,Yes.,165.0,True,Does any movie have a 100 on rotten tomatoes?,True,False,129,True
899,0.06956025958061218,0.15625979224998332,,False,Phi-4-mini,No.,142.0,False,Is fort walton beach the same as destin?,False,False,106,True
900,0.5699498653411865,0.15625979224998332,,True,Phi-4-mini,Yes.,158.0,True,Is it illegal to drive over a median?,True,False,124,True
901,0.8903217315673828,0.15625979224998332,,True,Phi-4-mini,Yes.,234.0,True,Can a cow get up after being tipped?,True,False,203,True
902,0.0503472276031971,0.15625979224998332,,False,Phi-4-mini,No.,51.0,False,Can you drive a us car into canada?,True,False,17,False
903,0.026774287223815918,0.15625979224998332,,False,Phi-4-mini,No.,358.0,False,Is i-94 a toll road in michigan?,False,False,314,True
904,0.998968243598938,0.15625979224998332,,True,Phi-4-mini,Yes.,222.0,True,Is halo combat evolved the first halo game?,True,False,179,True
906,0.06757023930549622,0.08671252037498789,,False,Phi-4-mini,No.,127.0,False,Can we have more than 9 supreme court justices?,False,False,79,True
907,0.00024549957015551627,0.08671252037498789,,False,Phi-4-mini,No.,82.0,False,Is american college of education accredited in new york?,False,False,50,True
908,0.9966236352920532,0.08671252037498789,,True,Phi-4-mini,Yes.,181.0,True,Can an x be used as a signature?,True,False,155,True
910,0.06373865902423859,0.08671252037498789,,False,Phi-4-mini,No.,125.0,False,Does the ring finger connected to the heart?,False,False,94,True
911,0.9871834516525269,0.08671252037498789,,True,Phi-4-mini,Yes.,177.0,True,Was the love boat filmed on a ship?,True,False,157,True
912,0.03210698813199997,0.08671252037498789,,False,Phi-4-mini,No.,126.0,False,Is there really a porpoise spit in australia?,False,False,91,True
913,0.011689548380672932,0.08671252037498789,,False,Phi-4-mini,No.,185.0,False,Are stroke volume and ejection fraction the same?,False,False,142,True
914,0.8559067249298096,0.08671252037498789,,True,Phi-4-mini,Yes.,153.0,True,Is there a water park at ontario place?,True,False,126,True
915,0.2227443903684616,0.10759162974997594,,False,Phi-4-mini,No.,184.0,False,Are the ryman and grand ole opry the same thing?,True,False,139,False
917,0.00036838362575508654,0.10759162974997594,,False,Phi-4-mini,No.,234.0,False,Does a meme have to have a picture?,False,False,209,True
918,0.06956050544977188,0.10759162974997594,,False,Phi-4-mini,No.,130.0,False,Do you have to bounce the ball in rugby?,True,False,95,False
919,0.9962936043739319,0.10759162974997594,,True,Phi-4-mini,Yes.,129.0,True,Do you need a tv licence in the uk?,True,False,96,True
920,0.010331818833947182,0.10759162974997594,,False,Phi-4-mini,No.,132.0,False,Can you get eaten by a whale shark?,False,False,98,True
921,0.00370871857739985,0.10759162974997594,,False,Phi-4-mini,No.,135.0,False,Can a passport card be used to fly to canada?,True,False,99,False
923,0.9626783728599548,0.10759162974997594,,True,Phi-4-mini,Yes.,221.0,True,Are panthers and mountain lions the same thing?,True,False,200,True
925,0.1603420227766037,0.10759162974997594,,False,Phi-4-mini,No.,159.0,False,Can there be an offside offence if a player received the ball directly from a dropped ball?,False,False,116,True
926,0.9980734586715698,0.1295884013750026,,True,Phi-4-mini,Yes.,113.0,True,Are there any animals that are self aware?,True,False,85,True
927,0.7123337984085083,0.1295884013750026,,True,Phi-4-mini,Yes.,317.0,True,Is 500 days of summer based on a true story?,True,False,286,True
930,0.9984022974967957,0.1295884013750026,,True,Phi-4-mini,Yes.,212.0,True,Can you get a rash from using a hot tub?,True,False,172,True
931,0.005557602271437645,0.1295884013750026,,False,Phi-4-mini,No.,128.0,False,Does a sacrafice bunt count as an at bat?,False,False,97,True
932,0.9324676990509033,0.1295884013750026,,True,Phi-4-mini,Yes.,55.0,True,Is the cremaster muscle in the spermatic cord?,False,False,17,False
934,0.999738872051239,0.1295884013750026,,True,Phi-4-mini,Yes.,79.0,True,Can we have multiple foreign keys in a table?,True,False,44,True
935,0.011336669325828552,0.1295884013750026,,False,Phi-4-mini,No.,119.0,False,Is there going to be a 3rd series of 800 words?,True,False,66,False
937,6.40327634755522e-05,0.1295884013750026,,False,Phi-4-mini,No.,142.0,False,Is house of the rising sun about vietnam?,False,False,107,True
938,0.0827074721455574,0.1800350413749925,,False,Phi-4-mini,No.,144.0,False,Does ip man win in ip man 3?,True,False,116,False
939,0.9995272159576416,0.1800350413749925,,True,Phi-4-mini,Yes.,201.0,True,Can i use passport card to fly domestically?,True,False,174,True
941,0.8670991063117981,0.1800350413749925,,True,Phi-4-mini,Yes.,427.0,True,Does stefan turn off his humanity in season 6?,True,True,566,True
942,0.0023239674046635628,0.1800350413749925,,False,Phi-4-mini,No.,91.0,False,Is the book of deuteronomy in the new testament?,False,False,61,True
944,0.6002432703971863,0.1800350413749925,,True,Phi-4-mini,Yes.,217.0,True,Is thread seal tape the same as teflon tape?,True,False,184,True
947,0.017989713698625565,0.1800350413749925,,False,Phi-4-mini,No.,120.0,False,Can paramedics make you go to the hospital?,True,False,82,False
948,0.9978850483894348,0.1800350413749925,,True,Phi-4-mini,Yes,106.0,True,Is shameless coming out with a season 8?,True,False,63,True
949,0.9926580786705017,0.1800350413749925,,True,Phi-4-mini,Yes.,146.0,True,Does poland spring water come from a spring?,True,False,114,True
950,0.9715689420700073,0.0970573866249822,,True,Phi-4-mini,Yes.,178.0,True,Is there such thing as a lamborghini hurricane?,True,False,145,True
951,0.22824855148792267,0.0970573866249822,,False,Phi-4-mini,No.,122.0,False,Is merrill lynch and bank of america the same?,True,False,86,False
952,0.0009112456464208663,0.0970573866249822,,False,Phi-4-mini,No.,140.0,False,Do monster energy drinks have alcohol in them?,False,False,108,True
953,0.00781784113496542,0.0970573866249822,,False,Phi-4-mini,No.,124.0,False,Are £2 coins going out of circulation?,False,False,83,True
954,6.403936276910827e-05,0.0970573866249822,,False,Phi-4-mini,No.,132.0,False,Is mycosis fungoides caused by a fungal infection?,False,False,96,True
955,0.008580664172768593,0.0970573866249822,,False,Phi-4-mini,No.,166.0,False,Did glenn die in the walking dead season 6?,False,False,132,True
956,0.9669186472892761,0.0970573866249822,,True,Phi-4-mini,Yes.,203.0,True,Is it possible to be allergic to meat?,True,False,159,True
957,0.9124541282653809,0.0970573866249822,,True,Phi-4-mini,Yes.,177.0,True,Is the eyes part of the nervous system?,True,False,139,True
958,0.9648635983467102,0.1119239796249758,,True,Phi-4-mini,Yes.,110.0,True,Do they still have drive in movies in america?,True,False,69,True
959,0.005062310490757227,0.1119239796249758,,False,Phi-4-mini,No.,126.0,False,Is daisy the director of shield in the comics?,True,False,93,False
960,0.943357527256012,0.1119239796249758,,True,Phi-4-mini,Yes.,154.0,True,Can an american get a coat of arms?,True,False,121,True
962,0.009127361699938774,0.1119239796249758,,False,Phi-4-mini,No.,193.0,False,Was mall cop filmed at mall of america?,False,False,163,True
963,0.9840999841690063,0.1119239796249758,,True,Phi-4-mini,Yes.,172.0,True,Do away goals count in the europa league?,True,False,140,True
964,0.9808783531188965,0.1119239796249758,,True,Phi-4-mini,Yes.,128.0,True,Is bicuspid and mitral valve the same thing?,True,False,88,True
965,0.4845792055130005,0.1119239796249758,,False,Phi-4-mini,No.,140.0,False,Is round of 16 world cup single elimination?,True,False,104,False
967,0.4767204821109772,0.1119239796249758,,False,Phi-4-mini,No.,234.0,False,Is there something at the end of ifinity war?,True,False,225,False
968,0.9840976595878601,0.18054742825000858,,True,Phi-4-mini,Yes.,134.0,True,Has there ever been a tornado in canada?,True,False,101,True
969,0.6443990468978882,0.18054742825000858,,True,Phi-4-mini,Yes.,88.0,True,Does salt go in the shaker with less holes?,True,False,53,True
970,0.9896743893623352,0.18054742825000858,,True,Phi-4-mini,Yes.,422.0,True,Is ford escape a 4 wheel drive vehicle?,True,True,413,True
971,0.6442933082580566,0.18054742825000858,,True,Phi-4-mini,Yes,60.0,True,Was the kissing booth filmed in cape town?,True,False,23,True
973,0.9740522503852844,0.18054742825000858,,True,Phi-4-mini,Yes.,146.0,True,Is there going to be season 3 of daredevil?,True,False,108,True
974,0.9433610439300537,0.18054742825000858,,True,Phi-4-mini,Yes.,167.0,True,Is wholemeal flour the same as whole wheat?,True,False,137,True
975,0.9988306164741516,0.18054742825000858,,True,Phi-4-mini,Yes.,163.0,True,Was there really an all girl baseball league?,True,False,120,True
976,0.025979066267609596,0.18054742825000858,,False,Phi-4-mini,No.,193.0,False,Does steph curry have an olympic gold medal?,False,False,148,True
977,0.8962783813476562,0.12588387150000813,,True,Phi-4-mini,Yes.,118.0,True,Is a dui an indictable offence in canada?,True,False,84,True
978,0.8222041726112366,0.12588387150000813,,True,Phi-4-mini,Yes.,141.0,True,Is 5 glucose the same as 5 dextrose?,True,False,102,True
979,0.03116421215236187,0.12588387150000813,,False,Phi-4-mini,No.,212.0,False,Is a 38 special bigger than a 357?,False,False,177,True
980,0.1294427067041397,0.12588387150000813,,False,Phi-4-mini,No.,110.0,False,Is pyruvic acid and pyruvate the same thing?,False,False,69,True
981,0.6654419898986816,0.12588387150000813,,True,Phi-4-mini,Yes.,113.0,True,Does henrys hard soda have alcohol in it?,True,False,77,True
984,0.000458402035292238,0.12588387150000813,,False,Phi-4-mini,No.,130.0,False,Do long island iced teas have tea in them?,False,False,99,True
986,0.9830889105796814,0.12588387150000813,,True,Phi-4-mini,Yes.,164.0,True,Can you play xbox 360 on a xbox one?,True,False,115,True
987,0.904662013053894,0.12588387150000813,,True,Phi-4-mini,Yes.,282.0,True,Is the mafia still active in new jersey?,True,False,256,True
988,0.986367404460907,0.12136036662502647,,True,Phi-4-mini,Yes.,262.0,True,Has pakistan signed the universal declaration of human rights?,True,False,226,True
989,0.000570522272028029,0.12136036662502647,,False,Phi-4-mini,No.,122.0,False,Is there a season 5 of the killing?,False,False,79,True
990,0.9615424871444702,0.12136036662502647,,True,Phi-4-mini,Yes.,130.0,True,Do you need a license to watch tv in england?,True,False,96,True
992,0.0034870016388595104,0.12136036662502647,,False,Phi-4-mini,No.,131.0,False,Is the us the only country to change time?,False,False,101,True
993,0.0109889330342412,0.12136036662502647,,False,Phi-4-mini,No.,256.0,False,Can you use a white background as a green screen?,True,False,226,False
994,0.01641165092587471,0.12136036662502647,,False,Phi-4-mini,No.,112.0,False,Do i have to show identification to a police officer?,False,False,75,True
995,0.6654860973358154,0.12136036662502647,,True,Phi-4-mini,Yes.,98.0,True,Is there a town called radiator springs on route 66?,False,False,60,False
996,0.006098972167819738,0.12136036662502647,,False,Phi-4-mini,No.,212.0,False,Is surgical spirit and rubbing alcohol the same thing?,False,False,166,True
998,0.12258228659629822,0.102042527750001,,False,Phi-4-mini,No.,117.0,False,Do indian passport holder need visa for indonesia?,False,False,73,True
999,0.9990893602371216,0.102042527750001,,True,Phi-4-mini,Yes.,82.0,True,Is the west indies part of the caribbean?,True,False,47,True
1000,0.974824070930481,0.102042527750001,,True,Phi-4-mini,Yes.,224.0,True,Will there be a jurassic world fallen kingdom sequel?,True,False,180,True
1001,0.05187717080116272,0.102042527750001,,False,Phi-4-mini,No.,126.0,False,Will there be a fallen 2 movie 2017?,False,False,89,True
1002,0.027594389393925667,0.102042527750001,,False,Phi-4-mini,No.,119.0,False,Is least squares the same as linear regression?,False,False,85,True
1003,0.8741103410720825,0.102042527750001,,True,Phi-4-mini,Yes.,154.0,True,Do i need a visa for bhutan from uk?,True,False,123,True
1004,0.8933221101760864,0.102042527750001,,True,Phi-4-mini,Yes.,134.0,True,Is inert gas and noble gas the same?,True,False,101,True
1005,0.06563828140497208,0.102042527750001,,False,Phi-4-mini,No.,152.0,False,Do you have to be literate to vote?,False,False,108,True
1007,0.9982461929321289,0.16719778500001325,,True,Phi-4-mini,Yes.,83.0,True,Has australia ever been in the world cup?,True,False,37,True
1008,0.43792960047721863,0.16719778500001325,,False,Phi-4-mini,No.,86.0,False,Can law of sines be used on any triangle?,True,False,49,False
1011,0.03411286696791649,0.16719778500001325,,False,Phi-4-mini,No.,58.0,False,Will there be a 800 words season 4?,True,False,19,False
1012,0.28785067796707153,0.16719778500001325,,False,Phi-4-mini,No.,68.0,False,Does air force one fly with fighter escort?,False,False,33,True
1013,0.32087117433547974,0.16719778500001325,,False,Phi-4-mini,No.,179.0,False,Can lemon juice be used as citric acid?,True,False,146,False
1014,0.9825596809387207,0.16719778500001325,,True,Phi-4-mini,Yes.,216.0,True,Can you sell your get out of jail free card?,True,False,182,True
1017,0.7827118039131165,0.16719778500001325,,True,Phi-4-mini,Yes,117.0,True,Does the commuter rail go to new hampshire?,False,False,81,False
1018,0.9304896593093872,0.16719778500001325,,True,Phi-4-mini,Yes.,388.0,True,Did jon snow die in season 5 finale?,True,False,365,True
1019,0.00022346492914948612,0.12447992600002067,,False,Phi-4-mini,No.,163.0,False,Is district of columbia a state in the usa?,False,False,117,True
1020,0.02034900151193142,0.12447992600002067,,False,Phi-4-mini,No.,286.0,False,Does everyone die in as above so below?,False,False,256,True
1021,0.9399223923683167,0.12447992600002067,,True,Phi-4-mini,Yes.,114.0,True,Is enterprise value the same as firm value?,True,False,81,True
1022,0.9968275427818298,0.12447992600002067,,True,Phi-4-mini,Yes.,99.0,True,Is a mortgage loan originator the same as a loan officer?,True,False,64,True
1023,0.9996647834777832,0.12447992600002067,,True,Phi-4-mini,Yes.,134.0,True,Is the san andreas fault a transform boundary?,True,False,99,True
1024,0.03515222296118736,0.12447992600002067,,False,Phi-4-mini,No.,77.0,False,Is there a follow up film to the golden compass?,False,False,38,True
1025,0.9982996582984924,0.12447992600002067,,True,Phi-4-mini,Yes.,109.0,True,Has a woman ever won cma entertainer of the year?,True,False,70,True
1026,0.0004583758127409965,0.12447992600002067,,False,Phi-4-mini,No.,83.0,False,Can the queen move like the knight in chess?,False,False,48,True
1028,0.9981903433799744,0.10382097412500002,,True,Phi-4-mini,Yes,150.0,True,Does april get married in grey's anatomy?,True,False,115,True
1029,0.3776240348815918,0.10382097412500002,,False,Phi-4-mini,No.,176.0,False,Can a goalkeeper pick up a ball from a throw in?,False,False,146,True
1030,0.2568603754043579,0.10382097412500002,,False,Phi-4-mini,No.,67.0,False,Does california use the letter o on license plates?,True,False,31,False
1031,0.16455474495887756,0.10382097412500002,,False,Phi-4-mini,No.,90.0,False,Is 1-844 toll free in canada?,True,False,53,False
1032,0.9944456815719604,0.10382097412500002,,True,Phi-4-mini,Yes.,87.0,True,Can a president choose not to run for reelection?,True,False,48,True
1033,0.9990304708480835,0.10382097412500002,,True,Phi-4-mini,Yes.,179.0,True,Has anyone hit 4 homeruns in a game?,True,False,139,True
1034,0.9579269886016846,0.10382097412500002,,True,Phi-4-mini,Yes.,220.0,True,Does emma go dark in once upon a time?,True,False,191,True
1036,0.9615587592124939,0.10382097412500002,,True,Phi-4-mini,Yes.,224.0,True,Is the jaws ride at universal orlando closed?,False,False,180,False
1037,0.12595635652542114,0.1683790854999927,,False,Phi-4-mini,No.,106.0,False,Is there a sugar tax in the us?,True,False,76,False
1039,0.0601196214556694,0.1683790854999927,,False,Phi-4-mini,No.,387.0,False,Is seagulls stop it now a real song?,True,False,350,False
1040,0.17784935235977173,0.1683790854999927,,False,Phi-4-mini,No.,142.0,False,Is it normal for your second toe to be longer than your first?,False,False,104,True
1041,0.0037084787618368864,0.1683790854999927,,False,Phi-4-mini,No.,81.0,False,Is county court the same as magistrates court?,False,False,46,True
1042,0.9196529388427734,0.1683790854999927,,True,Phi-4-mini,Yes.,129.0,True,Can you have a maid of honor and a chief bridesmaid?,False,False,97,False
1043,0.6077523231506348,0.1683790854999927,,True,Phi-4-mini,Yes.,134.0,True,Are the virgin islands part of the leeward islands?,True,False,97,True
1044,0.34163913130760193,0.1683790854999927,,False,Phi-4-mini,No.,101.0,False,Can you pick up the first card in rummy?,True,False,66,False
1045,0.9974493384361267,0.1683790854999927,,True,Phi-4-mini,Yes.,206.0,True,Is 380 acp the same as 380 auto?,True,False,168,True
1046,0.22828350961208344,0.10237555425001688,,False,Phi-4-mini,No.,85.0,False,Has nigeria reached quater final in world cup?,True,False,47,False
1047,0.9073334336280823,0.10237555425001688,,True,Phi-4-mini,Yes,58.0,True,Will there be more bee and puppycat episodes?,True,False,23,True
1048,0.0012849736958742142,0.10237555425001688,,False,Phi-4-mini,No.,143.0,False,Is a red panda related to a panda?,False,False,111,True
1049,0.000646560569293797,0.10237555425001688,,False,Phi-4-mini,No.,142.0,False,Is white castle only on the east coast?,False,False,109,True
1050,0.7879661917686462,0.10237555425001688,,True,Phi-4-mini,Yes.,220.0,True,Does her dad die in the last song?,True,False,194,True
1052,0.02845427207648754,0.10237555425001688,,False,Phi-4-mini,No.,189.0,False,Is infinity war going to be a trilogy?,False,False,145,True
1055,0.9825592041015625,0.10237555425001688,,True,Phi-4-mini,Yes.,167.0,True,Is there any way to stop an executive order?,True,False,134,True
1056,0.995391845703125,0.10237555425001688,,True,Phi-4-mini,Yes.,141.0,True,Did river phoenix play in stand by me?,True,False,108,True
1057,0.28786006569862366,0.11237300837498765,,False,Phi-4-mini,No.,179.0,False,Is age of ultron connected to guardians of the galaxy?,True,False,135,False
1058,0.8903266787528992,0.11237300837498765,,True,Phi-4-mini,Yes.,134.0,True,Can the supreme court do anything to stop an executive order?,True,False,88,True
1059,0.9859387874603271,0.11237300837498765,,True,Phi-4-mini,Yes.,218.0,True,Did the dust bowl happen during the great depression?,True,False,186,True
1060,6.209193088579923e-05,0.11237300837498765,,False,Phi-4-mini,No.,132.0,False,Is seoul the largest city in the world?,False,False,105,True
1061,0.8903090953826904,0.11237300837498765,,True,Phi-4-mini,Yes.,177.0,True,Can a wheel and axle be called a lever?,True,False,140,True
1062,0.016406971961259842,0.11237300837498765,,False,Phi-4-mini,No.,188.0,False,Does barney die in how i met your mother?,False,False,158,True
1063,0.6723611354827881,0.11237300837498765,,True,Phi-4-mini,Yes,131.0,True,Can humans catch ear mites from a cat?,True,False,104,True
1064,0.9991706609725952,0.11237300837498765,,True,Phi-4-mini,Yes.,234.0,True,Are kidneys on both sides of your body?,True,False,193,True
1065,0.9992446899414062,0.0906280028750075,,True,Phi-4-mini,Yes.,113.0,True,Do the interior angles of a triangle equal 180?,True,False,75,True
1066,0.9977485537528992,0.0906280028750075,,True,Phi-4-mini,Yes.,163.0,True,Is the preamble a part of the indian constitution?,True,False,120,True
1067,0.021626470610499382,0.0906280028750075,,False,Phi-4-mini,No.,153.0,False,Has the last book of game of thrones been written?,False,False,112,True
1068,0.6860160231590271,0.0906280028750075,,True,Phi-4-mini,Yes.,187.0,True,Was friday night lights based on a true story?,True,False,145,True
1069,0.4766424596309662,0.0906280028750075,,False,Phi-4-mini,No.,112.0,False,Does april get pregnant in parks and rec?,True,False,78,False
1070,0.9978850483894348,0.0906280028750075,,True,Phi-4-mini,Yes.,128.0,True,Is howl's moving castle based on a book?,True,False,92,True
1071,0.0002165803889511153,0.0906280028750075,,False,Phi-4-mini,No.,77.0,False,Does elmer's glue have milk in it?,False,False,41,True
1073,0.9935141801834106,0.0906280028750075,,True,Phi-4-mini,Yes.,115.0,True,Was sorry to bother you filmed in oakland?,True,False,74,True
1074,0.0005035755457356572,0.13363392887498549,,False,Phi-4-mini,No.,171.0,False,Are all nhl ice rinks the same size?,True,False,130,False
1075,0.005387635435909033,0.13363392887498549,,False,Phi-4-mini,No.,198.0,False,Are only commercial banks subject to​ runs?,False,False,150,True
1076,0.6723762154579163,0.13363392887498549,,True,Phi-4-mini,Yes.,96.0,True,Is there such a thing as number blindness?,True,False,64,True
1077,0.9924282431602478,0.13363392887498549,,True,Phi-4-mini,Yes.,302.0,True,Has any nhl team not won the stanley cup?,True,False,256,True
1078,0.030240193009376526,0.13363392887498549,,False,Phi-4-mini,No.,114.0,False,Does christina yang die in season 10 episode 24?,False,False,80,True
1079,0.9976772665977478,0.13363392887498549,,True,Phi-4-mini,Yes.,73.0,True,Is there a delay of game in hockey?,True,False,38,True
1080,0.9993333220481873,0.13363392887498549,,True,Phi-4-mini,Yes.,249.0,True,Does the internal resistance of a battery change?,True,False,206,True
1081,0.8634334206581116,0.13363392887498549,,True,Phi-4-mini,Yes.,256.0,True,Is there going to be a season 2 of little witch academia?,True,False,209,True
1082,0.0005359051283448935,0.12553073600000175,,False,Phi-4-mini,No.,292.0,False,Can carbon 14 dating be used to detect the age of a live animal?,False,False,246,True
1083,0.9697908163070679,0.12553073600000175,,True,Phi-4-mini,Yes,114.0,True,Will there be a 6 pirates of the caribbean?,True,False,76,True
1084,0.9990304708480835,0.12553073600000175,,True,Phi-4-mini,Yes.,76.0,True,Did alexander graham bell propose answering the phone with ahoy?,True,False,37,True
1085,0.8706346154212952,0.12553073600000175,,True,Phi-4-mini,Yes.,151.0,True,Does every real number have a cube root?,True,False,110,True
1086,0.8558741807937622,0.12553073600000175,,True,Phi-4-mini,Yes.,166.0,True,Are fixed assets and non current assets the same?,True,False,138,True
1087,0.06955457478761673,0.12553073600000175,,False,Phi-4-mini,No.,97.0,False,Can you breed a rabbit and a cat?,False,False,62,True
1089,0.0052214134484529495,0.12553073600000175,,False,Phi-4-mini,No.,116.0,False,Is social studies and geography the same thing?,False,False,83,True
1090,0.9525831341743469,0.12553073600000175,,True,Phi-4-mini,Yes.,115.0,True,Will there be a pirates of the carribean 6?,True,False,76,True
1091,0.0007560306694358587,0.17947130899997887,,False,Phi-4-mini,No.,166.0,False,Is the preakness the same distance as the kentucky derby?,False,False,129,True
1092,0.030238963663578033,0.17947130899997887,,False,Phi-4-mini,No.,190.0,False,Is new york in the new england region?,False,False,158,True
1093,0.14419639110565186,0.17947130899997887,,False,Phi-4-mini,No.,270.0,False,Was big time rush a band before the show?,False,False,227,True
1094,0.9993539452552795,0.17947130899997887,,True,Phi-4-mini,Yes,151.0,True,Do the castaways on gilligan island get rescued?,True,False,108,True
1095,0.9993929862976074,0.17947130899997887,,True,Phi-4-mini,Yes.,186.0,True,Is there such thing as a whale shark?,True,False,148,True
1096,0.9993333220481873,0.17947130899997887,,True,Phi-4-mini,Yes.,153.0,True,Do you have the right to remain silent in canada?,True,False,112,True
1097,0.40748077630996704,0.17947130899997887,,False,Phi-4-mini,No.,415.0,False,Was hope married to wyatt on bold and beautiful?,True,True,426,False
1098,0.999060332775116,0.17947130899997887,,True,Phi-4-mini,Yes.,148.0,True,Is there a season 8 of game of thrones?,True,False,111,True
1099,0.3346242904663086,0.12066339287500227,,False,Phi-4-mini,No.,268.0,False,Do they ever find out about charlie in gossip girl?,True,False,234,False
1100,0.7879751920700073,0.12066339287500227,,True,Phi-4-mini,Yes.,113.0,True,Is the movie the guardian based on a true story?,False,False,79,False
1101,0.32092106342315674,0.12066339287500227,,False,Phi-4-mini,No.,62.0,False,Is there a difference between sweating and perspiring?,False,False,24,True
1102,0.6514536142349243,0.12066339287500227,,True,Phi-4-mini,Yes.,148.0,True,Is vauxhall station in zone 1 or 2?,False,False,108,False
1103,0.007124962750822306,0.12066339287500227,,False,Phi-4-mini,No.,146.0,False,Is state bank of india and bank of india same?,False,False,107,True
1104,0.05343824252486229,0.12066339287500227,,False,Phi-4-mini,No.,183.0,False,Has brazil ever been eliminated in the group stage?,False,False,137,True
1105,0.8933301568031311,0.12066339287500227,,True,Phi-4-mini,Yes.,53.0,True,Is there such thing as a moon flower?,True,False,19,True
1106,0.02676345780491829,0.12066339287500227,,False,Phi-4-mini,No.,81.0,False,Does hi-c orange have caffeine in it?,False,False,49,True
1107,0.2509780526161194,0.10185373262498842,,False,Phi-4-mini,No.,97.0,False,Is range rover and land rover the same company?,True,False,68,False
1108,0.0037086622323840857,0.10185373262498842,,False,Phi-4-mini,No.,115.0,False,Is the movie the train a true story?,True,False,85,False
1110,0.9994643330574036,0.10185373262498842,,True,Phi-4-mini,Yes.,172.0,True,Did hawaii used to be called the sandwich islands?,True,False,139,True
1111,0.5312853455543518,0.10185373262498842,,True,Phi-4-mini,Yes.,166.0,True,Is nuclear power the same as nuclear energy?,False,False,126,False
1112,0.9820166230201721,0.10185373262498842,,True,Phi-4-mini,Yes.,169.0,True,Is a ball python the same as a royal python?,True,False,132,True
1113,0.6514475345611572,0.10185373262498842,,True,Phi-4-mini,Yes.,139.0,True,Will there be a sequel to the movie predators?,True,False,104,True
1114,0.9911540150642395,0.10185373262498842,,True,Phi-4-mini,Yes.,211.0,True,Is a timber wolf the same as a gray wolf?,True,False,171,True
1115,0.8267653584480286,0.10185373262498842,,True,Phi-4-mini,Yes.,103.0,True,Is the league of assassins the same as the league of shadows?,True,False,66,True
1117,0.998451828956604,0.08820641337501911,,True,Phi-4-mini,Yes,149.0,True,Is season five the last season of the originals?,True,False,101,True
1118,0.3416905999183655,0.08820641337501911,,False,Phi-4-mini,No.,110.0,False,Did top gear build a bridge over the river kwai?,False,False,79,True
1119,0.48448580503463745,0.08820641337501911,,False,Phi-4-mini,No.,105.0,False,Does the government own the us postal service?,True,False,71,False
1120,0.031165478751063347,0.08820641337501911,,False,Phi-4-mini,No.,154.0,False,Was there a world war before world war 1?,False,False,114,True
1121,0.007819202728569508,0.08820641337501911,,False,Phi-4-mini,No.,90.0,False,Is the cat part of the chinese zodiac?,False,False,62,True
1122,0.3703392744064331,0.08820641337501911,,False,Phi-4-mini,No.,182.0,False,Is footlocker and champs owned by the same company?,True,False,152,False
1123,0.9937112331390381,0.08820641337501911,,True,Phi-4-mini,Yes.,73.0,True,Is a sq m the same as m2?,True,False,39,True
1124,0.6298449039459229,0.08820641337501911,,True,Phi-4-mini,Yes.,175.0,True,Does need for speed have a story mode?,True,False,142,True
1126,0.030224313959479332,0.09477854049998768,,False,Phi-4-mini,No.,176.0,False,Can congress pass a law to make an action criminal after it is committed?,False,False,131,True
1128,0.9967275857925415,0.09477854049998768,,True,Phi-4-mini,Yes.,193.0,True,Is a dogfish part of the shark family?,True,False,159,True
1129,0.9983522891998291,0.09477854049998768,,True,Phi-4-mini,Yes.,105.0,True,Are jamie lynn spears and britney spears related?,True,False,65,True
1130,0.9911547899246216,0.09477854049998768,,True,Phi-4-mini,Yes.,80.0,True,Is there a stand your ground law in illinois?,True,False,45,True
1131,0.5622290372848511,0.09477854049998768,,True,Phi-4-mini,Yes.,117.0,True,Is pink quartz and rose quartz the same?,True,False,83,True
1132,0.1192413792014122,0.09477854049998768,,False,Phi-4-mini,No.,142.0,False,Does the crew 2 have a story line?,False,False,109,True
1133,0.9996647834777832,0.09477854049998768,,True,Phi-4-mini,Yes.,193.0,True,Is new york state a common law state?,True,False,156,True
1134,0.00023790914565324783,0.09477854049998768,,False,Phi-4-mini,No.,95.0,False,Is a certified copy the same as an original uk?,False,False,59,True
1135,0.06011034920811653,0.0856077990000017,,False,Phi-4-mini,No.,107.0,False,Is flexor pollicis longus in the carpal tunnel?,True,False,68,False
1136,0.8479982614517212,0.0856077990000017,,True,Phi-4-mini,Yes.,140.0,True,Does pokemon crystal work with pokemon stadium 2?,True,False,105,True
1137,0.9987552165985107,0.0856077990000017,,True,Phi-4-mini,Yes.,85.0,True,Does anaerobic respiration have an electron transport chain?,True,False,48,True
1138,0.9998148083686829,0.0856077990000017,,True,Phi-4-mini,Yes.,125.0,True,Are there state income taxes in new mexico?,True,False,91,True
1139,0.9989352822303772,0.0856077990000017,,True,Phi-4-mini,Yes,160.0,True,Is tom cruise in the new mummy movie?,True,False,130,True
1140,0.771922767162323,0.0856077990000017,,True,Phi-4-mini,Yes.,147.0,True,Does dying light enhanced edition come with the base game?,True,False,109,True
1141,0.0013672913191840053,0.0856077990000017,,False,Phi-4-mini,No.,172.0,False,Can quantum entanglement transfer information faster than light?,False,False,133,True
1142,0.9993738532066345,0.0856077990000017,,True,Phi-4-mini,Yes.,132.0,True,Is dan marino in the hall of fame?,True,False,100,True
1143,0.9867814183235168,0.1023662879999847,,True,Phi-4-mini,Yes,105.0,True,Is there a sequel to the phantom of the opera?,True,False,73,True
1144,0.5775995850563049,0.1023662879999847,,True,Phi-4-mini,Yes.,118.0,True,Does heathrow terminal 5 have an underground station?,True,False,81,True
1145,0.08759980648756027,0.1023662879999847,,False,Phi-4-mini,No.,204.0,False,Is a penalty charge notice the same as a fixed penalty?,True,False,167,False
1146,0.017994903028011322,0.1023662879999847,,False,Phi-4-mini,No.,173.0,False,Can president go to war without congress approval?,False,False,139,True
1147,0.0015981558244675398,0.1023662879999847,,False,Phi-4-mini,No.,96.0,False,Is roller coaster tycoon world available for mac?,False,False,62,True
1148,0.7663462162017822,0.1023662879999847,,True,Phi-4-mini,Yes.,219.0,True,Do you have to pay to use a driving range?,True,False,188,True
1149,0.6298457384109497,0.1023662879999847,,True,Phi-4-mini,Yes.,137.0,True,Can base runners advance on an infield fly rule?,True,False,101,True
1151,0.9149234890937805,0.1023662879999847,,True,Phi-4-mini,Yes.,53.0,True,Do i need a visa to visit iraq?,True,False,17,True
1152,0.6859995722770691,0.09720998737500963,,True,Phi-4-mini,Yes.,112.0,True,Is melaleuca and tea tree the same thing?,True,False,76,True
1153,7.726110197836533e-05,0.09720998737500963,,False,Phi-4-mini,No.,161.0,False,Were there always 9 justices on the supreme court?,False,False,115,True
1154,0.11602094769477844,0.09720998737500963,,False,Phi-4-mini,No.,155.0,False,Are gmc sierra and chevy silverado the same?,True,False,119,False
1155,0.9965168237686157,0.09720998737500963,,True,Phi-4-mini,Yes.,158.0,True,Can beet juice show up in your urine?,True,False,127,True
1156,0.9993122816085815,0.09720998737500963,,True,Phi-4-mini,Yes.,125.0,True,Is there a plant called lamb's ear?,True,False,96,True
1157,0.0011698935413733125,0.09720998737500963,,False,Phi-4-mini,No.,84.0,False,Is a crossover the same as an suv?,False,False,51,True
1158,0.9196560978889465,0.09720998737500963,,True,Phi-4-mini,Yes.,134.0,True,Can a high level language use an assembler?,True,False,110,True
1159,0.9990602135658264,0.09720998737500963,,True,Phi-4-mini,Yes.,199.0,True,Did the beatles ever play at red rocks?,True,False,166,True
1160,0.9971110820770264,0.12265731862501639,,True,Phi-4-mini,Yes.,201.0,True,Was the bill of rights in the constitution?,False,False,170,False
1162,0.19201089441776276,0.12265731862501639,,False,Phi-4-mini,No.,86.0,False,Are fred and george from harry potter twins in real life?,True,False,46,False
1163,0.9935141801834106,0.12265731862501639,,True,Phi-4-mini,Yes.,271.0,True,Does leslie knope win the city council election?,True,False,237,True
1165,0.985501766204834,0.12265731862501639,,True,Phi-4-mini,Yes,111.0,True,Is the mgm signature attached to the mgm grand?,True,False,70,True
1166,0.9921850562095642,0.12265731862501639,,True,Phi-4-mini,Yes.,135.0,True,Does tuna have a lot of mercury in it?,True,False,101,True
1167,0.3923914134502411,0.12265731862501639,,False,Phi-4-mini,No.,202.0,False,Was the food drug and cosmetic act successful?,True,False,173,False
1168,0.07593228667974472,0.12265731862501639,,False,Phi-4-mini,No.,95.0,False,Did france declare war on germany in ww2?,True,False,57,False
1169,0.9998148083686829,0.12265731862501639,,True,Phi-4-mini,Yes.,117.0,True,Is impaired driving a criminal offense in canada?,True,False,84,True
1170,0.9124636054039001,0.0735800446250039,,True,Phi-4-mini,Yes.,135.0,True,Is money from guernsey legal tender in uk?,True,False,101,True
1171,0.03310990706086159,0.0735800446250039,,False,Phi-4-mini,No.,109.0,False,Is turkey a part of the european union?,False,False,72,True
1172,0.05502451956272125,0.0735800446250039,,False,Phi-4-mini,No.,100.0,False,Are the falkland islands part of the commonwealth?,False,False,65,True
1173,0.9955320358276367,0.0735800446250039,,True,Phi-4-mini,Yes.,141.0,True,Are prisons and correctional facilities the same thing?,True,False,105,True
1175,0.9755805134773254,0.0735800446250039,,True,Phi-4-mini,Yes.,119.0,True,Is the heart apart of the muscular system?,True,False,84,True
1176,0.9994118213653564,0.0735800446250039,,True,Phi-4-mini,Yes.,146.0,True,Does company of heroes 2 have a campaign?,True,False,108,True
1177,0.9841002225875854,0.0735800446250039,,True,Phi-4-mini,Yes.,128.0,True,Has any major league baseball team gone undefeated?,False,False,82,False
1178,0.11600100249052048,0.0735800446250039,,False,Phi-4-mini,No.,136.0,False,Is phoenix the same time zone as denver?,True,False,102,False
1179,0.9996200799942017,0.16197894775001487,,True,Phi-4-mini,Yes.,226.0,True,Is there a difference between a baritone and euphonium?,True,False,191,True
1180,0.20698481798171997,0.16197894775001487,,False,Phi-4-mini,No.,89.0,False,Do you need a visa to visit oman?,True,False,54,False
1181,0.9867801070213318,0.16197894775001487,,True,Phi-4-mini,Yes.,371.0,True,Are there grizzly bears in the united states?,True,False,345,True
1182,0.29429417848587036,0.16197894775001487,,False,Phi-4-mini,No.,259.0,False,Are pork loin ribs the same as baby back?,True,False,221,False
1183,0.979674756526947,0.16197894775001487,,True,Phi-4-mini,Yes.,164.0,True,Can xbox 360 games be played on xbox1?,True,False,115,True
1184,0.9993334412574768,0.16197894775001487,,True,Phi-4-mini,Yes.,116.0,True,Is there an air force base in anchorage alaska?,True,False,89,True
1185,0.9998644590377808,0.16197894775001487,,True,Phi-4-mini,Yes.,288.0,True,Does a universal life policy have cash value?,True,False,254,True
1186,0.9971110820770264,0.16197894775001487,,True,Phi-4-mini,Yes.,83.0,True,Do you have to be a us citizen to run for president?,True,False,45,True
1187,0.0007323598838411272,0.12888266337498067,,False,Phi-4-mini,No.,188.0,False,Can you buy a gun if you are dishonorably discharged?,False,False,145,True
1188,0.9591684341430664,0.12888266337498067,,True,Phi-4-mini,Yes.,288.0,True,Was poland part of the league of nations?,True,False,250,True
1189,0.0009405924938619137,0.12888266337498067,,False,Phi-4-mini,No.,167.0,False,Is the strangers prey at night a remake?,False,False,133,True
1191,0.5234916806221008,0.12888266337498067,,True,Phi-4-mini,Yes.,85.0,True,Is a roma tomato the same as a plum tomato?,True,False,51,True
1193,0.8840814828872681,0.12888266337498067,,True,Phi-4-mini,Yes.,141.0,True,Is there a difference between old english bulldogs and english bulldogs?,True,False,106,True
1194,0.5545119047164917,0.12888266337498067,,True,Phi-4-mini,Yes.,125.0,True,Can you survive a blue ringed octopus bite?,True,False,89,True
1195,0.013226554729044437,0.12888266337498067,,False,Phi-4-mini,No.,113.0,False,Can a person have dual citizenship in india?,False,False,79,True
1197,0.9867794513702393,0.12888266337498067,,True,Phi-4-mini,Yes.,114.0,True,Can you buy alcohol in maine on sundays?,True,False,74,True
1198,0.5000553131103516,0.12754001675000382,,False,Phi-4-mini,No.,159.0,False,Is sway bar the same as stabilizer bar?,True,False,121,False
1199,0.972420871257782,0.12754001675000382,,True,Phi-4-mini,Yes.,286.0,True,Did leonardo dicaprio win an academy award for the revenant?,True,False,243,True
1202,0.9893507361412048,0.12754001675000382,,True,Phi-4-mini,Yes.,158.0,True,Was the song footloose written for the movie?,True,False,114,True
1203,0.1689051389694214,0.12754001675000382,,False,Phi-4-mini,No.,264.0,False,Is the eye of agamotto the time stone?,True,False,236,False
1204,0.08513587713241577,0.12754001675000382,,False,Phi-4-mini,No.,173.0,False,Can you take out the king in chess?,False,False,140,True
1205,0.0026323851197957993,0.12754001675000382,,False,Phi-4-mini,No.,155.0,False,Did articles of confederation have an executive branch?,False,False,118,True
1206,0.0583871454000473,0.12754001675000382,,False,Phi-4-mini,No.,82.0,False,Is bye bye baby owned by bed bath and beyond?,True,False,42,False
1207,0.9947815537452698,0.12754001675000382,,True,Phi-4-mini,Yes.,61.0,True,Are there any sam's clubs in canada?,False,False,24,False
1208,0.9697892069816589,0.07320728137497667,,True,Phi-4-mini,Yes.,121.0,True,Is it possible to turn lead into gold?,True,False,88,True
1209,0.924167275428772,0.07320728137497667,,True,Phi-4-mini,Yes.,91.0,True,Is there a town under caesar's creek?,True,False,56,True
1210,0.021631553769111633,0.07320728137497667,,False,Phi-4-mini,No.,71.0,False,Do i need a visa to go to macau from hong kong?,False,False,33,True
1211,0.0005359623464755714,0.07320728137497667,,False,Phi-4-mini,No.,150.0,False,Can you put any engine in any car?,False,False,119,True
1212,0.12596896290779114,0.07320728137497667,,False,Phi-4-mini,No.,124.0,False,Is discretionary income the same as disposable income?,False,False,91,True
1213,0.9972856044769287,0.07320728137497667,,True,Phi-4-mini,Yes.,91.0,True,Is there an english translation of the torah?,True,False,55,True
1214,0.9928796887397766,0.07320728137497667,,True,Phi-4-mini,Yes.,121.0,True,Is a dachshund the same as a sausage dog?,True,False,91,True
1215,0.9988669157028198,0.07320728137497667,,True,Phi-4-mini,Yes.,135.0,True,Is us virgin islands part of the caribbean?,True,False,100,True
1216,0.6860480308532715,0.14936073187499233,,True,Phi-4-mini,Yes.,124.0,True,Is a bosun higher than a lead deckhand?,True,False,87,True
1218,0.029320374131202698,0.14936073187499233,,False,Phi-4-mini,No.,182.0,False,Does your signiture have to be your name?,False,False,155,True
1219,0.9924249649047852,0.14936073187499233,,True,Phi-4-mini,Yes.,208.0,True,Has scotland ever qualified for the world cup?,True,False,166,True
1220,0.02443300001323223,0.14936073187499233,,False,Phi-4-mini,No.,170.0,False,Can a filibuster take place in the house?,False,False,130,True
1221,0.0012452939990907907,0.14936073187499233,,False,Phi-4-mini,No.,155.0,False,Is the isle of man a part of great britain?,False,False,117,True
1223,0.5852057933807373,0.14936073187499233,,True,Phi-4-mini,Yes.,218.0,True,Is a rugby field bigger than a football field?,True,False,180,True
1224,0.9893486499786377,0.14936073187499233,,True,Phi-4-mini,Yes.,156.0,True,Can you seek asylum from your home country?,True,False,125,True
1225,0.9836001396179199,0.14936073187499233,,True,Phi-4-mini,Yes.,325.0,True,Do male and female pronghorn antelopes have horns?,True,False,273,True
1227,0.9987553358078003,0.10059925449999696,,True,Phi-4-mini,Yes.,87.0,True,Is the colon the same as large intestine?,True,False,50,True
1228,0.07372778654098511,0.10059925449999696,,False,Phi-4-mini,No.,105.0,False,Is the fruit orange named after the color?,False,False,70,True
1229,0.9986751675605774,0.10059925449999696,,True,Phi-4-mini,Yes.,114.0,True,Is a double eagle the same as an albatross?,True,False,80,True
1230,0.00021658533660229295,0.10059925449999696,,False,Phi-4-mini,No.,80.0,False,Is a sacrifice fly count as an at bat?,False,False,44,True
1231,0.9959302544593811,0.10059925449999696,,True,Phi-4-mini,Yes.,209.0,True,Can you get a ticket for j walking?,True,False,180,True
1232,0.5469262599945068,0.10059925449999696,,True,Phi-4-mini,Yes.,169.0,True,Does temperature remain constant in an adiabatic process?,True,False,130,True
1233,0.2751905918121338,0.10059925449999696,,False,Phi-4-mini,No.,142.0,False,Is there a gulf stream in the pacific?,False,False,110,True
1234,0.0023973602801561356,0.10059925449999696,,False,Phi-4-mini,No.,193.0,False,Does birth certificate count as a form of id?,False,False,159,True
1235,0.08038763701915741,0.09526520399998617,,False,Phi-4-mini,No.,97.0,False,Do eu citizens have indefinite leave to remain?,False,False,62,True
1236,0.00016867912199813873,0.09526520399998617,,False,Phi-4-mini,No.,149.0,False,Is it safe to swim in brisbane river?,False,False,108,True
1237,0.0006880793371237814,0.09526520399998617,,False,Phi-4-mini,No.,109.0,False,Is the movie vertical limit a true story?,False,False,69,True
1238,0.08758609741926193,0.09526520399998617,,False,Phi-4-mini,No.,190.0,False,Is a cpap the same as a ventilator?,True,False,155,False
1239,0.0038266354240477085,0.09526520399998617,,False,Phi-4-mini,No.,102.0,False,Is a pentagon made of 5 equilateral triangles?,False,False,62,True
1240,0.4922386407852173,0.09526520399998617,,False,Phi-4-mini,No.,163.0,False,Is there a main group element in period 6?,False,False,126,True
1242,0.9875727891921997,0.09526520399998617,,True,Phi-4-mini,Yes.,96.0,True,Is there a bart station in antioch ca?,True,False,62,True
1243,0.019138282164931297,0.09526520399998617,,False,Phi-4-mini,No.,203.0,False,Is canada and australia part of the uk?,False,False,165,True
1244,0.03115718439221382,0.10776739837498894,,False,Phi-4-mini,No.,231.0,False,Is turkey a member of the european economic area?,False,False,178,True
1247,0.622561514377594,0.10776739837498894,,True,Phi-4-mini,Yes.,148.0,True,Did they change the sister in that 70s show?,True,False,115,True
1248,0.06373115628957748,0.10776739837498894,,False,Phi-4-mini,No.,223.0,False,Do c++ strings need to be null terminated?,False,False,189,True
1249,0.9996850490570068,0.10776739837498894,,True,Phi-4-mini,Yes.,91.0,True,Does micropyle serves for the emergence of radicle?,True,False,55,True
1250,0.9987936019897461,0.10776739837498894,,True,Phi-4-mini,Yes.,150.0,True,Has croatia ever placed in the world cup?,True,False,94,True
1251,0.9978846907615662,0.10776739837498894,,True,Phi-4-mini,Yes.,102.0,True,Was chariots of fire based on a true story?,True,False,60,True
1252,0.47681185603141785,0.10776739837498894,,False,Phi-4-mini,No.,194.0,False,Is the boy in the striped pajamas based on a book?,True,False,148,False
1253,0.00263291597366333,0.10776739837498894,,False,Phi-4-mini,No.,114.0,False,Is sudan and south sudan the same country?,False,False,77,True
1257,0.6723922491073608,0.17094115099999385,,True,Phi-4-mini,Yes.,179.0,True,Is the umbilical cord inside the amniotic sac?,False,False,138,False
1258,0.9997766613960266,0.17094115099999385,,True,Phi-4-mini,Yes.,393.0,True,Is puerto rico subject to us federal law?,True,False,352,True
1259,0.863422691822052,0.17094115099999385,,True,Phi-4-mini,Yes.,80.0,True,Are nike air force 1 good for basketball?,True,False,45,True
1260,0.004470505751669407,0.17094115099999385,,False,Phi-4-mini,No.,142.0,False,Is there a state income tax in louisiana?,False,False,93,True
1262,0.43020716309547424,0.17094115099999385,,False,Phi-4-mini,No.,127.0,False,Are maid of honour and chief bridesmaid the same?,True,False,97,False
1263,0.997019350528717,0.17094115099999385,,True,Phi-4-mini,Yes.,271.0,True,Is saigon now called ho chi minh city?,True,False,270,True
1264,0.00609982805326581,0.17094115099999385,,False,Phi-4-mini,No.,172.0,False,Is a deed in lieu considered a foreclosure?,False,False,151,True
1265,0.12254782021045685,0.17094115099999385,,False,Phi-4-mini,No.,147.0,False,Is there a sequel to the journey to the mysterious island?,False,False,107,True
1266,0.01799854449927807,0.1256972693749958,,False,Phi-4-mini,No.,209.0,False,Is better call saul set after breaking bad?,False,False,175,True
1267,0.33467352390289307,0.1256972693749958,,False,Phi-4-mini,No.,163.0,False,Is ellis island connected to the statue of liberty?,True,False,125,False
1268,0.00047308343346230686,0.1256972693749958,,False,Phi-4-mini,No.,273.0,False,Does the mississippi river flow into the pacific ocean?,False,False,244,True
1269,0.39240777492523193,0.1256972693749958,,False,Phi-4-mini,No.,180.0,False,Is there such a place as crabapple cove maine?,False,False,149,True
1271,0.9980736970901489,0.1256972693749958,,True,Phi-4-mini,Yes,187.0,True,Is there a season 5 of prison break?,True,False,143,True
1272,0.00039216442382894456,0.1256972693749958,,False,Phi-4-mini,No.,146.0,False,Is guam part of the us virgin islands?,False,False,116,True
1274,0.004469538107514381,0.1256972693749958,,False,Phi-4-mini,No.,144.0,False,Can i wear state awards on active duty?,False,False,109,True
1275,0.006492746528238058,0.1256972693749958,,False,Phi-4-mini,No.,175.0,False,Is the movie the covenant based on a book?,False,False,148,True
1277,0.9991443157196045,0.10613262437499316,,True,Phi-4-mini,Yes.,250.0,True,Is cal ripken jr in the hall of fame?,True,False,207,True
1278,0.07374420017004013,0.10613262437499316,,False,Phi-4-mini,No.,153.0,False,Is the walking dead game the same as the show?,True,False,119,False
1279,0.8933301568031311,0.10613262437499316,,True,Phi-4-mini,Yes.,95.0,True,Can a standard deviation be greater than 1?,True,False,60,True
1280,0.9971994161605835,0.10613262437499316,,True,Phi-4-mini,Yes.,157.0,True,Is a divisor the same as a factor?,True,False,123,True
1281,0.0013260727282613516,0.10613262437499316,,False,Phi-4-mini,No.,174.0,False,Is royal caribbean cruise line owned by carnival?,False,False,146,True
1282,0.46105945110321045,0.10613262437499316,,False,Phi-4-mini,No.,117.0,False,Are lock nuts and stop nuts the same?,True,False,81,False
1283,0.9669201970100403,0.10613262437499316,,True,Phi-4-mini,Yes.,121.0,True,Is the certificate of incorporation the same as the articles of incorporation?,True,False,83,True
1284,0.5157409310340881,0.10613262437499316,,True,Phi-4-mini,Yes.,125.0,True,Has a woman ever won the indianapolis 500?,False,False,87,False
1285,0.3703792989253998,0.12013995112502585,,False,Phi-4-mini,No.,154.0,False,Is there a difference between lightning bugs and fireflies?,False,False,115,True
1286,0.8903288245201111,0.12013995112502585,,True,Phi-4-mini,Yes.,141.0,True,Was renee zellweger in 8 seconds the movie?,True,False,100,True
1287,0.8903347849845886,0.12013995112502585,,True,Phi-4-mini,Yes.,134.0,True,Has there ever been a tie in baseball?,True,False,98,True
1288,0.0017017264617606997,0.12013995112502585,,False,Phi-4-mini,No.,71.0,False,Are bank holidays and public holidays the same?,False,False,36,True
1290,0.03848792612552643,0.12013995112502585,,False,Phi-4-mini,No.,95.0,False,Is canada still part of the british monarchy?,True,False,59,False
1291,0.629875123500824,0.12013995112502585,,True,Phi-4-mini,Yes.,180.0,True,Did the queen of england marry her cousin?,True,False,141,True
1292,0.0021834890358150005,0.12013995112502585,,False,Phi-4-mini,No.,184.0,False,Was the battle of the alamo part of the mexican american war?,False,False,143,True
1293,0.26289430260658264,0.12013995112502585,,False,Phi-4-mini,No.,263.0,False,Can a terminating decimal be written as a recurring decimal?,True,False,223,False
1294,0.9919393658638,0.1448214058750068,,True,Phi-4-mini,Yes.,168.0,True,Do the great lakes connect to the ocean?,True,False,138,True
1295,0.9944459199905396,0.1448214058750068,,True,Phi-4-mini,Yes.,93.0,True,Do playstation 2 games play on playstation 4?,True,False,48,True
1296,0.007122481241822243,0.1448214058750068,,False,Phi-4-mini,No.,124.0,False,Are the jungle and rainforest the same thing?,False,False,89,True
1297,0.9995694756507874,0.1448214058750068,,True,Phi-4-mini,Yes.,214.0,True,Does a flower have male and female parts?,True,False,185,True
1298,0.9953906536102295,0.1448214058750068,,True,Phi-4-mini,Yes.,140.0,True,Is net earnings and net income the same?,True,False,106,True
1300,0.6927126049995422,0.1448214058750068,,True,Phi-4-mini,Yes.,117.0,True,Is for a few dollars more a sequel?,True,False,88,True
1301,0.9669204354286194,0.1448214058750068,,True,Phi-4-mini,Yes.,333.0,True,Is dodge and jeep made by the same company?,True,False,301,True
1302,0.03515222296118736,0.1448214058750068,,False,Phi-4-mini,No.,125.0,False,Do you have to touch the ball to be offside in soccer?,False,False,86,True
1303,0.022293999791145325,0.12709366875000683,,False,Phi-4-mini,No.,167.0,False,Can you drink in the street in russia?,False,False,132,True
1304,0.06009871885180473,0.12709366875000683,,False,Phi-4-mini,No.,198.0,False,Can a school be division 1 and 2?,True,False,165,False
1305,0.11926302313804626,0.12709366875000683,,False,Phi-4-mini,No.,149.0,False,Does cheddar cheese have to be made in cheddar?,False,False,123,True
1306,0.9899892807006836,0.12709366875000683,,True,Phi-4-mini,Yes,50.0,True,Can you score direct from a kickoff in football?,True,False,15,True
1307,0.0010651899501681328,0.12709366875000683,,False,Phi-4-mini,No.,271.0,False,Does a point guard have to be tall?,False,False,232,True
1308,0.9979496598243713,0.12709366875000683,,True,Phi-4-mini,Yes.,193.0,True,Is solo part of the star wars franchise?,True,False,166,True
1309,0.9993333220481873,0.12709366875000683,,True,Phi-4-mini,Yes.,100.0,True,Is there such a thing as a munchkin cat?,True,False,61,True
1310,0.0038254426326602697,0.12709366875000683,,False,Phi-4-mini,No.,284.0,False,Is crankshaft pulley and harmonic balancer the same thing?,True,False,268,False
1311,0.014507669024169445,0.10622563262501217,,False,Phi-4-mini,No.,138.0,False,Do foreign dignitaries stay at the white house?,True,False,104,False
1312,0.9972852468490601,0.10622563262501217,,True,Phi-4-mini,Yes.,138.0,True,Is relative risk and risk ratio the same?,True,False,101,True
1313,0.9921858310699463,0.10622563262501217,,True,Phi-4-mini,Yes.,69.0,True,Is there a statute of limitations in england?,True,False,34,True
1314,0.9991705417633057,0.10622563262501217,,True,Phi-4-mini,Yes.,123.0,True,Are ion-dipole stronger than hydrogen bonds?,True,False,84,True
1315,0.9679181575775146,0.10622563262501217,,True,Phi-4-mini,Yes.,133.0,True,Is the arch in st louis a national park?,True,False,91,True
1317,0.9344301819801331,0.10622563262501217,,True,Phi-4-mini,Yes.,221.0,True,Is one of the hawaiian islands privately owned?,True,False,191,True
1319,0.9802830219268799,0.10622563262501217,,True,Phi-4-mini,Yes.,199.0,True,Can you get pregnant with twins by two different fathers?,True,False,163,True
1320,0.9997040629386902,0.10622563262501217,,True,Phi-4-mini,Yes.,83.0,True,Does the vatican city have its own laws?,True,False,48,True
1321,0.9988665580749512,0.1030945331250166,,True,Phi-4-mini,Yes.,221.0,True,Are mountain lions and pumas the same thing?,True,False,200,True
1322,0.9999203681945801,0.1030945331250166,,True,Phi-4-mini,Yes.,75.0,True,Can glucogenic amino acids be used to make glucose?,True,False,39,True
1324,0.5699639320373535,0.1030945331250166,,True,Phi-4-mini,Yes.,112.0,True,Does god save the queen change when there is a king?,True,False,78,True
1325,0.022992447018623352,0.1030945331250166,,False,Phi-4-mini,No.,129.0,False,Do u have to be married to be a maid of honour?,False,False,97,True
1326,0.256944864988327,0.1030945331250166,,False,Phi-4-mini,No.,92.0,False,Is harry potter and the cursed child a prequel?,False,False,55,True
1327,0.4845277667045593,0.1030945331250166,,False,Phi-4-mini,No,143.0,False,Will there be another season of the affiar?,True,False,90,False
1328,0.0008831838495098054,0.1030945331250166,,False,Phi-4-mini,No.,158.0,False,Is there a bone in your ear lobe?,False,False,122,True
1329,0.9989017248153687,0.1030945331250166,,True,Phi-4-mini,Yes.,126.0,True,Are the lofoten islands in the arctic circle?,True,False,97,True
1330,0.9960557222366333,0.12774489437501302,,True,Phi-4-mini,Yes.,245.0,True,Is the black sea connected to the mediterranean?,True,False,216,True
1331,0.04470008611679077,0.12774489437501302,,False,Phi-4-mini,No.,93.0,False,Does the speaker of the house have to be a congressman?,False,False,55,True
1334,0.003173261880874634,0.12774489437501302,,False,Phi-4-mini,No.,215.0,False,Is a cocoa bean the same as a coffee bean?,False,False,182,True
1335,0.7372106313705444,0.12774489437501302,,True,Phi-4-mini,Yes.,299.0,True,Are there nerves in the central nervous system?,True,False,250,True
1337,0.29428231716156006,0.12774489437501302,,False,Phi-4-mini,No.,192.0,False,Did it rain oil in the gulf war?,True,False,156,False
1338,0.8311778903007507,0.12774489437501302,,True,Phi-4-mini,Yes.,130.0,True,Can you get a misdemeanor expunged in texas?,True,False,92,True
1339,0.9511721730232239,0.12774489437501302,,True,Phi-4-mini,Yes.,115.0,True,Is jack daniels made in a dry county?,True,False,78,True
1341,0.018566295504570007,0.12774489437501302,,False,Phi-4-mini,No.,150.0,False,Is the united states qualified for the world cup?,False,False,105,True
1342,0.9830871820449829,0.132650254500021,,True,Phi-4-mini,Yes.,174.0,True,Is pva glue and elmer's glue the same thing?,True,False,126,True
1343,0.48445916175842285,0.132650254500021,,False,Phi-4-mini,No.,127.0,False,Do red cards carry over in world cup?,True,False,96,False
1344,0.5467986464500427,0.132650254500021,,True,Phi-4-mini,Yes.,157.0,True,Is there a difference between a confidentiality agreement and a non disclosure agreement?,False,False,119,False
1345,0.001032565487548709,0.132650254500021,,False,Phi-4-mini,No.,153.0,False,Is google drive the same as google docs?,False,False,119,True
1348,0.9997305274009705,0.132650254500021,,True,Phi-4-mini,Yes.,318.0,True,Does npv account for time value of money?,True,False,289,True
1349,0.9996079802513123,0.132650254500021,,True,Phi-4-mini,Yes.,246.0,True,Are electric charges carried by particles of matter?,True,False,211,True
1350,0.007817544974386692,0.132650254500021,,False,Phi-4-mini,No.,119.0,False,Is a particle the same as a molecule?,False,False,84,True
1351,0.999713122844696,0.132650254500021,,True,Phi-4-mini,Yes.,183.0,True,Does aslan come back to life in narnia?,True,False,144,True
1352,0.06757697463035583,0.08495149875000152,,False,Phi-4-mini,No.,129.0,False,Is all i wanna do based on a true story?,True,False,95,False
1354,0.34174981713294983,0.08495149875000152,,False,Phi-4-mini,No.,167.0,False,Is the movie a wrinkle in time out?,True,False,129,False
1356,0.0029825863894075155,0.08495149875000152,,False,Phi-4-mini,No.,146.0,False,Is the view and the talk the same show?,False,False,107,True
1358,0.37026098370552063,0.08495149875000152,,False,Phi-4-mini,No.,148.0,False,Can you give yourself an assist in basketball?,False,False,114,True
1361,0.672382116317749,0.08495149875000152,,True,Phi-4-mini,Yes.,154.0,True,Is rice syrup the same as rice malt syrup?,True,False,120,True
1362,0.9976771473884583,0.08495149875000152,,True,Phi-4-mini,Yes.,131.0,True,Is there such thing as a 4 way switch?,True,False,96,True
1364,0.00025333405937999487,0.08495149875000152,,False,Phi-4-mini,No.,95.0,False,Are italy in the 2018 world cup finals?,False,False,56,True
1365,0.01799921877682209,0.08495149875000152,,False,Phi-4-mini,No.,123.0,False,Do they make a new champions league trophy every year?,False,False,89,True
1366,0.0029825863894075155,0.1424049764999893,,False,Phi-4-mini,No.,67.0,False,Is frozen ski movie based on a true story?,False,False,32,True
1367,0.9996850490570068,0.1424049764999893,,True,Phi-4-mini,Yes.,99.0,True,Does the government give subsidies to oil companies?,True,False,61,True
1368,0.0005706811207346618,0.1424049764999893,,False,Phi-4-mini,No.,159.0,False,Did greg oden win a championship with miami?,False,False,109,True
1369,0.3208836615085602,0.1424049764999893,,False,Phi-4-mini,No.,337.0,False,Is ace 2 3 4 5 a straight?,True,False,314,False
1370,0.1872110366821289,0.1424049764999893,,False,Phi-4-mini,No.,219.0,False,Is rafflesia the largest flower in the world?,False,False,187,True
1371,6.816250242991373e-05,0.1424049764999893,,False,Phi-4-mini,No.,133.0,False,Is a kilowatt hour a unit of power?,True,False,99,False
1372,0.001811024732887745,0.1424049764999893,,False,Phi-4-mini,No.,177.0,False,Is the first wives club based on a true story?,False,False,143,True
1373,0.9993929862976074,0.1424049764999893,,True,Phi-4-mini,Yes.,144.0,True,Are dentures and false teeth the same thing?,True,False,111,True
1374,0.4456624388694763,0.1037962610000136,,False,Phi-4-mini,No.,128.0,False,Is there a republican majority in the senate?,True,False,88,False
1375,0.9992903470993042,0.1037962610000136,,True,Phi-4-mini,Yes.,245.0,True,Can a database contain more than one table?,True,False,230,True
1376,0.8355212807655334,0.1037962610000136,,True,Phi-4-mini,Yes.,100.0,True,Is katherine heigl in the movie that night?,True,False,67,True
1378,0.9790390133857727,0.1037962610000136,,True,Phi-4-mini,Yes.,133.0,True,Is talc and talcum powder the same thing?,True,False,96,True
1379,0.998715877532959,0.1037962610000136,,True,Phi-4-mini,Yes.,232.0,True,Is there a durbar room at osborne house?,True,False,195,True
1380,0.11601000279188156,0.1037962610000136,,False,Phi-4-mini,No.,74.0,False,Can you buy alcohol on a holiday in indiana?,True,False,34,False
1381,0.01001780666410923,0.1037962610000136,,False,Phi-4-mini,No.,97.0,False,Can a catcher block home plate without the ball?,False,False,61,True
1382,0.002551494864746928,0.1037962610000136,,False,Phi-4-mini,No.,104.0,False,Is the movie set it off a true story?,False,False,70,True
1383,0.9916894435882568,0.14450147150000703,,True,Phi-4-mini,Yes.,117.0,True,Is san juan puerto rico in the caribbean?,True,False,81,True
1384,0.10673896223306656,0.14450147150000703,,False,Phi-4-mini,No.,114.0,False,Is the first round of nhl playoffs 5 games?,False,False,77,True
1385,0.9928820133209229,0.14450147150000703,,True,Phi-4-mini,Yes.,333.0,True,Are there alligators in north or south carolina?,True,False,304,True
1386,0.9981904625892639,0.14450147150000703,,True,Phi-4-mini,Yes.,146.0,True,Is song of songs in the old testament?,True,False,123,True
1387,0.9481663703918457,0.14450147150000703,,True,Phi-4-mini,Yes.,188.0,True,Is ucl and university of london the same?,False,False,145,False
1388,0.9770320653915405,0.14450147150000703,,True,Phi-4-mini,Yes.,136.0,True,Does a quarter pounder weight a quarter pound?,False,False,103,False
1389,0.09272788465023041,0.14450147150000703,,False,Phi-4-mini,No.,169.0,False,Do chris and ann leave parks and rec?,True,False,137,False
1391,0.0016488156979903579,0.14450147150000703,,False,Phi-4-mini,No.,148.0,False,Is bile supposed to be in the stomach?,False,False,112,True
1393,0.006292811594903469,0.17612674212500679,,False,Phi-4-mini,No.,105.0,False,Do you need a gun license to shoot?,False,False,69,True
1394,0.7718884944915771,0.17612674212500679,,True,Phi-4-mini,Yes.,106.0,True,Can you carry a gun in your car in ohio?,True,False,73,True
1395,0.0035951051395386457,0.17612674212500679,,False,Phi-4-mini,No.,267.0,False,Does the winning team keep the world cup?,False,False,232,True
1397,0.9896767735481262,0.17612674212500679,,True,Phi-4-mini,Yes.,152.0,True,Are there still grammar schools in the uk?,True,False,111,True
1398,0.9991170763969421,0.17612674212500679,,True,Phi-4-mini,Yes,416.0,True,Is 50 shades of grey based off of twilight?,True,True,404,True
1399,0.042108647525310516,0.17612674212500679,,False,Phi-4-mini,No.,94.0,False,Can you own an assault rifle in massachusetts?,False,False,61,True
1400,0.9615431427955627,0.17612674212500679,,True,Phi-4-mini,Yes.,117.0,True,Are the eggs you buy in the store pasteurized?,True,False,82,True
1402,0.02932569570839405,0.17612674212500679,,False,Phi-4-mini,No.,261.0,False,Does tara die in sons of anarchy season 4?,False,False,231,True
1403,0.0007554747280664742,0.1075624803749804,,False,Phi-4-mini,No.,109.0,False,Does german potato salad have eggs in it?,False,False,80,True
1404,0.9980126619338989,0.1075624803749804,,True,Phi-4-mini,Yes.,79.0,True,Does oregon have a stand your ground law?,True,False,45,True
1405,0.007349248975515366,0.1075624803749804,,False,Phi-4-mini,No.,67.0,False,Is the postmaster general appointed by the president?,False,False,33,True
1407,0.2509658634662628,0.1075624803749804,,False,Phi-4-mini,No.,182.0,False,Can you run on a caught foul ball?,True,False,149,False
1408,0.7880254983901978,0.1075624803749804,,True,Phi-4-mini,Yes.,222.0,True,Do they sing sweet caroline at every red sox game?,True,False,178,True
1410,0.6077395081520081,0.1075624803749804,,True,Phi-4-mini,Yes.,238.0,True,Can you play ace 2 3 in rummy?,True,False,200,True
1411,0.0012846654281020164,0.1075624803749804,,False,Phi-4-mini,No.,117.0,False,Is the outcasts based on a true story?,False,False,79,True
1412,0.10679789632558823,0.1075624803749804,,False,Phi-4-mini,No.,183.0,False,Has brazil ever won the world cup in europe?,True,False,137,False
1413,0.8081175088882446,0.11941795325000726,,True,Phi-4-mini,Yes.,190.0,True,Will there be more episodes of endeavour morse?,True,False,149,True
1414,0.44566524028778076,0.11941795325000726,,False,Phi-4-mini,No.,111.0,False,Has there ever been a american ninja warrior?,True,False,80,False
1415,0.013223519548773766,0.11941795325000726,,False,Phi-4-mini,No.,268.0,False,Does the main character in 12 strong die?,False,False,244,True
1416,0.9875691533088684,0.11941795325000726,,True,Phi-4-mini,Yes.,138.0,True,Are cable ties and zip ties the same thing?,True,False,106,True
1417,0.9830875992774963,0.11941795325000726,,True,Phi-4-mini,Yes.,87.0,True,Can you be born with an extra y chromosome?,True,False,52,True
1418,0.9961769580841064,0.11941795325000726,,True,Phi-4-mini,Yes.,114.0,True,Is there a las vegas in new mexico?,True,False,79,True
1419,0.9928795695304871,0.11941795325000726,,True,Phi-4-mini,Yes.,115.0,True,Is 4x4 the same as 4 wheel drive?,True,False,80,True
1420,0.24536673724651337,0.11941795325000726,,False,Phi-4-mini,No.,146.0,False,Is the uefa champions league final one game?,True,False,108,False
1421,0.0020512589253485203,0.15061490237499697,,False,Phi-4-mini,No.,139.0,False,Do root hairs occur along the entire length of root?,False,False,99,True
1422,0.03623790293931961,0.15061490237499697,,False,Phi-4-mini,No.,100.0,False,Is take me home country roads about virginia?,False,False,61,True
1424,0.9591591954231262,0.15061490237499697,,True,Phi-4-mini,Yes.,351.0,True,Does the wii u have a sleep mode?,True,False,327,True
1425,0.9566522240638733,0.15061490237499697,,True,Phi-4-mini,Yes.,127.0,True,Is there going to be season 2 of punisher?,True,False,91,True
1426,0.8741037249565125,0.15061490237499697,,True,Phi-4-mini,Yes.,161.0,True,Are tom riddle and voldemort the same person?,True,False,129,True
1427,6.20575956418179e-05,0.15061490237499697,,False,Phi-4-mini,No.,143.0,False,Are sweat glands part of the lymphatic system?,False,False,103,True
1429,0.2690584361553192,0.15061490237499697,,False,Phi-4-mini,No.,92.0,False,Is mary ann from gilligan's island still alive?,True,False,54,False
1431,0.7773322463035583,0.15061490237499697,,True,Phi-4-mini,Yes.,107.0,True,Is timothy grass and timothy hay the same thing?,True,False,72,True
1432,0.32780027389526367,0.13172198737501617,,False,Phi-4-mini,No.,92.0,False,Can you buy alcohol on sunday in mo?,True,False,54,False
1433,0.5623164176940918,0.13172198737501617,,True,Phi-4-mini,Yes.,201.0,True,Is the southern tip of south america cold?,True,False,158,True
1434,0.4923616647720337,0.13172198737501617,,False,Phi-4-mini,No.,309.0,False,Are any of the original beatles still alive?,True,False,264,False
1435,0.00020992472127545625,0.13172198737501617,,False,Phi-4-mini,No.,81.0,False,Is equity in your home a liquid asset?,False,False,48,True
1436,0.9946164488792419,0.13172198737501617,,True,Phi-4-mini,Yes.,158.0,True,Do they use salt on the roads in south dakota?,True,False,120,True
1437,0.010019206441938877,0.13172198737501617,,False,Phi-4-mini,No.,140.0,False,Is all of the uk in the same time zone?,True,False,106,False
1438,0.002802035538479686,0.13172198737501617,,False,Phi-4-mini,No.,301.0,False,Is a groundhog and a mole the same thing?,False,False,267,True
1439,0.022294333204627037,0.13172198737501617,,False,Phi-4-mini,No.,242.0,False,Can the xbox one play xbox 360 discs?,False,False,207,True
1440,0.9850448966026306,0.12279432912498578,,True,Phi-4-mini,Yes.,132.0,True,Is an associates degree considered a college degree?,True,False,96,True
1441,0.9980734586715698,0.12279432912498578,,True,Phi-4-mini,Yes.,96.0,True,Is lipid profile and lipid panel the same?,True,False,59,True
1442,0.00013556524936575443,0.12279432912498578,,False,Phi-4-mini,No.,91.0,False,Is a lungo the same as an americano?,False,False,61,True
1443,0.969794511795044,0.12279432912498578,,True,Phi-4-mini,Yes.,162.0,True,Do xbox original games work on xbox one?,True,False,115,True
1444,0.6860143542289734,0.12279432912498578,,True,Phi-4-mini,Yes.,113.0,True,Does an enhanced license work to get into canada?,True,False,81,True
1445,0.569927453994751,0.12279432912498578,,True,Phi-4-mini,Yes.,134.0,True,Are the church of england and the anglican church the same?,True,False,99,True
1446,0.00461149774491787,0.12279432912498578,,False,Phi-4-mini,No.,267.0,False,Does the winner keep the world cup trophy?,False,False,232,True
1447,0.9591661095619202,0.12279432912498578,,True,Phi-4-mini,Yes.,137.0,True,Can an image be formed without a screen?,True,False,101,True
1449,0.00022353653912432492,0.09994466725001416,,False,Phi-4-mini,No.,134.0,False,Is all of europe on the same time zone?,False,False,98,True
1450,0.09537677466869354,0.09994466725001416,,False,Phi-4-mini,No.,122.0,False,Does chloe on days of our lives really sing?,True,False,81,False
1451,0.07371528446674347,0.09994466725001416,,False,Phi-4-mini,No.,206.0,False,Can a neurotransmitter be both excitatory and inhibitory?,False,False,161,True
1452,0.1366439312696457,0.09994466725001416,,False,Phi-4-mini,No.,119.0,False,Can i go to montenegro with a schengen visa?,True,False,85,False
1453,0.025189049541950226,0.09994466725001416,,False,Phi-4-mini,No.,113.0,False,Can we travel faster than speed of light?,False,False,81,True
1454,0.030221404507756233,0.09994466725001416,,False,Phi-4-mini,No.,215.0,False,Is the abdomen the same as the stomach?,True,False,179,False
1455,0.004333064891397953,0.09994466725001416,,False,Phi-4-mini,No.,94.0,False,Is an american bully the same as an american bulldog?,False,False,55,True
1456,0.0013253808720037341,0.09994466725001416,,False,Phi-4-mini,No.,119.0,False,Is the civil rights act in the constitution?,False,False,77,True
1457,0.013641711324453354,0.12562322287499228,,False,Phi-4-mini,No.,181.0,False,Do you need an amplifier for powered speakers?,False,False,154,True
1459,0.00016349524958059192,0.12562322287499228,,False,Phi-4-mini,No.,168.0,False,Is single research design suitable in all research studies?,False,False,135,True
1460,0.0010326756164431572,0.12562322287499228,,False,Phi-4-mini,No.,140.0,False,Is navient and sallie mae the same company?,False,False,103,True
1461,0.9706992506980896,0.12562322287499228,,True,Phi-4-mini,Yes.,73.0,True,Is there a opening ceremony for world cup?,True,False,36,True
1462,0.26294681429862976,0.12562322287499228,,False,Phi-4-mini,No.,302.0,False,Is hawaii five-0 still on tv?,True,False,257,False
1463,0.00034606680856086314,0.12562322287499228,,False,Phi-4-mini,No.,185.0,False,Is a sweet potato part of the potato family?,False,False,155,True
1465,0.9814591407775879,0.12562322287499228,,True,Phi-4-mini,Yes.,168.0,True,Did they do a remake of the shining?,True,False,139,True
1466,0.2751829922199249,0.12562322287499228,,False,Phi-4-mini,No.,141.0,False,Is a grade d at a level a pass?,True,False,103,False
1467,0.00029605417512357235,0.12514707274999637,,False,Phi-4-mini,No.,95.0,False,Is sodium lactate the same as lactic acid?,False,False,55,True
1470,0.07373560220003128,0.12514707274999637,,False,Phi-4-mini,No.,151.0,False,Can a player be offsides on a throw in?,False,False,115,True
1473,0.9553259015083313,0.12514707274999637,,True,Phi-4-mini,Yes.,153.0,True,Is membranous nephropathy the same as membranous glomerulonephritis?,True,False,94,True
1474,0.003076270455494523,0.12514707274999637,,False,Phi-4-mini,No.,135.0,False,Can you promote a pawn to a pawn?,False,False,99,True
1475,0.995802104473114,0.12514707274999637,,True,Phi-4-mini,Yes.,195.0,True,Does wally west have powers in the flash?,True,False,152,True
1476,0.9996947050094604,0.12514707274999637,,True,Phi-4-mini,Yes.,163.0,True,Is the cabinet part of the executive branch?,True,False,135,True
1477,0.0011700139148160815,0.12514707274999637,,False,Phi-4-mini,No.,95.0,False,Is italy going to the world cup 2018?,False,False,56,True
1481,0.8596808314323425,0.12514707274999637,,True,Phi-4-mini,Yes.,301.0,True,Are muscle fibers and muscle cells the same?,True,False,264,True
1482,0.02033866010606289,0.12419903137501365,,False,Phi-4-mini,No.,100.0,False,Is a meter stick the same as a yardstick?,False,False,64,True
1483,0.27516549825668335,0.12419903137501365,,False,Phi-4-mini,No.,106.0,False,Do you get a medal for third place in world cup?,True,False,71,False
1484,0.907338559627533,0.12419903137501365,,True,Phi-4-mini,Yes,168.0,True,Can i turn right on a red light in quebec?,True,False,128,True
1486,0.03309489041566849,0.12419903137501365,,False,Phi-4-mini,No.,277.0,False,Is a flash drive and memory stick the same?,True,False,230,False
1487,0.9946170449256897,0.12419903137501365,,True,Phi-4-mini,Yes.,172.0,True,Is there a zoo in las vegas nevada?,True,False,136,True
1488,0.029332861304283142,0.12419903137501365,,False,Phi-4-mini,No.,242.0,False,Are all the songs in mama mia here we go again by abba?,True,False,209,False
1489,0.08274249732494354,0.12419903137501365,,False,Phi-4-mini,No.,140.0,False,Are there any living cast members of the wizard of oz?,False,False,94,True
1490,0.9047229290008545,0.12419903137501365,,True,Phi-4-mini,Yes.,126.0,True,Is greece not in the world cup 2018?,False,False,92,False
1491,0.8841010332107544,0.10283219187499526,,True,Phi-4-mini,Yes.,197.0,True,Is chicago fire filmed in a real firehouse?,False,False,155,False
1493,0.030230797827243805,0.10283219187499526,,False,Phi-4-mini,No.,150.0,False,Can you be offside on a corner kick?,True,False,116,False
1494,0.001245180144906044,0.10283219187499526,,False,Phi-4-mini,No.,109.0,False,Is there a new peanuts movie coming out?,False,False,75,True
1495,0.9908753633499146,0.10283219187499526,,True,Phi-4-mini,Yes.,97.0,True,Can you get a dog's vocal cords removed?,True,False,65,True
1496,0.9219553470611572,0.10283219187499526,,True,Phi-4-mini,Yes.,85.0,True,Did alphonse areola play in world cup 2018?,True,False,41,True
1497,0.9241797924041748,0.10283219187499526,,True,Phi-4-mini,Yes.,146.0,True,Is the nobel peace prize awarded every year?,True,False,110,True
1499,0.0064917621202766895,0.10283219187499526,,False,Phi-4-mini,No.,89.0,False,Has ireland qualified for the world cup 2018?,True,False,52,False
1500,0.9958023428916931,0.10283219187499526,,True,Phi-4-mini,Yes.,241.0,True,Is it lucky to find a four leaf clover?,True,False,205,True
1501,0.9996947050094604,0.10169962725001369,,True,Phi-4-mini,Yes.,135.0,True,Is the phantom of the opera a musical?,True,False,106,True
1502,0.00044438434997573495,0.10169962725001369,,False,Phi-4-mini,No.,192.0,False,Is the dominican republic considered part of the united states?,False,False,163,True
1503,0.017450788989663124,0.10169962725001369,,False,Phi-4-mini,No.,101.0,False,Is the lead singer of skid row dead?,False,False,62,True
1504,0.9965173006057739,0.10169962725001369,,True,Phi-4-mini,Yes.,153.0,True,Is the university of st thomas a non profit?,True,False,113,True
1505,0.9972853660583496,0.10169962725001369,,True,Phi-4-mini,Yes.,179.0,True,Is a stem and leaf plot a graph?,True,False,140,True
1506,0.00035723071778193116,0.10169962725001369,,False,Phi-4-mini,No.,218.0,False,Is mt fuji the tallest mountain in the world?,False,False,185,True
1508,0.003173539415001869,0.10169962725001369,,False,Phi-4-mini,No.,114.0,False,Is the movie roman j israel based on a true story?,False,False,78,True
1509,0.546840250492096,0.10169962725001369,,True,Phi-4-mini,Yes,151.0,True,Do they find a cure for damon wolf bite?,True,False,116,True
1510,0.9802846908569336,0.08651896737498532,,True,Phi-4-mini,Yes.,183.0,True,Is heat index the same as real feel?,True,False,148,True
1511,0.9802866578102112,0.08651896737498532,,True,Phi-4-mini,Yes.,139.0,True,Did they used to make 1000 dollar bills?,True,False,97,True
1512,0.9603726267814636,0.08651896737498532,,True,Phi-4-mini,Yes,58.0,True,Has the amazing race ever gone to israel?,True,False,23,True
1513,0.26906219124794006,0.08651896737498532,,False,Phi-4-mini,No.,141.0,False,Is the english channel in the atlantic ocean?,True,False,117,False
1514,0.972417950630188,0.08651896737498532,,True,Phi-4-mini,Yes.,110.0,True,Is there a law that says we have to pay taxes?,False,False,72,False
1515,0.9966241121292114,0.08651896737498532,,True,Phi-4-mini,Yes.,188.0,True,Has an mlb game ever ended in a tie?,True,False,147,True
1517,0.001368161290884018,0.08651896737498532,,False,Phi-4-mini,No.,155.0,False,Are all world cup matches played in russia?,False,False,112,True
1518,0.0003801004495471716,0.08651896737498532,,False,Phi-4-mini,No.,94.0,False,Is railroad retirement the same as social security?,False,False,60,True
1519,0.9802885055541992,0.11862992400000394,,True,Phi-4-mini,Yes.,168.0,True,Are norway sweden and finland part of europe?,True,False,138,True
1520,0.023699885234236717,0.11862992400000394,,False,Phi-4-mini,No.,260.0,False,Does sweden pay you to go to school?,False,False,216,True
1521,0.9993929862976074,0.11862992400000394,,True,Phi-4-mini,Yes.,156.0,True,Is there sales tax on crv in california?,True,False,119,True
1522,0.0014107614988461137,0.11862992400000394,,False,Phi-4-mini,No.,60.0,False,Is soy sauce and worcestershire sauce the same thing?,False,False,23,True
1523,0.00027809140738099813,0.11862992400000394,,False,Phi-4-mini,No.,127.0,False,Are the transmission and engine the same thing?,False,False,93,True
1524,0.9971996545791626,0.11862992400000394,,True,Phi-4-mini,Yes.,152.0,True,Is there a new child's play movie coming out?,True,False,120,True
1525,0.9777215123176575,0.11862992400000394,,True,Phi-4-mini,Yes.,166.0,True,Is the summer soltice the longest day of the year?,True,False,135,True
1527,0.6370784640312195,0.11862992400000394,,True,Phi-4-mini,Yes.,179.0,True,Is a jd the same as a doctorate?,True,False,154,True
1528,0.798248827457428,0.08525976562501114,,True,Phi-4-mini,Yes.,110.0,True,Does the prime minister actually live at number 10?,True,False,67,True
1529,0.9971994161605835,0.08525976562501114,,True,Phi-4-mini,Yes.,75.0,True,Is there such thing as unsweetened condensed milk?,True,False,37,True
1530,0.0014555229572579265,0.08525976562501114,,False,Phi-4-mini,No.,72.0,False,Is nitric oxide and nitrous oxide the same?,False,False,36,True
1531,0.04605484753847122,0.08525976562501114,,False,Phi-4-mini,No.,152.0,False,Is the movie 8 below a true story?,True,False,111,False
1532,0.08037466555833817,0.08525976562501114,,False,Phi-4-mini,No.,76.0,False,Is july 27 lunar eclipse visible in usa?,False,False,40,True
1533,0.32086700201034546,0.08525976562501114,,False,Phi-4-mini,No.,169.0,False,Can a baseball player catch a ball in the stands?,False,False,136,True
1534,0.0037086622323840857,0.08525976562501114,,False,Phi-4-mini,No.,179.0,False,Is one life to live still on tv?,False,False,126,True
1535,0.997817873954773,0.08525976562501114,,True,Phi-4-mini,Yes.,74.0,True,Are there any nuclear power plants in michigan?,True,False,39,True
1536,0.10089869797229767,0.12493680650001693,,False,Phi-4-mini,No.,148.0,False,Does it matter which number comes first in a ratio?,True,False,112,False
1537,0.00447018351405859,0.12493680650001693,,False,Phi-4-mini,No.,163.0,False,Is a girdle the same as a corset?,False,False,128,True
1538,0.9968277812004089,0.12493680650001693,,True,Phi-4-mini,Yes.,165.0,True,Can you play games from xbox 360 on xbox one?,True,False,115,True
1539,0.8267850279808044,0.12493680650001693,,True,Phi-4-mini,Yes.,119.0,True,Is harry potter world in island of adventure?,True,False,88,True
1540,0.053431496024131775,0.12493680650001693,,False,Phi-4-mini,No.,291.0,False,Do you need to be on us soil to claim asylum?,True,False,245,False
1541,0.0017556771636009216,0.12493680650001693,,False,Phi-4-mini,No.,137.0,False,Do they light up the twin towers every night?,True,False,98,False
1542,0.21743226051330566,0.12493680650001693,,False,Phi-4-mini,No.,176.0,False,Has an nhl team ever come back from 3-0?,True,False,134,False
1543,0.024433452636003494,0.12493680650001693,,False,Phi-4-mini,No.,246.0,False,Is i 30 in dallas a toll road?,False,False,199,True
1544,0.9899875521659851,0.13175486000000092,,True,Phi-4-mini,Yes.,313.0,True,Can you carry a gun in your car in montana?,True,False,276,True
1546,0.002551815239712596,0.13175486000000092,,False,Phi-4-mini,No.,168.0,False,Are all spark plugs the same size socket?,False,False,123,True
1547,0.3924205005168915,0.13175486000000092,,False,Phi-4-mini,No.,148.0,False,Can you be arrested for the same crime twice?,True,False,109,False
1548,0.5156922936439514,0.13175486000000092,,True,Phi-4-mini,Yes.,54.0,True,Is steve blass in the hall of fame?,True,False,16,True
1549,0.0010653564240783453,0.13175486000000092,,False,Phi-4-mini,No.,231.0,False,Do all ford explorers have 4 wheel drive?,False,False,194,True
1550,0.0037087327800691128,0.13175486000000092,,False,Phi-4-mini,No.,278.0,False,Is australia part of the ring of fire?,False,False,255,True
1551,0.07811771333217621,0.13175486000000092,,False,Phi-4-mini,No.,160.0,False,Is the poly a tail added immediately after the stop codon?,True,False,109,False
1552,0.99115389585495,0.13175486000000092,,True,Phi-4-mini,Yes.,205.0,True,Is joint tenancy the same as joint tenancy with right of survivorship?,True,False,172,True
1553,0.3630468249320984,0.10848543012500045,,False,Phi-4-mini,No.,162.0,False,Is there such thing as chronic lyme disease?,False,False,135,True
1554,0.003076212015002966,0.10848543012500045,,False,Phi-4-mini,No.,228.0,False,Did they have reflex sights in world war 2?,True,False,191,False
1556,0.4226172864437103,0.10848543012500045,,False,Phi-4-mini,No.,151.0,False,Does new york state have the death penalty?,False,False,113,True
1557,6.608137482544407e-05,0.10848543012500045,,False,Phi-4-mini,No.,139.0,False,Is the world cup in soccer every year?,False,False,100,True
1558,0.8596862554550171,0.10848543012500045,,True,Phi-4-mini,Yes.,155.0,True,Is log x the same as ln x?,False,False,121,False
1559,0.7879770994186401,0.10848543012500045,,True,Phi-4-mini,Yes.,100.0,True,Is the stop codon part of the coding region?,True,False,60,True
1560,0.9263191223144531,0.10848543012500045,,True,Phi-4-mini,Yes.,249.0,True,Can you carry a firearm in your car in texas?,True,False,215,True
1561,0.6298502087593079,0.10848543012500045,,True,Phi-4-mini,Yes.,158.0,True,Is the caribbean in north america or south america?,True,False,115,True
1562,0.04469829797744751,0.12894392062500515,,False,Phi-4-mini,No.,99.0,False,Is the big dipper the same as ursa major?,False,False,64,True
1563,0.999713122844696,0.12894392062500515,,True,Phi-4-mini,Yes.,112.0,True,Are pcp and angel dust the same thing?,True,False,78,True
1564,0.9977485537528992,0.12894392062500515,,True,Phi-4-mini,Yes.,136.0,True,Was there a book that predicted the titanic?,True,False,105,True
1565,0.05186290666460991,0.12894392062500515,,False,Phi-4-mini,No.,106.0,False,Does fred from first dates have a partner?,True,False,68,False
1566,0.002804733347147703,0.12894392062500515,,False,Phi-4-mini,No.,132.0,False,Are england the only country to change their clocks?,False,False,98,True
1567,0.007820060476660728,0.12894392062500515,,False,Phi-4-mini,No.,293.0,False,Is a vulture the same as a buzzard?,True,False,267,False
1568,0.7123127579689026,0.12894392062500515,,True,Phi-4-mini,Yes.,109.0,True,Is there something at the end of deadpool two?,True,False,81,True
1569,0.9961757659912109,0.12894392062500515,,True,Phi-4-mini,Yes.,300.0,True,Does left 4 dead 2 have a story?,True,False,267,True
1571,0.004071312956511974,0.11024002337501315,,False,Phi-4-mini,No.,198.0,False,Does uncle ben ever come back to life?,False,False,164,True
1572,0.012830149382352829,0.11024002337501315,,False,Phi-4-mini,No.,140.0,False,Does the winner of the world cup host it next time?,False,False,96,True
1573,0.9987553358078003,0.11024002337501315,,True,Phi-4-mini,Yes.,72.0,True,Is there a chip in the apple lightning cable?,True,False,37,True
1574,0.9241982102394104,0.11024002337501315,,True,Phi-4-mini,Yes.,115.0,True,Is guys grocery games in real grocery store?,False,False,79,False
1575,0.9971997737884521,0.11024002337501315,,True,Phi-4-mini,Yes.,231.0,True,Did the bulls get swept by the celtics?,True,False,191,True
1576,0.002116347663104534,0.11024002337501315,,False,Phi-4-mini,No.,157.0,False,Is the ford fusion and mazda 6 the same car?,False,False,129,True
1577,0.7880420684814453,0.11024002337501315,,True,Phi-4-mini,Yes.,150.0,True,Is there more than one national treasure movie?,True,False,123,True
1578,0.9755818843841553,0.11024002337501315,,True,Phi-4-mini,Yes.,107.0,True,Does michigan have the stand-your-ground law?,True,False,73,True
1579,0.0028910101391375065,0.09564454049998972,,False,Phi-4-mini,No.,188.0,False,Do the white sox and cubs share a stadium?,False,False,151,True
1580,0.9976772665977478,0.09564454049998972,,True,Phi-4-mini,Yes,132.0,True,Does speed racer ever find out racer x is his brother?,True,False,101,True
1581,0.9946163296699524,0.09564454049998972,,True,Phi-4-mini,Yes,162.0,True,Is there a sequel to the movie 300?,True,False,124,True
1582,0.43026331067085266,0.09564454049998972,,False,Phi-4-mini,No.,189.0,False,Does the us constitution protect the right to privacy?,True,False,153,False
1583,0.00012342000263743103,0.09564454049998972,,False,Phi-4-mini,No.,92.0,False,Is there a gmc version of the avalanche?,False,False,66,True
1584,0.08040935546159744,0.09564454049998972,,False,Phi-4-mini,No.,74.0,False,Is there a continuation to avengers infinity war?,True,False,37,False
1586,0.9955320358276367,0.09564454049998972,,True,Phi-4-mini,Yes.,197.0,True,Can you have two babies with different fathers?,True,False,163,True
1587,0.010330687277019024,0.09564454049998972,,False,Phi-4-mini,No.,90.0,False,Is lake george a man-made lake?,False,False,58,True
1588,0.00025322780129499733,0.09462622787498276,,False,Phi-4-mini,No.,115.0,False,Does a sim free phone lock to a network?,False,False,83,True
1589,0.0018107763025909662,0.09462622787498276,,False,Phi-4-mini,No.,170.0,False,Is fromage frais and quark the same thing?,True,False,160,False
1591,0.9890143275260925,0.09462622787498276,,True,Phi-4-mini,Yes.,182.0,True,Are there food sources of gamma linolenic acid?,True,False,145,True
1592,0.16454793512821198,0.09462622787498276,,False,Phi-4-mini,No.,105.0,False,Is an access course classed as higher education?,False,False,70,True
1593,0.013229194097220898,0.09462622787498276,,False,Phi-4-mini,No.,203.0,False,Does the dealer have to hit on 16?,True,False,171,False
1594,0.013226106762886047,0.09462622787498276,,False,Phi-4-mini,No.,192.0,False,Is reverse osmosis water the same as deionized?,False,False,156,True
1595,0.9985899329185486,0.09462622787498276,,True,Phi-4-mini,Yes.,128.0,True,Does rachel and ross get together in the end?,True,False,94,True
1597,0.03115430846810341,0.09462622787498276,,False,Phi-4-mini,No.,170.0,False,Can anyone take the bar exam in canada?,False,False,141,True
1598,0.13663989305496216,0.11861306549999995,,False,Phi-4-mini,No.,166.0,False,Can you buy beer on easter sunday in kansas?,False,False,124,True
1599,0.18721334636211395,0.11861306549999995,,False,Phi-4-mini,No.,258.0,False,Is married at first sight still on tv?,True,False,225,False
1600,0.7664582133293152,0.11861306549999995,,True,Phi-4-mini,Yes,181.0,True,Has mexico ever beat germany in the world cup?,True,False,139,True
1602,0.0025520676281303167,0.11861306549999995,,False,Phi-4-mini,No.,54.0,False,Can i perform a copyrighted song in public?,False,False,19,True
1604,0.30743923783302307,0.11861306549999995,,False,Phi-4-mini,No.,166.0,False,Was the steam engine invented during the renaissance?,False,False,131,True
1605,0.9997546076774597,0.11861306549999995,,True,Phi-4-mini,Yes.,156.0,True,Can you have citizenship in more than one country?,True,False,123,True
1607,0.987183690071106,0.11861306549999995,,True,Phi-4-mini,Yes.,160.0,True,Is the scream show based on the movie?,True,False,132,True
1609,0.01972377486526966,0.11861306549999995,,False,Phi-4-mini,No.,110.0,False,Is soft tissue damage the same as a sprain?,False,False,73,True
1610,0.9977491497993469,0.09906688712501932,,True,Phi-4-mini,Yes,100.0,True,Is boss baby back in business on netflix?,True,False,62,True
1611,0.29432904720306396,0.09906688712501932,,False,Phi-4-mini,No.,150.0,False,Will there be more episodes of spirit riding free?,True,False,96,False
1612,0.00022345130855683237,0.09906688712501932,,False,Phi-4-mini,No.,165.0,False,Is a processor the same as a motherboard?,False,False,136,True
1613,0.00020997597312089056,0.09906688712501932,,False,Phi-4-mini,No.,72.0,False,Will there be season 9 of desperate housewives?,False,False,35,True
1614,0.999713122844696,0.09906688712501932,,True,Phi-4-mini,Yes.,223.0,True,Is highway 91 in florida a toll road?,True,False,173,True
1616,0.9998944997787476,0.09906688712501932,,True,Phi-4-mini,Yes.,104.0,True,Does gram positive have a thick cell wall?,True,False,71,True
1617,0.0028019819874316454,0.09906688712501932,,False,Phi-4-mini,No.,56.0,False,Was designated survivor filmed in the white house?,False,False,21,True
1618,0.27518677711486816,0.09906688712501932,,False,Phi-4-mini,No.,97.0,False,Do they bleach rice to make it white?,False,False,63,True
1619,0.9969249367713928,0.1541669046249865,,True,Phi-4-mini,Yes.,183.0,True,Is the washington post a reputable news source?,True,False,142,True
1620,0.014965349808335304,0.1541669046249865,,False,Phi-4-mini,No.,361.0,False,Does robert's rules of order allow proxy voting?,False,False,333,True
1621,0.5313024520874023,0.1541669046249865,,True,Phi-4-mini,Yes,79.0,True,Is there a season 5 in the 100?,True,False,35,True
1622,0.9974499344825745,0.1541669046249865,,True,Phi-4-mini,Yes.,145.0,True,Is there a season 7 of shameless us?,True,False,105,True
1624,0.08513052761554718,0.1541669046249865,,False,Phi-4-mini,No.,168.0,False,Has the bottom of the marianas trench been explored?,True,False,132,False
1625,0.07587208598852158,0.1541669046249865,,False,Phi-4-mini,No.,97.0,False,Is japanese black garlic supposed to be mushy?,True,False,69,False
1626,0.00971133727580309,0.1541669046249865,,False,Phi-4-mini,No.,201.0,False,Is the esophagus in front of the heart?,False,False,167,True
1628,0.997199296951294,0.1541669046249865,,True,Phi-4-mini,Yes.,86.0,True,Are quantum mechanics and quantum physics the same?,True,False,52,True
1629,0.2814742624759674,0.07295097787502414,,False,Phi-4-mini,No.,113.0,False,Is in the time of the butterflies a true story?,True,False,76,False
1631,0.98145592212677,0.07295097787502414,,True,Phi-4-mini,Yes.,105.0,True,Is the world health organization a government organization?,True,False,69,True
1632,0.17786218225955963,0.07295097787502414,,False,Phi-4-mini,No.,129.0,False,Is nail acetone the same as paint acetone?,True,False,88,False
1633,0.8741427063941956,0.07295097787502414,,True,Phi-4-mini,Yes.,143.0,True,Has anyone won two oscars in one night?,True,False,99,True
1635,0.9978179931640625,0.07295097787502414,,True,Phi-4-mini,Yes.,84.0,True,Are there any major water concerns for australia?,True,False,52,True
1637,0.9381328821182251,0.07295097787502414,,True,Phi-4-mini,Yes.,111.0,True,Can you claim benefits if you have indefinite leave to remain?,True,False,75,True
1638,0.3776186406612396,0.07295097787502414,,False,Phi-4-mini,No.,158.0,False,Is a recorder the same as a tin whistle?,False,False,126,True
1639,5.8305497077526525e-05,0.07295097787502414,,False,Phi-4-mini,No.,64.0,False,Does the baseball all star game determine home field advantage?,False,False,26,True
1642,0.09272468090057373,0.09606608449999499,,False,Phi-4-mini,No.,175.0,False,Is static pressure the same as atmospheric pressure?,False,False,143,True
1643,0.9173431992530823,0.09606608449999499,,True,Phi-4-mini,Yes.,151.0,True,Has croatia ever been in a world cup final?,True,False,94,True
1644,0.00032512014149688184,0.09606608449999499,,False,Phi-4-mini,No.,130.0,False,Is living at high altitude good for you?,False,False,94,True
1645,0.9993929862976074,0.09606608449999499,,True,Phi-4-mini,Yes.,104.0,True,Can i use cast iron pans on an induction hob?,True,False,66,True
1646,0.997368574142456,0.09606608449999499,,True,Phi-4-mini,Yes.,132.0,True,Does the size of a motor unit vary?,True,False,104,True
1647,0.9940912127494812,0.09606608449999499,,True,Phi-4-mini,Yes.,72.0,True,Were the blossom twins in the archie comics?,True,False,39,True
1648,0.1067509576678276,0.09606608449999499,,False,Phi-4-mini,No,207.0,False,Is it illegal to have a crossbow in uk?,False,False,158,True
1649,0.9893485307693481,0.09606608449999499,,True,Phi-4-mini,Yes.,144.0,True,Is it illegal to take a stop sign?,True,False,108,True
1650,0.8311998248100281,0.10091011337499367,,True,Phi-4-mini,Yes.,207.0,True,Are there any tin mines left in cornwall?,False,False,174,False
1651,0.010018829256296158,0.10091011337499367,,False,Phi-4-mini,No.,138.0,False,Is an ember in the ashes a trilogy?,True,False,101,False
1652,0.00382775510661304,0.10091011337499367,,False,Phi-4-mini,No,128.0,False,Is fargo the series based on a true story?,False,False,92,True
1653,0.0012845773017033935,0.10091011337499367,,False,Phi-4-mini,No.,128.0,False,Are discouraged workers part of the unemployment rate?,False,False,93,True
1654,0.5157237648963928,0.10091011337499367,,True,Phi-4-mini,Yes.,130.0,True,Is there a difference between soy and soya sauce?,False,False,98,False
1655,0.9981325268745422,0.10091011337499367,,True,Phi-4-mini,Yes.,97.0,True,Can you feel pain from a broken heart?,True,False,64,True
1656,0.010018639266490936,0.10091011337499367,,False,Phi-4-mini,No.,220.0,False,Did the first iphone have a front camera?,False,False,182,True
1657,0.6860036849975586,0.10091011337499367,,True,Phi-4-mini,Yes.,69.0,True,Can the nazca lines be seen from the ground?,True,False,33,True
1659,0.00030545840854756534,0.1746635102500136,,False,Phi-4-mini,No.,70.0,False,Is end point the same as equivalence point?,False,False,32,True
1660,0.9875723123550415,0.1746635102500136,,True,Phi-4-mini,Yes.,270.0,True,Does dory find her parents in finding dory?,True,False,240,True
1661,0.1442091017961502,0.1746635102500136,,False,Phi-4-mini,No.,410.0,False,Is there going to be a new grand tour?,True,True,504,False
1662,0.9911534190177917,0.1746635102500136,,True,Phi-4-mini,Yes.,192.0,True,Can you get turf toe on other toes?,True,False,165,True
1664,0.07589428871870041,0.1746635102500136,,False,Phi-4-mini,No.,124.0,False,Is blue cross and blue shield the same company?,True,False,77,False
1666,0.32087117433547974,0.1746635102500136,,False,Phi-4-mini,No.,133.0,False,Is a master's degree higher than an honours degree?,False,False,105,True
1667,0.9344033598899841,0.1746635102500136,,True,Phi-4-mini,Yes.,172.0,True,Do church of england make the sign of the cross?,True,False,140,True
1668,0.002634839853271842,0.1746635102500136,,False,Phi-4-mini,No.,174.0,False,Is all the members of fleetwood mac still alive?,False,False,130,True
1671,0.999762237071991,0.08348218212501024,,True,Phi-4-mini,Yes.,98.0,True,Does host team automatically qualify for world cup?,True,False,62,True
1672,0.782719612121582,0.08348218212501024,,True,Phi-4-mini,Yes.,122.0,True,Can a grizzly bear mate with a polar bear?,True,False,90,True
1673,0.006491934880614281,0.08348218212501024,,False,Phi-4-mini,No.,168.0,False,Is the hobbit part of the lord of the rings trilogy?,False,False,133,True
1674,0.000519421708304435,0.08348218212501024,,False,Phi-4-mini,No.,166.0,False,Is input lag and response time the same thing?,False,False,131,True
1675,0.0009112595580518246,0.08348218212501024,,False,Phi-4-mini,No.,161.0,False,Is the trachea part of the upper respiratory system?,False,False,120,True
1678,0.9937121868133545,0.08348218212501024,,True,Phi-4-mini,Yes,105.0,True,Has a keeper ever won the ballon d'or?,True,False,69,True
1679,0.001754935015924275,0.08348218212501024,,False,Phi-4-mini,No.,131.0,False,Can picking your nose affect your sense of smell?,False,False,100,True
1680,0.9986329674720764,0.08348218212501024,,True,Phi-4-mini,Yes.,113.0,True,Does a deed of trust have to have a trustee?,True,False,78,True
1681,0.47671765089035034,0.17986173862502142,,False,Phi-4-mini,No.,422.0,False,Do blaine and kurt get back together in season 6?,True,True,533,False
1682,0.999089241027832,0.17986173862502142,,True,Phi-4-mini,Yes,176.0,True,Was blow me away made for halo 2?,True,False,138,True
1683,0.0008300003246404231,0.17986173862502142,,False,Phi-4-mini,No.,144.0,False,Does george w bush still own the texas rangers?,False,False,102,True
1684,0.00021661094797309488,0.17986173862502142,,False,Phi-4-mini,No.,231.0,False,Is kinetic energy conserved in perfectly inelastic collisions?,False,False,197,True
1685,0.8355275392532349,0.17986173862502142,,True,Phi-4-mini,Yes,125.0,True,Is there a third season of good morning call?,False,False,88,False
1686,0.009713905863463879,0.17986173862502142,,False,Phi-4-mini,No.,251.0,False,Are there warrant officers in the air force?,False,False,205,True
1687,0.2878350615501404,0.17986173862502142,,False,Phi-4-mini,No.,234.0,False,Can the texas flag fly at the same height as the us flag?,True,False,199,False
1688,0.9777178764343262,0.17986173862502142,,True,Phi-4-mini,Yes.,89.0,True,Is there a new x-men movie coming out?,True,False,53,True
1689,0.9984514713287354,0.12866767200000595,,True,Phi-4-mini,Yes.,105.0,True,Is the wonderful wizard of oz a fairy tale?,True,False,71,True
1690,0.0009112422121688724,0.12866767200000595,,False,Phi-4-mini,No.,165.0,False,Is response time the same as input lag?,False,False,131,True
1691,0.002632775576785207,0.12866767200000595,,False,Phi-4-mini,No.,306.0,False,Is atmospheric pressure always equal to 1 atm?,False,False,267,True
1692,0.007818818092346191,0.12866767200000595,,False,Phi-4-mini,No.,106.0,False,Do i need a permit to open carry in missouri?,True,False,67,False
1693,0.46114471554756165,0.12866767200000595,,False,Phi-4-mini,No.,132.0,False,Do tom and hannah get together in made of honor?,True,False,97,False
1694,0.9724221229553223,0.12866767200000595,,True,Phi-4-mini,Yes.,186.0,True,Was the declaration of independence written during the second continental congress?,True,False,139,True
1696,0.998715877532959,0.12866767200000595,,True,Phi-4-mini,Yes.,139.0,True,Can a country have a president and a prime minister?,True,False,105,True
1697,0.4303072690963745,0.12866767200000595,,False,Phi-4-mini,No.,88.0,False,Is fullmetal alchemist brotherhood a continuation of the original?,False,False,46,True
1698,0.08759798109531403,0.12663362062500028,,False,Phi-4-mini,No.,88.0,False,Will there be a season 2 of 11-22-63?,False,False,50,True
1699,0.9924236536026001,0.12663362062500028,,True,Phi-4-mini,Yes.,220.0,True,Are a cougar and mountain lion the same?,True,False,200,True
1700,0.9124644994735718,0.12663362062500028,,True,Phi-4-mini,Yes.,278.0,True,Is there a gopher in winnie the pooh?,True,False,250,True
1701,0.0035947503056377172,0.12663362062500028,,False,Phi-4-mini,No.,230.0,False,Is a pterodactyl the same as a pteranodon?,False,False,185,True
1702,0.9825615882873535,0.12663362062500028,,True,Phi-4-mini,Yes.,122.0,True,Is orlando international airport the same as mco?,True,False,85,True
1703,0.5776135921478271,0.12663362062500028,,True,Phi-4-mini,Yes.,118.0,True,Has the leaning tower of pisa always been leaning?,True,False,78,True
1704,0.017450332641601562,0.12663362062500028,,False,Phi-4-mini,No.,122.0,False,Will cold case ever be released on dvd?,True,False,87,False
1706,0.8267604112625122,0.12663362062500028,,True,Phi-4-mini,Yes.,145.0,True,Is a plc the same as a limited company?,True,False,112,True
1707,0.0007795473211444914,0.12684532649998914,,False,Phi-4-mini,No.,85.0,False,Is queso fresco and queso blanco the same?,False,False,57,True
1708,0.2451930046081543,0.12684532649998914,,False,Phi-4-mini,No.,85.0,False,Are domestic and feral cats native to australia?,False,False,45,True
1709,0.9899879097938538,0.12684532649998914,,True,Phi-4-mini,Yes.,159.0,True,Are there tornadoes anywhere else in the world?,True,False,130,True
1710,0.5622609853744507,0.12684532649998914,,True,Phi-4-mini,Yes.,132.0,True,Is great america the same as six flags?,False,False,102,False
1711,0.2630259394645691,0.12684532649998914,,False,Phi-4-mini,No.,297.0,False,Has the us ever won a world cup in soccer?,False,False,254,True
1712,0.02229159139096737,0.12684532649998914,,False,Phi-4-mini,No.,213.0,False,Does alex come back to grey sloan memorial?,False,False,183,True
1713,0.9985899329185486,0.12684532649998914,,True,Phi-4-mini,Yes.,246.0,True,Do all colors of fruit loops taste the same?,True,False,211,True
1714,0.01591421477496624,0.12684532649998914,,False,Phi-4-mini,No.,229.0,False,Is the great wall of china all around china?,False,False,194,True
1715,3.764348366530612e-05,0.12498952375000272,,False,Phi-4-mini,No.,104.0,False,Is st george's chapel in westminster abbey?,False,False,70,True
1717,0.011691488325595856,0.12498952375000272,,False,Phi-4-mini,No.,127.0,False,Was call of duty ww2 based on a true story?,False,False,84,True
1718,0.028443727642297745,0.12498952375000272,,False,Phi-4-mini,No.,82.0,False,Is extended release the same as sustained release?,False,False,50,True
1719,0.5698807239532471,0.12498952375000272,,True,Phi-4-mini,Yes,187.0,True,Can cars go on the staten island ferry?,True,False,149,True
1721,0.9984519481658936,0.12498952375000272,,True,Phi-4-mini,Yes.,300.0,True,Did belgium used to be part of france?,True,False,268,True
1722,0.0015014224918559194,0.12498952375000272,,False,Phi-4-mini,No.,177.0,False,Can i put a regular bulb in a 3 way lamp?,False,False,144,True
1723,0.9591724872589111,0.12498952375000272,,True,Phi-4-mini,Yes,155.0,True,Is there a sequel to the whole nine yards?,True,False,113,True
1724,0.6724543571472168,0.12498952375000272,,True,Phi-4-mini,Yes.,149.0,True,Does duke die in gi joe 2 retaliation 2013?,True,False,118,True
1725,0.8903359174728394,0.1682557358749932,,True,Phi-4-mini,Yes.,144.0,True,Is the vagus nerve part of the cns?,False,False,106,False
1726,0.8903136253356934,0.1682557358749932,,True,Phi-4-mini,Yes.,192.0,True,Is a digital audio cable the same as an optical cable?,True,False,164,True
1727,0.9830915331840515,0.1682557358749932,,True,Phi-4-mini,Yes.,174.0,True,Does meredith have a baby in greys anatomy?,True,False,144,True
1728,0.004758486524224281,0.1682557358749932,,False,Phi-4-mini,No.,64.0,False,Does dr burke come back after season 3?,True,False,28,False
1730,0.2878585159778595,0.1682557358749932,,False,Phi-4-mini,No.,387.0,False,Does gaston die in the original beauty and the beast?,True,False,355,False
1731,0.09272435307502747,0.1682557358749932,,False,Phi-4-mini,No.,176.0,False,Has there been a duke of sussex before?,True,False,137,False
1732,0.0259762704372406,0.1682557358749932,,False,Phi-4-mini,No.,226.0,False,Did the captain of the uss indianapolis live?,True,False,175,False
1733,0.8991953730583191,0.1682557358749932,,True,Phi-4-mini,Yes.,127.0,True,Did bruce forsyth do the price is right?,True,False,78,True
1734,0.9937113523483276,0.1073367514999859,,True,Phi-4-mini,Yes.,108.0,True,Does nevada have a stand your ground law?,True,False,74,True
1735,0.04209926351904869,0.1073367514999859,,False,Phi-4-mini,No.,230.0,False,Does the magnitude of a physical quantity change with the change in the system of units?,False,False,178,True
1737,0.9993539452552795,0.1073367514999859,,True,Phi-4-mini,Yes.,184.0,True,Is fantastic beasts and where to find them a book?,True,False,156,True
1738,0.3776123821735382,0.1073367514999859,,False,Phi-4-mini,No.,138.0,False,Is free market and market economy the same?,False,False,111,True
1739,0.995245635509491,0.1073367514999859,,True,Phi-4-mini,Yes.,174.0,True,Is there spongy bone in the medullary cavity?,True,False,132,True
1740,0.7931366562843323,0.1073367514999859,,True,Phi-4-mini,Yes.,144.0,True,Is a garbanzo bean and a chickpea the same thing?,True,False,109,True
1741,0.9914239048957825,0.1073367514999859,,True,Phi-4-mini,Yes.,166.0,True,Is the website have i been pwned legit?,True,False,133,True
1742,0.03410959988832474,0.1073367514999859,,False,Phi-4-mini,No.,169.0,False,Is the last king of scotland historically accurate?,False,False,141,True
1743,0.8903299570083618,0.12594744724998463,,True,Phi-4-mini,Yes.,80.0,True,Is impaired driving a criminal offence in alberta?,True,False,44,True
1744,0.9972858428955078,0.12594744724998463,,True,Phi-4-mini,Yes.,285.0,True,Is canada part of the un security council?,False,False,233,False
1745,0.15616720914840698,0.12594744724998463,,False,Phi-4-mini,No.,247.0,False,Is directv and dish network owned by the same company?,False,False,207,True
1746,0.5079358220100403,0.12594744724998463,,True,Phi-4-mini,Yes.,181.0,True,Was there more than one pharaoh at a time?,True,False,144,True
1747,0.028448263183236122,0.12594744724998463,,False,Phi-4-mini,No.,149.0,False,Did anne of green gables house burn down?,False,False,111,True
1749,0.0001234298833878711,0.12594744724998463,,False,Phi-4-mini,No.,65.0,False,Are fighting words protected under freedom of speech?,False,False,30,True
1750,0.00048816975322552025,0.12594744724998463,,False,Phi-4-mini,No.,119.0,False,Is the venus fly trap the only carnivorous plant?,False,False,84,True
1751,0.9916853904724121,0.12594744724998463,,True,Phi-4-mini,Yes,156.0,True,Can triamcinolone cream be used for poison ivy?,True,False,126,True
1753,0.9977483153343201,0.10194486874999598,,True,Phi-4-mini,Yes.,177.0,True,Is blue bell ice cream still in business?,True,False,139,True
1754,0.9566400051116943,0.10194486874999598,,True,Phi-4-mini,Yes.,159.0,True,Is it necessary that there is a cause before an effect?,True,False,119,True
1755,0.09272724390029907,0.10194486874999598,,False,Phi-4-mini,No.,155.0,False,Was a real lykan used in furious 7?,True,False,122,False
1756,0.9988304972648621,0.10194486874999598,,True,Phi-4-mini,Yes.,194.0,True,Are profit and loss and income statement the same thing?,True,False,158,True
1757,0.016409311443567276,0.10194486874999598,,False,Phi-4-mini,No.,65.0,False,Are the sea and the ocean the same thing?,True,False,30,False
1758,0.9669287800788879,0.10194486874999598,,True,Phi-4-mini,Yes.,156.0,True,Do sea otters live in the pacific ocean?,True,False,118,True
1760,0.05341239273548126,0.10194486874999598,,False,Phi-4-mini,No.,214.0,False,Is ellen's game of games still on tv?,True,False,165,False
1761,0.9960556030273438,0.10194486874999598,,True,Phi-4-mini,Yes.,143.0,True,Does the us air force have a special forces?,True,False,111,True
1762,0.5078833699226379,0.12317800987500505,,True,Phi-4-mini,Yes.,70.0,True,Is the house of representatives the same as congress?,True,False,34,True
1763,0.9969250559806824,0.12317800987500505,,True,Phi-4-mini,Yes,108.0,True,Does the e train go to world trade center?,True,False,71,True
1765,0.9955326318740845,0.12317800987500505,,True,Phi-4-mini,Yes.,284.0,True,Was there a military draft in world war 2?,True,False,240,True
1766,0.9946162104606628,0.12317800987500505,,True,Phi-4-mini,Yes.,138.0,True,Is there a medical school in las vegas?,True,False,99,True
1767,0.00225329608656466,0.12317800987500505,,False,Phi-4-mini,No.,97.0,False,Have england ever won the women's world cup?,False,False,53,True
1768,0.992185652256012,0.12317800987500505,,True,Phi-4-mini,Yes.,162.0,True,Does maple syrup come out of the tree sweet?,True,False,125,True
1769,0.9998365640640259,0.12317800987500505,,True,Phi-4-mini,Yes.,251.0,True,Does pure vanilla extract have alcohol in it?,True,False,222,True
1770,0.9893484115600586,0.12317800987500505,,True,Phi-4-mini,Yes.,109.0,True,Is news release and press release the same?,True,False,76,True
1771,0.9984025359153748,0.1200121893750179,,True,Phi-4-mini,Yes.,153.0,True,Has there ever been a triple crown winner?,True,False,106,True
1772,0.3277372121810913,0.1200121893750179,,False,Phi-4-mini,No.,249.0,False,Do uk citizens need a tourist visa for turkey?,True,False,237,False
1773,0.9969249367713928,0.1200121893750179,,True,Phi-4-mini,Yes.,261.0,True,Is a woodchuck and a ground hog the same thing?,True,False,226,True
1775,0.0003460932057350874,0.1200121893750179,,False,Phi-4-mini,No.,127.0,False,Is an employment authorization card a green card?,False,False,95,True
1776,0.8634501099586487,0.1200121893750179,,True,Phi-4-mini,Yes.,172.0,True,Do away goals count in the league playoffs?,True,False,140,True
1777,0.004335534293204546,0.1200121893750179,,False,Phi-4-mini,No.,160.0,False,Is season 5 agents of shield the last season?,False,False,118,True
1778,0.00021001840650569648,0.1200121893750179,,False,Phi-4-mini,No.,144.0,False,Did india qualify for football world cup 2018?,False,False,107,True
1779,0.4378967583179474,0.1200121893750179,,False,Phi-4-mini,No.,135.0,False,Can a local maximum also be an absolute maximum?,True,False,105,False
1781,0.0446912944316864,0.11757017112500989,,False,Phi-4-mini,No.,211.0,False,Does the governor die on the walking dead?,False,False,177,True
1782,0.9679082036018372,0.11757017112500989,,True,Phi-4-mini,Yes.,97.0,True,Does the us have a military base in thailand?,True,False,58,True
1783,0.03848538547754288,0.11757017112500989,,False,Phi-4-mini,No.,172.0,False,Is cape canaveral the same as the kennedy space center?,False,False,133,True
1784,0.15210847556591034,0.11757017112500989,,False,Phi-4-mini,No.,68.0,False,Is there a sequal to avengers infinity war?,True,False,27,False
1785,0.9971107244491577,0.11757017112500989,,True,Phi-4-mini,Yes.,125.0,True,Does new york city still have rent control?,True,False,88,True
1786,0.9648699164390564,0.11757017112500989,,True,Phi-4-mini,Yes.,86.0,True,Has anyone been awarded 2 medals of honor?,True,False,50,True
1787,0.07813282310962677,0.11757017112500989,,False,Phi-4-mini,No.,259.0,False,Have chelsea always been in the premier league?,True,False,215,False
1788,0.008848625235259533,0.11757017112500989,,False,Phi-4-mini,No.,80.0,False,Is the spleen part of the circulatory system?,False,False,38,True
1789,0.0005359419155865908,0.12411205262498015,,False,Phi-4-mini,No.,81.0,False,Does the lining of the uterus shed during implantation?,False,False,42,True
1790,0.00010892516002058983,0.12411205262498015,,False,Phi-4-mini,No.,186.0,False,Is saigon cinnamon the same as ceylon cinnamon?,False,False,153,True
1792,0.8706299066543579,0.12411205262498015,,True,Phi-4-mini,Yes.,154.0,True,Is a bagel with cream cheese a sandwich?,True,False,124,True
1793,0.09810294955968857,0.12411205262498015,,False,Phi-4-mini,No.,116.0,False,Can a horse and a donkey have a baby?,True,False,84,False
1794,0.6654657125473022,0.12411205262498015,,True,Phi-4-mini,Yes.,239.0,True,Is there a yolk sac with blighted ovum?,True,False,196,True
1795,0.0011698177549988031,0.12411205262498015,,False,Phi-4-mini,No.,118.0,False,Is the cystic duct the same as the common bile duct?,False,False,81,True
1798,0.999268114566803,0.12411205262498015,,True,Phi-4-mini,Yes.,291.0,True,Was the tower of london a royal residence?,True,False,250,True
1801,0.9850475788116455,0.12411205262498015,,True,Phi-4-mini,Yes.,124.0,True,Is the supreme court the highest court in the land?,True,False,88,True
1802,0.9099438786506653,0.12498730699999783,,True,Phi-4-mini,Yes.,68.0,True,Is the water club part of the borgata?,True,False,35,True
1803,0.9867786169052124,0.12498730699999783,,True,Phi-4-mini,Yes.,281.0,True,Does a two dollar bill have any value?,True,False,254,True
1804,0.021620498970150948,0.12498730699999783,,False,Phi-4-mini,No.,165.0,False,Are $10 000 bills still in circulation?,False,False,118,True
1805,0.25096800923347473,0.12498730699999783,,False,Phi-4-mini,No.,98.0,False,Does the us mint make 1000 dollar bills?,False,False,62,True
1806,0.0003251238667871803,0.12498730699999783,,False,Phi-4-mini,No.,150.0,False,Is 8.5 x 11 the same as a4?,False,False,110,True
1807,0.9962937235832214,0.12498730699999783,,True,Phi-4-mini,Yes.,154.0,True,Is black ops 3 related to black ops 2?,True,False,121,True
1808,0.9990602135658264,0.12498730699999783,,True,Phi-4-mini,Yes.,231.0,True,Is there a trophy for the triple crown?,True,False,211,True
1809,0.006693510338664055,0.12498730699999783,,False,Phi-4-mini,No.,84.0,False,Are they making a season 3 of life unexpected?,False,False,46,True
1810,0.971572995185852,0.09124895787499554,,True,Phi-4-mini,Yes.,110.0,True,Is there a dam on the missouri river?,True,False,74,True
1811,0.4000460207462311,0.09124895787499554,,False,Phi-4-mini,No.,148.0,False,Is there a movie after meet the fockers?,True,False,112,False
1812,0.9988669157028198,0.09124895787499554,,True,Phi-4-mini,Yes,68.0,True,Is season 7 of new girl the last season?,True,False,28,True
1813,0.0015015311073511839,0.09124895787499554,,False,Phi-4-mini,No.,60.0,False,Are there any area codes that start with 1?,False,False,21,True
1814,0.9983518123626709,0.09124895787499554,,True,Phi-4-mini,Yes.,119.0,True,Is hcf a not for profit health fund?,True,False,84,True
1816,0.9890145659446716,0.09124895787499554,,True,Phi-4-mini,Yes.,191.0,True,Is there such thing as a phobia of vomit?,True,False,153,True
1817,0.03022833913564682,0.09124895787499554,,False,Phi-4-mini,No.,116.0,False,Is there a 3rd season of 800 words?,True,False,66,False
1818,0.0012847681064158678,0.09124895787499554,,False,Phi-4-mini,No.,155.0,False,Is the czech republic and czechoslovakia the same thing?,False,False,118,True
1820,0.29430052638053894,0.12121793874999298,,False,Phi-4-mini,No.,95.0,False,Is this is us over for the season?,True,False,52,False
1821,0.025971347466111183,0.12121793874999298,,False,Phi-4-mini,No.,128.0,False,Is princeton theological seminary part of princeton university?,True,False,96,False
1822,0.17791740596294403,0.12121793874999298,,False,Phi-4-mini,No.,255.0,False,Does mlb all star game determines home field?,True,False,217,False
1823,0.020971914753317833,0.12121793874999298,,False,Phi-4-mini,No.,262.0,False,Is cholesterol a partial breakdown product of lipids?,True,False,219,False
1824,0.0010653766803443432,0.12121793874999298,,False,Phi-4-mini,No.,173.0,False,Is the sort code the same for everyone?,False,False,140,True
1825,0.9740459322929382,0.12121793874999298,,True,Phi-4-mini,Yes.,194.0,True,Is a 10 year old still a child?,True,False,155,True
1827,0.0384841151535511,0.12121793874999298,,False,Phi-4-mini,No.,50.0,False,Is a place to call home finished for good?,False,False,11,True
1828,0.877505898475647,0.12121793874999298,,True,Phi-4-mini,Yes,171.0,True,Do male and female highland cows have horns?,True,False,144,True
1829,0.9867814183235168,0.17847613062500045,,True,Phi-4-mini,Yes.,145.0,True,Is psalm 119 the longest chapter of the bible?,True,False,110,True
1830,0.999373733997345,0.17847613062500045,,True,Phi-4-mini,Yes.,97.0,True,Do gram negative bacteria have a cell wall?,True,False,61,True
1831,0.6584784388542175,0.17847613062500045,,True,Phi-4-mini,Yes.,98.0,True,Is there such a place as garrison colorado?,False,False,64,False
1832,0.9928804636001587,0.17847613062500045,,True,Phi-4-mini,Yes.,104.0,True,Does the wnba play with a smaller ball?,True,False,66,True
1833,0.6993106007575989,0.17847613062500045,,True,Phi-4-mini,Yes.,97.0,True,Does caesar live in dawn of the planet of the apes?,True,False,57,True
1834,0.7312017679214478,0.17847613062500045,,True,Phi-4-mini,Yes.,126.0,True,Do european countries still have their own currency?,True,False,91,True
1835,0.9996200799942017,0.17847613062500045,,True,Phi-4-mini,Yes.,196.0,True,Can a passport card be used for domestic flights?,True,False,168,True
1836,0.8903165459632874,0.17847613062500045,,True,Phi-4-mini,Yes,422.0,True,Do lexie and mark ever get back together?,False,True,647,False
1837,0.9850447773933411,0.1274019531250019,,True,Phi-4-mini,Yes.,164.0,True,Do you use chemicals in a salt water pool?,True,False,128,True
1838,0.5699480175971985,0.1274019531250019,,True,Phi-4-mini,Yes.,287.0,True,Do barn swallows lay eggs more than once a year?,True,False,250,True
1839,0.0005530126509256661,0.1274019531250019,,False,Phi-4-mini,No.,233.0,False,Is the bald eagle the biggest bird in the world?,False,False,196,True
1841,0.0018683127127587795,0.1274019531250019,,False,Phi-4-mini,No.,111.0,False,Is the tortoise and the hare a fairy tale?,False,False,75,True
1842,5.831150338053703e-05,0.1274019531250019,,False,Phi-4-mini,No.,136.0,False,Is carbon a metal on the periodic table?,True,False,100,False
1843,0.9173153638839722,0.1274019531250019,,True,Phi-4-mini,Yes.,144.0,True,Do you need a license to ride a mini bike?,True,False,110,True
1844,0.9939033389091492,0.1274019531250019,,True,Phi-4-mini,Yes.,267.0,True,Are flash arrow and supergirl in the same universe?,True,False,247,True
1845,0.6442854404449463,0.1274019531250019,,True,Phi-4-mini,Yes,126.0,True,Can you go out in uno with a wildcard?,True,False,88,True
1846,0.008069437928497791,0.10483003137500191,,False,Phi-4-mini,No.,252.0,False,Does taiwan have a seat in the un?,False,False,219,True
1847,0.7718764543533325,0.10483003137500191,,True,Phi-4-mini,Yes.,103.0,True,Can you land a seaplane in the ocean?,True,False,69,True
1848,0.39985191822052,0.10483003137500191,,False,Phi-4-mini,No.,64.0,False,Can you be responsible and accountable in a raci?,True,False,31,False
1849,0.006490753963589668,0.10483003137500191,,False,Phi-4-mini,No.,88.0,False,Can you marry more than one person in uk?,False,False,51,True
1850,0.9669245481491089,0.10483003137500191,,True,Phi-4-mini,Yes.,129.0,True,Is the right to a fair trial in the constitution?,False,False,90,False
1851,0.839758574962616,0.10483003137500191,,True,Phi-4-mini,Yes.,200.0,True,Are yellow jackets and wasps the same thing?,True,False,169,True
1852,0.9998028874397278,0.10483003137500191,,True,Phi-4-mini,Yes.,103.0,True,Does the atomic number represent the number of protons?,True,False,65,True
1853,0.0023976522497832775,0.10483003137500191,,False,Phi-4-mini,No.,93.0,False,Is it a requirement to own a gun in switzerland?,False,False,50,True
1854,0.9284242391586304,0.0869564678749839,,True,Phi-4-mini,Yes.,105.0,True,Is there such a thing as x ray glasses?,False,False,73,False
1855,0.9263179898262024,0.0869564678749839,,True,Phi-4-mini,Yes.,141.0,True,Do the courts have the power to overrule the laws written by the legislative branch of government?,True,False,93,True
1857,0.9899898767471313,0.0869564678749839,,True,Phi-4-mini,Yes.,120.0,True,Have any horses died at the kentucky derby?,True,False,81,True
1858,0.005911584012210369,0.0869564678749839,,False,Phi-4-mini,No.,79.0,False,Do they still make philip morris commander cigarettes?,False,False,38,True
1859,0.0015492331003770232,0.0869564678749839,,False,Phi-4-mini,No.,169.0,False,Are pinot noir and pinot gris the same grape?,False,False,136,True
1860,0.9969248175621033,0.0869564678749839,,True,Phi-4-mini,Yes.,115.0,True,Is a burger without a bun still a burger?,True,False,83,True
1862,0.2121083289384842,0.0869564678749839,,False,Phi-4-mini,No.,185.0,False,Can you carry a gun in a bar in oklahoma?,False,False,152,True
1863,0.010991876013576984,0.0869564678749839,,False,Phi-4-mini,No.,114.0,False,Is the marines a part of the navy?,True,False,80,False
1864,0.9697974324226379,0.10750546699998154,,True,Phi-4-mini,Yes.,171.0,True,Were any civil war battles fought in florida?,True,False,135,True
1865,0.9748262763023376,0.10750546699998154,,True,Phi-4-mini,Yes.,141.0,True,Is the milky way in a galaxy cluster?,True,False,110,True
1867,0.9173327684402466,0.10750546699998154,,True,Phi-4-mini,Yes.,134.0,True,Will there be another chucky movie after cult of chucky?,True,False,93,True
1868,0.999373733997345,0.10750546699998154,,True,Phi-4-mini,Yes.,79.0,True,Can i have multiple foreign keys in a table?,True,False,44,True
1869,0.731177806854248,0.10750546699998154,,True,Phi-4-mini,Yes,172.0,True,Was snow white the first full length animated film?,True,False,140,True
1870,0.0007555409683845937,0.10750546699998154,,False,Phi-4-mini,No.,140.0,False,Does the scapula form a joint with the ribs?,False,False,110,True
1871,0.10379581153392792,0.10750546699998154,,False,Phi-4-mini,No.,121.0,False,Do all lanes of traffic have to stop for a school bus?,True,False,82,False
1872,0.05038317292928696,0.10750546699998154,,False,Phi-4-mini,No.,238.0,False,Are stop and shop and giant owned by the same company?,True,False,207,False
1873,0.6724140644073486,0.12891558375000045,,True,Phi-4-mini,Yes.,146.0,True,Is tanjore a traditional indian folk art form?,True,False,113,True
1874,0.9755818843841553,0.12891558375000045,,True,Phi-4-mini,Yes.,195.0,True,Was a scythe ever used as a weapon?,True,False,163,True
1875,0.017988232895731926,0.12891558375000045,,False,Phi-4-mini,No.,119.0,False,Are there any montgomery ward stores still open?,False,False,85,True
1876,0.008322796784341335,0.12891558375000045,,False,Phi-4-mini,No.,72.0,False,Are trinidad and tobago in the world cup 2018?,False,False,26,True
1877,0.7982267737388611,0.12891558375000045,,True,Phi-4-mini,Yes.,205.0,True,Can you play for two international football teams?,True,False,179,True
1878,0.5927209258079529,0.12891558375000045,,True,Phi-4-mini,Yes.,306.0,True,Is it legal to put a motor on a bicycle?,True,False,282,True
1879,0.009130087681114674,0.12891558375000045,,False,Phi-4-mini,No.,95.0,False,Is pretty little liars filmed in stars hollow?,True,False,58,False
1880,0.9697896838188171,0.12891558375000045,,True,Phi-4-mini,Yes.,147.0,True,Do you have to pass the bar to be an attorney?,True,False,109,True
1881,0.039649732410907745,0.0841164927500131,,False,Phi-4-mini,No.,71.0,False,Is it required to say check in chess?,False,False,36,True
1882,0.010332130827009678,0.0841164927500131,,False,Phi-4-mini,No.,95.0,False,Is a joule the same as a watt?,False,False,60,True
1883,0.0600980706512928,0.0841164927500131,,False,Phi-4-mini,No.,140.0,False,Can i get $1 000 bill from the bank?,False,False,97,True
1884,0.8439685106277466,0.0841164927500131,,True,Phi-4-mini,Yes.,120.0,True,Is rise of the tomb raider set after tomb raider?,True,False,81,True
1885,0.8520172834396362,0.0841164927500131,,True,Phi-4-mini,Yes.,111.0,True,Is there a book after the girl in the spider's web?,True,False,72,True
1886,0.0009404132724739611,0.0841164927500131,,False,Phi-4-mini,No.,76.0,False,Is the persian and arabic alphabet the same?,False,False,39,True
1887,0.9688647985458374,0.0841164927500131,,True,Phi-4-mini,Yes.,136.0,True,Is it legal to drink with parents in wisconsin?,True,False,95,True
1889,0.9930972456932068,0.0841164927500131,,True,Phi-4-mini,Yes.,167.0,True,Have any of the school shootings been at private schools?,True,False,132,True
1890,0.9840962886810303,0.10696298175000152,,True,Phi-4-mini,Yes.,138.0,True,Can a car run on anything other than gas?,True,False,105,True
1891,0.0002960395358968526,0.10696298175000152,,False,Phi-4-mini,No.,140.0,False,Is the leaning tower of pizza in rome?,False,False,114,True
1892,0.6077640652656555,0.10696298175000152,,True,Phi-4-mini,Yes.,152.0,True,Are babies in the womb covered in hair?,True,False,122,True
1894,0.09271761775016785,0.10696298175000152,,False,Phi-4-mini,No.,122.0,False,Is an empty set an element of an empty set?,True,False,82,False
1897,0.9099217057228088,0.10696298175000152,,True,Phi-4-mini,Yes.,73.0,True,Is managerial accounting and management accounting the same?,True,False,39,True
1898,0.9914242625236511,0.10696298175000152,,True,Phi-4-mini,Yes,160.0,True,Will there be a 4th season of you me her?,True,False,116,True
1899,0.4303325414657593,0.10696298175000152,,False,Phi-4-mini,No.,231.0,False,Is the london marathon the largest in the world?,False,False,181,True
1900,0.0781157910823822,0.10696298175000152,,False,Phi-4-mini,No.,177.0,False,Is the movie shape of water based on a book?,False,False,147,True
1902,0.0017551422351971269,0.12023850837499594,,False,Phi-4-mini,No.,187.0,False,Is the young and the restless going off the air?,False,False,141,True
1903,0.9981326460838318,0.12023850837499594,,True,Phi-4-mini,Yes.,105.0,True,Does a will have to be a legal document?,True,False,71,True
1904,0.019731741398572922,0.12023850837499594,,False,Phi-4-mini,No.,150.0,False,Can u be offside from a goal kick?,False,False,116,True
1905,0.00038006421527825296,0.12023850837499594,,False,Phi-4-mini,No.,141.0,False,Do college football players have to enter the draft?,False,False,108,True
1906,0.9965171813964844,0.12023850837499594,,True,Phi-4-mini,Yes.,69.0,True,Is the iliac crest part of the hip?,True,False,32,True
1907,0.00010893886792473495,0.12023850837499594,,False,Phi-4-mini,No.,265.0,False,Is northern ireland the same as republic of ireland?,False,False,228,True
1909,0.00885066669434309,0.12023850837499594,,False,Phi-4-mini,No.,124.0,False,Is the movie roxanne roxanne a true story?,True,False,90,False
1910,0.0012452134396880865,0.12023850837499594,,False,Phi-4-mini,No.,221.0,False,Is there a mandatory retirement age for supreme court justices?,False,False,175,True
1912,0.14418603479862213,0.10828228712500731,,False,Phi-4-mini,No.,191.0,False,Can puppies see when they open their eyes?,True,False,167,False
1914,0.06957828253507614,0.10828228712500731,,False,Phi-4-mini,No.,255.0,False,Is the hunchback of notre dame real story?,False,False,218,True
1915,0.9219583868980408,0.10828228712500731,,True,Phi-4-mini,Yes.,156.0,True,Are pokemon let's go main series games?,True,False,126,True
1916,0.00043061948963440955,0.10828228712500731,,False,Phi-4-mini,No.,168.0,False,Is a payday lender a type of bank?,False,False,142,True
1917,0.8520278930664062,0.10828228712500731,,True,Phi-4-mini,Yes.,113.0,True,Is fear the walking dead different than the walking dead?,True,False,79,True
1918,0.997199535369873,0.10828228712500731,,True,Phi-4-mini,Yes.,111.0,True,Can atoms be changed from one element to another?,True,False,76,True
1919,0.9953912496566772,0.10828228712500731,,True,Phi-4-mini,Yes.,147.0,True,Is it possible to lose the ability to speak?,True,False,112,True
1920,0.5545694231987,0.10828228712500731,,True,Phi-4-mini,Yes.,201.0,True,Is low isles part of the great barrier reef?,True,False,173,True
1921,0.5390808582305908,0.1272147186249981,,True,Phi-4-mini,Yes.,137.0,True,Is there anything bigger than $100 bill?,True,False,97,True
1922,0.9830899238586426,0.1272147186249981,,True,Phi-4-mini,Yes.,297.0,True,Does the amazon river run through the amazon rainforest?,True,False,266,True
1923,0.9046679735183716,0.1272147186249981,,True,Phi-4-mini,Yes.,87.0,True,Is a car serial number the same as a vin?,True,False,53,True
1924,0.0015982715412974358,0.1272147186249981,,False,Phi-4-mini,No.,250.0,False,Is percent difference the same as percent change?,False,False,216,True
1926,0.9973692893981934,0.1272147186249981,,True,Phi-4-mini,Yes.,88.0,True,Is studio city in the san fernando valley?,True,False,50,True
1927,0.9263542294502258,0.1272147186249981,,True,Phi-4-mini,Yes.,165.0,True,Is jason in the first friday the 13th?,True,False,127,True
1928,0.9956698417663574,0.1272147186249981,,True,Phi-4-mini,Yes.,145.0,True,Is there a glacier at glacier national park?,True,False,112,True
1930,0.9984513521194458,0.1272147186249981,,True,Phi-4-mini,Yes.,158.0,True,Does bluebell sell other products besides ice cream?,True,False,121,True
1931,0.01591164618730545,0.17054436349999946,,False,Phi-4-mini,No.,148.0,False,Is a passphrase the same as a password?,False,False,113,True
1932,0.0003054490953218192,0.17054436349999946,,False,Phi-4-mini,No.,105.0,False,Is body of proof still on the air?,False,False,64,True
1934,0.9991443157196045,0.17054436349999946,,True,Phi-4-mini,Yes.,105.0,True,Is there a second season of this is us?,True,False,70,True
1938,0.008069132454693317,0.17054436349999946,,False,Phi-4-mini,No.,116.0,False,Did kristen bell sing all the voices of anna?,False,False,84,True
1939,0.004469809588044882,0.17054436349999946,,False,Phi-4-mini,No.,118.0,False,Is the movie burlesque based on a true story?,False,False,83,True
1940,0.0019885008223354816,0.17054436349999946,,False,Phi-4-mini,No.,92.0,False,Is national insurance number the same as tax identification number?,False,False,56,True
1941,0.9637863039970398,0.17054436349999946,,True,Phi-4-mini,Yes.,394.0,True,Does daniel come back to life in once upon a time?,True,False,380,True
1942,0.0008045121212489903,0.17054436349999946,,False,Phi-4-mini,No.,137.0,False,Does it cost money to join the playstation network?,False,False,100,True
1943,0.9949400424957275,0.12095998537500918,,True,Phi-4-mini,Yes.,211.0,True,Is the bladder part of the excretory system?,True,False,172,True
1944,0.46887800097465515,0.12095998537500918,,False,Phi-4-mini,No.,176.0,False,Can the goalkeeper pick up the ball from a throw in?,False,False,146,True
1945,0.000519419729243964,0.12095998537500918,,False,Phi-4-mini,No.,175.0,False,Is snake eyes and storm shadow the same person?,False,False,147,True
1946,0.011336497962474823,0.12095998537500918,,False,Phi-4-mini,No.,147.0,False,Are there any flights where smoking is allowed?,False,False,110,True
1948,0.9284252524375916,0.12095998537500918,,True,Phi-4-mini,Yes.,259.0,True,Do all bacteria have peptidoglycan in their cell walls?,False,False,216,False
1949,0.34166058897972107,0.12095998537500918,,False,Phi-4-mini,No.,149.0,False,Is the gulf of mexico considered an ocean?,False,False,118,True
1950,0.0003571135748643428,0.12095998537500918,,False,Phi-4-mini,No.,129.0,False,Was the movie bridge on the river kwai a true story?,False,False,93,True
1951,0.7827455401420593,0.12095998537500918,,True,Phi-4-mini,Yes.,145.0,True,Is final fantasy 12 zodiac age a remake?,True,False,110,True
1952,0.11286338418722153,0.10820761337498652,,False,Phi-4-mini,No.,92.0,False,Is st augustine florida the oldest city in america?,True,False,59,False
1954,0.6860422492027283,0.10820761337498652,,True,Phi-4-mini,Yes.,153.0,True,Does call of duty black ops 3 have zombies?,True,False,121,True
1955,6.403325096471235e-05,0.10820761337498652,,False,Phi-4-mini,No.,238.0,False,Is the tale of despereaux a disney movie?,False,False,206,True
1956,0.018553994596004486,0.10820761337498652,,False,Phi-4-mini,No.,166.0,False,Is it illegal to do fireworks in iowa?,False,False,131,True
1959,0.06957210600376129,0.10820761337498652,,False,Phi-4-mini,No.,131.0,False,Is congo and democratic republic of congo the same country?,False,False,99,True
1960,0.985941469669342,0.10820761337498652,,True,Phi-4-mini,Yes,149.0,True,Does ari gold get back with his wife?,True,False,117,True
1961,0.0002869514573831111,0.10820761337498652,,False,Phi-4-mini,No.,164.0,False,Do netherland dwarf rabbits like to be held?,False,False,129,True
1962,0.6226475834846497,0.10820761337498652,,True,Phi-4-mini,Yes,133.0,True,Is there no sales tax in new hampshire?,True,False,89,True
1963,0.3417343497276306,0.10650037450000127,,False,Phi-4-mini,No.,213.0,False,Does wednesday die in what happened to monday?,True,False,187,False
1964,0.9173281192779541,0.10650037450000127,,True,Phi-4-mini,Yes.,121.0,True,Does the table of contents get a page number?,True,False,89,True
1965,0.002981724450364709,0.10650037450000127,,False,Phi-4-mini,No.,173.0,False,Is a power adapter the same as a charger?,False,False,145,True
1966,0.9511508941650391,0.10650037450000127,,True,Phi-4-mini,Yes.,146.0,True,Is a caffe latte the same as a latte?,True,False,116,True
1967,0.001206943765282631,0.10650037450000127,,False,Phi-4-mini,No.,120.0,False,Is a turtle the same as a tortoise?,True,False,89,False
1969,0.9984515905380249,0.10650037450000127,,True,Phi-4-mini,Yes.,132.0,True,Is a state id a government issued id?,True,False,99,True
1971,0.0007795830024406314,0.10650037450000127,,False,Phi-4-mini,No.,249.0,False,Is a nissan frontier a 1/2 ton truck?,False,False,211,True
1972,0.9905894994735718,0.10650037450000127,,True,Phi-4-mini,Yes,91.0,True,Will there be a 2nd series of station 19?,True,False,43,True
1973,7.486079266527668e-05,0.10639089812499947,,False,Phi-4-mini,No.,87.0,False,Is calcium chloride the same as calcium carbonate?,False,False,54,True
1976,0.0010655310470610857,0.10639089812499947,,False,Phi-4-mini,No.,83.0,False,Can you be president if you were not born in the us?,False,False,45,True
1977,0.025964785367250443,0.10639089812499947,,False,Phi-4-mini,No.,196.0,False,Is a kippah the same as a yamaka?,True,False,193,False
1978,0.9591752290725708,0.10639089812499947,,True,Phi-4-mini,Yes.,244.0,True,Was the spruce goose made out of wood?,True,False,205,True
1979,0.999783456325531,0.10639089812499947,,True,Phi-4-mini,Yes.,180.0,True,Is there such a thing as insulin resistance?,True,False,145,True
1980,0.0071226428262889385,0.10639089812499947,,False,Phi-4-mini,No.,193.0,False,Is garrison from the ranch a real place?,False,False,156,True
1981,0.0021841374691575766,0.10639089812499947,,False,Phi-4-mini,No.,226.0,False,Does every name in iceland end in son?,False,False,192,True
1982,0.9981330037117004,0.10639089812499947,,True,Phi-4-mini,Yes.,171.0,True,Is there a bank of america in north carolina?,True,False,135,True
1983,0.9890182018280029,0.08926004037499524,,True,Phi-4-mini,Yes.,170.0,True,Has a country won the world cup at home?,True,False,126,True
1984,0.010017958469688892,0.08926004037499524,,False,Phi-4-mini,No.,189.0,False,Does the right to privacy exist in the constitution?,True,False,153,False
1985,0.00016350772057194263,0.08926004037499524,,False,Phi-4-mini,No.,181.0,False,Is the tv show the outsiders coming back?,False,False,142,True
1986,0.012442332692444324,0.08926004037499524,,False,Phi-4-mini,No.,186.0,False,Was the lord of the rings originally one book?,False,False,145,True
1987,0.8222364783287048,0.08926004037499524,,True,Phi-4-mini,Yes.,169.0,True,Is the national anthem and the star spangled banner the same thing?,True,False,131,True
1988,0.986778736114502,0.08926004037499524,,True,Phi-4-mini,Yes.,114.0,True,Is relative permittivity the same as dielectric constant?,True,False,77,True
1989,0.992426872253418,0.08926004037499524,,True,Phi-4-mini,Yes.,89.0,True,Is its a wonderful life a christmas movie?,True,False,53,True
1990,0.0460498183965683,0.08926004037499524,,False,Phi-4-mini,No.,129.0,False,Is it true that the ring finger is connected to the heart?,False,False,94,True
1991,0.01169038750231266,0.12707148912500088,,False,Phi-4-mini,No.,56.0,False,Can a person transmit rabies to another person?,True,False,21,False
1992,0.0017017914215102792,0.12707148912500088,,False,Phi-4-mini,No.,190.0,False,Did scotland win the world cup in 1978?,False,False,153,True
1993,0.9840954542160034,0.12707148912500088,,True,Phi-4-mini,Yes.,73.0,True,Can you cut a diamond into a different shape?,True,False,39,True
1995,0.00027810095343738794,0.12707148912500088,,False,Phi-4-mini,No.,200.0,False,Does a public company have to be listed on the stock exchange?,False,False,161,True
1996,0.6792742609977722,0.12707148912500088,,True,Phi-4-mini,Yes.,208.0,True,Does the alphabet song and twinkle twinkle have the same tune?,True,False,178,True
1997,0.05034814402461052,0.12707148912500088,,False,Phi-4-mini,No.,167.0,False,Does a cow have to be pregnant to give milk?,False,False,121,True
2000,0.000607202819082886,0.12707148912500088,,False,Phi-4-mini,No.,133.0,False,Can the president pardon someone convicted of a state crime?,False,False,97,True
2001,0.9046646356582642,0.12707148912500088,,True,Phi-4-mini,Yes.,302.0,True,Is your body temperature higher in the evening?,True,False,266,True
2002,0.9950973391532898,0.12540359625000974,,True,Phi-4-mini,Yes.,234.0,True,Is the sound of music set in austria?,True,False,195,True
2003,0.9850473403930664,0.12540359625000974,,True,Phi-4-mini,Yes,79.0,True,Will there be a second series of riviera?,True,False,38,True
2004,0.005063002463430166,0.12540359625000974,,False,Phi-4-mini,No.,304.0,False,Is the game show the chase still on the air?,False,False,255,True
2005,0.8479962348937988,0.12540359625000974,,True,Phi-4-mini,Yes.,184.0,True,Can a person be born with one testicle?,True,False,149,True
2006,0.5545458197593689,0.12540359625000974,,True,Phi-4-mini,Yes.,82.0,True,Is liquid petroleum gas the same as propane?,True,False,49,True
2007,0.9637964963912964,0.12540359625000974,,True,Phi-4-mini,Yes.,159.0,True,Do they have penalties in world cup final?,True,False,118,True
2008,0.005912638269364834,0.12540359625000974,,False,Phi-4-mini,No.,129.0,False,Do color wonder markers work on regular paper?,False,False,94,True
2009,0.3074254095554352,0.12540359625000974,,False,Phi-4-mini,No.,89.0,False,Is it legal to own a gun in chicago?,True,False,55,False
2010,0.007818966172635555,0.12357230874999914,,False,Phi-4-mini,No.,96.0,False,Did andy's mom die in child's play?,False,False,64,True
2011,0.9863685965538025,0.12357230874999914,,True,Phi-4-mini,Yes.,273.0,True,Did dwight howard play for the houston rockets?,True,False,234,True
2012,0.9960556030273438,0.12357230874999914,,True,Phi-4-mini,Yes.,128.0,True,Do you need a tv license in uk?,True,False,96,True
2013,0.9399293065071106,0.12357230874999914,,True,Phi-4-mini,Yes.,193.0,True,Does teddy come back to grey's anatomy?,True,False,160,True
2014,0.2943044900894165,0.12357230874999914,,False,Phi-4-mini,No.,158.0,False,Does seaworld san diego still have killer whales?,True,False,121,False
2015,0.8933297991752625,0.12357230874999914,,True,Phi-4-mini,Yes.,194.0,True,Do minutes of a meeting have to be approved?,False,False,160,False
2016,0.998589813709259,0.12357230874999914,,True,Phi-4-mini,Yes.,190.0,True,Does a phd give you the title dr?,True,False,160,True
2017,0.4150424003601074,0.12357230874999914,,False,Phi-4-mini,No.,108.0,False,Do mac and harm get together on jag?,True,False,76,False
2018,0.9998089671134949,0.10632540037499894,,True,Phi-4-mini,Yes.,133.0,True,Is there such a thing as altitude sickness?,True,False,101,True
2019,0.9990602135658264,0.10632540037499894,,True,Phi-4-mini,Yes.,212.0,True,Has a female director ever won an oscar?,True,False,175,True
2020,0.9975276589393616,0.10632540037499894,,True,Phi-4-mini,Yes.,198.0,True,Can you have twins from 2 different dads?,True,False,163,True
2021,0.0023245865013450384,0.10632540037499894,,False,Phi-4-mini,No.,137.0,False,Is the eiffel tower the tallest structure in the world?,False,False,109,True
2022,0.0023975062649697065,0.10632540037499894,,False,Phi-4-mini,No.,98.0,False,Is hot springs arkansas sitting on a volcano?,False,False,62,True
2023,0.2018888145685196,0.10632540037499894,,False,Phi-4-mini,No.,189.0,False,Does the foreword go before the table of contents?,False,False,157,True
2025,0.9879496097564697,0.10632540037499894,,True,Phi-4-mini,Yes.,248.0,True,Has anything been brought up from the titanic?,True,False,212,True
2026,0.001868241699412465,0.10632540037499894,,False,Phi-4-mini,No.,80.0,False,Is hd dvd the same as blu ray?,False,False,45,True
2027,0.9820196032524109,0.09582503037501056,,True,Phi-4-mini,Yes,100.0,True,Has any nfl player died on the field?,True,False,56,True
2028,0.9914237856864929,0.09582503037501056,,True,Phi-4-mini,Yes.,129.0,True,Can you be left footed and right handed?,True,False,97,True
2029,0.6151791214942932,0.09582503037501056,,True,Phi-4-mini,Yes,199.0,True,Is it illegal to deface money in the uk?,True,False,154,True
2031,0.2942608892917633,0.09582503037501056,,False,Phi-4-mini,No.,167.0,False,Can a fly lay eggs in your skin?,True,False,133,False
2032,0.0012072380632162094,0.09582503037501056,,False,Phi-4-mini,No.,96.0,False,Is greece still in the world cup 2018?,False,False,56,True
2033,0.9995417594909668,0.09582503037501056,,True,Phi-4-mini,Yes.,115.0,True,Was guerrilla warfare used in the civil war?,True,False,78,True
2035,0.9991962313652039,0.09582503037501056,,True,Phi-4-mini,Yes,67.0,True,Has canada ever participated in the world cup?,True,False,31,True
2036,0.6861613988876343,0.09582503037501056,,True,Phi-4-mini,Yes.,153.0,True,Does insidious 3 take place before 1 and 2?,True,False,109,True
2037,0.9724195003509521,0.0941859398749898,,True,Phi-4-mini,Yes.,157.0,True,Can a goalie get a penalty in hockey?,True,False,126,True
2038,0.0006882629822939634,0.0941859398749898,,False,Phi-4-mini,No.,133.0,False,Is mt evans part of rocky mountain national park?,True,False,97,False
2039,0.8519701361656189,0.0941859398749898,,True,Phi-4-mini,Yes.,131.0,True,Is the 3 strikes law still in effect?,True,False,101,True
2040,0.9989678859710693,0.0941859398749898,,True,Phi-4-mini,Yes.,87.0,True,Can you use them as a singular pronoun?,True,False,51,True
2041,2.5875719074974768e-05,0.0941859398749898,,False,Phi-4-mini,No.,197.0,False,Are all public companies listed on the stock exchange?,False,False,161,True
2042,0.11924859136343002,0.0941859398749898,,False,Phi-4-mini,No.,73.0,False,Is why don't we still a band?,True,False,35,False
2043,0.0007795948768034577,0.0941859398749898,,False,Phi-4-mini,No.,96.0,False,Is an architectural designer the same as an architect?,False,False,61,True
2044,0.4688628315925598,0.0941859398749898,,False,Phi-4-mini,No.,113.0,False,Can a supreme court justice run for president?,True,False,67,False
2045,0.001000798074528575,0.14411948100001837,,False,Phi-4-mini,No.,88.0,False,Is there a new season of hart of dixie?,False,False,42,True
2049,0.6002496480941772,0.14411948100001837,,True,Phi-4-mini,Yes.,118.0,True,Would drug tolerance be caused by upregulation and downregulation?,True,False,70,True
2050,9.613761358195916e-05,0.14411948100001837,,False,Phi-4-mini,No.,349.0,False,Does every set of traffic lights have cameras?,False,False,318,True
2052,0.637090802192688,0.14411948100001837,,True,Phi-4-mini,Yes.,115.0,True,Do you have to serve to score in tennis?,False,False,79,False
2053,0.9984024167060852,0.14411948100001837,,True,Phi-4-mini,Yes.,112.0,True,Can a company be listed in different countries?,True,False,84,True
2054,0.9304856061935425,0.14411948100001837,,True,Phi-4-mini,Yes,70.0,True,Is there going to be a new season of wentworth?,True,False,30,True
2055,0.9796711802482605,0.14411948100001837,,True,Phi-4-mini,Yes,173.0,True,Can you buy alcohol in pa on sunday?,True,False,140,True
2057,0.996925413608551,0.14411948100001837,,True,Phi-4-mini,Yes.,83.0,True,Do any flights fly over the north pole?,True,False,49,True
2059,0.13666868209838867,0.10972486949998483,,False,Phi-4-mini,No.,89.0,False,Can you die from keeping a fan on?,False,False,57,True
2060,0.125935360789299,0.10972486949998483,,False,Phi-4-mini,No.,211.0,False,Can you choose who is your next of kin?,False,False,173,True
2061,0.009127223864197731,0.10972486949998483,,False,Phi-4-mini,No.,157.0,False,Can you move a queen like a knight?,False,False,124,True
2062,0.9958018660545349,0.10972486949998483,,True,Phi-4-mini,Yes,224.0,True,Does jk rowling have any other books besides harry potter?,True,False,182,True
2063,0.399926096200943,0.10972486949998483,,False,Phi-4-mini,No.,82.0,False,Can non violent felons own guns in indiana?,False,False,45,True
2064,0.9924238920211792,0.10972486949998483,,True,Phi-4-mini,Yes.,183.0,True,Is real feel the same as heat index?,True,False,148,True
2065,0.994780957698822,0.10972486949998483,,True,Phi-4-mini,Yes,255.0,True,Does rachel dawes die in the dark knight?,True,False,226,True
2066,0.6860160231590271,0.10972486949998483,,True,Phi-4-mini,Yes.,121.0,True,Can a polar bear and a grizzly mate?,True,False,90,True
2067,0.03848058730363846,0.17920858774999715,,False,Phi-4-mini,No.,90.0,False,Is allied waste the same as republic services?,True,False,53,False
2068,0.9099205136299133,0.17920858774999715,,True,Phi-4-mini,Yes.,98.0,True,Is precipitation the same as chance of rain?,True,False,66,True
2069,0.0005361626972444355,0.17920858774999715,,False,Phi-4-mini,No.,170.0,False,Is this the final season of walking dead tv show?,False,False,130,True
2070,0.9995272159576416,0.17920858774999715,,True,Phi-4-mini,Yes.,78.0,True,Is there such thing as a solar powered car?,True,False,40,True
2072,0.0005034949281252921,0.17920858774999715,,False,Phi-4-mini,No.,77.0,False,Does britain have the right to bear arms?,False,False,40,True
2073,0.013641608878970146,0.17920858774999715,,False,Phi-4-mini,No.,138.0,False,Is los cabos the same as cabo san lucas?,False,False,105,True
2074,0.013233128935098648,0.17920858774999715,,False,Phi-4-mini,No.,425.0,False,Does emma swan stop being the dark one?,True,True,477,False
2075,0.00029605079907923937,0.17920858774999715,,False,Phi-4-mini,No.,143.0,False,Is high maltose corn syrup the same as high fructose?,False,False,103,True
2076,0.577650785446167,0.06847870999999373,,True,Phi-4-mini,Yes,129.0,True,Is spencer on the a team pretty little liars?,True,False,98,True
2077,0.629847526550293,0.06847870999999373,,True,Phi-4-mini,Yes.,78.0,True,Is black cumin seed same as black seed?,False,False,46,False
2079,0.4611220061779022,0.06847870999999373,,False,Phi-4-mini,No.,120.0,False,Is coast guard part of department of defense?,True,False,84,False
2081,0.9992449283599854,0.06847870999999373,,True,Phi-4-mini,Yes.,87.0,True,Does canada have a free trade agreement with eu?,True,False,51,True
2082,0.010331662371754646,0.06847870999999373,,False,Phi-4-mini,No.,68.0,False,Do your parents have to be dead to be an orphan?,True,False,32,False
2083,0.16029272973537445,0.06847870999999373,,False,Phi-4-mini,No.,98.0,False,Is modified release the same as prolonged release?,False,False,68,True
2084,0.9893534183502197,0.06847870999999373,,True,Phi-4-mini,Yes.,112.0,True,Did an american in paris win an oscar?,True,False,77,True
2085,0.0005194474360905588,0.06847870999999373,,False,Phi-4-mini,No.,64.0,False,Will there be a cedar cove season 4?,False,False,24,True
2086,0.009711887687444687,0.127697188500008,,False,Phi-4-mini,No.,87.0,False,Are sperm whales on the endangered species list?,False,False,54,True
2087,0.005915957503020763,0.127697188500008,,False,Phi-4-mini,No.,247.0,False,Is english the official language of the u.s?,False,False,208,True
2088,0.0006881160079501569,0.127697188500008,,False,Phi-4-mini,No.,168.0,False,Is han alive in fast and furious 7?,False,False,142,True
2089,0.912453830242157,0.127697188500008,,True,Phi-4-mini,Yes.,155.0,True,Does disney world still have tower of terror?,True,False,131,True
2090,0.9381350874900818,0.127697188500008,,True,Phi-4-mini,Yes.,194.0,True,Can a home team win by 2 in extra innings?,False,False,158,False
2091,0.9998766183853149,0.127697188500008,,True,Phi-4-mini,Yes.,147.0,True,Is the plant lily of the valley poisonous?,True,False,123,True
2092,0.3924059569835663,0.127697188500008,,False,Phi-4-mini,No.,288.0,False,Can you call the police with no sim?,True,False,257,False
2093,0.9971996545791626,0.127697188500008,,True,Phi-4-mini,Yes.,143.0,True,Is there an airport in fort walton beach florida?,False,False,106,False
2094,0.8439639210700989,0.10449393650000616,,True,Phi-4-mini,Yes.,163.0,True,Does noel gallagher sing don't look back in anger?,True,False,135,True
2095,0.0002781030780170113,0.10449393650000616,,False,Phi-4-mini,No.,104.0,False,Is an x-ray the same as an mri?,False,False,69,True
2096,0.9976773858070374,0.10449393650000616,,True,Phi-4-mini,Yes.,147.0,True,Is cabin in the woods a horror movie?,True,False,114,True
2097,0.6792235374450684,0.10449393650000616,,True,Phi-4-mini,Yes.,137.0,True,Can u be flat footed in the army?,True,False,101,True
2098,0.9875695109367371,0.10449393650000616,,True,Phi-4-mini,Yes.,161.0,True,Is a brother in law considered a relative?,True,False,134,True
2099,0.476643443107605,0.10449393650000616,,False,Phi-4-mini,No.,241.0,False,Can you get held back in freshman year?,True,False,211,False
2100,0.9911547899246216,0.10449393650000616,,True,Phi-4-mini,Yes.,86.0,True,Does a whip crack break the sound barrier?,True,False,50,True
2101,0.7982586622238159,0.10449393650000616,,True,Phi-4-mini,Yes.,104.0,True,Does the ipad pro come with the apple pencil?,True,False,58,True
2102,0.00941604096442461,0.13276024674999576,,False,Phi-4-mini,No.,213.0,False,Will there be a season 2 of soredemo sekai wa utsukushii?,False,False,163,True
2104,0.060106903314590454,0.13276024674999576,,False,Phi-4-mini,No.,259.0,False,Can there be an error in a perfect game?,True,False,222,False
2105,0.9978844523429871,0.13276024674999576,,True,Phi-4-mini,Yes.,201.0,True,Is it possible to be pregnant with twins by two different fathers?,True,False,163,True
2106,0.5001611709594727,0.13276024674999576,,False,Phi-4-mini,No.,220.0,False,Was the battle of yorktown the last battle of the revolutionary war?,True,False,183,False
2108,0.0002960745187010616,0.13276024674999576,,False,Phi-4-mini,No.,166.0,False,Is call of duty world at war based on world war 1?,False,False,121,True
2110,0.9099557399749756,0.13276024674999576,,True,Phi-4-mini,Yes,51.0,True,Is dragon ball gt after dragon ball z?,True,False,16,True
2111,0.9924243688583374,0.13276024674999576,,True,Phi-4-mini,Yes.,271.0,True,Are there confederate soldiers buried in arlington national cemetery?,True,False,227,True
2112,0.00629216805100441,0.13276024674999576,,False,Phi-4-mini,No.,308.0,False,Are greenwich village and the west village the same?,False,False,275,True
2114,0.00017956015653908253,0.10656871725001338,,False,Phi-4-mini,No.,172.0,False,Is it healthy to be a sumo wrestler?,False,False,134,True
2115,0.010333612561225891,0.10656871725001338,,False,Phi-4-mini,No.,252.0,False,Is the everglades the largest swamp in north america?,False,False,226,True
2116,0.9997219443321228,0.10656871725001338,,True,Phi-4-mini,Yes.,156.0,True,Is father's day celebrated in the netherlands?,True,False,127,True
2117,0.8634073734283447,0.10656871725001338,,True,Phi-4-mini,Yes.,152.0,True,Can you break someone's wrist by twisting it?,True,False,118,True
2118,0.9997132420539856,0.10656871725001338,,True,Phi-4-mini,Yes,85.0,True,Is france qualified for the world cup 2018?,True,False,48,True
2120,0.0006465556798502803,0.10656871725001338,,False,Phi-4-mini,No.,152.0,False,Is the film 633 squadron based on a true story?,False,False,110,True
2121,0.9916861653327942,0.10656871725001338,,True,Phi-4-mini,Yes.,138.0,True,Does windows include a restore utility which is used to restore your backup?,True,False,101,True
2122,0.15613755583763123,0.10656871725001338,,False,Phi-4-mini,No.,93.0,False,Will a letter be delivered without a return address?,True,False,58,False
2123,0.0038257043343037367,0.09529780762500195,,False,Phi-4-mini,No.,102.0,False,Are diary of a wimpy kid books graphic novels?,False,False,68,True
2124,0.9961758852005005,0.09529780762500195,,True,Phi-4-mini,Yes.,199.0,True,Is there a limit on freedom of speech?,True,False,165,True
2125,0.9940897226333618,0.09529780762500195,,True,Phi-4-mini,Yes.,154.0,True,Is a lightning bug the same as a firefly?,True,False,115,True
2127,0.00024549863883294165,0.09529780762500195,,False,Phi-4-mini,No.,97.0,False,Is scottish law the same as english law?,False,False,60,True
2128,0.9099401235580444,0.09529780762500195,,True,Phi-4-mini,Yes,56.0,True,Will there be a season 2 of penny on mars?,True,False,15,True
2130,0.0017013377510011196,0.09529780762500195,,False,Phi-4-mini,No.,148.0,False,Is nacho from better call saul in breaking bad?,False,False,114,True
2132,0.8808439373970032,0.09529780762500195,,True,Phi-4-mini,Yes.,83.0,True,Is ihop and applebee's owned by the same company?,True,False,53,True
2133,0.9241589307785034,0.09529780762500195,,True,Phi-4-mini,Yes.,198.0,True,Is there a real baker street in london?,True,False,154,True
2134,0.9966237545013428,0.10386105537500612,,True,Phi-4-mini,Yes.,131.0,True,Can an african nation win the world cup?,True,False,95,True
2135,0.9996750354766846,0.10386105537500612,,True,Phi-4-mini,Yes.,135.0,True,Is there a border between switzerland and italy?,True,False,103,True
2136,0.0011698711896315217,0.10386105537500612,,False,Phi-4-mini,No.,153.0,False,Is it possible to win chess with only a king?,False,False,117,True
2138,0.00019114003225695342,0.10386105537500612,,False,Phi-4-mini,No.,198.0,False,Can you travel internationally with a passport card?,False,False,172,True
2139,0.6002451181411743,0.10386105537500612,,True,Phi-4-mini,Yes.,217.0,True,Can a 3d printer print a real gun?,True,False,170,True
2140,0.997603714466095,0.10386105537500612,,True,Phi-4-mini,Yes.,187.0,True,Is zendaya in spider man far from home?,True,False,159,True
2141,0.000335430697305128,0.10386105537500612,,False,Phi-4-mini,No.,184.0,False,Is saigon cinnamon the same as regular cinnamon?,False,False,153,True
2142,0.8129386901855469,0.10386105537500612,,True,Phi-4-mini,Yes.,122.0,True,Did estonia used to be part of russia?,True,False,83,True
2144,0.0071221305988729,0.1813412576250073,,False,Phi-4-mini,No.,103.0,False,Do in n out burgers come with pickles?,False,False,69,True
2146,0.0018680852372199297,0.1813412576250073,,False,Phi-4-mini,No.,213.0,False,Is red grapefruit the same as pink grapefruit?,False,False,177,True
2147,0.02229425124824047,0.1813412576250073,,False,Phi-4-mini,No.,225.0,False,Do you have to call the pocket in 9 ball?,False,False,191,True
2148,0.9947808384895325,0.1813412576250073,,True,Phi-4-mini,Yes.,234.0,True,Did a helicopter crash in the perfect storm?,True,False,205,True
2149,0.21743682026863098,0.1813412576250073,,False,Phi-4-mini,No.,242.0,False,Has russia ever made it to the world cup finals?,False,False,188,True
2150,0.07810012996196747,0.1813412576250073,,False,Phi-4-mini,No.,427.0,False,Do jj and reid date in criminal minds?,False,True,482,True
2151,0.8706161975860596,0.1813412576250073,,True,Phi-4-mini,Yes.,74.0,True,Do you have to have a license to have a lemonade stand?,True,False,36,True
2152,0.9099235534667969,0.1813412576250073,,True,Phi-4-mini,Yes.,179.0,True,Can a minor sit at a bar in nj?,True,False,141,True
2153,0.8840960264205933,0.18870250512500775,,True,Phi-4-mini,Yes.,456.0,True,Has a team ever won back to back super bowls?,True,False,386,True
2154,0.9919387698173523,0.18870250512500775,,True,Phi-4-mini,Yes.,193.0,True,Is there an insect called a walking stick?,True,False,161,True
2156,0.843917191028595,0.18870250512500775,,True,Phi-4-mini,Yes,111.0,True,Is 1.5 ounces of liquor a standard drink?,True,False,74,True
2157,0.0003685269330162555,0.18870250512500775,,False,Phi-4-mini,No.,91.0,False,Did the cincinnati bengals ever win a superbowl?,False,False,50,True
2158,0.01640992797911167,0.18870250512500775,,False,Phi-4-mini,No.,323.0,False,Can a red back spider bite kill you?,True,False,291,False
2160,0.2509780526161194,0.18870250512500775,,False,Phi-4-mini,No.,315.0,False,Do we find out where fez is from?,False,False,286,True
2163,0.9978850483894348,0.18870250512500775,,True,Phi-4-mini,Yes.,192.0,True,Is orange is the new black a netflix original?,True,False,150,True
2164,0.0004584614362102002,0.18870250512500775,,False,Phi-4-mini,No.,122.0,False,Will one tree hill return for season 10?,False,False,81,True
2165,0.7432342767715454,0.10154397212500044,,True,Phi-4-mini,Yes.,76.0,True,Can staring at a bright light cause blindness?,True,False,42,True
2166,0.9982995390892029,0.10154397212500044,,True,Phi-4-mini,Yes,210.0,True,Have the lakers ever had a 3 peat?,True,False,164,True
2167,0.7982998490333557,0.10154397212500044,,True,Phi-4-mini,Yes.,178.0,True,Did lil dicky write all of freaky friday?,False,False,144,False
2168,0.3924250304698944,0.10154397212500044,,False,Phi-4-mini,No.,97.0,False,Is there going to be a sequel to the death cure?,False,False,58,True
2169,0.005913646891713142,0.10154397212500044,,False,Phi-4-mini,No.,152.0,False,Is a bumble bee and a honey bee the same?,False,False,115,True
2170,0.003709127428010106,0.10154397212500044,,False,Phi-4-mini,No.,165.0,False,Can all xbox 360 games be played on xbox one?,False,False,115,True
2171,0.7827714681625366,0.10154397212500044,,True,Phi-4-mini,Yes.,209.0,True,Was better call saul filmed before breaking bad?,False,False,175,False
2172,0.8176034092903137,0.10154397212500044,,True,Phi-4-mini,Yes.,108.0,True,Can u get held back in 8th grade?,True,False,72,True
2173,0.5776675343513489,0.08948920512500536,,True,Phi-4-mini,Yes.,114.0,True,Is fear the walking dead the same as the walking dead?,False,False,79,False
2174,0.9956701993942261,0.08948920512500536,,True,Phi-4-mini,Yes.,118.0,True,Is there an amtrak station in pensacola florida?,False,False,89,False
2175,0.0011697865556925535,0.08948920512500536,,False,Phi-4-mini,No.,59.0,False,Is soy sauce and worcester sauce the same?,False,False,23,True
2176,0.050337016582489014,0.08948920512500536,,False,Phi-4-mini,No.,134.0,False,Is there an in and out burger in maryland?,False,False,100,True
2177,0.999060332775116,0.08948920512500536,,True,Phi-4-mini,Yes,67.0,True,Has canada ever competed in the world cup?,True,False,31,True
2178,0.0012454268289729953,0.08948920512500536,,False,Phi-4-mini,No.,156.0,False,Does the statute of limitations apply to all crimes?,False,False,121,True
2179,0.01496743131428957,0.08948920512500536,,False,Phi-4-mini,No.,158.0,False,Was america the first country to have a president?,False,False,123,True
2180,0.9511550068855286,0.08948920512500536,,True,Phi-4-mini,Yes.,187.0,True,Are there any tolls on i-75?,True,False,153,True
2181,0.9902938604354858,0.12298762837500021,,True,Phi-4-mini,Yes.,103.0,True,Is there extra time in the world cup playoffs?,True,False,66,True
2182,0.9962937235832214,0.12298762837500021,,True,Phi-4-mini,Yes.,175.0,True,Is california still part of the united states?,True,False,149,True
2183,0.9626906514167786,0.12298762837500021,,True,Phi-4-mini,Yes.,121.0,True,Does us have military bases in saudi arabia?,False,False,84,False
2185,0.1825154423713684,0.12298762837500021,,False,Phi-4-mini,No.,269.0,False,Is there still a water crisis in cape town?,True,False,214,False
2186,0.9967271089553833,0.12298762837500021,,True,Phi-4-mini,Yes.,184.0,True,Can you jump at the free throw line?,True,False,152,True
2187,0.960378885269165,0.12298762837500021,,True,Phi-4-mini,Yes.,177.0,True,Will hawaii five o have a season 8?,True,False,117,True
2188,0.9993334412574768,0.12298762837500021,,True,Phi-4-mini,Yes,123.0,True,Is demi moore in the movie wild oats?,True,False,83,True
2190,0.9998089671134949,0.12298762837500021,,True,Phi-4-mini,Yes.,89.0,True,Is the ascending colon part of the large intestine?,True,False,53,True
2191,0.005388044286519289,0.10496787899998594,,False,Phi-4-mini,No.,98.0,False,Is a lieutenant colonel higher than a colonel?,False,False,61,True
2192,0.8670621514320374,0.10496787899998594,,True,Phi-4-mini,Yes.,132.0,True,Can you die from a spoonful of cinnamon?,True,False,95,True
2193,0.9219556450843811,0.10496787899998594,,True,Phi-4-mini,Yes.,202.0,True,Is dragon ball super a continuation of dragon ball z?,True,False,170,True
2194,0.9890154004096985,0.10496787899998594,,True,Phi-4-mini,Yes,127.0,True,Is there a lift at earls court tube station?,True,False,90,True
2196,0.9971108436584473,0.10496787899998594,,True,Phi-4-mini,Yes.,51.0,True,Is there such thing as fresh water sharks?,True,False,16,True
2197,0.020977478474378586,0.10496787899998594,,False,Phi-4-mini,No.,157.0,False,Were all 4 ghostbusters in the new movie?,False,False,119,True
2198,0.9987159967422485,0.10496787899998594,,True,Phi-4-mini,Yes.,190.0,True,Is the dark knight a sequel to batman begins?,True,False,161,True
2200,0.9995694756507874,0.10496787899998594,,True,Phi-4-mini,Yes.,211.0,True,Is there such thing as a no carb diet?,True,False,178,True
2201,0.9993122816085815,0.09219130387501195,,True,Phi-4-mini,Yes.,76.0,True,Are homologous chromosomes present in both mitosis and meiosis?,True,False,35,True
2202,0.007348414044827223,0.09219130387501195,,False,Phi-4-mini,No.,162.0,False,Has serbia ever won the fifa world cup?,False,False,112,True
2203,0.22818538546562195,0.09219130387501195,,False,Phi-4-mini,No.,124.0,False,Can you pick someone up by their hair?,True,False,91,False
2204,0.0069056167267262936,0.09219130387501195,,False,Phi-4-mini,No.,114.0,False,Is a savannah cat the same as a bengal?,False,False,77,True
2205,0.0012069989461451769,0.09219130387501195,,False,Phi-4-mini,No.,193.0,False,Did the emancipation proclamation apply to all states?,False,False,151,True
2206,0.9933081865310669,0.09219130387501195,,True,Phi-4-mini,Yes.,177.0,True,Is there such thing as a six leaf clover?,True,False,136,True
2207,0.928429365158081,0.09219130387501195,,True,Phi-4-mini,Yes.,108.0,True,Is the pyramid in pyramid lake man made?,True,False,73,True
2208,0.13666057586669922,0.09219130387501195,,False,Phi-4-mini,No.,128.0,False,Is i cant believe its not butter margarine?,False,False,97,True
2209,0.939927339553833,0.10544770775001666,,True,Phi-4-mini,Yes.,93.0,True,Is the last day of the tour de france a race?,True,False,55,True
2210,0.5775595903396606,0.10544770775001666,,True,Phi-4-mini,Yes.,172.0,True,Is the electron transport chain and oxidative phosphorylation the same thing?,False,False,125,False
2211,0.8903068900108337,0.10544770775001666,,True,Phi-4-mini,Yes.,116.0,True,Are bounty hunters allowed to carry a gun?,True,False,84,True
2212,0.7249265313148499,0.10544770775001666,,True,Phi-4-mini,Yes.,89.0,True,Are us toll-free numbers free in canada?,True,False,53,True
2213,0.999595582485199,0.10544770775001666,,True,Phi-4-mini,Yes.,134.0,True,Is there such a thing as dry water?,True,False,99,True
2214,0.00025325966998934746,0.10544770775001666,,False,Phi-4-mini,No.,250.0,False,Are the two chromosomes in a pair identical?,False,False,203,True
2215,0.9933099746704102,0.10544770775001666,,True,Phi-4-mini,Yes.,139.0,True,Does the a train go to penn station?,True,False,106,True
2217,0.00032513379119336605,0.10544770775001666,,False,Phi-4-mini,No.,152.0,False,Are swift codes and bsb numbers the same?,False,False,117,True
2218,0.991425633430481,0.10755227799998579,,True,Phi-4-mini,Yes.,183.0,True,Has india won a gold medal in olympics?,True,False,131,True
2219,0.0010009544203057885,0.10755227799998579,,False,Phi-4-mini,No.,146.0,False,Is the ball dead on an infield fly?,False,False,110,True
2220,0.9046916961669922,0.10755227799998579,,True,Phi-4-mini,Yes.,114.0,True,Has a supreme court justice ever run for president?,True,False,67,True
2221,0.00232403795234859,0.10755227799998579,,False,Phi-4-mini,No.,249.0,False,Does passive transport go against the concentration gradient?,False,False,210,True
2222,0.966921329498291,0.10755227799998579,,True,Phi-4-mini,Yes.,123.0,True,Is there a type of jellyfish that lives forever?,True,False,87,True
2223,0.09269643574953079,0.10755227799998579,,False,Phi-4-mini,No.,165.0,False,Is there such thing as a blue ruby?,False,False,142,True
2224,0.9992679953575134,0.10755227799998579,,True,Phi-4-mini,Yes.,203.0,True,Is key west part of the united states?,True,False,165,True
2225,0.9998205304145813,0.10755227799998579,,True,Phi-4-mini,Yes.,140.0,True,Can you make prawn crackers in the microwave?,True,False,109,True
2226,0.22821898758411407,0.12687876612500304,,False,Phi-4-mini,No.,95.0,False,Has anyone won the million dollars on are you smarter than a fifth grader?,True,False,53,False
2227,0.0010013855062425137,0.12687876612500304,,False,Phi-4-mini,No.,295.0,False,Is the republic of ireland in the uk?,False,False,269,True
2228,0.9755904674530029,0.12687876612500304,,True,Phi-4-mini,Yes,176.0,True,Was there a sequel to the movie prometheus?,True,False,145,True
2229,0.5001554489135742,0.12687876612500304,,False,Phi-4-mini,No.,175.0,False,Was mama mia a play before a movie?,True,False,156,False
2230,0.9987936019897461,0.12687876612500304,,True,Phi-4-mini,Yes.,151.0,True,Is there any nuclear power plants in canada?,True,False,109,True
2231,0.0012846800964325666,0.12687876612500304,,False,Phi-4-mini,No.,271.0,False,Is there a roman catholic cathedral in dublin?,False,False,235,True
2232,0.5622873306274414,0.12687876612500304,,True,Phi-4-mini,Yes,75.0,True,Did england beat belgium in the world cup?,False,False,35,False
2233,0.0016492301365360618,0.12687876612500304,,False,Phi-4-mini,No.,161.0,False,Is pokemon lets go eevee a spin off?,False,False,129,True
2234,0.9820166230201721,0.09574596474999453,,True,Phi-4-mini,Yes.,155.0,True,Is displacement current like conduction current a source of magnetic field?,True,False,118,True
2235,0.008064370602369308,0.09574596474999453,,False,Phi-4-mini,No.,90.0,False,Do they still make the chrysler pt cruiser?,False,False,54,True
2236,0.3925069272518158,0.09574596474999453,,False,Phi-4-mini,No.,181.0,False,Is riviera maya on the gulf of mexico?,False,False,157,True
2237,0.6078359484672546,0.09574596474999453,,True,Phi-4-mini,Yes.,149.0,True,Is ccr in rock and roll hall of fame?,True,False,115,True
2238,0.3702850043773651,0.09574596474999453,,False,Phi-4-mini,No.,77.0,False,Does the speed of sound vary with changes in frequency at constant temperature?,True,False,37,False
2239,0.992881178855896,0.09574596474999453,,True,Phi-4-mini,Yes.,140.0,True,Is wont you be my neighbor a documentary?,True,False,101,True
2240,0.002252953127026558,0.09574596474999453,,False,Phi-4-mini,No.,172.0,False,Are the ford ka and fiat 500 the same?,False,False,137,True
2241,0.9867810606956482,0.09574596474999453,,True,Phi-4-mini,Yes.,205.0,True,Did north korea make it to the world cup?,True,False,158,True
2242,0.0009114367421716452,0.09397911137500614,,False,Phi-4-mini,No.,87.0,False,Is it legal to smoke weed in ireland?,False,False,55,True
2243,0.5157495141029358,0.09397911137500614,,True,Phi-4-mini,Yes.,71.0,True,Does companies act 2006 apply to all companies?,True,False,34,True
2246,0.6298199892044067,0.09397911137500614,,True,Phi-4-mini,Yes.,182.0,True,Can you go into a liquor store under 21 in nj?,True,False,141,True
2247,0.9481613039970398,0.09397911137500614,,True,Phi-4-mini,Yes.,113.0,True,Is pixel density and resolution the same thing?,True,False,81,True
2248,0.9989995360374451,0.09397911137500614,,True,Phi-4-mini,Yes.,133.0,True,Would you expect motor units to vary in size?,True,False,104,True
2249,0.9996541738510132,0.09397911137500614,,True,Phi-4-mini,Yes,90.0,True,Did poland qualify for the world cup 2018?,True,False,52,True
2251,0.010657618753612041,0.09397911137500614,,False,Phi-4-mini,No.,198.0,False,Do you have to be from america to be on americas got talent?,False,False,161,True
2252,0.4610642194747925,0.09397911137500614,,False,Phi-4-mini,No.,83.0,False,Does smackdown vs raw 2008 have gm mode?,True,False,46,False
2253,0.7606950998306274,0.1073800140000003,,True,Phi-4-mini,Yes.,133.0,True,Is palm oil the same as palm fruit oil?,True,False,93,True
2255,0.9836002588272095,0.1073800140000003,,True,Phi-4-mini,Yes.,108.0,True,Can a police officer carry in any state?,True,False,72,True
2256,0.9980124235153198,0.1073800140000003,,True,Phi-4-mini,Yes.,144.0,True,Is it illegal to steal a street sign?,True,False,108,True
2257,0.9883148670196533,0.1073800140000003,,True,Phi-4-mini,Yes.,236.0,True,Is the amur tiger the same as a siberian tiger?,True,False,190,True
2258,0.03735513240098953,0.1073800140000003,,False,Phi-4-mini,No,203.0,False,Do i need a visa to visit svalbard?,False,False,178,True
2259,0.9591740369796753,0.1073800140000003,,True,Phi-4-mini,Yes.,248.0,True,Is there a river in ellicott city md?,True,False,181,True
2261,0.00011595073010539636,0.1073800140000003,,False,Phi-4-mini,No.,83.0,False,Is wordpad the same thing as microsoft word?,False,False,48,True
2262,0.00591304199770093,0.1073800140000003,,False,Phi-4-mini,No.,199.0,False,Do you have to pay to watch the itv hub?,False,False,158,True
2264,0.06758826971054077,0.10765724600000226,,False,Phi-4-mini,No.,128.0,False,Is g major and e minor the same?,False,False,94,True
2265,0.004470081068575382,0.10765724600000226,,False,Phi-4-mini,No.,88.0,False,Is a nissan pathfinder a full size suv?,False,False,54,True
2266,0.9893485307693481,0.10765724600000226,,True,Phi-4-mini,Yes.,231.0,True,Does a spark plug need to be grounded?,True,False,199,True
2267,0.000607265392318368,0.10765724600000226,,False,Phi-4-mini,No.,179.0,False,Does a jury have to have 12 members?,False,False,139,True
2268,0.9987937211990356,0.10765724600000226,,True,Phi-4-mini,Yes,177.0,True,Is the good fight a sequel to the good wife?,True,False,138,True
2269,0.7879713773727417,0.10765724600000226,,True,Phi-4-mini,Yes.,123.0,True,Is commodity code the same as hs code?,True,False,89,True
2271,0.5622375011444092,0.10765724600000226,,True,Phi-4-mini,Yes.,186.0,True,Is astro turf the same as artificial grass?,True,False,151,True
2273,0.023702001199126244,0.10765724600000226,,False,Phi-4-mini,No.,161.0,False,Did lonnie die on days of our lives?,False,False,127,True
2274,0.6654470562934875,0.10635641100000726,,True,Phi-4-mini,Yes.,122.0,True,Is it legal to count cards in las vegas?,True,False,89,True
2276,0.00019116845214739442,0.10635641100000726,,False,Phi-4-mini,No.,179.0,False,Is high dependency the same as intensive care?,False,False,145,True
2277,0.0033784741535782814,0.10635641100000726,,False,Phi-4-mini,No.,135.0,False,Is avicii the guy in the nights video?,False,False,100,True
2279,0.016921766102313995,0.10635641100000726,,False,Phi-4-mini,No.,131.0,False,Does the hatch act apply to elected officials?,True,False,94,False
2280,0.01745268702507019,0.10635641100000726,,False,Phi-4-mini,No.,229.0,False,Are clary and jace really brother and sister?,False,False,202,True
2281,0.02844330482184887,0.10635641100000726,,False,Phi-4-mini,No.,81.0,False,Do they find kate in a child in time?,False,False,45,True
2282,0.0005034737405367196,0.10635641100000726,,False,Phi-4-mini,No.,73.0,False,Is the netherlands part of the united kingdom?,False,False,39,True
2283,0.0016489161644130945,0.10635641100000726,,False,Phi-4-mini,No.,225.0,False,Will being flat footed keep you out of the military?,False,False,184,True
2284,0.8774964213371277,0.13414224962500043,,True,Phi-4-mini,Yes.,305.0,True,Is atmospheric pressure the same as air pressure?,True,False,267,True
2286,0.9969249367713928,0.13414224962500043,,True,Phi-4-mini,Yes.,190.0,True,Is a crawfish and a crawdad the same thing?,True,False,154,True
2287,0.4922882914543152,0.13414224962500043,,False,Phi-4-mini,No.,269.0,False,Is it law to wear a seatbelt uk?,True,False,214,False
2288,0.0005888643790967762,0.13414224962500043,,False,Phi-4-mini,No.,315.0,False,Do all xbox 360 games work on xbox 1?,False,False,262,True
2291,0.010657778941094875,0.13414224962500043,,False,Phi-4-mini,No.,144.0,False,Is yg and yo gotti the same person?,False,False,103,True
2292,0.9998148083686829,0.13414224962500043,,True,Phi-4-mini,Yes.,191.0,True,Is coast guard part of the armed forces?,True,False,158,True
2293,0.9953919649124146,0.13414224962500043,,True,Phi-4-mini,Yes.,82.0,True,Has any team won 3 championships in a row?,True,False,45,True
2294,0.004756084643304348,0.13414224962500043,,False,Phi-4-mini,No.,157.0,False,Can you have a unanimous vote with an abstention?,True,False,123,False
2295,0.9755797386169434,0.12031437537498846,,True,Phi-4-mini,Yes.,115.0,True,Is it dangerous to drink from lead crystal glasses?,True,False,79,True
2297,0.9969250559806824,0.12031437537498846,,True,Phi-4-mini,Yes.,124.0,True,Does c. botulinum have any positive medical uses?,True,False,83,True
2298,0.8267521858215332,0.12031437537498846,,True,Phi-4-mini,Yes.,130.0,True,Can it rain if there are no clouds?,True,False,99,True
2299,0.012833965942263603,0.12031437537498846,,False,Phi-4-mini,No.,257.0,False,Is season 6 of voltron the last one?,False,False,195,True
2300,0.005221829283982515,0.12031437537498846,,False,Phi-4-mini,No.,203.0,False,Can the time value of an option be negative?,False,False,171,True
2301,0.9947810769081116,0.12031437537498846,,True,Phi-4-mini,Yes.,224.0,True,Do both male and female rhinos have horns?,True,False,183,True
2304,0.9930991530418396,0.12031437537498846,,True,Phi-4-mini,Yes.,180.0,True,Did mexico made it to the world cup?,True,False,139,True
2305,0.05034267157316208,0.12031437537498846,,False,Phi-4-mini,No.,151.0,False,Can you keep doubling your bet on roulette?,True,False,117,False
2306,0.9825620651245117,0.0765904598750069,,True,Phi-4-mini,Yes,67.0,True,Do they still make new family guy episodes?,True,False,24,True
2307,0.002552242483943701,0.0765904598750069,,False,Phi-4-mini,No.,123.0,False,Can i open carry without a permit in tennessee?,False,False,84,True
2308,0.014508542604744434,0.0765904598750069,,False,Phi-4-mini,No.,156.0,False,Are maleficent and the evil queen the same?,False,False,124,True
2310,0.047436557710170746,0.0765904598750069,,False,Phi-4-mini,No.,103.0,False,Is diary of a wimpy kid considered a graphic novel?,False,False,68,True
2311,0.005912099964916706,0.0765904598750069,,False,Phi-4-mini,No.,87.0,False,Is turpentine and white spirit the same thing?,False,False,51,True
2313,0.9867790937423706,0.0765904598750069,,True,Phi-4-mini,Yes.,83.0,True,Is it possible for someone to die of laughter?,True,False,48,True
2314,0.9324702024459839,0.0765904598750069,,True,Phi-4-mini,Yes.,60.0,True,Are centripetal and centrifugal force action reaction pair?,True,False,24,True
2315,0.002551815239712596,0.0765904598750069,,False,Phi-4-mini,No.,138.0,False,Did they use a real leopard in bringing up baby?,True,False,101,False
2316,0.0002696097071748227,0.1292815981250044,,False,Phi-4-mini,No.,113.0,False,Does the waterloo and city line run on sundays?,False,False,81,True
2317,0.04887905716896057,0.1292815981250044,,False,Phi-4-mini,No.,99.0,False,Is home park windsor open to the public?,False,False,65,True
2319,0.0018109488300979137,0.1292815981250044,,False,Phi-4-mini,No.,133.0,False,Is flight of the phoenix based on a true story?,False,False,91,True
2321,0.0010656284866854548,0.1292815981250044,,False,Phi-4-mini,No.,226.0,False,Was avatar the last airbender based on a book?,False,False,199,True
2322,0.0046113403514027596,0.1292815981250044,,False,Phi-4-mini,No.,135.0,False,Is the film tully based on the book?,False,False,99,True
2324,0.6994284987449646,0.1292815981250044,,True,Phi-4-mini,Yes.,220.0,True,Is test track the fastest ride in disney?,True,False,187,True
2325,0.37768590450286865,0.1292815981250044,,False,Phi-4-mini,No.,300.0,False,Were the twin towers taller than the empire state building?,True,False,257,False
2326,0.9796742796897888,0.1292815981250044,,True,Phi-4-mini,Yes.,229.0,True,Is there a sequel to wrinkle in time?,True,False,189,True
2327,0.9777166247367859,0.09039823775000855,,True,Phi-4-mini,Yes.,103.0,True,Is there such a thing as corinthian leather?,False,False,67,False
2328,0.00038012073491699994,0.09039823775000855,,False,Phi-4-mini,No.,134.0,False,Is the movie gone baby gone a true story?,False,False,109,True
2329,0.7372032999992371,0.09039823775000855,,True,Phi-4-mini,Yes.,141.0,True,Is a toothed belt the same as a cam belt?,True,False,108,True
2330,0.9566442966461182,0.09039823775000855,,True,Phi-4-mini,Yes.,190.0,True,Is there a story to magic the gathering?,True,False,160,True
2331,0.0011340053752064705,0.09039823775000855,,False,Phi-4-mini,No.,55.0,False,Is the home insurance building still standing in chicago?,False,False,14,True
2332,0.9980738162994385,0.09039823775000855,,True,Phi-4-mini,Yes.,71.0,True,Are there dolphins in the north atlantic ocean?,True,False,39,True
2333,0.3346700966358185,0.09039823775000855,,False,Phi-4-mini,No.,145.0,False,Is the book of jasher in the bible?,False,False,118,True
2334,0.0001853274879977107,0.09039823775000855,,False,Phi-4-mini,No.,134.0,False,Is all of europe in the same time zone?,False,False,98,True
2335,0.9659082293510437,0.10666978000000427,,True,Phi-4-mini,Yes.,153.0,True,Is india a member of missile technology control regime?,True,False,112,True
2336,0.0012454078532755375,0.10666978000000427,,False,Phi-4-mini,No.,111.0,False,Do you have to have a gun license to go to the gun range?,False,False,69,True
2338,0.005387329030781984,0.10666978000000427,,False,Phi-4-mini,No.,215.0,False,Does the queen stay at st james palace?,False,False,186,True
2339,0.0020516805816441774,0.10666978000000427,,False,Phi-4-mini,No.,124.0,False,Will there be a 5th season of the killing?,False,False,79,True
2340,0.9993333220481873,0.10666978000000427,,True,Phi-4-mini,Yes.,146.0,True,Does angel food cake have flour in it?,True,False,112,True
2341,0.00023795542074367404,0.10666978000000427,,False,Phi-4-mini,No.,68.0,False,Did belgium ever won the fifa world cup?,False,False,28,True
2344,0.999929666519165,0.10666978000000427,,True,Phi-4-mini,Yes.,73.0,True,Do you get paid when on administrative leave?,True,False,40,True
2345,0.17795255780220032,0.10666978000000427,,False,Phi-4-mini,No.,232.0,False,Is us marshals a sequel to the fugitive?,False,False,196,True
2346,0.38529425859451294,0.12811014962500167,,False,Phi-4-mini,No.,199.0,False,Is bradley cooper a star is born a remake?,True,False,159,False
2347,0.8991559743881226,0.12811014962500167,,True,Phi-4-mini,Yes.,147.0,True,Is an isothermal change the internal energy of the ideal gas molecules?,True,False,108,True
2348,0.99835205078125,0.12811014962500167,,True,Phi-4-mini,Yes.,136.0,True,Is there a run rule in ncaa softball?,True,False,100,True
2349,0.793164849281311,0.12811014962500167,,True,Phi-4-mini,Yes.,162.0,True,Is the little house on the prairie fiction?,False,False,123,False
2351,0.9993122816085815,0.12811014962500167,,True,Phi-4-mini,Yes.,223.0,True,Is there a tunnel under the english channel?,True,False,187,True
2352,0.0026329460088163614,0.12811014962500167,,False,Phi-4-mini,No.,120.0,False,Do bees and hornets have the same venom?,False,False,84,True
2354,0.03411827236413956,0.12811014962500167,,False,Phi-4-mini,No.,198.0,False,Did abba write songs specifically for mamma mia?,False,False,162,True
2355,0.9996647834777832,0.12811014962500167,,True,Phi-4-mini,Yes.,286.0,True,Is the moose a member of the deer family?,True,False,255,True
2356,0.2878444492816925,0.0967299347500159,,False,Phi-4-mini,No.,167.0,False,Is there a green lantern movie coming out?,True,False,136,False
2357,0.9971107244491577,0.0967299347500159,,True,Phi-4-mini,Yes.,197.0,True,Are there other kinds of ketchup besides tomato?,True,False,170,True
2358,0.9748268127441406,0.0967299347500159,,True,Phi-4-mini,Yes.,194.0,True,Is the ranch filmed in front of a live audience?,True,False,156,True
2359,0.0030769724398851395,0.0967299347500159,,False,Phi-4-mini,No.,114.0,False,Is netflix ozark based on a true story?,False,False,75,True
2361,0.010663129389286041,0.0967299347500159,,False,Phi-4-mini,No.,65.0,False,Is season 14 the last season for grey's anatomy?,False,False,26,True
2362,0.05036254972219467,0.0967299347500159,,False,Phi-4-mini,No.,89.0,False,Is it illegal to flash your headlights to warn of police in virginia?,False,False,47,True
2363,0.001284675090573728,0.0967299347500159,,False,Phi-4-mini,No.,121.0,False,Is the outsiders movie based on a true story?,False,False,87,True
2364,0.9956693649291992,0.0967299347500159,,True,Phi-4-mini,Yes.,156.0,True,Has it ever snowed in san diego california?,True,False,110,True
2365,0.9994297623634338,0.12573179487500852,,True,Phi-4-mini,Yes.,142.0,True,Is keeping up with the kardashians a reality show?,True,False,107,True
2367,0.0026325553189963102,0.12573179487500852,,False,Phi-4-mini,No.,246.0,False,Is a nissan frontier a half ton truck?,False,False,211,True
2368,0.8706239461898804,0.12573179487500852,,True,Phi-4-mini,Yes,78.0,True,Can you play gameboy games on a ds lite?,True,False,43,True
2369,0.02933449298143387,0.12573179487500852,,False,Phi-4-mini,No.,124.0,False,Has ireland ever beaten the wallabies in australia?,True,False,76,False
2370,0.8840556740760803,0.12573179487500852,,True,Phi-4-mini,Yes.,92.0,True,Can you mail something with no return address?,True,False,58,True
2371,0.8634167909622192,0.12573179487500852,,True,Phi-4-mini,Yes.,287.0,True,Are there sharks in the long island sound?,True,False,258,True
2372,0.5312948822975159,0.12573179487500852,,True,Phi-4-mini,Yes.,92.0,True,Is lord of all hopefulness a funeral hymn?,True,False,58,True
2373,0.9933114051818848,0.12573179487500852,,True,Phi-4-mini,Yes.,166.0,True,Is hawaii part of the united states territory?,True,False,127,True
2374,0.9992903470993042,0.08668294412501609,,True,Phi-4-mini,Yes.,101.0,True,Can hydrogen be used in a combustion engine?,True,False,67,True
2377,0.9991441965103149,0.08668294412501609,,True,Phi-4-mini,Yes.,106.0,True,Can a person die from a broken neck?,True,False,70,True
2378,0.9993334412574768,0.08668294412501609,,True,Phi-4-mini,Yes.,120.0,True,Did the washington post go public in 1971?,True,False,76,True
2379,0.0025518930051475763,0.08668294412501609,,False,Phi-4-mini,No.,140.0,False,Was the leaning tower of pisa built to lean?,False,False,114,True
2381,4.2656251025618985e-05,0.08668294412501609,,False,Phi-4-mini,No.,186.0,False,Does the right atrium receive blood from the lungs?,True,False,144,False
2382,0.027591319754719734,0.08668294412501609,,False,Phi-4-mini,No.,129.0,False,Do you have to call a married woman matron of honor?,True,False,97,False
2384,0.14418603479862213,0.08668294412501609,,False,Phi-4-mini,No.,109.0,False,Was family ties filmed in front of a live audience?,True,False,73,False
2386,0.9926562905311584,0.08668294412501609,,True,Phi-4-mini,Yes.,55.0,True,Does northern ireland have a world cup team?,True,False,20,True
2387,0.04604629799723625,0.12946106837500793,,False,Phi-4-mini,No.,140.0,False,Can you be retried if new evidence is found?,False,False,98,True
2388,0.999393105506897,0.12946106837500793,,True,Phi-4-mini,Yes.,313.0,True,Is there a difference between dynamite and tnt?,True,False,283,True
2391,0.9994807839393616,0.12946106837500793,,True,Phi-4-mini,Yes.,124.0,True,Does a flagrant foul count as a personal foul?,True,False,89,True
2393,0.692741870880127,0.12946106837500793,,True,Phi-4-mini,Yes,83.0,True,Are applebee's and ihop owned by the same company?,True,False,53,True
2394,0.17788393795490265,0.12946106837500793,,False,Phi-4-mini,No.,106.0,False,Does the governor general have to sign all bills passed by federal parliament?,True,False,69,False
2395,0.6860045194625854,0.12946106837500793,,True,Phi-4-mini,Yes.,67.0,True,Is semolina flour the same as cream of wheat?,True,False,30,True
2396,0.9996079802513123,0.12946106837500793,,True,Phi-4-mini,Yes.,128.0,True,Is there such a thing as a cell phone jammer?,True,False,94,True
2397,0.07588198035955429,0.12946106837500793,,False,Phi-4-mini,No.,176.0,False,Can you have more than 2 sets of teeth?,True,False,144,False
2399,0.9994117021560669,0.15768643949999728,,True,Phi-4-mini,Yes.,156.0,True,Is willy wonka and the chocolate factory a musical?,True,False,122,True
2401,0.9763176441192627,0.15768643949999728,,True,Phi-4-mini,Yes.,368.0,True,Has any pitcher thrown a no hitter and lost?,True,False,337,True
2402,0.256852388381958,0.15768643949999728,,False,Phi-4-mini,No.,104.0,False,Is it illegal to drive with no sleep?,False,False,70,True
2403,0.26294827461242676,0.15768643949999728,,False,Phi-4-mini,No.,176.0,False,Has any team ever come back from 3-0 nhl?,True,False,134,False
2404,0.0656195729970932,0.15768643949999728,,False,Phi-4-mini,No.,124.0,False,Can you move a king backwards in chess?,True,False,89,False
2406,0.997199535369873,0.15768643949999728,,True,Phi-4-mini,Yes.,149.0,True,Is it illegal to buy organs in the us?,True,False,112,True
2407,0.002473131287842989,0.15768643949999728,,False,Phi-4-mini,No.,139.0,False,Is employment termination the same as being fired?,True,False,106,False
2408,0.9991170763969421,0.15768643949999728,,True,Phi-4-mini,Yes.,155.0,True,Is there a difference in power between the power input and power output?,True,False,116,True
2410,0.99617600440979,0.14652727987501635,,True,Phi-4-mini,Yes.,129.0,True,Is data visualization a part of data science?,True,False,94,True
2411,0.006697113160043955,0.14652727987501635,,False,Phi-4-mini,No.,328.0,False,Is any part of lake michigan in canada?,False,False,294,True
2412,0.8267539143562317,0.14652727987501635,,True,Phi-4-mini,Yes.,83.0,True,Is the movie stalingrad based on a true story?,False,False,48,False
2413,0.05837602540850639,0.14652727987501635,,False,Phi-4-mini,No.,282.0,False,Does the dad die in train to busan?,True,False,273,False
2414,0.0004583793052006513,0.14652727987501635,,False,Phi-4-mini,No.,102.0,False,Is it possible to have a triangle with two obtuse angles?,False,False,60,True
2415,0.979681134223938,0.14652727987501635,,True,Phi-4-mini,Yes.,159.0,True,Do thelma and louise die at the end?,True,False,125,True
2416,0.9991959929466248,0.14652727987501635,,True,Phi-4-mini,Yes.,190.0,True,Can drinking too much milk make you throw up?,True,False,155,True
2417,0.04745345190167427,0.14652727987501635,,False,Phi-4-mini,No.,262.0,False,Is the sea snake the most venomous snake?,False,False,226,True
2418,0.973248302936554,0.10898504799999387,,True,Phi-4-mini,Yes.,102.0,True,Are there any nuclear power plants being built in the us?,True,False,59,True
2419,0.992879331111908,0.10898504799999387,,True,Phi-4-mini,Yes.,94.0,True,Is there a bird called a rain crow?,True,False,65,True
2421,0.9648606777191162,0.10898504799999387,,True,Phi-4-mini,Yes.,124.0,True,Can you be born with both female and male parts?,True,False,87,True
2422,0.407431036233902,0.10898504799999387,,False,Phi-4-mini,No.,236.0,False,Can a player be substituted twice in football?,True,False,198,False
2425,0.0005196395795792341,0.10898504799999387,,False,Phi-4-mini,No.,192.0,False,Is an imperial gallon the same as a us gallon?,False,False,151,True
2426,0.17333246767520905,0.10898504799999387,,False,Phi-4-mini,No.,228.0,False,Do you have the right to remain silent before arrest?,True,False,193,False
2427,0.9381357431411743,0.10898504799999387,,True,Phi-4-mini,Yes.,178.0,True,Can a picc line be used for nutrition?,True,False,144,True
2428,0.8775055408477783,0.10898504799999387,,True,Phi-4-mini,Yes.,122.0,True,Is dances with wolves supposed to have subtitles?,True,False,90,True
2429,0.25689971446990967,0.12103253225001254,,False,Phi-4-mini,No.,149.0,False,Can i get into canada with a birth certificate?,True,False,118,False
2430,0.0007097732159309089,0.12103253225001254,,False,Phi-4-mini,No.,122.0,False,Can a node in a tree have two parents?,False,False,86,True
2431,0.03624483197927475,0.12103253225001254,,False,Phi-4-mini,No.,272.0,False,Has christiano ronaldo ever won the world cup?,True,False,247,False
2432,0.0018110453383997083,0.12103253225001254,,False,Phi-4-mini,No.,76.0,False,Can i have a beard in the military?,False,False,42,True
2433,0.007821689359843731,0.12103253225001254,,False,Phi-4-mini,No.,123.0,False,Does the national anthem of spain have words?,False,False,89,True
2434,0.9740464687347412,0.12103253225001254,,True,Phi-4-mini,Yes.,205.0,True,Do you get an rbi on a home run?,True,False,176,True
2435,0.042098645120859146,0.12103253225001254,,False,Phi-4-mini,No.,216.0,False,Is it possible to run a mile in 2 minutes?,False,False,170,True
2436,0.5851641297340393,0.12103253225001254,,True,Phi-4-mini,Yes.,56.0,True,Is closing date the same as settlement date?,True,False,22,True
2437,0.9990891218185425,0.07554046699999617,,True,Phi-4-mini,Yes.,119.0,True,Does the vice president break tie votes in the senate?,True,False,77,True
2438,0.0010007178643718362,0.07554046699999617,,False,Phi-4-mini,No.,154.0,False,Are pork n beans the same as baked beans?,False,False,117,True
2439,0.01133816596120596,0.07554046699999617,,False,Phi-4-mini,No.,155.0,False,Does all of the us do daylight savings?,False,False,123,True
2440,0.43021559715270996,0.07554046699999617,,False,Phi-4-mini,No.,151.0,False,Can you have a boy and a girl identical twins?,False,False,114,True
2441,0.0019884477369487286,0.07554046699999617,,False,Phi-4-mini,No.,88.0,False,Is the movie hostage based on a true story?,False,False,52,True
2442,0.9450047612190247,0.07554046699999617,,True,Phi-4-mini,Yes.,158.0,True,Does the nile river still flood every year?,True,False,126,True
2443,0.0018680138746276498,0.07554046699999617,,False,Phi-4-mini,No.,155.0,False,Is land tax the same as property tax?,False,False,121,True
2444,0.001455323537811637,0.07554046699999617,,False,Phi-4-mini,No.,143.0,False,Is the film hush based on a true story?,False,False,108,True
2445,0.9991441965103149,0.16157745512498423,,True,Phi-4-mini,Yes.,80.0,True,Is there a difference between an ounce and a fluid ounce?,True,False,42,True
2447,0.003594941459596157,0.16157745512498423,,False,Phi-4-mini,No.,164.0,False,Can puerto rico vote for the us president?,False,False,134,True
2448,0.9637848734855652,0.16157745512498423,,True,Phi-4-mini,Yes.,120.0,True,Can an infinite geometric series have a sum?,True,False,86,True
2449,0.004908218048512936,0.16157745512498423,,False,Phi-4-mini,No.,144.0,False,Is day of the dead bloodline a sequel?,False,False,105,True
2450,0.724905252456665,0.16157745512498423,,True,Phi-4-mini,Yes.,285.0,True,Do jenny and nate ever date in gossip girl?,True,False,262,True
2451,0.9466136693954468,0.16157745512498423,,True,Phi-4-mini,Yes.,179.0,True,Has there ever been an earthquake in tennessee?,True,False,147,True
2452,0.5775967836380005,0.16157745512498423,,True,Phi-4-mini,Yes.,365.0,True,Was harry potter inspired by lord of the rings?,False,False,369,False
2453,0.9991171956062317,0.16157745512498423,,True,Phi-4-mini,Yes.,204.0,True,Did gone with the wind win best picture?,True,False,171,True
2454,0.00023787375539541245,0.12735482462500158,,False,Phi-4-mini,No.,84.0,False,Does the antagonist always have to be a person?,False,False,49,True
2455,0.3347261846065521,0.12735482462500158,,False,Phi-4-mini,No.,299.0,False,Were the twin towers taller than empire state building?,True,False,257,False
2456,0.008065958507359028,0.12735482462500158,,False,Phi-4-mini,No.,89.0,False,Is ireland in the fifa world cup 2018?,False,False,52,True
2457,0.9603708386421204,0.12735482462500158,,True,Phi-4-mini,Yes.,53.0,True,Is a web server an example of a host?,True,False,17,True
2459,0.043387170881032944,0.12735482462500158,,False,Phi-4-mini,No.,150.0,False,Is national human rights commission a constitutional body?,True,False,110,False
2460,0.0005530442576855421,0.12735482462500158,,False,Phi-4-mini,No.,174.0,False,Are el dorado and rio bravo the same movie?,False,False,138,True
2461,0.8670599460601807,0.12735482462500158,,True,Phi-4-mini,Yes,130.0,True,Can you buy alcohol on sunday in indiana 2018?,True,False,81,True
2462,0.0010328841162845492,0.12735482462500158,,False,Phi-4-mini,No.,217.0,False,Is five guys only on the east coast?,False,False,180,True
2463,0.9706925749778748,0.08547641924999994,,True,Phi-4-mini,Yes.,108.0,True,Is white spirits the same as mineral spirits?,True,False,78,True
2464,0.05503622815012932,0.08547641924999994,,False,Phi-4-mini,No.,131.0,False,Did a double deckers have raisins in it?,True,False,99,False
2466,0.6442714333534241,0.08547641924999994,,True,Phi-4-mini,Yes.,55.0,True,Can i watch ireland's got talent in england?,True,False,19,True
2467,0.9566490650177002,0.08547641924999994,,True,Phi-4-mini,Yes.,162.0,True,Is syria a member of the united nations?,True,False,112,True
2468,0.08514153212308884,0.08547641924999994,,False,Phi-4-mini,No.,141.0,False,Is the isle of man part of the uk?,True,False,111,False
2469,0.9990602135658264,0.08547641924999994,,True,Phi-4-mini,Yes,111.0,True,Do ncaa division 2 schools offer athletic scholarships?,False,False,72,False
2470,0.02518727071583271,0.08547641924999994,,False,Phi-4-mini,No.,116.0,False,Is there a mechanical advantage for a fixed pulley?,False,False,83,True
2471,0.9344196915626526,0.08547641924999994,,True,Phi-4-mini,Yes.,146.0,True,Does the new mama mia have abba music?,True,False,106,True
2473,0.0011699693277478218,0.15650517112501916,,False,Phi-4-mini,No.,137.0,False,Is a prince the same as a duke?,False,False,106,True
2474,6.605793896596879e-05,0.15650517112501916,,False,Phi-4-mini,No.,189.0,False,Is the tower of terror in magic kingdom?,False,False,158,True
2476,0.32090774178504944,0.15650517112501916,,False,Phi-4-mini,No.,123.0,False,Is 0 in the set of natural numbers?,True,False,82,False
2477,0.0003803121217060834,0.15650517112501916,,False,Phi-4-mini,No.,353.0,False,Did all of the lava flows associated with mauna loa originate at the top of the volcano?,False,False,300,True
2478,0.03734087198972702,0.15650517112501916,,False,Phi-4-mini,No.,108.0,False,Is hong kong inside the great firewall of china?,False,False,74,True
2479,0.2751905918121338,0.15650517112501916,,False,Phi-4-mini,No.,251.0,False,Did bart millard sing in movie i can only imagine?,True,False,217,False
2480,0.46116936206817627,0.15650517112501916,,False,Phi-4-mini,No.,117.0,False,Is puerto rico considered a part of the united states?,True,False,81,False
2481,0.9994297623634338,0.15650517112501916,,True,Phi-4-mini,Yes.,151.0,True,Can a child born in canada get citizenship?,True,False,121,True
2482,0.06191142648458481,0.10660141837499282,,False,Phi-4-mini,No.,115.0,False,Has the long exile of the archbishop ended?,True,False,75,False
2483,0.0027160183526575565,0.10660141837499282,,False,Phi-4-mini,No.,149.0,False,Does marion die in raiders of the lost ark?,False,False,113,True
2485,0.6584861874580383,0.10660141837499282,,True,Phi-4-mini,Yes.,228.0,True,Is the october revolution the same as the bolshevik revolution?,True,False,224,True
2486,0.9994807839393616,0.10660141837499282,,True,Phi-4-mini,Yes.,183.0,True,Are there cars that run on natural gas?,True,False,144,True
2487,0.9919407963752747,0.10660141837499282,,True,Phi-4-mini,Yes.,117.0,True,Are any cruise ships registered in the us?,True,False,81,True
2489,0.9980130195617676,0.10660141837499282,,True,Phi-4-mini,Yes.,149.0,True,Has usa ever played in the world cup?,True,False,105,True
2491,0.8439353108406067,0.10660141837499282,,True,Phi-4-mini,Yes.,151.0,True,Is the open door policy still used today?,False,False,112,False
2492,0.9996200799942017,0.10660141837499282,,True,Phi-4-mini,Yes.,130.0,True,Is the eye of a hurricane low pressure?,True,False,97,True
2494,0.4150359034538269,0.12510305075002748,,False,Phi-4-mini,No.,121.0,False,Has any team ever swept the stanley cup final?,True,False,91,False
2495,0.09536328166723251,0.12510305075002748,,False,Phi-4-mini,No.,132.0,False,Are there in and out burgers in ohio?,False,False,100,True
2496,0.992424488067627,0.12510305075002748,,True,Phi-4-mini,Yes.,257.0,True,Does king kong die in the original movie?,True,False,228,True
2497,0.9615547060966492,0.12510305075002748,,True,Phi-4-mini,Yes,176.0,True,Has there ever been 2 grand slams in one inning?,True,False,137,True
2498,0.0001488822017563507,0.12510305075002748,,False,Phi-4-mini,No.,275.0,False,Is a doctor of physical therapy an md?,False,False,232,True
2500,0.9997468590736389,0.12510305075002748,,True,Phi-4-mini,Yes.,168.0,True,Does a bloody mary have alcohol in it?,True,False,143,True
2501,0.7491596341133118,0.12510305075002748,,True,Phi-4-mini,Yes.,153.0,True,Is penn and teller fool us still on?,True,False,104,True
2502,0.00033551384694874287,0.12510305075002748,,False,Phi-4-mini,No.,107.0,False,Is a catbird the same as a mockingbird?,False,False,69,True
2503,0.004611900541931391,0.12349018849999993,,False,Phi-4-mini,No.,118.0,False,Is the strip in the city of las vegas?,False,False,82,True
2504,0.008850231766700745,0.12349018849999993,,False,Phi-4-mini,No.,118.0,False,Did the actor who played gandalf play dumbledore?,False,False,79,True
2505,0.17332154512405396,0.12349018849999993,,False,Phi-4-mini,No.,139.0,False,Is it normal for my second toe to be longer?,False,False,104,True
2506,0.07810644805431366,0.12349018849999993,,False,Phi-4-mini,No.,166.0,False,Does cows have to be pregnant to produce milk?,False,False,121,True
2507,0.0015018113190308213,0.12349018849999993,,False,Phi-4-mini,No.,140.0,False,Are celery and rhubarb from the same family?,False,False,105,True
2508,0.014075638726353645,0.12349018849999993,,False,Phi-4-mini,No.,64.0,False,Has any nba team came back from 3-1 in the finals?,True,False,22,False
2509,0.6225149035453796,0.12349018849999993,,True,Phi-4-mini,Yes.,284.0,True,Do they still make $2 bills in 2018?,True,False,254,True
2511,0.3849491477012634,0.12349018849999993,,False,Phi-4-mini,No.,112.0,False,Do you need a license for airsoft guns uk?,False,False,74,True
2512,0.9466080665588379,0.10025417212500543,,True,Phi-4-mini,Yes.,121.0,True,Will there be season 2 of cobra kia?,True,False,91,True
2513,0.9937120676040649,0.10025417212500543,,True,Phi-4-mini,Yes.,92.0,True,Is there a train station in zurich airport?,True,False,69,True
2514,0.971571683883667,0.10025417212500543,,True,Phi-4-mini,Yes.,191.0,True,Is lake ontario connected to the atlantic ocean?,True,False,164,True
2515,0.8311907649040222,0.10025417212500543,,True,Phi-4-mini,Yes,211.0,True,Is there a 4th film in divergent series?,False,False,178,False
2517,0.9911543130874634,0.10025417212500543,,True,Phi-4-mini,Yes.,211.0,True,Do the second and third place winners on survivor get any money?,True,False,185,True
2518,0.010657497681677341,0.10025417212500543,,False,Phi-4-mini,No.,70.0,False,Is cape fear based on a true story?,False,False,36,True
2519,0.9591651558876038,0.10025417212500543,,True,Phi-4-mini,Yes.,110.0,True,Can quartz cuvette be used in visible range?,True,False,75,True
2520,0.5312948822975159,0.10025417212500543,,True,Phi-4-mini,Yes.,107.0,True,Does the t distribution have a standard deviation of 1?,False,False,69,False
2521,0.000269544922048226,0.1231082091250073,,False,Phi-4-mini,No.,185.0,False,Is himalayan pink salt the same as curing salt?,False,False,150,True
2522,0.9579194784164429,0.1231082091250073,,True,Phi-4-mini,Yes.,86.0,True,Is the scottish £1 note still legal tender?,True,False,48,True
2523,0.011693472042679787,0.1231082091250073,,False,Phi-4-mini,No.,86.0,False,Is iphone se and iphone 5 the same?,False,False,43,True
2524,0.8082008957862854,0.1231082091250073,,True,Phi-4-mini,Yes.,170.0,True,Did the queen mum buy a castle in scotland?,True,False,124,True
2525,0.0981772169470787,0.1231082091250073,,False,Phi-4-mini,No.,276.0,False,Is new york a city in new york?,True,False,238,False
2526,0.055015403777360916,0.1231082091250073,,False,Phi-4-mini,No.,157.0,False,Is there a season four of red rock?,False,False,111,True
2527,0.10377664864063263,0.1231082091250073,,False,Phi-4-mini,No.,72.0,False,Are there more movies after i am number four?,False,False,36,True
2528,0.22828954458236694,0.1231082091250073,,False,Phi-4-mini,No.,110.0,False,Did blake shelton wrote mine would be you?,False,False,71,True
2529,0.9859404563903809,0.1002181173749932,,True,Phi-4-mini,Yes.,100.0,True,Is elmer's glue all a pva glue?,True,False,65,True
2530,0.25691938400268555,0.1002181173749932,,False,Phi-4-mini,No.,212.0,False,Are any original members of lynyrd skynyrd still alive?,False,False,167,True
2531,0.10976019501686096,0.1002181173749932,,False,Phi-4-mini,No.,84.0,False,Can a twin be born inside the other?,True,False,48,False
2532,0.9989996552467346,0.1002181173749932,,True,Phi-4-mini,Yes.,90.0,True,Is it possible to die from a bee sting?,True,False,54,True
2533,0.0019275931408628821,0.1002181173749932,,False,Phi-4-mini,No.,119.0,False,Are bensons and harvey's the same company?,False,False,85,True
2534,0.0695711225271225,0.1002181173749932,,False,Phi-4-mini,No.,169.0,False,Does mercury stay a constant distance from the sun year after year?,True,False,128,False
2535,0.005062598269432783,0.1002181173749932,,False,Phi-4-mini,No.,212.0,False,Is there going to be a sequel to wrath of the titans?,False,False,160,True
2536,0.16455212235450745,0.1002181173749932,,False,Phi-4-mini,No.,116.0,False,Is social studies and social science the same?,False,False,83,True
2537,0.029317332431674004,0.12138101824999126,,False,Phi-4-mini,No.,98.0,False,Is war room movie based on a true story?,False,False,66,True
2539,0.00022344959143083543,0.12138101824999126,,False,Phi-4-mini,No.,141.0,False,Are the inside of your cheeks called gums?,False,False,108,True
2540,0.00038008595583960414,0.12138101824999126,,False,Phi-4-mini,No.,262.0,False,Does the sea of galilee have salt water?,False,False,252,True
2541,0.0002532422950025648,0.12138101824999126,,False,Phi-4-mini,No.,179.0,False,Is fathers day the first sunday in september?,False,False,148,True
2542,0.8670722246170044,0.12138101824999126,,True,Phi-4-mini,Yes.,253.0,True,Is we bought a zoo based on a real story?,True,False,218,True
2543,0.9992448091506958,0.12138101824999126,,True,Phi-4-mini,Yes.,125.0,True,Is the walking dead ride a roller coaster?,True,False,97,True
2544,0.9997305274009705,0.12138101824999126,,True,Phi-4-mini,Yes.,134.0,True,Can an induction motor work as a generator?,True,False,100,True
2545,0.8840745091438293,0.12138101824999126,,True,Phi-4-mini,Yes.,145.0,True,Is there a book for harry potter and the cursed child?,True,False,100,True
2546,0.0695577934384346,0.12454316012500044,,False,Phi-4-mini,No.,251.0,False,Can you use .224 bullets in a .223?,True,False,204,False
2548,0.0004306720511522144,0.12454316012500044,,False,Phi-4-mini,No.,136.0,False,Are natural gas and oil the same thing?,False,False,101,True
2549,0.9896741509437561,0.12454316012500044,,True,Phi-4-mini,Yes.,84.0,True,Is a new nba trophy made every year?,True,False,47,True
2550,0.22279392182826996,0.12454316012500044,,False,Phi-4-mini,No.,118.0,False,Is guitar center and musicians friend the same company?,True,False,83,False
2551,0.09270766377449036,0.12454316012500044,,False,Phi-4-mini,No.,280.0,False,Is superman going to be in the new justice league movie?,True,False,251,False
2552,0.9998365640640259,0.12454316012500044,,True,Phi-4-mini,Yes.,146.0,True,Is lily-of-the-valley poisonous?,True,False,123,True
2553,0.16892334818840027,0.12454316012500044,,False,Phi-4-mini,No.,95.0,False,Has season 5 of the flash come out?,False,False,49,True
2554,0.031150849536061287,0.12454316012500044,,False,Phi-4-mini,No.,176.0,False,Is lymphoma the same as lymph node cancer?,False,False,128,True
2555,0.9987555742263794,0.07378547999999796,,True,Phi-4-mini,Yes,144.0,True,Is there a grey's anatomy season 14?,True,False,102,True
2556,0.6926833987236023,0.07378547999999796,,True,Phi-4-mini,Yes.,134.0,True,Is a shear wall a load bearing wall?,True,False,99,True
2557,0.9975281357765198,0.07378547999999796,,True,Phi-4-mini,Yes,150.0,True,Did they ever make it off gilligan island?,True,False,108,True
2558,0.9893514513969421,0.07378547999999796,,True,Phi-4-mini,Yes.,61.0,True,Has south africa qualified for the world cup?,True,False,20,True
2559,0.16033945977687836,0.07378547999999796,,False,Phi-4-mini,No.,86.0,False,Is milan the fashion capital of the world?,True,False,53,False
2560,0.9859381318092346,0.07378547999999796,,True,Phi-4-mini,Yes.,137.0,True,Can a horse win the kentucky derby twice?,False,False,106,False
2561,0.39989402890205383,0.07378547999999796,,False,Phi-4-mini,No.,105.0,False,Is a ribeye steak the same as a delmonico steak?,False,False,66,True
2562,0.9099273085594177,0.07378547999999796,,True,Phi-4-mini,Yes.,123.0,True,Is the turbulent water created by breaking waves?,True,False,90,True
2563,0.9933098554611206,0.13147050274997696,,True,Phi-4-mini,Yes.,173.0,True,Is cape lookout part of the outer banks?,True,False,138,True
2564,0.2393910139799118,0.13147050274997696,,False,Phi-4-mini,No.,187.0,False,Is common law marriage legal in the united states?,True,False,156,False
2565,0.8397848010063171,0.13147050274997696,,True,Phi-4-mini,Yes.,80.0,True,Is a bachelor of education an undergraduate degree?,False,False,46,False
2566,0.9958023428916931,0.13147050274997696,,True,Phi-4-mini,Yes.,78.0,True,Does every state have a good samaritan law?,True,False,43,True
2568,0.8840619921684265,0.13147050274997696,,True,Phi-4-mini,Yes.,197.0,True,Can i get pregnant at 52 years old?,True,False,162,True
2570,0.39246875047683716,0.13147050274997696,,False,Phi-4-mini,No.,178.0,False,Does the mason dixon line go through nj?,False,False,140,True
2572,0.005388637073338032,0.13147050274997696,,False,Phi-4-mini,No.,312.0,False,Are all members of the four seasons still alive?,False,False,281,True
2574,0.9978848099708557,0.13147050274997696,,True,Phi-4-mini,Yes,124.0,True,Is there going to be fauda season 3?,True,False,80,True
2576,0.06191319599747658,0.13198110224999482,,False,Phi-4-mini,No.,120.0,False,Does a soccer kick off have to go forward?,False,False,82,True
2577,0.005559583660215139,0.13198110224999482,,False,Phi-4-mini,No.,166.0,False,Was san luis rey de francia always a mission?,False,False,124,True
2578,0.7122868895530701,0.13198110224999482,,True,Phi-4-mini,Yes.,116.0,True,Is socialized medicine the same as universal health care?,True,False,79,True
2579,0.012439895421266556,0.13198110224999482,,False,Phi-4-mini,No.,245.0,False,Do the chargers still play in san diego?,False,False,204,True
2580,0.19694502651691437,0.13198110224999482,,False,Phi-4-mini,No.,306.0,False,Will there be a new how to train your dragon series?,False,False,250,True
2581,0.9981898665428162,0.13198110224999482,,True,Phi-4-mini,Yes.,193.0,True,Is profit and loss statement same as income statement?,True,False,158,True
2582,0.12944099307060242,0.13198110224999482,,False,Phi-4-mini,No.,155.0,False,Can a federal court hear a state law case?,True,False,123,False
2583,0.9149152040481567,0.13198110224999482,,True,Phi-4-mini,Yes.,102.0,True,Is mineral oil the same as hydraulic oil?,False,False,68,False
2584,0.0031733582727611065,0.12829941912499976,,False,Phi-4-mini,No.,201.0,False,Is elderflower cordial the same as elderflower syrup?,False,False,171,True
2585,0.0013255474623292685,0.12829941912499976,,False,Phi-4-mini,No.,180.0,False,Is abu dhabi and dubai the same place?,False,False,161,True
2586,0.16894316673278809,0.12829941912499976,,False,Phi-4-mini,No.,133.0,False,Does the us follow the universal declaration of human rights?,False,False,96,True
2587,0.9994966983795166,0.12829941912499976,,True,Phi-4-mini,Yes.,136.0,True,Is there a garbage patch in the pacific ocean?,True,False,91,True
2588,0.005558170843869448,0.12829941912499976,,False,Phi-4-mini,No.,276.0,False,Do you have to raise double in poker?,True,False,244,False
2590,0.912492573261261,0.12829941912499976,,True,Phi-4-mini,Yes,225.0,True,Has anyone ever won the million on millionaire?,True,False,188,True
2591,0.0031737687531858683,0.12829941912499976,,False,Phi-4-mini,No.,93.0,False,Is it law to get paid maternity leave?,False,False,60,True
2593,0.011336712166666985,0.12829941912499976,,False,Phi-4-mini,No.,129.0,False,Can a soft material scratch a hard material?,False,False,95,True
2594,0.00013987541024107486,0.12237554862500133,,False,Phi-4-mini,No.,140.0,False,Is a way out a single player game?,False,False,108,True
2595,0.09542451798915863,0.12237554862500133,,False,Phi-4-mini,No.,99.0,False,Is there a new season of once upon a time?,False,False,57,True
2596,0.999373733997345,0.12237554862500133,,True,Phi-4-mini,Yes.,109.0,True,Do they have mother's day in other countries?,True,False,80,True
2597,0.1689249575138092,0.12237554862500133,,False,Phi-4-mini,No.,123.0,False,Is hellmann's and best foods the same company?,True,False,88,False
2598,0.996624231338501,0.12237554862500133,,True,Phi-4-mini,Yes.,204.0,True,Is there a spin off from breaking bad?,True,False,172,True
2599,0.0035944904666393995,0.12237554862500133,,False,Phi-4-mini,No.,270.0,False,Is things fall apart based on a true story?,False,False,235,True
2600,0.00035709317307919264,0.12237554862500133,,False,Phi-4-mini,No.,160.0,False,Have the phoenix suns ever won a championship?,False,False,118,True
2601,0.9902944564819336,0.12237554862500133,,True,Phi-4-mini,Yes.,212.0,True,Is english the official language of south africa?,False,False,175,False
2602,0.9553257822990417,0.10592771925001898,,True,Phi-4-mini,Yes.,138.0,True,Do you have to take the bar exam to practice law?,True,False,103,True
2603,0.9219264388084412,0.10592771925001898,,True,Phi-4-mini,Yes.,113.0,True,Did we have red solo cups in 1982?,True,False,74,True
2604,0.6584801077842712,0.10592771925001898,,True,Phi-4-mini,Yes.,241.0,True,Are 45 colt and 45 long colt the same?,True,False,207,True
2605,0.022984223440289497,0.10592771925001898,,False,Phi-4-mini,No.,139.0,False,Is a learner's license the same as a permit?,True,False,110,False
2608,0.9959307312965393,0.10592771925001898,,True,Phi-4-mini,Yes.,146.0,True,Are xmen in the same universe as avengers?,True,False,120,True
2609,0.9983519315719604,0.10592771925001898,,True,Phi-4-mini,Yes.,239.0,True,Do they celebrate father's day in france?,True,False,207,True
2610,0.27529177069664,0.10592771925001898,,False,Phi-4-mini,No.,140.0,False,Does indiana jones play a role in raiders?,True,False,108,False
2612,0.9399380683898926,0.10592771925001898,,True,Phi-4-mini,Yes.,163.0,True,Has cleveland ever beat golden state in the finals?,True,False,123,True
2613,0.009415151551365852,0.13039340899999274,,False,Phi-4-mini,No.,177.0,False,Is snow on the mountain the same as bishops weed?,True,False,149,False
2614,0.9987555742263794,0.13039340899999274,,True,Phi-4-mini,Yes.,146.0,True,Is there a season 14 of grey's anatomy?,True,False,103,True
2615,0.9989013671875,0.13039340899999274,,True,Phi-4-mini,Yes.,145.0,True,Is soul surfer based on a true story?,True,False,113,True
2616,0.9986752867698669,0.13039340899999274,,True,Phi-4-mini,Yes.,138.0,True,Is sri lanka a neighbouring country of india?,True,False,106,True
2617,0.9924255609512329,0.13039340899999274,,True,Phi-4-mini,Yes.,231.0,True,Has anyone ever won a million on who wants to be a millionaire?,True,False,188,True
2618,0.8032208681106567,0.13039340899999274,,True,Phi-4-mini,Yes.,306.0,True,Is there a hulk movie with mark ruffalo?,False,False,283,False
2619,0.9998726844787598,0.13039340899999274,,True,Phi-4-mini,Yes,75.0,True,Is english an official language of new zealand?,True,False,38,True
2620,0.0302292313426733,0.13039340899999274,,False,Phi-4-mini,No.,175.0,False,Does mr darcy die in pride and prejudice and zombies?,False,False,147,True
2621,0.0014557780232280493,0.12222004074999404,,False,Phi-4-mini,No.,194.0,False,Is 7.62 nato the same as 308 win?,False,False,161,True
2622,0.08036338537931442,0.12222004074999404,,False,Phi-4-mini,No.,205.0,False,Is there a star wars movie this year?,True,False,165,False
2623,0.005913131404668093,0.12222004074999404,,False,Phi-4-mini,No.,195.0,False,Is tartar sauce and cream of tartar the same?,False,False,168,True
2625,0.3924996256828308,0.12222004074999404,,False,Phi-4-mini,No.,267.0,False,Is the world cup trophy new every time?,False,False,232,True
2626,0.962685227394104,0.12222004074999404,,True,Phi-4-mini,Yes.,105.0,True,Have any satellites or robots been to neptune?,True,False,72,True
2627,0.034107837826013565,0.12222004074999404,,False,Phi-4-mini,No.,111.0,False,Does it have to rain to have lightning?,False,False,76,True
2628,0.006099134683609009,0.12222004074999404,,False,Phi-4-mini,No.,126.0,False,Does the dishwasher make its own hot water?,True,False,92,False
2629,0.9344326257705688,0.12222004074999404,,True,Phi-4-mini,Yes.,140.0,True,Was the game a spin off of girlfriends?,True,False,107,True
2630,0.8596821427345276,0.13123026487500056,,True,Phi-4-mini,Yes.,125.0,True,Are chickpeas and garbonzo beans the same thing?,True,False,94,True
2631,0.9615384936332703,0.13123026487500056,,True,Phi-4-mini,Yes.,79.0,True,Can you put a split tongue back together?,True,False,44,True
2632,0.7059101462364197,0.13123026487500056,,True,Phi-4-mini,Yes,167.0,True,Will there be a season 5 of steven universe?,True,False,127,True
2633,0.4074448347091675,0.13123026487500056,,False,Phi-4-mini,No.,168.0,False,Is there ball in hand in 8 ball?,True,False,136,False
2634,0.39993157982826233,0.13123026487500056,,False,Phi-4-mini,No.,217.0,False,Do jackson and april get back together after divorce?,False,False,185,True
2635,0.6992985606193542,0.13123026487500056,,True,Phi-4-mini,Yes.,312.0,True,Is it normal to have motion sickness after a cruise?,True,False,283,True
2636,0.34165969491004944,0.13123026487500056,,False,Phi-4-mini,No.,225.0,False,Do runs have to be the same suit in gin rummy?,True,False,184,False
2637,0.004470777232199907,0.13123026487500056,,False,Phi-4-mini,No,107.0,False,Do you need a license to go to shooting range?,False,False,69,True
2638,0.9928799271583557,0.12385779024998556,,True,Phi-4-mini,Yes.,205.0,True,Is canada part of the human rights council?,True,False,171,True
2639,0.9637855291366577,0.12385779024998556,,True,Phi-4-mini,Yes.,93.0,True,Is a half barrel the same as a keg?,True,False,60,True
2640,0.001810590154491365,0.12385779024998556,,False,Phi-4-mini,No.,83.0,False,Does a double barrel surname have to be hyphenated?,False,False,47,True
2641,0.004332571290433407,0.12385779024998556,,False,Phi-4-mini,No.,101.0,False,Is gdp per capita the same as average income?,False,False,63,True
2642,0.06016598269343376,0.12385779024998556,,False,Phi-4-mini,No.,286.0,False,Do you capitalize elements of the periodic table?,False,False,255,True
2643,0.4688723385334015,0.12385779024998556,,False,Phi-4-mini,No.,128.0,False,Can you get a 3rd set of teeth?,False,False,88,True
2644,0.061889488250017166,0.12385779024998556,,False,Phi-4-mini,No.,49.0,False,Are they going to make a punisher season 2?,True,False,9,False
2646,0.9416766166687012,0.12385779024998556,,True,Phi-4-mini,Yes.,101.0,True,Is rocky balboa in the boxing hall of fame?,True,False,71,True
2648,4.401377373142168e-05,0.08612609387500925,,False,Phi-4-mini,No.,140.0,False,Is the leaning tower of pisa in rome?,False,False,114,True
2649,0.017448434606194496,0.08612609387500925,,False,Phi-4-mini,No.,83.0,False,Is there really a gotham city in new york?,False,False,47,True
2650,0.007579565513879061,0.08612609387500925,,False,Phi-4-mini,No.,179.0,False,Has anyone ever hit five home runs in a game?,False,False,139,True
2651,0.00044437593896873295,0.08612609387500925,,False,Phi-4-mini,No.,85.0,False,Do all baby birds have an egg tooth?,False,False,50,True
2652,0.8634820580482483,0.08612609387500925,,True,Phi-4-mini,Yes.,134.0,True,Has anyone in the coast guard won the medal of honor?,True,False,91,True
2653,0.7249493598937988,0.08612609387500925,,True,Phi-4-mini,Yes,133.0,True,Is troy fall of a city on netflix?,True,False,96,True
2654,0.2942934036254883,0.08612609387500925,,False,Phi-4-mini,No.,73.0,False,Is visa delta the same as visa debit?,True,False,42,False
2656,0.637085497379303,0.08612609387500925,,True,Phi-4-mini,Yes.,131.0,True,Is verizon and verizon wireless the same company?,True,False,92,True
2657,0.0002781115472316742,0.07500687850000531,,False,Phi-4-mini,No.,123.0,False,Are wolf spiders and grass spiders the same thing?,False,False,91,True
2658,0.9933078289031982,0.07500687850000531,,True,Phi-4-mini,Yes.,158.0,True,Is triamcinolone acetonide cream good for poison oak?,True,False,126,True
2659,0.9553307890892029,0.07500687850000531,,True,Phi-4-mini,Yes.,86.0,True,Are there extra innings in all star game?,True,False,45,True
2660,0.00025320754502899945,0.07500687850000531,,False,Phi-4-mini,No.,153.0,False,Can you castle after being checked in chess?,False,False,117,True
2661,0.1646202951669693,0.07500687850000531,,False,Phi-4-mini,No.,151.0,False,Do you get 3 steps in the nba?,False,False,116,True
2662,0.9073330760002136,0.07500687850000531,,True,Phi-4-mini,Yes.,135.0,True,Is an australian cattle dog the same as a blue heeler?,True,False,97,True
2663,0.025186989456415176,0.07500687850000531,,False,Phi-4-mini,No.,154.0,False,Is blood type o positive a universal donor?,False,False,123,True
2664,0.7372615933418274,0.07500687850000531,,True,Phi-4-mini,Yes.,104.0,True,Does keith die in season 3 of one tree hill?,True,False,70,True
2665,0.8176227807998657,0.1222939311250002,,True,Phi-4-mini,Yes.,177.0,True,Is there a place called cabot cove maine?,False,False,149,False
2666,0.999738872051239,0.1222939311250002,,True,Phi-4-mini,Yes.,171.0,True,Were the balkans part of the ottoman empire?,True,False,135,True
2667,0.9975277781486511,0.1222939311250002,,True,Phi-4-mini,Yes.,89.0,True,Does the mlb all star game go into extra innings?,True,False,45,True
2668,0.9539848566055298,0.1222939311250002,,True,Phi-4-mini,Yes.,128.0,True,Is there a six flags in new orleans?,True,False,88,True
2669,0.10098627954721451,0.1222939311250002,,False,Phi-4-mini,No.,259.0,False,Do they find the child in gone baby gone?,True,False,230,False
2670,0.9953914880752563,0.1222939311250002,,True,Phi-4-mini,Yes.,220.0,True,Does derek shepard die in grey's anatomy?,True,False,187,True
2671,0.007819261401891708,0.1222939311250002,,False,Phi-4-mini,No.,167.0,False,Was how i met your mother filmed in new york?,False,False,133,True
2672,0.9362947940826416,0.1222939311250002,,True,Phi-4-mini,Yes.,248.0,True,Is it mandatory to sign up for selective service?,True,False,203,True
2673,0.10092811286449432,0.1215616096249903,,False,Phi-4-mini,No.,267.0,False,Were any japanese planes shot down at pearl harbor?,True,False,228,False
2674,0.9755793809890747,0.1215616096249903,,True,Phi-4-mini,Yes.,206.0,True,Is .380 auto the same as .380 acp?,True,False,168,True
2675,0.9859392642974854,0.1215616096249903,,True,Phi-4-mini,Yes.,166.0,True,Does a business have a birthday or anniversary?,True,False,132,True
2676,0.018014125525951385,0.1215616096249903,,False,Phi-4-mini,No.,142.0,False,Is there only 1 season of the terror?,False,False,100,True
2677,0.0005705788498744369,0.1215616096249903,,False,Phi-4-mini,No.,132.0,False,Is the frankenstein chronicles based on a true story?,False,False,98,True
2678,0.06374777108430862,0.1215616096249903,,False,Phi-4-mini,No.,227.0,False,Can you make a right on red in massachusetts?,True,False,182,False
2679,0.9914247989654541,0.1215616096249903,,True,Phi-4-mini,Yes.,85.0,True,Is there going to be a season 2 of la piloto?,True,False,45,True
2681,0.0019891292322427034,0.1215616096249903,,False,Phi-4-mini,No.,59.0,False,Is ez pass the same as ez tag?,False,False,28,True
2683,0.782694935798645,0.09758213687499051,,True,Phi-4-mini,Yes.,121.0,True,Can you use a credit card number without the card?,True,False,87,True
2684,0.05668199062347412,0.09758213687499051,,False,Phi-4-mini,No.,178.0,False,Is the movie the shape of water based on a book?,False,False,147,True
2685,0.9579334855079651,0.09758213687499051,,True,Phi-4-mini,Yes,79.0,True,Has a number 16 seed ever beat a number 1 seed in the ncaa?,True,False,30,True
2686,0.003377536777406931,0.09758213687499051,,False,Phi-4-mini,No.,200.0,False,Is series of unfortunate events a true story?,False,False,167,True
2687,0.999373733997345,0.09758213687499051,,True,Phi-4-mini,Yes.,153.0,True,Are research and scientific method related to one another?,True,False,118,True
2688,0.023697590455412865,0.09758213687499051,,False,Phi-4-mini,No.,174.0,False,Is a t bone steak the same as a porterhouse?,False,False,148,True
2689,0.00669541209936142,0.09758213687499051,,False,Phi-4-mini,No.,67.0,False,Is parcel force the same as royal mail?,True,False,29,False
2690,0.00014887253928463906,0.09758213687499051,,False,Phi-4-mini,No.,179.0,False,Is king's college london part of cambridge university?,False,False,146,True
2691,0.0017556839156895876,0.14382410574998516,,False,Phi-4-mini,No.,190.0,False,Were the us and soviet union allies in the cold war?,False,False,151,True
2692,0.8775055408477783,0.14382410574998516,,True,Phi-4-mini,Yes,126.0,True,Can an 18 year old serve alcohol in pennsylvania?,True,False,87,True
2693,0.9679075479507446,0.14382410574998516,,True,Phi-4-mini,Yes.,310.0,True,Can your equilibrium be off after a cruise?,True,False,283,True
2694,0.00025322780129499733,0.14382410574998516,,False,Phi-4-mini,No.,93.0,False,Is adjusted gross income the same as taxable income?,False,False,59,True
2695,0.999738872051239,0.14382410574998516,,True,Phi-4-mini,Yes.,328.0,True,Does the elder scrolls online have a monthly fee?,True,False,270,True
2696,0.7311050295829773,0.14382410574998516,,True,Phi-4-mini,Yes.,68.0,True,Do anne and gilbert get together in the books?,True,False,30,True
2699,0.019732259213924408,0.14382410574998516,,False,Phi-4-mini,No.,68.0,False,Is los lobos in the rock and roll hall of fame?,False,False,27,True
2701,0.946609377861023,0.14382410574998516,,True,Phi-4-mini,Yes.,127.0,True,Is there really a sequel to the shining?,True,False,98,True
2702,0.00806440133601427,0.10777688474999536,,False,Phi-4-mini,No.,88.0,False,Is coca tea legal in the united states?,False,False,55,True
2703,0.0007555870688520372,0.10777688474999536,,False,Phi-4-mini,No.,211.0,False,Is paget's disease of the bone cancer?,False,False,174,True
2704,0.959161639213562,0.10777688474999536,,True,Phi-4-mini,Yes.,132.0,True,Can there be a tornado in new york?,True,False,95,True
2705,0.10975124686956406,0.10777688474999536,,False,Phi-4-mini,No.,54.0,False,Is diet rite and diet rc the same?,True,False,23,False
2706,0.724940299987793,0.10777688474999536,,True,Phi-4-mini,Yes.,142.0,True,Does switzerland allow free movement of eu citizens?,True,False,106,True
2707,0.9993333220481873,0.10777688474999536,,True,Phi-4-mini,Yes.,116.0,True,Is it possible for a person to have two different colored eyes?,True,False,76,True
2708,0.016929572448134422,0.10777688474999536,,False,Phi-4-mini,No.,246.0,False,Is norway a member of the single market?,True,False,187,False
2709,0.3630424439907074,0.10777688474999536,,False,Phi-4-mini,No.,129.0,False,Does a batter get an rbi on a fielder's choice?,True,False,93,False
2710,0.009415719658136368,0.10442236062499433,,False,Phi-4-mini,No.,120.0,False,Is the tv series star crossed based on a book?,False,False,84,True
2711,0.002982132835313678,0.10442236062499433,,False,Phi-4-mini,No.,58.0,False,Are a23 batteries the same as n batteries?,False,False,22,True
2712,0.6151601076126099,0.10442236062499433,,True,Phi-4-mini,Yes.,122.0,True,Is hellmans mayo the same as best foods?,True,False,88,True
2713,0.8808250427246094,0.10442236062499433,,True,Phi-4-mini,Yes.,227.0,True,Are tbs and tnt owned by the same company?,True,False,193,True
2715,0.9875739216804504,0.10442236062499433,,True,Phi-4-mini,Yes,130.0,True,Did george rr martin write the rains of castamere?,True,False,93,True
2716,0.0007326446939259768,0.10442236062499433,,False,Phi-4-mini,No.,177.0,False,Does scotland have the same bank holidays as england?,False,False,139,True
2717,0.9983518123626709,0.10442236062499433,,True,Phi-4-mini,Yes.,126.0,True,Is there peanut butter in reese's peanut butter cups?,True,False,92,True
2718,0.00044441487989388406,0.10442236062499433,,False,Phi-4-mini,No.,77.0,False,Do electrons flow in the same direction as current?,False,False,41,True
2719,0.9732463955879211,0.12335520799999244,,True,Phi-4-mini,Yes.,278.0,True,Does the british monarchy have any power in canada?,True,False,245,True
2720,0.9939033389091492,0.12335520799999244,,True,Phi-4-mini,Yes.,116.0,True,Can you have an ectopic pregnancy in your ovary?,True,False,76,True
2721,0.06372842192649841,0.12335520799999244,,False,Phi-4-mini,No.,101.0,False,Does panic at the disco have an opening act?,True,False,64,False
2722,0.998451828956604,0.12335520799999244,,True,Phi-4-mini,Yes,120.0,True,Did england ever win the soccer world cup?,True,False,77,True
2723,0.37761062383651733,0.12335520799999244,,False,Phi-4-mini,No.,117.0,False,Is white tack the same as blu tack?,True,False,79,False
2724,4.98670015076641e-05,0.12335520799999244,,False,Phi-4-mini,No.,137.0,False,Does learner's permit count as driver's license?,False,False,110,True
2725,0.6225848197937012,0.12335520799999244,,True,Phi-4-mini,Yes,192.0,True,Will there be a season 4 of total bellas?,True,False,155,True
2726,0.16889923810958862,0.12335520799999244,,False,Phi-4-mini,No.,192.0,False,Is the ar-10 an assault rifle?,False,False,152,True
2727,7.034430745989084e-05,0.09605725450001046,,False,Phi-4-mini,No.,100.0,False,Does the carrie diaries have a season 3?,False,False,57,True
2728,0.22831173241138458,0.09605725450001046,,False,Phi-4-mini,No.,128.0,False,Is leatherface in texas chainsaw massacre the same?,True,False,93,False
2729,0.0004729481879621744,0.09605725450001046,,False,Phi-4-mini,No.,110.0,False,Can a 14 year old shoot a gun at a shooting range?,False,False,69,True
2730,0.9978850483894348,0.09605725450001046,,True,Phi-4-mini,Yes.,148.0,True,Is panama city beach on the gulf of mexico?,True,False,112,True
2731,0.909928023815155,0.09605725450001046,,True,Phi-4-mini,Yes,55.0,True,Is scotland a country in its own right?,True,False,19,True
2732,0.7186444997787476,0.09605725450001046,,True,Phi-4-mini,Yes.,180.0,True,Is a upc code the same as a barcode?,False,False,150,False
2734,0.002398081123828888,0.09605725450001046,,False,Phi-4-mini,No.,137.0,False,Can pipelining help latency of a single task?,True,False,101,False
2735,0.001000962103717029,0.09605725450001046,,False,Phi-4-mini,No.,208.0,False,Do all states enforce a minimum drinking age of 21?,False,False,174,True
2736,0.998299777507782,0.1246741586249982,,True,Phi-4-mini,Yes,182.0,True,Is joe namath in the nfl hall of fame?,True,False,135,True
2737,0.0035946406424045563,0.1246741586249982,,False,Phi-4-mini,No.,94.0,False,Is the mackinac bridge the longest suspension bridge in the world?,False,False,53,True
2738,0.00012342658010311425,0.1246741586249982,,False,Phi-4-mini,No.,279.0,False,Can a state constitution override the us constitution?,False,False,245,True
2739,9.030381625052541e-05,0.1246741586249982,,False,Phi-4-mini,No.,102.0,False,Is the better business bureau part of the government?,False,False,66,True
2740,0.25691211223602295,0.1246741586249982,,False,Phi-4-mini,No.,127.0,False,Are they making more episodes of bob's burgers?,True,False,76,False
2742,0.10089074075222015,0.1246741586249982,,False,Phi-4-mini,No.,166.0,False,Is iron man part of the justice league?,False,False,144,True
2743,0.9979494214057922,0.1246741586249982,,True,Phi-4-mini,Yes.,67.0,True,Can i get my ashes shot into space?,True,False,36,True
2744,0.8963021039962769,0.1246741586249982,,True,Phi-4-mini,Yes.,245.0,True,Has a super bowl team played at home?,False,False,197,False
2746,0.989349365234375,0.12349837387500884,,True,Phi-4-mini,Yes.,263.0,True,Does the white house residence have a kitchen?,True,False,226,True
2747,0.6225274801254272,0.12349837387500884,,True,Phi-4-mini,Yes,227.0,True,Do you get money for nobel peace prize?,True,False,184,True
2748,0.9966237545013428,0.12349837387500884,,True,Phi-4-mini,Yes.,99.0,True,Can heat from a hair dryer kill lice?,True,False,61,True
2749,0.3141138255596161,0.12349837387500884,,False,Phi-4-mini,No.,212.0,False,Do cows need to get pregnant to give milk?,True,False,179,False
2751,0.003173515433445573,0.12349837387500884,,False,Phi-4-mini,No.,189.0,False,Do you need your own gun to go to a shooting range?,False,False,152,True
2752,0.028452161699533463,0.12349837387500884,,False,Phi-4-mini,No.,211.0,False,Does jackson avery die on grey's anatomy?,False,False,182,True
2753,0.9241621494293213,0.12349837387500884,,True,Phi-4-mini,Yes.,251.0,True,Can an ant colony have more than one queen?,True,False,214,True
2755,0.0032747206278145313,0.12349837387500884,,False,Phi-4-mini,No.,203.0,False,Is the bill of rights part of the original constitution?,False,False,170,True
2756,0.2942791283130646,0.10684055174999685,,False,Phi-4-mini,No.,171.0,False,Is there a dodo in alice in wonderland?,True,False,145,False
2757,0.00032520818058401346,0.10684055174999685,,False,Phi-4-mini,No.,238.0,False,Is anzac day and remembrance day the same?,False,False,204,True
2758,0.9496745467185974,0.10684055174999685,,True,Phi-4-mini,Yes.,117.0,True,Can district of columbia residents vote for president?,True,False,77,True
2759,0.9997546076774597,0.10684055174999685,,True,Phi-4-mini,Yes.,181.0,True,Can an organism be in more than one trophic level?,True,False,147,True
2760,0.999643087387085,0.10684055174999685,,True,Phi-4-mini,Yes.,156.0,True,Is the second amendment part of the constitution?,True,False,119,True
2761,0.9989681243896484,0.10684055174999685,,True,Phi-4-mini,Yes.,112.0,True,Is there a third season of better call saul?,True,False,72,True
2762,0.9968283772468567,0.10684055174999685,,True,Phi-4-mini,Yes.,92.0,True,Is the cecum part of the large intestine?,True,False,56,True
2764,0.9871832132339478,0.10684055174999685,,True,Phi-4-mini,Yes.,56.0,True,Is encino in the city of los angeles?,True,False,20,True
2765,0.003825850086286664,0.10475216137498933,,False,Phi-4-mini,No.,128.0,False,Are tj maxx and marshalls the same company?,True,False,101,False
2766,0.5927835702896118,0.10475216137498933,,True,Phi-4-mini,Yes.,210.0,True,Does the spanish alphabet have more letters than the english alphabet?,True,False,173,True
2767,0.9196577668190002,0.10475216137498933,,True,Phi-4-mini,Yes.,87.0,True,Is the plaza hotel in nyc still open?,True,False,53,True
2769,0.9790407419204712,0.10475216137498933,,True,Phi-4-mini,Yes.,246.0,True,Is 9 to 5 a 40 hour week?,True,False,208,True
2770,0.9940896034240723,0.10475216137498933,,True,Phi-4-mini,Yes.,67.0,True,Are any members of our gang still alive?,True,False,30,True
2771,0.0001911363797262311,0.10475216137498933,,False,Phi-4-mini,No.,208.0,False,Will there be a season 5 of skam?,False,False,169,True
2772,0.9553256034851074,0.10475216137498933,,True,Phi-4-mini,Yes.,139.0,True,Are sheet rock and drywall the same thing?,True,False,116,True
2773,0.006907631177455187,0.10475216137498933,,False,Phi-4-mini,No.,67.0,False,Didn't coldwater creek go out of business?,False,False,35,True
2774,0.010333924554288387,0.13068426174999104,,False,Phi-4-mini,No.,220.0,False,Are walgreens and rite aid owned by the same company?,False,False,183,True
2775,0.9984515905380249,0.13068426174999104,,True,Phi-4-mini,Yes.,137.0,True,Is there a film about the chilean miners?,True,False,104,True
2776,0.028456591069698334,0.13068426174999104,,False,Phi-4-mini,No.,251.0,False,Are there any c&a stores in the uk?,False,False,223,True
2777,0.9896730184555054,0.13068426174999104,,True,Phi-4-mini,Yes.,82.0,True,Are hot tubs and jacuzzis the same thing?,True,False,50,True
2778,0.08512072265148163,0.13068426174999104,,False,Phi-4-mini,No.,311.0,False,Is it normal to be dizzy after a cruise?,True,False,283,False
2779,0.00573100708425045,0.13068426174999104,,False,Phi-4-mini,No.,182.0,False,Do the saints run a 3 4 defense?,False,False,136,True
2780,0.46886661648750305,0.13068426174999104,,False,Phi-4-mini,No.,103.0,False,Are liquor stores open on july 4th oklahoma?,False,False,68,True
2781,0.1225457713007927,0.13068426174999104,,False,Phi-4-mini,No.,187.0,False,Is hydronium ion and hydrogen ion the same?,False,False,150,True
2782,9.029795182868838e-05,0.09554092374997936,,False,Phi-4-mini,No.,157.0,False,Are chestnuts and water chestnuts the same thing?,False,False,124,True
2783,0.629880428314209,0.09554092374997936,,True,Phi-4-mini,Yes.,99.0,True,Is baylor college of medicine related to baylor university?,False,False,62,False
2784,0.7372527718544006,0.09554092374997936,,True,Phi-4-mini,Yes.,161.0,True,Is travis scott a part of good music?,True,False,122,True
2785,0.976314127445221,0.09554092374997936,,True,Phi-4-mini,Yes.,203.0,True,Is there such thing as a meat allergy?,True,False,159,True
2786,0.9987161159515381,0.09554092374997936,,True,Phi-4-mini,Yes,106.0,True,Is love never dies a sequel to phantom of the opera?,True,False,73,True
2788,0.9914261102676392,0.09554092374997936,,True,Phi-4-mini,Yes,101.0,True,Was season 7 the last season of once upon a time?,True,False,57,True
2790,0.00020345723896753043,0.09554092374997936,,False,Phi-4-mini,No.,146.0,False,Is the gut the same as the stomach?,True,False,114,False
2791,0.025188954547047615,0.09554092374997936,,False,Phi-4-mini,No.,131.0,False,Is new york city and manhattan the same thing?,False,False,93,True
2792,0.6225149035453796,0.08285051462502224,,True,Phi-4-mini,Yes.,80.0,True,Is eastern kentucky university a division 1 school?,True,False,41,True
2793,0.9949405193328857,0.08285051462502224,,True,Phi-4-mini,Yes.,105.0,True,Are flat feet the same as fallen arches?,True,False,70,True
2794,0.9944456815719604,0.08285051462502224,,True,Phi-4-mini,Yes.,88.0,True,Does a pdf count as a print source?,True,False,56,True
2796,0.9648681282997131,0.08285051462502224,,True,Phi-4-mini,Yes.,129.0,True,Has there ever been a tsunami in the maldives?,True,False,92,True
2797,0.006291714962571859,0.08285051462502224,,False,Phi-4-mini,No.,107.0,False,Does the super bowl loser get a ring?,False,False,74,True
2798,0.9539818167686462,0.08285051462502224,,True,Phi-4-mini,Yes,172.0,True,Does the e train run on weekends nyc?,True,False,129,True
2799,0.002253167564049363,0.08285051462502224,,False,Phi-4-mini,No.,88.0,False,Do you get a background check at a gun show?,False,False,52,True
2801,0.94166499376297,0.08285051462502224,,True,Phi-4-mini,Yes.,106.0,True,Is steel wool the same as wire wool?,True,False,73,True
2802,0.893343985080719,0.10256521862498857,,True,Phi-4-mini,Yes.,153.0,True,Is the lady liberty stamp a forever stamp?,True,False,121,True
2803,0.012059095315635204,0.10256521862498857,,False,Phi-4-mini,No.,116.0,False,Are a meter and a yard the same length?,False,False,77,True
2804,0.9966245889663696,0.10256521862498857,,True,Phi-4-mini,Yes.,57.0,True,Do i need to fast for an acth test?,True,False,19,True
2805,0.4610755741596222,0.10256521862498857,,False,Phi-4-mini,No.,51.0,False,Is it okay for cousins to marry in japan?,True,False,15,False
2807,0.00023786195379216224,0.10256521862498857,,False,Phi-4-mini,No.,79.0,False,Does sac fly count as an at bat?,False,False,44,True
2808,0.6927142143249512,0.10256521862498857,,True,Phi-4-mini,Yes.,243.0,True,Is a 45 colt the same as a 45 long colt?,True,False,207,True
2809,0.9930972456932068,0.10256521862498857,,True,Phi-4-mini,Yes.,163.0,True,Can you get to the mississippi river from the great lakes?,True,False,118,True
2810,0.996293842792511,0.10256521862498857,,True,Phi-4-mini,Yes.,172.0,True,Can the speaker of the house be removed?,True,False,137,True
2811,0.031166283413767815,0.09718212325000763,,False,Phi-4-mini,No.,158.0,False,Is it saltier at the bottom of the ocean?,False,False,120,True
2812,0.02298910543322563,0.09718212325000763,,False,Phi-4-mini,No.,121.0,False,Is the movie greatest showman based on a true story?,True,False,85,False
2813,0.0001443143410142511,0.09718212325000763,,False,Phi-4-mini,No.,84.0,False,Are seagate and western digital the same company?,False,False,49,True
2814,0.023707211017608643,0.09718212325000763,,False,Phi-4-mini,No.,193.0,False,Does stephen curry have an olympic gold medal?,False,False,148,True
2815,0.031152348965406418,0.09718212325000763,,False,Phi-4-mini,No.,140.0,False,Does the sister die in the lovely bones?,False,False,113,True
2816,0.06189857795834541,0.09718212325000763,,False,Phi-4-mini,No.,119.0,False,Is the movie stepfather based on a true story?,True,False,78,False
2818,0.9324696660041809,0.09718212325000763,,True,Phi-4-mini,Yes.,161.0,True,Is there a way one can grow more crops from the same land?,True,False,126,True
2819,0.8634127378463745,0.09718212325000763,,True,Phi-4-mini,Yes.,108.0,True,Is an echocardiogram the same as a sonogram?,True,False,68,True
2821,0.01065464224666357,0.12465559337499599,,False,Phi-4-mini,No.,193.0,False,Can a puppy see when they first open their eyes?,True,False,167,False
2822,0.017998073250055313,0.12465559337499599,,False,Phi-4-mini,No,142.0,False,Are all members of peter paul and mary still alive?,False,False,107,True
2823,0.004071715287864208,0.12465559337499599,,False,Phi-4-mini,No.,115.0,False,Is the movie get out based on a book?,False,False,81,True
2824,0.9626790285110474,0.12465559337499599,,True,Phi-4-mini,Yes.,268.0,True,Can you carry a concealed weapon in tennessee?,True,False,232,True
2825,0.9971109628677368,0.12465559337499599,,True,Phi-4-mini,Yes.,214.0,True,Has anyone ever ran a 4 minute mile?,True,False,170,True
2826,0.0027169175446033478,0.12465559337499599,,False,Phi-4-mini,No.,109.0,False,Do u need a gun license to go to a shooting range?,False,False,69,True
2827,0.21744070947170258,0.12465559337499599,,False,Phi-4-mini,No.,170.0,False,Did civil war come out before age of ultron?,False,False,143,True
2828,0.00018531478417571634,0.12465559337499599,,False,Phi-4-mini,No.,63.0,False,Do the try guys still work for buzzfeed?,False,False,25,True
2829,0.039659030735492706,0.13034082912500367,,False,Phi-4-mini,No.,115.0,False,Can i buy liquor on sunday in wv?,True,False,82,False
2831,0.9697926044464111,0.13034082912500367,,True,Phi-4-mini,Yes.,179.0,True,Is shea butter made from a tree nut?,True,False,152,True
2832,0.08273612707853317,0.13034082912500367,,False,Phi-4-mini,No.,93.0,False,Has sweden ever been in a world cup final?,False,False,52,True
2833,0.9790428876876831,0.13034082912500367,,True,Phi-4-mini,Yes.,213.0,True,Does anne of green gables end up with gilbert?,True,False,183,True
2835,0.8962744474411011,0.13034082912500367,,True,Phi-4-mini,Yes.,62.0,True,Is the f-4 phantom still in service?,True,False,26,True
2836,0.011337568052113056,0.13034082912500367,,False,Phi-4-mini,No.,87.0,False,Was ontario one of the last province to introduce human rights legislation?,False,False,44,True
2837,0.011691927909851074,0.13034082912500367,,False,Phi-4-mini,No.,285.0,False,Is prince of tides based on a true story?,False,False,249,True
2838,0.004756951238960028,0.13034082912500367,,False,Phi-4-mini,No.,214.0,False,Did peyton manning ever play eli manning in the super bowl?,False,False,171,True
2839,0.9991443157196045,0.18105240475000528,,True,Phi-4-mini,Yes.,90.0,True,Have the bengals ever been to the superbowl?,True,False,50,True
2840,0.9924237728118896,0.18105240475000528,,True,Phi-4-mini,Yes,248.0,True,Is a dodge 3500 a 1 ton truck?,True,False,211,True
2841,0.9921849370002747,0.18105240475000528,,True,Phi-4-mini,Yes.,199.0,True,Is there a full version of birthday cake by rihanna?,True,False,165,True
2842,0.0004584387061186135,0.18105240475000528,,False,Phi-4-mini,No.,156.0,False,Is the movie daddy little girl a true story?,False,False,120,True
2843,0.0004174653731752187,0.18105240475000528,,False,Phi-4-mini,No.,114.0,False,Does the jeep compass come in a 6 cylinder?,False,False,82,True
2844,0.9284229874610901,0.18105240475000528,,True,Phi-4-mini,Yes.,128.0,True,Can you be born with two different coloured eyes?,True,False,87,True
2846,0.8558934926986694,0.18105240475000528,,True,Phi-4-mini,Yes.,427.0,True,Does tara get out of jail in sons of anarchy?,True,True,450,True
2847,0.98201984167099,0.18105240475000528,,True,Phi-4-mini,Yes.,395.0,True,Did dwyane wade make the playoffs his rookie year?,True,False,349,True
2848,0.6724552512168884,0.10022357987497799,,True,Phi-4-mini,Yes.,93.0,True,Does washington dc have their own license plate?,True,False,58,True
2849,0.9579225182533264,0.10022357987497799,,True,Phi-4-mini,Yes.,142.0,True,Is there always a stinger in a bee sting?,False,False,106,False
2850,0.9840997457504272,0.10022357987497799,,True,Phi-4-mini,Yes.,181.0,True,Has anyone ever won the american ninja warrior?,True,False,155,True
2851,0.00211641239002347,0.10022357987497799,,False,Phi-4-mini,No.,160.0,False,Is there a season 8 of once apon a time?,False,False,118,True
2852,0.001001366414129734,0.10022357987497799,,False,Phi-4-mini,No.,61.0,False,Is the language the same in north and south korea?,False,False,24,True
2853,0.1520961970090866,0.10022357987497799,,False,Phi-4-mini,No.,157.0,False,Does trevor die in the fundamentals of caring?,False,False,120,True
2854,0.46113619208335876,0.10022357987497799,,False,Phi-4-mini,No.,215.0,False,Is blue off of blue's clues a girl?,True,False,183,False
2855,0.031158799305558205,0.10022357987497799,,False,Phi-4-mini,No.,68.0,False,Did king louie die in the jungle book 2016?,False,False,30,True
2857,0.06564202159643173,0.17446168362499748,,False,Phi-4-mini,No.,169.0,False,Is the last of us a ps4 exclusive?,False,False,138,True
2859,0.9997040629386902,0.17446168362499748,,True,Phi-4-mini,Yes.,120.0,True,Is make a wish foundation a nonprofit organization?,True,False,88,True
2861,0.0009402090217918158,0.17446168362499748,,False,Phi-4-mini,No.,95.0,False,Do all eye doctors use the same eye chart?,False,False,58,True
2863,0.008063729852437973,0.17446168362499748,,False,Phi-4-mini,No.,112.0,False,Is the tv show ascension based on a book?,False,False,71,True
2864,0.994941771030426,0.17446168362499748,,True,Phi-4-mini,Yes,133.0,True,Is mccormick and schmick owned by landry's?,True,False,90,True
2866,0.7827455401420593,0.17446168362499748,,True,Phi-4-mini,Yes.,363.0,True,Does beckett ever find out who killed her mom?,True,False,342,True
2867,0.003825908526778221,0.17446168362499748,,False,Phi-4-mini,No.,118.0,False,Is there a season two of the messengers?,False,False,68,True
2868,0.15211094915866852,0.17446168362499748,,False,Phi-4-mini,No.,404.0,False,Do you need a permit to open carry in nc?,False,False,368,True
2869,0.8520206212997437,0.08326131750001764,,True,Phi-4-mini,Yes.,96.0,True,Is the derivative of a continuous function always continuous?,False,False,57,False
2870,0.44558796286582947,0.08326131750001764,,False,Phi-4-mini,No.,111.0,False,Is a pip the same as a basis point?,False,False,73,True
2871,0.00011594189709285274,0.08326131750001764,,False,Phi-4-mini,No.,122.0,False,Is benzalkonium chloride the same as hydrogen peroxide?,False,False,89,True
2872,0.9993738532066345,0.08326131750001764,,True,Phi-4-mini,Yes.,127.0,True,Is cod liver oil from a cod's liver?,True,False,94,True
2873,0.999373733997345,0.08326131750001764,,True,Phi-4-mini,Yes.,111.0,True,Is it possible to have thunder without rain?,True,False,76,True
2874,0.001455484190955758,0.08326131750001764,,False,Phi-4-mini,No.,166.0,False,Is aldi's affiliated with trader joe's?,True,False,123,False
2875,0.058376651257276535,0.08326131750001764,,False,Phi-4-mini,No.,93.0,False,Are there 104 episodes of phineas and ferb?,False,False,47,True
2876,0.9962930083274841,0.08326131750001764,,True,Phi-4-mini,Yes.,135.0,True,Do i need to put oil in a 2 stroke engine?,True,False,100,True
2877,0.9998977184295654,0.18502217400001086,,True,Phi-4-mini,Yes.,142.0,True,Are nucleotides the building blocks of dna and rna?,True,False,94,True
2878,0.826797604560852,0.18502217400001086,,True,Phi-4-mini,Yes.,456.0,True,Has any team ever won back to back super bowls?,True,False,386,True
2879,0.9883142709732056,0.18502217400001086,,True,Phi-4-mini,Yes.,97.0,True,Is the county court business centre a real court?,False,False,61,False
2880,0.9241651296615601,0.18502217400001086,,True,Phi-4-mini,Yes.,226.0,True,Do you fight any gods in god of war?,True,False,205,True
2881,0.9937115907669067,0.18502217400001086,,True,Phi-4-mini,Yes.,133.0,True,Are there red back spiders in the uk?,True,False,97,True
2882,0.6860266923904419,0.18502217400001086,,True,Phi-4-mini,Yes.,98.0,True,Can you be a dual citizen in japan?,True,False,62,True
2883,0.0011699560564011335,0.18502217400001086,,False,Phi-4-mini,No.,292.0,False,Does the us constitution allow states to secede?,False,False,254,True
2884,0.008850064128637314,0.18502217400001086,,False,Phi-4-mini,No.,129.0,False,Is there tea in long island iced tea?,False,False,99,True
2885,0.32775652408599854,0.10170435287500368,,False,Phi-4-mini,No.,60.0,False,Is it illegal to smoke weed in ct?,True,False,26,False
2887,0.9914235472679138,0.10170435287500368,,True,Phi-4-mini,Yes.,117.0,True,Can a person have both male and female organs?,True,False,80,True
2888,0.46110111474990845,0.10170435287500368,,False,Phi-4-mini,No.,221.0,False,Can you contest a scrum in rugby league?,True,False,190,False
2889,0.0028905263170599937,0.10170435287500368,,False,Phi-4-mini,No.,149.0,False,Do non permanent members security council have veto?,False,False,115,True
2890,0.9808818101882935,0.10170435287500368,,True,Phi-4-mini,Yes.,166.0,True,Is there goal line technology in the world cup?,True,False,131,True
2892,0.998589813709259,0.10170435287500368,,True,Phi-4-mini,Yes.,128.0,True,Is bicuspid valve the same as mitral valve?,True,False,88,True
2894,0.994780957698822,0.10170435287500368,,True,Phi-4-mini,Yes.,86.0,True,Is contempt of court a criminal offence in canada?,True,False,51,True
2895,0.9525907039642334,0.10170435287500368,,True,Phi-4-mini,Yes.,189.0,True,Did elton john ever play with t rex?,True,False,161,True
2896,0.26902469992637634,0.18065315050000663,,False,Phi-4-mini,No.,182.0,False,Is somewhere over the rainbow a love song?,False,False,155,True
2897,0.7431942224502563,0.18065315050000663,,True,Phi-4-mini,Yes.,180.0,True,Can a dog be mixed with 3 breeds?,True,False,150,True
2898,0.07809683680534363,0.18065315050000663,,False,Phi-4-mini,No.,225.0,False,Do dalmatians get more spots as they grow?,True,False,189,False
2900,0.005914028733968735,0.18065315050000663,,False,Phi-4-mini,No.,314.0,False,Are vw audi and porsche the same company?,True,False,294,False
2901,0.9949401617050171,0.18065315050000663,,True,Phi-4-mini,Yes.,222.0,True,Are a cougar and a mountain lion the same thing?,True,False,200,True
2902,0.7827351689338684,0.18065315050000663,,True,Phi-4-mini,Yes,95.0,True,Is there an orange county in new york?,True,False,57,True
2903,0.01033189706504345,0.18065315050000663,,False,Phi-4-mini,No.,117.0,False,Is spider man turn off the dark still playing?,False,False,75,True
2904,0.30083465576171875,0.18065315050000663,,False,Phi-4-mini,No.,431.0,False,Do sean and alex get together on nikita?,False,True,539,True
2905,0.09270703047513962,0.08470498962500983,,False,Phi-4-mini,No.,162.0,False,Is fidelity bond the same as crime insurance?,True,False,129,False
2906,0.33468881249427795,0.08470498962500983,,False,Phi-4-mini,No.,61.0,False,Is teenage mutant ninja turtles still on tv?,True,False,23,False
2907,0.3074985444545746,0.08470498962500983,,False,Phi-4-mini,No.,167.0,False,Do all xbox 360 games work on xbox one x?,False,False,128,True
2908,0.014065161347389221,0.08470498962500983,,False,Phi-4-mini,No.,157.0,False,Is what a wonderful world in the public domain?,False,False,120,True
2910,0.025971347466111183,0.08470498962500983,,False,Phi-4-mini,No.,135.0,False,Does the united states have a fixed exchange rate?,False,False,97,True
2911,0.9433721899986267,0.08470498962500983,,True,Phi-4-mini,Yes,161.0,True,Is the new mercedes a class front wheel drive?,True,False,127,True
2912,0.9928794503211975,0.08470498962500983,,True,Phi-4-mini,Yes.,151.0,True,Did the stock market crash of 1929 caused the great depression?,True,False,106,True
2913,0.0876089558005333,0.08470498962500983,,False,Phi-4-mini,No.,99.0,False,Is this the last year for once upon a time?,True,False,57,False
2914,0.7931854724884033,0.12350378574998899,,True,Phi-4-mini,Yes.,290.0,True,Was ethiopia a member of the league of nations?,True,False,250,True
2915,0.9976773858070374,0.12350378574998899,,True,Phi-4-mini,Yes.,158.0,True,Was the song footloose made for the movie?,True,False,114,True
2916,0.9991171956062317,0.12350378574998899,,True,Phi-4-mini,Yes.,127.0,True,Has the tampa bay lightning ever won a stanley cup?,True,False,89,True
2920,0.05186553671956062,0.12350378574998899,,False,Phi-4-mini,No.,104.0,False,Is property tax the same as council tax?,False,False,70,True
2922,0.8670696020126343,0.12350378574998899,,True,Phi-4-mini,Yes.,164.0,True,Is red dead revolver related to red dead redemption?,True,False,121,True
2923,0.9648655652999878,0.12350378574998899,,True,Phi-4-mini,Yes.,169.0,True,Is randy savage in the hall of fame?,True,False,128,True
2925,0.2227727770805359,0.12350378574998899,,False,Phi-4-mini,No.,127.0,False,Is super better than perfect in just dance?,False,False,101,True
2927,0.9976772665977478,0.12350378574998899,,True,Phi-4-mini,Yes.,108.0,True,Has anyone ever died during a football game?,True,False,73,True
2928,0.06955581158399582,0.14642194612500248,,False,Phi-4-mini,No.,156.0,False,Is child psychology the same as developmental psychology?,True,False,121,False
2929,0.9970195889472961,0.14642194612500248,,True,Phi-4-mini,Yes.,167.0,True,Did the great depression affect the whole world?,True,False,116,True
2930,0.08759798109531403,0.14642194612500248,,False,Phi-4-mini,No.,86.0,False,Can you drink under the age of 21?,True,False,49,False
2931,0.9988666772842407,0.14642194612500248,,True,Phi-4-mini,Yes.,333.0,True,Is alaska still part of the united states?,True,False,307,True
2932,0.10673095285892487,0.14642194612500248,,False,Phi-4-mini,No.,289.0,False,Do commercial aircraft fly over the north pole?,False,False,257,True
2933,0.9911562204360962,0.14642194612500248,,True,Phi-4-mini,Yes.,75.0,True,Are they making a season 8 of suits?,True,False,34,True
2934,0.006905460264533758,0.14642194612500248,,False,Phi-4-mini,No.,205.0,False,Does every school in the uk wear uniforms?,False,False,174,True
2935,0.04338131099939346,0.14642194612500248,,False,Phi-4-mini,No.,78.0,False,Is a grouse the same as a partridge?,False,False,42,True
2936,0.7931466698646545,0.12491390787499768,,True,Phi-4-mini,Yes.,132.0,True,Is it legal to own a gun in the philippines?,True,False,95,True
2937,0.020337823778390884,0.12491390787499768,,False,Phi-4-mini,No.,159.0,False,Are babies born with 2 sets of teeth?,True,False,122,False
2938,0.9902931451797485,0.12491390787499768,,True,Phi-4-mini,Yes.,239.0,True,Will there be a sequel to star wars the last jedi?,True,False,191,True
2939,0.71226966381073,0.12491390787499768,,True,Phi-4-mini,Yes.,110.0,True,Is the palace of versailles open to the public?,True,False,75,True
2940,0.003377767978236079,0.12491390787499768,,False,Phi-4-mini,No.,148.0,False,Is it legal to sell human body parts?,True,False,112,False
2941,0.9966237545013428,0.12491390787499768,,True,Phi-4-mini,Yes.,273.0,True,Are the raiders really moving to las vegas?,True,False,228,True
2942,0.004611252807080746,0.12491390787499768,,False,Phi-4-mini,No.,119.0,False,Do i use plumbers tape on compression fittings?,False,False,86,True
2943,0.9974493384361267,0.12491390787499768,,True,Phi-4-mini,Yes.,192.0,True,Are peppers and tomatoes in the same family?,True,False,159,True
2944,0.9976038336753845,0.13344816049999508,,True,Phi-4-mini,Yes.,108.0,True,Does oklahoma have a stand your ground law?,True,False,74,True
2945,0.0020521648693829775,0.13344816049999508,,False,Phi-4-mini,No.,190.0,False,Are kansas city ks and kansas city mo the same city?,False,False,162,True
2946,0.0018683269154280424,0.13344816049999508,,False,Phi-4-mini,No.,121.0,False,Is everybody's all american a true story?,False,False,85,True
2947,0.9994966983795166,0.13344816049999508,,True,Phi-4-mini,Yes.,75.0,True,Are activated charcoal and activated carbon the same?,True,False,43,True
2948,0.9926576018333435,0.13344816049999508,,True,Phi-4-mini,Yes.,113.0,True,Is jurassic world the sequel to jurassic park?,True,False,81,True
2949,0.9980736970901489,0.13344816049999508,,True,Phi-4-mini,Yes.,200.0,True,Does elena get with damon in vampire diaries?,True,False,173,True
2950,0.00023061751562636346,0.13344816049999508,,False,Phi-4-mini,No.,124.0,False,Is the united states apart of the eu?,False,False,88,True
2951,0.7931410074234009,0.13344816049999508,,True,Phi-4-mini,Yes.,313.0,True,Can the word actor be used for females?,True,False,282,True
2953,0.017450986430048943,0.13163595624999402,,False,Phi-4-mini,No.,150.0,False,Is remember the titans based on a book?,False,False,118,True
2956,0.0003921718744095415,0.13163595624999402,,False,Phi-4-mini,No.,174.0,False,Does a .org have to be a non profit?,False,False,134,True
2957,0.9879482984542847,0.13163595624999402,,True,Phi-4-mini,Yes.,253.0,True,Does roman-dutch law still apply to south african law?,True,False,210,True
2958,0.028448263183236122,0.13163595624999402,,False,Phi-4-mini,No.,111.0,False,Is there a bridge between morocco and spain?,False,False,76,True
2960,0.9890145659446716,0.13163595624999402,,True,Phi-4-mini,Yes.,153.0,True,Is a goose and geese the same thing?,True,False,119,True
2961,0.00555703230202198,0.13163595624999402,,False,Phi-4-mini,No.,236.0,False,Was child's play 3 banned in uk?,False,False,200,True
2962,0.0021169278770685196,0.13163595624999402,,False,Phi-4-mini,No.,310.0,False,Do you have to use all the numbers on countdown?,False,False,271,True
2964,0.8991400599479675,0.13163595624999402,,True,Phi-4-mini,Yes.,91.0,True,Can you own a pet skunk in canada?,True,False,55,True
2965,0.11599396169185638,0.10692060512499779,,False,Phi-4-mini,No.,237.0,False,Can you go to nba out of high school?,True,False,202,False
2966,0.2629017233848572,0.10692060512499779,,False,Phi-4-mini,No.,194.0,False,Does the sun ever shine from the north?,True,False,164,False
2967,0.9732527136802673,0.10692060512499779,,True,Phi-4-mini,Yes.,149.0,True,Is there going to be a 14th season of grey's anatomy?,True,False,102,True
2968,0.0012848464539274573,0.10692060512499779,,False,Phi-4-mini,No.,88.0,False,Can you drink alcohol at 16 in australia?,False,False,51,True
2969,0.9669244289398193,0.10692060512499779,,True,Phi-4-mini,Yes.,100.0,True,Is there an alternative ending to how i met your mother?,True,False,62,True
2971,0.018552744761109352,0.10692060512499779,,False,Phi-4-mini,No.,204.0,False,Is commercial law and corporate law the same?,False,False,170,True
2972,0.1009024977684021,0.10692060512499779,,False,Phi-4-mini,No.,75.0,False,Is there a second movie to golden compass?,False,False,38,True
2973,0.9724207520484924,0.10692060512499779,,True,Phi-4-mini,Yes.,84.0,True,Is it possible to run for 24 hours?,True,False,47,True
2976,0.8129050731658936,0.10475101424998456,,True,Phi-4-mini,Yes.,109.0,True,Did top gear really build a bridge over the river?,True,False,79,True
2977,0.9971997737884521,0.10475101424998456,,True,Phi-4-mini,Yes.,228.0,True,Is money heist the same as la casa de papel?,True,False,183,True
2978,0.9952452778816223,0.10475101424998456,,True,Phi-4-mini,Yes.,111.0,True,Are ground beef and minced beef the same?,True,False,83,True
2980,0.9019607901573181,0.10475101424998456,,True,Phi-4-mini,Yes.,103.0,True,Is theory of a deadman changing their name?,True,False,70,True
2981,0.022994419559836388,0.10475101424998456,,False,Phi-4-mini,No.,109.0,False,Is checkmate the only way to win at chess?,True,False,70,False
2982,0.9875707626342773,0.10475101424998456,,True,Phi-4-mini,Yes.,163.0,True,Are old navy and gap owned by the same company?,True,False,125,True
2983,0.00019723559671547264,0.10475101424998456,,False,Phi-4-mini,No.,165.0,False,Does a cow produce milk all the time?,False,False,121,True
2984,0.9196563959121704,0.10475101424998456,,True,Phi-4-mini,Yes.,168.0,True,Is drag force the same as air resistance?,True,False,132,True
2985,0.016415653750300407,0.10144021324998675,,False,Phi-4-mini,No.,85.0,False,Do you need a license to carry in new hampshire?,False,False,44,True
2986,0.00022350244398694485,0.10144021324998675,,False,Phi-4-mini,No.,143.0,False,Are ritz carlton and four seasons the same company?,False,False,105,True
2987,0.0008831737213768065,0.10144021324998675,,False,Phi-4-mini,No.,118.0,False,Can electrons travel at the speed of light?,False,False,81,True
2989,0.964870810508728,0.10144021324998675,,True,Phi-4-mini,Yes.,159.0,True,Is there a sequel to the percy jackson series?,True,False,123,True
2990,0.9944455027580261,0.10144021324998675,,True,Phi-4-mini,Yes.,216.0,True,Can gamblers ever acquire a statistical advantage over the house in casino games?,True,False,187,True
2993,0.0007796958670951426,0.10144021324998675,,False,Phi-4-mini,No.,182.0,False,Is new york and new jersey the same state?,False,False,145,True
2994,6.207037949934602e-05,0.10144021324998675,,False,Phi-4-mini,No.,122.0,False,Is the dominican republic a part of mexico?,False,False,81,True
2995,0.476694792509079,0.10144021324998675,,False,Phi-4-mini,No.,158.0,False,Does shadow of mordor take place before lotr?,True,False,132,False
2996,0.01542912982404232,0.11628914562498949,,False,Phi-4-mini,No.,76.0,False,Was there a sequel to the golden compass movie?,False,False,38,True
2997,0.9996540546417236,0.11628914562498949,,True,Phi-4-mini,Yes.,110.0,True,Does a square have to have right angles?,True,False,77,True
2999,0.9820169806480408,0.11628914562498949,,True,Phi-4-mini,Yes.,258.0,True,Are back ribs same as baby back ribs?,True,False,221,True
3000,0.0014557003742083907,0.11628914562498949,,False,Phi-4-mini,No.,118.0,False,Is there a season 5 of the tudors?,False,False,65,True
3001,0.10090456902980804,0.11628914562498949,,False,Phi-4-mini,No.,178.0,False,Does marley die in a little bit of heaven?,True,False,150,False
3002,0.9995418787002563,0.11628914562498949,,True,Phi-4-mini,Yes.,93.0,True,Does canada have a men's national soccer team?,True,False,62,True
3004,0.04337751492857933,0.11628914562498949,,False,Phi-4-mini,No.,73.0,False,Is an english bull terrier a pit bull?,False,False,41,True
3005,0.9416600465774536,0.11628914562498949,,True,Phi-4-mini,Yes.,95.0,True,Is postal code and zip code the same?,True,False,64,True
3006,0.2878898084163666,0.17336350387500943,,False,Phi-4-mini,No.,152.0,False,Is the tour de france different every year?,True,False,120,False
3007,0.019723035395145416,0.17336350387500943,,False,Phi-4-mini,No.,148.0,False,Are solar cells the same as solar panels?,False,False,118,True
3008,0.4533970355987549,0.17336350387500943,,False,Phi-4-mini,No.,78.0,False,Does he make it home in the martian?,True,False,42,False
3009,0.9820204377174377,0.17336350387500943,,True,Phi-4-mini,Yes.,142.0,True,Does the subway in nyc run 24 hours?,True,False,108,True
3010,0.9991959929466248,0.17336350387500943,,True,Phi-4-mini,Yes.,118.0,True,Is there work done in an adiabatic process?,True,False,74,True
3011,0.9073327779769897,0.17336350387500943,,True,Phi-4-mini,Yes.,405.0,True,Does the dulles toll road take credit cards?,True,False,369,True
3012,0.014962314628064632,0.17336350387500943,,False,Phi-4-mini,No.,251.0,False,Is we bought a zoo a true story?,True,False,218,False
3013,0.06957679986953735,0.17336350387500943,,False,Phi-4-mini,No.,105.0,False,Do the days get longer and shorter at the equator?,False,False,64,True
3014,0.0003920926246792078,0.11662239200001068,,False,Phi-4-mini,No.,81.0,False,Is keyless entry the same as remote start?,True,False,47,False
3015,0.03410859405994415,0.11662239200001068,,False,Phi-4-mini,No.,140.0,False,Can you use the euro in the czech republic?,False,False,102,True
3016,0.9867798089981079,0.11662239200001068,,True,Phi-4-mini,Yes.,260.0,True,Is normal saline the same as 0.9 sodium chloride?,True,False,221,True
3017,0.035156361758708954,0.11662239200001068,,False,Phi-4-mini,No.,85.0,False,Is mickey and minnie's house still in magic kingdom?,False,False,52,True
3019,0.9937123656272888,0.11662239200001068,,True,Phi-4-mini,Yes,117.0,True,Is there a fourth season of doctor doctor?,False,False,71,False
3020,0.9802863001823425,0.11662239200001068,,True,Phi-4-mini,Yes.,128.0,True,Will the milky way collide with another galaxy?,True,False,91,True
3021,0.164604052901268,0.11662239200001068,,False,Phi-4-mini,No.,147.0,False,Are cruel intentions 1 and 2 the same?,False,False,109,True
3025,0.0035950231831520796,0.11662239200001068,,False,Phi-4-mini,No.,114.0,False,Is the movie the duel based on a true story?,False,False,77,True
3027,0.9890151619911194,0.10539483212500045,,True,Phi-4-mini,Yes.,85.0,True,Have the blue angels ever had an accident?,True,False,44,True
3030,0.9579201340675354,0.10539483212500045,,True,Phi-4-mini,Yes.,165.0,True,Are rats and mice from the same family?,True,False,136,True
3031,0.8775526285171509,0.10539483212500045,,True,Phi-4-mini,Yes.,177.0,True,Is there a movie after fifty shades darker?,True,False,149,True
3032,0.0038274351973086596,0.10539483212500045,,False,Phi-4-mini,No.,236.0,False,Is the sears tower still the tallest building?,False,False,202,True
3033,0.0006265586707741022,0.10539483212500045,,False,Phi-4-mini,No.,78.0,False,Is hydraulic lime and hydrated lime the same?,False,False,46,True
3034,0.019725322723388672,0.10539483212500045,,False,Phi-4-mini,No.,175.0,False,Does halo 2 have achievements on xbox 360?,False,False,136,True
3035,0.004071482922881842,0.10539483212500045,,False,Phi-4-mini,No.,246.0,False,Can you marry more than one person in the us?,False,False,209,True
3037,0.9905898571014404,0.10539483212500045,,True,Phi-4-mini,Yes.,159.0,True,Is here comes the sun a beatles song?,True,False,128,True
3038,0.07586674392223358,0.1061290616250119,,False,Phi-4-mini,No.,141.0,False,Is the prostate part of the endocrine system?,False,False,104,True
3039,0.22274239361286163,0.1061290616250119,,False,Phi-4-mini,No.,93.0,False,Is a no insurance ticket a moving violation?,False,False,58,True
3040,0.000779585971031338,0.1061290616250119,,False,Phi-4-mini,No.,98.0,False,Is transit number the same as institution number?,False,False,64,True
3041,0.056683216243982315,0.1061290616250119,,False,Phi-4-mini,No.,198.0,False,Is there anyone alive from world war 1?,False,False,144,True
3042,0.9995272159576416,0.1061290616250119,,True,Phi-4-mini,Yes.,175.0,True,Is i know why the caged bird sings an autobiography?,True,False,140,True
3044,0.9304794073104858,0.1061290616250119,,True,Phi-4-mini,Yes,249.0,True,Is it legal to drink in public edinburgh?,True,False,219,True
3045,0.014509523287415504,0.1061290616250119,,False,Phi-4-mini,No.,138.0,False,Do all down syndrome babies have simian crease?,True,False,104,False
3046,0.5927623510360718,0.1061290616250119,,True,Phi-4-mini,Yes.,116.0,True,Does the robot in lost in space talk?,True,False,85,True
3047,6.816665700171143e-05,0.10397002237499464,,False,Phi-4-mini,No.,100.0,False,Is palm kernel oil the same as coconut oil?,False,False,65,True
3048,0.14818532764911652,0.10397002237499464,,False,Phi-4-mini,No.,145.0,False,Is lost in space based on a book?,True,False,115,False
3049,0.9989997744560242,0.10397002237499464,,True,Phi-4-mini,Yes.,101.0,True,Does ross on wye have a train station?,False,False,74,False
3050,0.9996080994606018,0.10397002237499464,,True,Phi-4-mini,Yes.,121.0,True,Are eyes one of the organs of our body?,True,False,83,True
3051,0.13301394879817963,0.10397002237499464,,False,Phi-4-mini,No.,139.0,False,Is the kentucky derby always on may 5th?,False,False,106,True
3052,0.9972852468490601,0.10397002237499464,,True,Phi-4-mini,Yes.,109.0,True,Are there internet cables under the atlantic ocean?,True,False,72,True
3053,0.997368574142456,0.10397002237499464,,True,Phi-4-mini,Yes.,197.0,True,Can you have twin with two different father?,True,False,163,True
3054,0.9997695088386536,0.10397002237499464,,True,Phi-4-mini,Yes.,226.0,True,Can i bring my dog to pet supplies plus?,True,False,201,True
3055,0.8903080224990845,0.14643745037500366,,True,Phi-4-mini,Yes.,177.0,True,Is there such a thing as a half uncle?,True,False,145,True
3056,0.0008298928150907159,0.14643745037500366,,False,Phi-4-mini,No.,106.0,False,Is windows subsystem for linux a virtual machine?,False,False,72,True
3057,0.006697036325931549,0.14643745037500366,,False,Phi-4-mini,No.,343.0,False,Did carmelo anthony go to the western conference finals?,True,False,301,False
3058,0.9982455968856812,0.14643745037500366,,True,Phi-4-mini,Yes.,148.0,True,Do they grow plants on the space station?,True,False,116,True
3059,0.9966248273849487,0.14643745037500366,,True,Phi-4-mini,Yes.,64.0,True,Do the try guys no longer work for buzzfeed?,True,False,25,True
3060,0.9994807839393616,0.14643745037500366,,True,Phi-4-mini,Yes.,198.0,True,Does the us really have a designated survivor?,True,False,162,True
3061,0.02844267338514328,0.14643745037500366,,False,Phi-4-mini,No.,210.0,False,Are black and yellow garden spiders poisonous to humans?,False,False,176,True
3062,0.00011595118121476844,0.14643745037500366,,False,Phi-4-mini,No.,126.0,False,Will there be a 3rd season of the paradise?,False,False,91,True
3063,0.9304728507995605,0.10653856174999987,,True,Phi-4-mini,Yes.,117.0,True,Are the leaves of the beet plant edible?,True,False,83,True
3064,0.9930989146232605,0.10653856174999987,,True,Phi-4-mini,Yes.,151.0,True,Is cyborg a member of the justice league?,True,False,113,True
3065,0.9362961649894714,0.10653856174999987,,True,Phi-4-mini,Yes.,188.0,True,Is scotiabank and bank of nova scotia the same?,True,False,148,True
3066,0.36300358176231384,0.10653856174999987,,False,Phi-4-mini,No.,99.0,False,Can you use 5 pound coins in shops?,True,False,63,False
3067,0.005221750121563673,0.10653856174999987,,False,Phi-4-mini,No.,139.0,False,Was leaning tower of pisa supposed to lean?,False,False,114,True
3068,0.000278224004432559,0.10653856174999987,,False,Phi-4-mini,No.,218.0,False,Is mount fuji the tallest mountain in the world?,False,False,185,True
3070,0.9732487201690674,0.10653856174999987,,True,Phi-4-mini,Yes.,127.0,True,Is there going to be a season 13 of criminal minds?,True,False,77,True
3071,0.01169673539698124,0.10653856174999987,,False,Phi-4-mini,No.,244.0,False,Does johnny cage die in mortal kombat annihilation?,True,False,216,False
3072,0.00047301489394158125,0.09720446874999311,,False,Phi-4-mini,No.,152.0,False,Is top sirloin steak the same as sirloin steak?,False,False,125,True
3073,0.6654921174049377,0.09720446874999311,,True,Phi-4-mini,Yes.,157.0,True,Is there any danger of a steam explosion of the reactor core becomes overheated?,True,False,118,True
3074,0.0013675048248842359,0.09720446874999311,,False,Phi-4-mini,No.,205.0,False,Is pulp fiction based on a true story?,False,False,166,True
3076,0.9732472896575928,0.09720446874999311,,True,Phi-4-mini,Yes.,164.0,True,Is a intel core 2 duo processor 64 bit?,True,False,129,True
3077,0.9984025359153748,0.09720446874999311,,True,Phi-4-mini,Yes.,158.0,True,Is the show shadowhunters based on a book?,True,False,124,True
3078,0.23937298357486725,0.09720446874999311,,False,Phi-4-mini,No.,133.0,False,Is salary included in cost of goods sold?,True,False,103,False
3079,0.9790396094322205,0.09720446874999311,,True,Phi-4-mini,Yes,174.0,True,Can you buy liquor on sunday in pennsylvania?,True,False,140,True
3081,0.00014432369789574295,0.09720446874999311,,False,Phi-4-mini,No.,196.0,False,Does every country have their own sign language?,False,False,164,True
3082,0.2690359354019165,0.07240397387499797,,False,Phi-4-mini,No.,117.0,False,Was ode to billy joe based on a true story?,True,False,84,False
3083,0.43023622035980225,0.07240397387499797,,False,Phi-4-mini,No.,91.0,False,Can u have a skunk as a pet?,True,False,55,False
3085,0.0008562922012060881,0.07240397387499797,,False,Phi-4-mini,No.,99.0,False,Is fargo tv show based on a true story?,False,False,60,True
3086,0.011334788054227829,0.07240397387499797,,False,Phi-4-mini,No.,145.0,False,Do you have to go into the military if you go to the citadel?,False,False,100,True
3087,0.0003054129774682224,0.07240397387499797,,False,Phi-4-mini,No.,103.0,False,Is the variance the same as standard deviation?,False,False,68,True
3088,0.658476710319519,0.07240397387499797,,True,Phi-4-mini,Yes.,98.0,True,Is a peach part of the almond family?,True,False,64,True
3091,0.0040729837492108345,0.07240397387499797,,False,Phi-4-mini,No.,121.0,False,Can ipad mini 1st generation get ios 10?,False,False,71,True
3092,0.3487456440925598,0.07240397387499797,,False,Phi-4-mini,No.,120.0,False,Can a widower marry his sister in law?,True,False,84,False
3094,0.2815537452697754,0.1085766893750133,,False,Phi-4-mini,No.,180.0,False,Is there going to be a second part of infinity war?,True,False,140,False
3095,0.002632445190101862,0.1085766893750133,,False,Phi-4-mini,No.,137.0,False,Is ross dress for less a thrift store?,False,False,105,True
3096,0.9875702261924744,0.1085766893750133,,True,Phi-4-mini,Yes.,253.0,True,Is a flash drive the same as a usb stick?,True,False,206,True
3097,0.9994117021560669,0.1085766893750133,,True,Phi-4-mini,Yes.,146.0,True,Does angel food cake have eggs in it?,True,False,112,True
3099,0.0014109979383647442,0.1085766893750133,,False,Phi-4-mini,No.,141.0,False,Will there be a 6th season of hell on wheels?,False,False,83,True
3100,0.7432131171226501,0.1085766893750133,,True,Phi-4-mini,Yes.,213.0,True,Is timor leste and east timor the same?,True,False,196,True
3101,0.1872406303882599,0.1085766893750133,,False,Phi-4-mini,No.,232.0,False,Did the iphone 6 come out before the iphone se?,True,False,177,False
3103,0.0017010786104947329,0.1085766893750133,,False,Phi-4-mini,No.,200.0,False,Is the monorail at disney a maglev train?,False,False,158,True
3104,0.9796702861785889,0.15835431450000215,,True,Phi-4-mini,Yes.,159.0,True,Can a neutral wire be connected to ground?,True,False,124,True
3105,0.9399219751358032,0.15835431450000215,,True,Phi-4-mini,Yes.,102.0,True,Are high rise and high waisted jeans the same?,True,False,68,True
3106,0.9964073300361633,0.15835431450000215,,True,Phi-4-mini,Yes.,159.0,True,Has there ever been a recess appointment to the supreme court?,True,False,121,True
3107,0.0229862779378891,0.15835431450000215,,False,Phi-4-mini,No.,159.0,False,Is washington dc a part of any state?,False,False,125,True
3108,0.6299222707748413,0.15835431450000215,,True,Phi-4-mini,Yes.,158.0,True,Did sears and roebuck start by selling watches?,True,False,118,True
3109,0.9926557540893555,0.15835431450000215,,True,Phi-4-mini,Yes.,148.0,True,Are the base angles of an isosceles triangle equal?,True,False,108,True
3110,0.011692238040268421,0.15835431450000215,,False,Phi-4-mini,No.,171.0,False,Is a kcal the same as a calorie?,True,False,138,False
3111,0.08757907897233963,0.15835431450000215,,False,Phi-4-mini,No.,372.0,False,Are tonsil stones and salivary stones the same?,False,False,326,True
3112,0.0023247278295457363,0.08970677474999889,,False,Phi-4-mini,No.,120.0,False,Was bennie and the jets a real band?,False,False,84,True
3113,0.0002305533125763759,0.08970677474999889,,False,Phi-4-mini,No.,132.0,False,Can the president pardon someone for a state crime?,False,False,97,True
3114,0.9998841285705566,0.08970677474999889,,True,Phi-4-mini,Yes.,151.0,True,Is a midsummer night's dream a comedy?,True,False,115,True
3115,0.8355044722557068,0.08970677474999889,,True,Phi-4-mini,Yes.,190.0,True,Can i have dual citizenship in us and czech republic?,True,False,131,True
3116,0.0010652589844539762,0.08970677474999889,,False,Phi-4-mini,No.,135.0,False,Does the girl die in a walk to remember?,True,False,100,False
3117,0.9363089203834534,0.08970677474999889,,True,Phi-4-mini,Yes,134.0,True,Have we reached the bottom of the mariana trench?,True,False,91,True
3118,0.9790463447570801,0.08970677474999889,,True,Phi-4-mini,Yes,179.0,True,Has anyone ever won the wsop main event twice?,True,False,140,True
3119,0.9979494214057922,0.08970677474999889,,True,Phi-4-mini,Yes.,92.0,True,Is sunflower oil a type of vegetable oil?,True,False,61,True
3120,0.00015359694953076541,0.09978081762497482,,False,Phi-4-mini,No.,95.0,False,Is rosso vermouth the same as sweet vermouth?,False,False,61,True
3121,0.000829829543363303,0.09978081762497482,,False,Phi-4-mini,No.,81.0,False,Is there any chocolate in reese's pieces?,False,False,51,True
3122,0.09539520740509033,0.09978081762497482,,False,Phi-4-mini,No.,219.0,False,Is there a dawn of the dead 2?,False,False,183,True
3123,0.960385799407959,0.09978081762497482,,True,Phi-4-mini,Yes,111.0,True,Does steph curry have a brother in the nba?,True,False,75,True
3125,0.9450038075447083,0.09978081762497482,,True,Phi-4-mini,Yes.,214.0,True,Is there such a thing as an upside down rainbow?,True,False,182,True
3127,0.0758843943476677,0.09978081762497482,,False,Phi-4-mini,No.,53.0,False,Is there going to be another insurgent movie?,True,False,14,False
3128,0.9987159967422485,0.09978081762497482,,True,Phi-4-mini,Yes.,130.0,True,Is there a train station at oslo airport?,True,False,104,True
3129,0.0017551957862451673,0.09978081762497482,,False,Phi-4-mini,No.,91.0,False,Does a conditional discharge mean a criminal record?,False,False,56,True
3130,0.010330765508115292,0.10375906025001314,,False,Phi-4-mini,No.,151.0,False,Was the united states in the world cup this year?,False,False,105,True
3132,0.9995123147964478,0.10375906025001314,,True,Phi-4-mini,Yes.,162.0,True,Is hawaii a state of the united states of america?,True,False,130,True
3133,0.00013140590453986079,0.10375906025001314,,False,Phi-4-mini,No.,244.0,False,Is the chernobyl nuclear power plant still operating?,False,False,223,True
3134,0.9433661699295044,0.10375906025001314,,True,Phi-4-mini,Yes.,94.0,True,Can a person be a citizen of no country?,True,False,59,True
3135,0.6371066570281982,0.10375906025001314,,True,Phi-4-mini,Yes.,170.0,True,Is jp morgan chase the same as chase bank?,True,False,136,True
3136,0.9996850490570068,0.10375906025001314,,True,Phi-4-mini,Yes.,71.0,True,Is the international journal of nursing studies peer reviewed?,True,False,36,True
3139,0.9802855253219604,0.10375906025001314,,True,Phi-4-mini,Yes.,157.0,True,Can a supreme court justice be a recess appointment?,True,False,121,True
3140,0.9995417594909668,0.10375906025001314,,True,Phi-4-mini,Yes.,136.0,True,Is there a such thing as a liger?,True,False,107,True
3141,0.061910536140203476,0.10614305112500233,,False,Phi-4-mini,No.,188.0,False,Did marv die in the first sin city?,True,False,155,False
3142,0.0007100654765963554,0.10614305112500233,,False,Phi-4-mini,No.,124.0,False,Is republic of ireland part of schengen visa?,False,False,89,True
3143,0.9987161159515381,0.10614305112500233,,True,Phi-4-mini,Yes.,89.0,True,Is there border between ireland and northern ireland?,True,False,53,True
3144,0.031161099672317505,0.10614305112500233,,False,Phi-4-mini,No.,72.0,False,Is central bank of india and reserve bank of india same?,False,False,35,True
3145,0.9481648802757263,0.10614305112500233,,True,Phi-4-mini,Yes.,115.0,True,Can you have both male and female genitalia?,True,False,79,True
3146,0.665467381477356,0.10614305112500233,,True,Phi-4-mini,Yes.,233.0,True,Is aloe barbadensis the same as aloe vera?,True,False,222,True
3147,0.9836001396179199,0.10614305112500233,,True,Phi-4-mini,Yes.,187.0,True,Can tobramycin and dexamethasone be used for a stye?,True,False,134,True
3148,0.9124535322189331,0.10614305112500233,,True,Phi-4-mini,Yes.,114.0,True,Will they make a pirates of the caribbean 6?,True,False,76,True
3150,0.46109169721603394,0.18289060800000811,,False,Phi-4-mini,No.,213.0,False,Do cows have to keep getting pregnant to produce milk?,True,False,179,False
3151,0.9304905533790588,0.18289060800000811,,True,Phi-4-mini,Yes.,151.0,True,Has croatia ever played in a world cup final?,True,False,94,True
3152,0.002716090762987733,0.18289060800000811,,False,Phi-4-mini,No.,234.0,False,Is isle of man in the channel islands?,False,False,207,True
3153,0.9993929862976074,0.18289060800000811,,True,Phi-4-mini,Yes.,68.0,True,Is a nissan titan a full size truck?,True,False,33,True
3154,0.8267484307289124,0.18289060800000811,,True,Phi-4-mini,Yes.,456.0,True,Do you get overseas service bars for korea?,True,True,1068,True
3155,0.03623523935675621,0.18289060800000811,,False,Phi-4-mini,No.,112.0,False,Is a midsize car bigger than a full size?,False,False,82,True
3156,0.02844446524977684,0.18289060800000811,,False,Phi-4-mini,No.,88.0,False,Is a football field equal to an acre?,False,False,48,True
3157,0.9748247861862183,0.18289060800000811,,True,Phi-4-mini,Yes.,153.0,True,Is there a direct link between economic development and social development?,True,False,116,True
3158,0.7931453585624695,0.13131061787498766,,True,Phi-4-mini,Yes.,315.0,True,Is a chipmunk the same as a ground squirrel?,False,False,296,False
3159,0.9960553646087646,0.13131061787498766,,True,Phi-4-mini,Yes.,146.0,True,Is bachelor of laws the same as llb?,True,False,113,True
3160,0.016408635303378105,0.13131061787498766,,False,Phi-4-mini,No.,140.0,False,Is there a monthly fee for google voice?,False,False,107,True
3161,0.4689122140407562,0.13131061787498766,,False,Phi-4-mini,No.,152.0,False,Can a civilian own a fn five seven?,True,False,119,False
3162,0.9845808148384094,0.13131061787498766,,True,Phi-4-mini,Yes.,268.0,True,Has there ever been a perfect tennis match?,True,False,227,True
3163,0.9960551261901855,0.13131061787498766,,True,Phi-4-mini,Yes.,106.0,True,Is it possible for a zebra and a horse to interbreed?,True,False,70,True
3166,0.0007324967300519347,0.13131061787498766,,False,Phi-4-mini,No.,132.0,False,Is gear oil the same as motor oil?,False,False,100,True
3167,0.9840958118438721,0.13131061787498766,,True,Phi-4-mini,Yes.,186.0,True,Is there a difference between chicken tikka and chicken tikka masala?,True,False,152,True
3168,0.9995272159576416,0.08625651999997785,,True,Phi-4-mini,Yes,63.0,True,Was popcorn once eaten as a breakfast cereal?,True,False,27,True
3169,0.050346676260232925,0.08625651999997785,,False,Phi-4-mini,No.,84.0,False,Is pasadena part of the san fernando valley?,False,False,53,True
3171,0.9698003530502319,0.08625651999997785,,True,Phi-4-mini,Yes,177.0,True,Has anyone ever hit 2 grand slams in one inning?,True,False,138,True
3173,0.4611220061779022,0.08625651999997785,,False,Phi-4-mini,No.,171.0,False,Do front turn signals have to be amber?,True,False,135,False
3174,0.9994118213653564,0.08625651999997785,,True,Phi-4-mini,Yes,134.0,True,Have the oakland athletics won a world series?,True,False,98,True
3175,0.9977486729621887,0.08625651999997785,,True,Phi-4-mini,Yes.,132.0,True,Was there a women's baseball league during wwii?,True,False,96,True
3176,0.5623173117637634,0.08625651999997785,,True,Phi-4-mini,Yes.,160.0,True,Does the mother die in how i met your mother?,True,False,129,True
3177,0.5623483061790466,0.08625651999997785,,True,Phi-4-mini,Yes.,105.0,True,Is there a second gone with the wind?,True,False,73,True
3178,0.6225292682647705,0.104911864124972,,True,Phi-4-mini,Yes.,129.0,True,Is the red panda is related to the giant panda?,True,False,89,True
3179,0.749143123626709,0.104911864124972,,True,Phi-4-mini,Yes,140.0,True,Will there be new episodes of black mirror?,True,False,86,True
3180,0.0004444877558853477,0.104911864124972,,False,Phi-4-mini,No.,242.0,False,Did the broncos beat the seahawks in the super bowl?,False,False,201,True
3181,0.6298466324806213,0.104911864124972,,True,Phi-4-mini,Yes.,138.0,True,Is film stars don't die in liverpool a true story?,True,False,100,True
3183,0.46882766485214233,0.104911864124972,,False,Phi-4-mini,No.,133.0,False,Do you have to pay for the midtown tunnel?,True,False,99,False
3184,0.7774292826652527,0.104911864124972,,True,Phi-4-mini,Yes.,140.0,True,Is there a sequel to 50 shades of gray?,True,False,104,True
3185,0.012062277644872665,0.104911864124972,,False,Phi-4-mini,No.,171.0,False,Will there be a new ed edd n eddy?,False,False,131,True
3187,0.7058460116386414,0.104911864124972,,True,Phi-4-mini,Yes.,154.0,True,Is a turkey vulture and a buzzard the same thing?,True,False,120,True
3188,0.19686058163642883,0.12450261437498966,,False,Phi-4-mini,No.,98.0,False,Is me to we a non profit organization?,False,False,64,True
3189,0.00041739054722711444,0.12450261437498966,,False,Phi-4-mini,No.,130.0,False,Is mahi mahi the same as ahi tuna?,False,False,105,True
3192,0.10971397161483765,0.12450261437498966,,False,Phi-4-mini,No.,62.0,False,Does the georgia aquarium still have whale sharks?,True,False,29,False
3193,0.0009112977422773838,0.12450261437498966,,False,Phi-4-mini,No.,95.0,False,Are corn chips and tortilla chips the same?,False,False,64,True
3194,0.020970270037651062,0.12450261437498966,,False,Phi-4-mini,No.,120.0,False,Is a boarding pass and ticket the same thing?,False,False,86,True
3195,0.004334579687565565,0.12450261437498966,,False,Phi-4-mini,No.,162.0,False,Is american and australian sign language the same?,False,False,127,True
3196,0.026784231886267662,0.12450261437498966,,False,Phi-4-mini,No.,286.0,False,Does us have a team in the world cup?,False,False,239,True
3198,0.44565582275390625,0.12450261437498966,,False,Phi-4-mini,No.,108.0,False,Has a club pro ever won the pga?,True,False,75,False
3199,0.9886698722839355,0.10629113049998296,,True,Phi-4-mini,Yes.,112.0,True,Is the coffee bean and tea leaf kosher?,True,False,88,True
3200,0.18717098236083984,0.10629113049998296,,False,Phi-4-mini,No.,149.0,False,Did colombia make it to the round of 16?,True,False,112,False
3201,0.9688612222671509,0.10629113049998296,,True,Phi-4-mini,Yes.,126.0,True,Is there a relationship between our latitude position and high diversity of life form in the country?,True,False,79,True
3202,0.0019272997742518783,0.10629113049998296,,False,Phi-4-mini,No.,87.0,False,Do all teachers have to take the rica?,False,False,57,True
3205,0.9971996545791626,0.10629113049998296,,True,Phi-4-mini,Yes,63.0,True,Will there be a total bellas season 4?,True,False,23,True
3206,0.5775670409202576,0.10629113049998296,,True,Phi-4-mini,Yes.,140.0,True,Is there a third place in the world cup?,True,False,104,True
3207,4.8343521484639496e-05,0.10629113049998296,,False,Phi-4-mini,No.,229.0,False,Does bourbon have to be made in bourbon county?,False,False,201,True
3209,0.9993929862976074,0.10629113049998296,,True,Phi-4-mini,Yes.,86.0,True,Can you make clothes out of spider silk?,True,False,53,True
3210,0.046045463532209396,0.0902581859999998,,False,Phi-4-mini,No.,176.0,False,Do they live at the end of a quiet place?,True,False,142,False
3211,0.30078649520874023,0.0902581859999998,,False,Phi-4-mini,No.,80.0,False,Is physical address and mac address the same?,True,False,46,False
3212,0.04888136312365532,0.0902581859999998,,False,Phi-4-mini,No.,181.0,False,Are honey bees the same as bumble bees?,False,False,157,True
3213,0.8311778903007507,0.0902581859999998,,True,Phi-4-mini,Yes,105.0,True,Are liquor stores in oklahoma open on 4th of july?,False,False,68,False
3214,0.42259398102760315,0.0902581859999998,,False,Phi-4-mini,No.,65.0,False,Will there be a season 3 el chapo?,True,False,22,False
3216,0.003825486870482564,0.0902581859999998,,False,Phi-4-mini,No.,127.0,False,Is a memory card the same as a flash drive?,False,False,91,True
3217,0.02443700097501278,0.0902581859999998,,False,Phi-4-mini,No.,136.0,False,Is there going to be a season 3 in daredevil?,True,False,90,False
3218,0.9825626611709595,0.0902581859999998,,True,Phi-4-mini,Yes.,107.0,True,Was germany in a position to block a british dream of building a railroad?,True,False,68,True
3219,0.9802851676940918,0.16925171675001138,,True,Phi-4-mini,Yes.,399.0,True,Does the bomb go off in grey's anatomy?,True,False,378,True
3220,0.46884477138519287,0.16925171675001138,,False,Phi-4-mini,No.,161.0,False,Can pool water change color if you pee in it?,False,False,120,True
3221,5.477982995216735e-05,0.16925171675001138,,False,Phi-4-mini,No.,177.0,False,Is davao city the biggest city in the whole world?,False,False,148,True
3224,0.007820268161594868,0.16925171675001138,,False,Phi-4-mini,No.,117.0,False,Do away goals count in the league 2 playoffs?,False,False,75,True
3225,0.9724191427230835,0.16925171675001138,,True,Phi-4-mini,Yes.,87.0,True,Is it possible to have an extra y chromosome?,True,False,52,True
3226,6.816952372901142e-05,0.16925171675001138,,False,Phi-4-mini,No.,104.0,False,Are the bahamas islands part of the united states?,False,False,67,True
3227,0.9994117021560669,0.16925171675001138,,True,Phi-4-mini,Yes.,191.0,True,Is the united states postal service owned by the government?,True,False,165,True
3229,0.3775828182697296,0.16925171675001138,,False,Phi-4-mini,No.,135.0,False,Can you eat the rind of port salut?,True,False,102,False
3230,0.001206916174851358,0.10029035750000048,,False,Phi-4-mini,No.,93.0,False,Is the standard error the same as standard deviation?,True,False,57,False
3231,0.00013553629105444998,0.10029035750000048,,False,Phi-4-mini,No.,164.0,False,Is corn starch the same as corn flower?,True,False,131,False
3232,0.9748262763023376,0.10029035750000048,,True,Phi-4-mini,Yes,214.0,True,Does the chevy cobalt ss come in automatic?,True,False,165,True
3233,0.8397724628448486,0.10029035750000048,,True,Phi-4-mini,Yes.,173.0,True,Is a rhombus the same as a diamond?,True,False,138,True
3235,0.0003684608673211187,0.10029035750000048,,False,Phi-4-mini,No.,113.0,False,Is there season 3 witches of east end?,False,False,66,True
3236,0.946617066860199,0.10029035750000048,,True,Phi-4-mini,Yes.,107.0,True,Is all of thailand in the same time zone?,True,False,71,True
3237,0.9814576506614685,0.10029035750000048,,True,Phi-4-mini,Yes.,112.0,True,Can the non-striker be run out by the bowler?,True,False,76,True
3238,0.08273497223854065,0.10029035750000048,,False,Phi-4-mini,No.,205.0,False,Has the conn smythe ever gone to the losing team?,True,False,172,False
3239,0.9998260140419006,0.09568520774999456,,True,Phi-4-mini,Yes.,194.0,True,Can a third party beneficiary sue for breach of contract?,True,False,160,True
3240,0.8634464740753174,0.09568520774999456,,True,Phi-4-mini,Yes.,162.0,True,Was romania part of the austro hungarian empire?,True,False,119,True
3241,0.984097421169281,0.09568520774999456,,True,Phi-4-mini,Yes.,125.0,True,Does a ruby and a sapphire make a garnet?,True,False,93,True
3242,0.8558883666992188,0.09568520774999456,,True,Phi-4-mini,Yes.,100.0,True,Are f-14 tomcats still in service?,True,False,62,True
3243,0.8840650916099548,0.09568520774999456,,True,Phi-4-mini,Yes.,207.0,True,Did grace have a baby on will & grace?,True,False,172,True
3244,0.00014434517652262002,0.09568520774999456,,False,Phi-4-mini,No.,159.0,False,Is spain all in the same time zone?,False,False,131,True
3245,0.9998464584350586,0.09568520774999456,,True,Phi-4-mini,Yes.,147.0,True,Is a group of cats known as a clowder?,True,False,113,True
3246,0.9990890026092529,0.09568520774999456,,True,Phi-4-mini,Yes.,208.0,True,Are fixed costs and overhead costs the same?,True,False,178,True
3248,0.5235326290130615,0.14391705487500417,,True,Phi-4-mini,Yes,201.0,True,Is there a national park in all 50 states?,False,False,163,False
3249,0.9998089671134949,0.14391705487500417,,True,Phi-4-mini,Yes.,221.0,True,Is hereditary spastic paraplegia a motor neuron disease?,True,False,179,True
3250,0.874099850654602,0.14391705487500417,,True,Phi-4-mini,Yes.,83.0,True,Do you have to pay to use the itv hub?,True,False,48,True
3251,0.9982995390892029,0.14391705487500417,,True,Phi-4-mini,Yes.,95.0,True,Is boiling point a characteristic property of matter?,True,False,59,True
3252,0.9992905855178833,0.14391705487500417,,True,Phi-4-mini,Yes,188.0,True,Has kermit the frog been on sesame street?,True,False,162,True
3253,0.48447534441947937,0.14391705487500417,,False,Phi-4-mini,No.,112.0,False,Does the uk national anthem change if there is a king?,True,False,78,False
3254,0.00025323263253085315,0.14391705487500417,,False,Phi-4-mini,No.,113.0,False,Is myofibril another name for a muscle fiber?,True,False,74,False
3255,0.0010009963298216462,0.14391705487500417,,False,Phi-4-mini,No.,349.0,False,Is there a camera on all traffic lights?,False,False,318,True
3257,0.7879802584648132,0.09198437025000317,,True,Phi-4-mini,Yes.,184.0,True,Is jaguar and land rover owned by tata?,True,False,145,True
3258,9.91841297945939e-05,0.09198437025000317,,False,Phi-4-mini,No.,131.0,False,Is new york life insurance a public company?,False,False,96,True
3259,0.02298739366233349,0.09198437025000317,,False,Phi-4-mini,No.,118.0,False,Is time warner and time warner cable the same company?,False,False,74,True
3260,0.018561430275440216,0.09198437025000317,,False,Phi-4-mini,No.,88.0,False,Is the canadian dollar worth more than usd?,False,False,46,True
3261,0.8597589731216431,0.09198437025000317,,True,Phi-4-mini,Yes.,128.0,True,Was pirates of the caribbean based on the ride?,True,False,95,True
3262,0.5313166975975037,0.09198437025000317,,True,Phi-4-mini,Yes.,119.0,True,Is the iphone se before the iphone 6?,False,False,73,False
3263,0.14808712899684906,0.09198437025000317,,False,Phi-4-mini,No.,195.0,False,Were the new england states free states in 1854?,True,False,152,False
3264,0.9836020469665527,0.09198437025000317,,True,Phi-4-mini,Yes.,138.0,True,Do exoplanetary systems follow the titus bode rule?,True,False,100,True
3267,0.999783456325531,0.15580810599999495,,True,Phi-4-mini,Yes.,221.0,True,Are there plants on the international space station?,True,False,186,True
3269,0.002716679824516177,0.15580810599999495,,False,Phi-4-mini,No.,152.0,False,Will there be a season 5 of shadowhunters?,False,False,101,True
