idx,label,truncated,p_yes,latency_s,pred,pred_tuned,model,correct,correct_tuned
0,False,False,0.3797,1.3034703209999634,False,False,Laya (zero-shot),True,True
1,True,False,0.9716,0.11372714100002668,True,True,Laya (zero-shot),True,True
2,True,False,0.6779,0.1248847269999942,True,True,Laya (zero-shot),True,True
3,True,False,0.9471,0.10874833000002582,True,True,Laya (zero-shot),True,True
4,True,False,0.5051,0.05938757199999145,True,True,Laya (zero-shot),True,True
5,False,False,0.0505,0.07106974900000296,False,False,Laya (zero-shot),True,True
6,True,False,0.5883,0.09241543999996793,True,True,Laya (zero-shot),True,True
7,True,False,0.926,0.06936014299992621,True,True,Laya (zero-shot),True,True
8,True,False,0.2455,0.0661277809999774,False,False,Laya (zero-shot),False,False
9,True,False,0.8671,0.06762637600002108,True,True,Laya (zero-shot),True,True
10,True,False,0.534,0.06502285700003085,True,True,Laya (zero-shot),True,True
11,False,False,0.0135,0.06895828200003962,False,False,Laya (zero-shot),True,True
12,True,False,0.0413,0.08588686200005213,False,False,Laya (zero-shot),False,False
13,True,False,0.5907,0.08343173299999762,True,True,Laya (zero-shot),True,True
14,True,False,0.8215,0.06274015999997573,True,True,Laya (zero-shot),True,True
15,True,False,0.8901,0.06977244900008372,True,True,Laya (zero-shot),True,True
16,True,False,0.7969,0.06984794200002398,True,True,Laya (zero-shot),True,True
17,True,False,0.2865,0.0658183430000463,False,False,Laya (zero-shot),False,False
18,True,False,0.7718,0.08141709300002731,True,True,Laya (zero-shot),True,True
19,True,False,0.9875,0.06026736299997992,True,True,Laya (zero-shot),True,True
20,False,False,0.5567,0.0859139110000342,True,True,Laya (zero-shot),False,False
21,True,False,0.771,0.06111329899999873,True,True,Laya (zero-shot),True,True
22,True,False,0.7664,0.11302056199997423,True,True,Laya (zero-shot),True,True
23,True,False,0.7781,0.10920282799997949,True,True,Laya (zero-shot),True,True
24,True,False,0.19,0.11489392200007842,False,False,Laya (zero-shot),False,False
25,True,False,0.5383,0.08417916400003378,True,True,Laya (zero-shot),True,True
26,True,False,0.1794,0.07555671099999017,False,False,Laya (zero-shot),False,False
27,False,False,0.3797,0.11633924199998091,False,False,Laya (zero-shot),True,True
28,True,False,0.4164,0.08214172599991798,False,True,Laya (zero-shot),False,True
29,True,False,0.6728,0.11212714599992069,True,True,Laya (zero-shot),True,True
30,True,False,0.9261,0.20203459200001816,True,True,Laya (zero-shot),True,True
31,True,False,0.8818,0.1556018699999413,True,True,Laya (zero-shot),True,True
32,False,False,0.5869,0.1943011350000461,True,True,Laya (zero-shot),False,False
33,True,False,0.2143,0.13918233499998678,False,False,Laya (zero-shot),False,False
34,True,False,0.9687,0.15790110000000368,True,True,Laya (zero-shot),True,True
35,True,False,0.8919,0.11475933600002008,True,True,Laya (zero-shot),True,True
36,False,False,0.2109,0.12774698700002318,False,False,Laya (zero-shot),True,True
37,True,False,0.918,0.13804756199999701,True,True,Laya (zero-shot),True,True
38,False,False,0.9098,0.1792405169999256,True,True,Laya (zero-shot),False,False
39,False,False,0.0939,0.2137165350000032,False,False,Laya (zero-shot),True,True
40,True,False,0.8792,0.1781422599999587,True,True,Laya (zero-shot),True,True
41,False,False,0.0001,0.18325276200005192,False,False,Laya (zero-shot),True,True
42,True,False,0.7367,0.13100644799999372,True,True,Laya (zero-shot),True,True
43,False,False,0.1512,0.09528516299997136,False,False,Laya (zero-shot),True,True
44,True,False,0.1176,0.11891881599990484,False,False,Laya (zero-shot),False,False
45,True,False,0.9331,0.14153925400000844,True,True,Laya (zero-shot),True,True
46,True,False,0.934,0.09182212499990783,True,True,Laya (zero-shot),True,True
47,True,False,0.8655,0.08923168000001169,True,True,Laya (zero-shot),True,True
48,True,False,1.0,0.13346709300003567,True,True,Laya (zero-shot),True,True
49,True,False,0.3363,0.10759674899998117,False,False,Laya (zero-shot),False,False
50,True,False,0.1761,0.0875788810000131,False,False,Laya (zero-shot),False,False
51,True,False,0.8221,0.13754210699994474,True,True,Laya (zero-shot),True,True
52,False,False,0.0406,0.15833966899992902,False,False,Laya (zero-shot),True,True
53,True,False,0.4621,0.11086345900002925,False,True,Laya (zero-shot),False,True
54,False,False,0.3894,0.14979685499997686,False,True,Laya (zero-shot),True,False
55,False,True,0.412,0.08283714499998496,False,True,Laya (zero-shot),True,False
56,True,False,0.1726,0.07462063200000557,False,False,Laya (zero-shot),False,False
57,True,False,0.87,0.07075223899994398,True,True,Laya (zero-shot),True,True
58,False,False,0.0704,0.07185916499997802,False,False,Laya (zero-shot),True,True
59,True,False,0.831,0.07317822699997123,True,True,Laya (zero-shot),True,True
60,False,False,0.223,0.0702219629999945,False,False,Laya (zero-shot),True,True
61,False,False,0.3762,0.06912655700000414,False,False,Laya (zero-shot),True,True
62,False,False,0.5842,0.11742821099994671,True,True,Laya (zero-shot),False,False
63,True,False,0.8261,0.08909331400002429,True,True,Laya (zero-shot),True,True
64,True,False,0.4095,0.1081970339999998,False,True,Laya (zero-shot),False,True
65,True,False,0.7783,0.10965727500001776,True,True,Laya (zero-shot),True,True
66,True,False,0.2634,0.07577754299995831,False,False,Laya (zero-shot),False,False
67,False,False,0.1403,0.10954875000004449,False,False,Laya (zero-shot),True,True
68,False,False,0.0489,0.10806443599994964,False,False,Laya (zero-shot),True,True
69,True,False,0.9781,0.09190733199989154,True,True,Laya (zero-shot),True,True
70,True,False,0.636,0.06271485699994628,True,True,Laya (zero-shot),True,True
71,True,False,0.9464,0.11665392300005806,True,True,Laya (zero-shot),True,True
72,False,False,0.6349,0.07430232100000467,True,True,Laya (zero-shot),False,False
73,True,False,1.0,0.0731368269999848,True,True,Laya (zero-shot),True,True
74,True,False,0.8964,0.060837562000074286,True,True,Laya (zero-shot),True,True
75,True,False,0.2447,0.0662311950000003,False,False,Laya (zero-shot),False,False
76,False,False,0.5971,0.09606192199998986,True,True,Laya (zero-shot),False,False
77,False,False,0.7837,0.10012486000005083,True,True,Laya (zero-shot),False,False
78,True,False,0.8355,0.07428009099999144,True,True,Laya (zero-shot),True,True
79,False,False,0.6794,0.11045267399993008,True,True,Laya (zero-shot),False,False
80,False,False,0.2103,0.1972115029999486,False,False,Laya (zero-shot),True,True
81,True,False,0.9012,0.17969765899999857,True,True,Laya (zero-shot),True,True
82,False,False,0.8198,0.1526519809999627,True,True,Laya (zero-shot),False,False
83,True,False,0.9765,0.15932139599999573,True,True,Laya (zero-shot),True,True
84,False,False,0.8872,0.13652751299991905,True,True,Laya (zero-shot),False,False
85,True,False,0.8346,0.09756032499990397,True,True,Laya (zero-shot),True,True
86,True,False,0.4629,0.15532597100002477,False,True,Laya (zero-shot),False,True
87,True,False,0.1876,0.1719832049999468,False,False,Laya (zero-shot),False,False
88,True,False,0.8571,0.08844320699995478,True,True,Laya (zero-shot),True,True
89,True,False,0.9411,0.15826070699995398,True,True,Laya (zero-shot),True,True
90,True,False,0.8862,0.15442213000005722,True,True,Laya (zero-shot),True,True
91,True,False,0.7008,0.14533284799995272,True,True,Laya (zero-shot),True,True
92,True,False,0.8643,0.1242426850000129,True,True,Laya (zero-shot),True,True
93,True,False,0.8308,0.14391141700002663,True,True,Laya (zero-shot),True,True
94,True,False,0.9092,0.10324176599999646,True,True,Laya (zero-shot),True,True
95,False,False,0.7657,0.09969460100001015,True,True,Laya (zero-shot),False,False
96,True,False,0.238,0.15154076500004976,False,False,Laya (zero-shot),False,False
97,True,False,0.8536,0.1617168139999876,True,True,Laya (zero-shot),True,True
98,False,False,0.3176,0.14255460599997605,False,False,Laya (zero-shot),True,True
99,False,False,0.0001,0.06244282399995882,False,False,Laya (zero-shot),True,True
100,True,False,0.7981,0.07261672600009206,True,True,Laya (zero-shot),True,True
101,False,False,0.9008,0.10208106700008557,True,True,Laya (zero-shot),False,False
102,True,False,0.8487,0.05767617699996208,True,True,Laya (zero-shot),True,True
103,False,False,0.3402,0.10144419699997798,False,False,Laya (zero-shot),True,True
104,True,False,0.6739,0.1300070349999487,True,True,Laya (zero-shot),True,True
105,True,False,0.8914,0.1336280660000284,True,True,Laya (zero-shot),True,True
106,False,False,0.2569,0.15551564299994425,False,False,Laya (zero-shot),True,True
107,False,False,0.035,0.1550584120000167,False,False,Laya (zero-shot),True,True
108,False,False,0.6979,0.15353062900010173,True,True,Laya (zero-shot),False,False
109,False,False,0.0833,0.23442814999998518,False,False,Laya (zero-shot),True,True
110,True,False,1.0,0.1591297879999729,True,True,Laya (zero-shot),True,True
111,True,False,0.8508,0.17230490299994017,True,True,Laya (zero-shot),True,True
112,False,False,0.7809,0.10832243900006233,True,True,Laya (zero-shot),False,False
113,True,False,0.953,0.14629971900001237,True,True,Laya (zero-shot),True,True
114,True,False,0.9619,0.16062089100000776,True,True,Laya (zero-shot),True,True
115,True,False,0.7616,0.19278658500002166,True,True,Laya (zero-shot),True,True
116,True,False,0.9115,0.16102303200000279,True,True,Laya (zero-shot),True,True
117,True,False,0.9716,0.15697311399992486,True,True,Laya (zero-shot),True,True
118,False,False,0.0019,0.15973060800001804,False,False,Laya (zero-shot),True,True
119,True,False,0.7061,0.16029035300005035,True,True,Laya (zero-shot),True,True
120,True,False,0.7934,0.19967908600006012,True,True,Laya (zero-shot),True,True
121,True,False,0.9512,0.20442256100000122,True,True,Laya (zero-shot),True,True
122,False,False,0.2355,0.16479385599996021,False,False,Laya (zero-shot),True,True
123,False,False,0.088,0.16876234000005752,False,False,Laya (zero-shot),True,True
124,True,False,0.7533,0.13189398400004393,True,True,Laya (zero-shot),True,True
125,False,False,0.14,0.08514964100004363,False,False,Laya (zero-shot),True,True
126,False,False,0.1113,0.08212996299994302,False,False,Laya (zero-shot),True,True
127,False,False,0.202,0.21808338300002106,False,False,Laya (zero-shot),True,True
128,True,False,0.4107,0.18023727100000997,False,True,Laya (zero-shot),False,True
129,False,False,0.1543,0.1275173440000117,False,False,Laya (zero-shot),True,True
130,True,False,0.8666,0.17888819199993122,True,True,Laya (zero-shot),True,True
131,True,False,0.9246,0.044600522999985515,True,True,Laya (zero-shot),True,True
132,False,False,0.0093,0.044342163999999684,False,False,Laya (zero-shot),True,True
133,False,False,0.362,0.03931812799999079,False,False,Laya (zero-shot),True,True
134,False,False,0.0908,0.05323862199998075,False,False,Laya (zero-shot),True,True
135,True,False,0.8693,0.05995513100003791,True,True,Laya (zero-shot),True,True
136,True,False,0.8014,0.06549767699993936,True,True,Laya (zero-shot),True,True
137,False,False,0.1958,0.054008142000043335,False,False,Laya (zero-shot),True,True
138,True,False,0.7371,0.06033496700001706,True,True,Laya (zero-shot),True,True
139,False,False,0.9217,0.055520830999967075,True,True,Laya (zero-shot),False,False
140,False,False,0.6476,0.05445489299995643,True,True,Laya (zero-shot),False,False
141,False,False,0.261,0.05069014299999708,False,False,Laya (zero-shot),True,True
142,True,False,0.9069,0.07019011800002772,True,True,Laya (zero-shot),True,True
143,True,False,0.8355,0.04747280900005535,True,True,Laya (zero-shot),True,True
144,False,False,0.0699,0.047282719999998335,False,False,Laya (zero-shot),True,True
145,True,False,0.25,0.049311197999941214,False,False,Laya (zero-shot),False,False
146,True,False,0.7967,0.04859248299999308,True,True,Laya (zero-shot),True,True
147,True,False,0.8199,0.05463119400008054,True,True,Laya (zero-shot),True,True
148,False,False,0.0561,0.04795022099995094,False,False,Laya (zero-shot),True,True
149,True,False,0.9605,0.05658206500004326,True,True,Laya (zero-shot),True,True
150,False,False,0.401,0.05850410700008979,False,True,Laya (zero-shot),True,False
151,True,False,0.973,0.05356326900005115,True,True,Laya (zero-shot),True,True
152,True,False,0.9434,0.04563977599991631,True,True,Laya (zero-shot),True,True
153,False,False,0.0791,0.05419786200002363,False,False,Laya (zero-shot),True,True
154,False,False,0.0344,0.048346250000008695,False,False,Laya (zero-shot),True,True
155,True,False,0.0964,0.05273999299993193,False,False,Laya (zero-shot),False,False
156,False,False,0.0886,0.04779736199998297,False,False,Laya (zero-shot),True,True
157,True,False,0.9109,0.05327260000001388,True,True,Laya (zero-shot),True,True
158,True,False,0.8454,0.047127746000001025,True,True,Laya (zero-shot),True,True
159,True,False,0.3778,0.05284905099995285,False,False,Laya (zero-shot),False,False
160,True,False,0.9078,0.04679575600005137,True,True,Laya (zero-shot),True,True
161,True,False,0.9999,0.05158283299999766,True,True,Laya (zero-shot),True,True
162,True,False,0.9386,0.0544409500000711,True,True,Laya (zero-shot),True,True
163,True,False,0.9318,0.05399054500003331,True,True,Laya (zero-shot),True,True
164,False,False,0.9708,0.05329097699996055,True,True,Laya (zero-shot),False,False
165,False,False,0.6378,0.0630832779999082,True,True,Laya (zero-shot),False,False
166,True,False,0.8705,0.05751565000002756,True,True,Laya (zero-shot),True,True
167,False,False,0.1648,0.05918719500004954,False,False,Laya (zero-shot),True,True
168,False,False,0.1064,0.049290979000033985,False,False,Laya (zero-shot),True,True
169,False,False,0.0886,0.05768788800003222,False,False,Laya (zero-shot),True,True
170,False,False,0.9485,0.051282055999990916,True,True,Laya (zero-shot),False,False
171,False,False,0.0921,0.0542946049999955,False,False,Laya (zero-shot),True,True
172,True,False,0.7324,0.04681414499998482,True,True,Laya (zero-shot),True,True
173,False,False,0.0813,0.06592882400002509,False,False,Laya (zero-shot),True,True
174,True,False,0.6624,0.05818308300001718,True,True,Laya (zero-shot),True,True
175,True,False,0.4653,0.06906344800006536,False,True,Laya (zero-shot),False,True
176,False,False,0.8503,0.06235848799997257,True,True,Laya (zero-shot),False,False
177,True,False,0.8087,0.06633284099996217,True,True,Laya (zero-shot),True,True
178,False,False,0.0726,0.06046014499997909,False,False,Laya (zero-shot),True,True
179,False,False,0.3715,0.06126723900001707,False,False,Laya (zero-shot),True,True
180,True,False,0.183,0.06736737000005633,False,False,Laya (zero-shot),False,False
181,False,False,0.0889,0.06374058699998386,False,False,Laya (zero-shot),True,True
182,True,False,0.1954,0.039272185999948306,False,False,Laya (zero-shot),False,False
183,True,False,0.7957,0.04323994699996092,True,True,Laya (zero-shot),True,True
184,False,False,0.6892,0.036564660000067306,True,True,Laya (zero-shot),False,False
185,True,False,0.9748,0.03828463399997872,True,True,Laya (zero-shot),True,True
186,True,False,0.852,0.0385801590000483,True,True,Laya (zero-shot),True,True
187,True,False,0.881,0.03501321700002791,True,True,Laya (zero-shot),True,True
188,True,False,0.8954,0.03850160800004687,True,True,Laya (zero-shot),True,True
189,True,False,0.1587,0.040660219000073994,False,False,Laya (zero-shot),False,False
190,True,False,0.5942,0.03917956000009326,True,True,Laya (zero-shot),True,True
191,True,False,0.9574,0.03879435099997863,True,True,Laya (zero-shot),True,True
192,True,False,0.8088,0.04082317500001409,True,True,Laya (zero-shot),True,True
193,True,False,0.7923,0.03546950699990248,True,True,Laya (zero-shot),True,True
194,True,False,0.5089,0.036720099999911326,True,True,Laya (zero-shot),True,True
195,True,True,0.9169,0.04605935500001124,True,True,Laya (zero-shot),True,True
196,False,False,0.9608,0.03766790999998193,True,True,Laya (zero-shot),False,False
197,False,False,0.1433,0.03704815599996891,False,False,Laya (zero-shot),True,True
198,False,False,0.7876,0.03970702000003712,True,True,Laya (zero-shot),False,False
199,True,False,0.8325,0.038094237999985125,True,True,Laya (zero-shot),True,True
200,True,True,0.793,0.03951994399994874,True,True,Laya (zero-shot),True,True
201,True,False,0.8423,0.04000150299998495,True,True,Laya (zero-shot),True,True
202,True,False,0.8027,0.03746151899997585,True,True,Laya (zero-shot),True,True
203,False,False,0.0968,0.037303573000031065,False,False,Laya (zero-shot),True,True
204,True,False,0.9999,0.04003847299998142,True,True,Laya (zero-shot),True,True
205,True,False,0.8248,0.036318911000080334,True,True,Laya (zero-shot),True,True
206,False,False,0.0599,0.05249921000006452,False,False,Laya (zero-shot),True,True
207,True,False,0.7488,0.043566549000047416,True,True,Laya (zero-shot),True,True
208,False,False,0.0471,0.04026604299997416,False,False,Laya (zero-shot),True,True
209,False,False,0.8479,0.03800497399993219,True,True,Laya (zero-shot),False,False
210,True,False,0.9171,0.03995887099995343,True,True,Laya (zero-shot),True,True
211,False,False,0.8607,0.0379669339999964,True,True,Laya (zero-shot),False,False
212,False,False,0.0007,0.03812772500009487,False,False,Laya (zero-shot),True,True
213,True,False,0.7487,0.04108695699994769,True,True,Laya (zero-shot),True,True
214,False,False,0.7092,0.03943416000004163,True,True,Laya (zero-shot),False,False
215,True,False,0.8897,0.036521168000035686,True,True,Laya (zero-shot),True,True
216,False,False,0.937,0.04430799199997182,True,True,Laya (zero-shot),False,False
217,True,False,0.9785,0.03947725599994101,True,True,Laya (zero-shot),True,True
218,True,False,0.3131,0.03962888599994585,False,False,Laya (zero-shot),False,False
219,True,False,0.8282,0.03987025700007507,True,True,Laya (zero-shot),True,True
220,False,False,0.8079,0.037230547000035585,True,True,Laya (zero-shot),False,False
221,False,False,0.8147,0.04396461599992563,True,True,Laya (zero-shot),False,False
222,False,False,0.0071,0.04040836299998318,False,False,Laya (zero-shot),True,True
223,False,False,0.0734,0.03949502900002244,False,False,Laya (zero-shot),True,True
224,True,False,0.9577,0.03714475700007824,True,True,Laya (zero-shot),True,True
225,False,False,0.8852,0.042249749000006886,True,True,Laya (zero-shot),False,False
226,True,False,0.9186,0.03891873099996701,True,True,Laya (zero-shot),True,True
227,True,False,0.4816,0.03706404399997609,False,True,Laya (zero-shot),False,True
228,True,False,0.2918,0.04226682199998777,False,False,Laya (zero-shot),False,False
229,False,False,0.7193,0.0366952440000432,True,True,Laya (zero-shot),False,False
230,True,False,0.2303,0.037183047999974406,False,False,Laya (zero-shot),False,False
231,True,False,0.8039,0.0511142820000714,True,True,Laya (zero-shot),True,True
232,True,False,0.9489,0.03858596199995645,True,True,Laya (zero-shot),True,True
233,False,False,0.5671,0.03926111700002366,True,True,Laya (zero-shot),False,False
234,True,False,0.8213,0.040490359999921566,True,True,Laya (zero-shot),True,True
235,False,False,0.2097,0.03716289700003017,False,False,Laya (zero-shot),True,True
236,False,False,0.1686,0.035190527999930055,False,False,Laya (zero-shot),True,True
237,True,False,0.5993,0.04136728399998901,True,True,Laya (zero-shot),True,True
238,True,False,0.8886,0.038857484999994085,True,True,Laya (zero-shot),True,True
239,False,False,0.1667,0.039947295000047234,False,False,Laya (zero-shot),True,True
240,True,False,0.9102,0.0410443140000325,True,True,Laya (zero-shot),True,True
241,True,False,0.9658,0.041057920000071135,True,True,Laya (zero-shot),True,True
242,False,False,0.89,0.03703677800001515,True,True,Laya (zero-shot),False,False
243,False,False,0.1636,0.041425440000011804,False,False,Laya (zero-shot),True,True
244,True,False,0.7121,0.036309739999978774,True,True,Laya (zero-shot),True,True
245,True,False,0.8711,0.0401232379999783,True,True,Laya (zero-shot),True,True
246,False,False,0.064,0.04766530300003069,False,False,Laya (zero-shot),True,True
247,True,False,0.7447,0.0377667239999937,True,True,Laya (zero-shot),True,True
248,True,False,0.8895,0.038065569999957916,True,True,Laya (zero-shot),True,True
249,True,False,0.8401,0.04152518099999725,True,True,Laya (zero-shot),True,True
250,True,False,0.829,0.03818602799992732,True,True,Laya (zero-shot),True,True
251,True,False,0.866,0.03829906700002539,True,True,Laya (zero-shot),True,True
252,True,False,0.8604,0.03950943899997128,True,True,Laya (zero-shot),True,True
253,True,False,0.8527,0.03680982599996696,True,True,Laya (zero-shot),True,True
254,True,False,0.2959,0.03805247499997222,False,False,Laya (zero-shot),False,False
255,True,False,0.9346,0.04101963099992645,True,True,Laya (zero-shot),True,True
256,True,False,0.8327,0.037291910000021744,True,True,Laya (zero-shot),True,True
257,True,False,0.6043,0.05421179600000414,True,True,Laya (zero-shot),True,True
258,False,False,0.0403,0.044401085999993484,False,False,Laya (zero-shot),True,True
259,False,False,0.2618,0.03981347800004187,False,False,Laya (zero-shot),True,True
260,False,False,0.1617,0.0381383700000697,False,False,Laya (zero-shot),True,True
261,True,False,0.6677,0.03990679599996838,True,True,Laya (zero-shot),True,True
262,True,False,0.3129,0.04076902700001028,False,False,Laya (zero-shot),False,False
263,True,False,0.9078,0.03809910799998306,True,True,Laya (zero-shot),True,True
264,True,False,0.859,0.04541857799995341,True,True,Laya (zero-shot),True,True
265,True,False,0.8715,0.03953739799999312,True,True,Laya (zero-shot),True,True
266,True,False,0.8901,0.04178442800002813,True,True,Laya (zero-shot),True,True
267,True,False,0.5279,0.04154820099995504,True,True,Laya (zero-shot),True,True
268,False,False,0.1339,0.037996837000036976,False,False,Laya (zero-shot),True,True
269,False,False,0.0747,0.03645225200000368,False,False,Laya (zero-shot),True,True
270,True,False,0.4396,0.046717096000065794,False,True,Laya (zero-shot),False,True
271,False,False,0.1597,0.036672446000011405,False,False,Laya (zero-shot),True,True
272,False,False,0.8265,0.03665496299993265,True,True,Laya (zero-shot),False,False
273,True,False,0.8814,0.04236548000005769,True,True,Laya (zero-shot),True,True
274,True,False,0.9083,0.03916173799996159,True,True,Laya (zero-shot),True,True
275,False,False,0.205,0.03703718899998876,False,False,Laya (zero-shot),True,True
276,False,True,0.6829,0.042541196000001946,True,True,Laya (zero-shot),False,False
277,False,False,0.1492,0.03963173399995412,False,False,Laya (zero-shot),True,True
278,True,False,0.9475,0.040560535999929925,True,True,Laya (zero-shot),True,True
279,True,False,0.8033,0.04213073200003237,True,True,Laya (zero-shot),True,True
280,True,False,0.8611,0.03720143500004269,True,True,Laya (zero-shot),True,True
281,True,False,0.3491,0.03726122099999429,False,False,Laya (zero-shot),False,False
282,False,False,0.0903,0.05667822299994896,False,False,Laya (zero-shot),True,True
283,True,False,0.8535,0.038772096999991845,True,True,Laya (zero-shot),True,True
284,False,False,0.1833,0.035725377999938246,False,False,Laya (zero-shot),True,True
285,True,False,0.7428,0.041068955000014284,True,True,Laya (zero-shot),True,True
286,True,False,0.9236,0.039185737000025256,True,True,Laya (zero-shot),True,True
287,True,False,0.585,0.0391288869999471,True,True,Laya (zero-shot),True,True
288,True,False,0.787,0.042469460999996045,True,True,Laya (zero-shot),True,True
289,False,False,0.1721,0.03817947099992125,False,False,Laya (zero-shot),True,True
290,False,False,0.1939,0.04133751200004099,False,False,Laya (zero-shot),True,True
291,False,False,0.3315,0.040961009999932685,False,False,Laya (zero-shot),True,True
292,True,False,0.933,0.040010066000036204,True,True,Laya (zero-shot),True,True
293,False,False,0.0799,0.03772101200001998,False,False,Laya (zero-shot),True,True
294,False,False,0.8553,0.04244626499996684,True,True,Laya (zero-shot),False,False
295,True,False,0.8226,0.04133926200006499,True,True,Laya (zero-shot),True,True
296,True,False,0.6635,0.03821236199996747,True,True,Laya (zero-shot),True,True
297,True,False,0.8056,0.04170515599992086,True,True,Laya (zero-shot),True,True
298,False,False,0.0918,0.039039845000047535,False,False,Laya (zero-shot),True,True
299,True,False,0.8757,0.036454401000014514,True,True,Laya (zero-shot),True,True
300,False,False,0.858,0.03990713600001072,True,True,Laya (zero-shot),False,False
301,False,False,0.5336,0.03635986500000854,True,True,Laya (zero-shot),False,False
302,False,False,0.0349,0.03754433400001744,False,False,Laya (zero-shot),True,True
303,True,False,0.925,0.03926918399997703,True,True,Laya (zero-shot),True,True
304,False,False,0.7569,0.03705919900005483,True,True,Laya (zero-shot),False,False
305,True,False,0.76,0.03712764399995194,True,True,Laya (zero-shot),True,True
306,True,False,0.8116,0.04264446100000896,True,True,Laya (zero-shot),True,True
307,True,False,0.8595,0.04048221400000784,True,True,Laya (zero-shot),True,True
308,False,False,0.2782,0.05305799999996452,False,False,Laya (zero-shot),True,True
309,True,False,0.7887,0.04351972500001011,True,True,Laya (zero-shot),True,True
310,True,False,0.9996,0.03891781099991931,True,True,Laya (zero-shot),True,True
311,False,False,0.1467,0.037848061999966376,False,False,Laya (zero-shot),True,True
312,False,False,0.8487,0.04172680700003184,True,True,Laya (zero-shot),False,False
313,True,False,0.8375,0.03722648099994785,True,True,Laya (zero-shot),True,True
314,True,False,0.8224,0.037035807000052046,True,True,Laya (zero-shot),True,True
315,True,False,0.4942,0.04161441599990212,False,True,Laya (zero-shot),False,True
316,False,False,0.2649,0.037006977999908486,False,False,Laya (zero-shot),True,True
317,True,False,0.5166,0.04159417099992879,True,True,Laya (zero-shot),True,True
318,True,False,0.8926,0.0436973459999308,True,True,Laya (zero-shot),True,True
319,True,False,0.6708,0.043626275999940844,True,True,Laya (zero-shot),True,True
320,True,False,0.1708,0.039538369999945644,False,False,Laya (zero-shot),False,False
321,True,False,0.8925,0.040930171000013615,True,True,Laya (zero-shot),True,True
322,True,False,1.0,0.0390165789999628,True,True,Laya (zero-shot),True,True
323,True,False,0.9587,0.03681954199998927,True,True,Laya (zero-shot),True,True
324,True,False,0.0379,0.040215308000028926,False,False,Laya (zero-shot),False,False
325,True,False,0.968,0.03813873000001422,True,True,Laya (zero-shot),True,True
326,False,False,0.1141,0.036683389000017996,False,False,Laya (zero-shot),True,True
327,False,False,1.0,0.03810508899994147,True,True,Laya (zero-shot),False,False
328,True,False,0.8323,0.03622011899994959,True,True,Laya (zero-shot),True,True
329,True,False,0.8277,0.03764145200000257,True,True,Laya (zero-shot),True,True
330,True,False,0.9376,0.04282672299996193,True,True,Laya (zero-shot),True,True
331,True,False,0.9112,0.03779108300000189,True,True,Laya (zero-shot),True,True
332,True,False,0.9506,0.042057857999907355,True,True,Laya (zero-shot),True,True
333,True,False,0.9421,0.05355741799996849,True,True,Laya (zero-shot),True,True
334,False,False,0.7103,0.041059947000007924,True,True,Laya (zero-shot),False,False
335,False,False,0.1047,0.04155123099997127,False,False,Laya (zero-shot),True,True
336,True,False,0.2425,0.04412399100010589,False,False,Laya (zero-shot),False,False
337,True,False,0.8405,0.03977888500003246,True,True,Laya (zero-shot),True,True
338,True,False,0.4356,0.04013056299993423,False,True,Laya (zero-shot),False,True
339,False,False,0.8675,0.045463521999977274,True,True,Laya (zero-shot),False,False
340,True,False,0.8891,0.03924072299992076,True,True,Laya (zero-shot),True,True
341,False,False,0.8114,0.040793988000018544,True,True,Laya (zero-shot),False,False
342,True,False,0.8796,0.041915714000083426,True,True,Laya (zero-shot),True,True
343,True,False,0.8855,0.03911805799998547,True,True,Laya (zero-shot),True,True
344,True,False,0.935,0.04200711200007845,True,True,Laya (zero-shot),True,True
345,True,False,0.7148,0.04008642799999507,True,True,Laya (zero-shot),True,True
346,True,False,0.9636,0.03919241900007364,True,True,Laya (zero-shot),True,True
347,True,False,0.7783,0.038198046000047725,True,True,Laya (zero-shot),True,True
348,True,False,0.9214,0.04138227500004632,True,True,Laya (zero-shot),True,True
349,True,False,0.165,0.04045618000009199,False,False,Laya (zero-shot),False,False
350,False,False,0.2542,0.03821586700007629,False,False,Laya (zero-shot),True,True
351,False,False,0.6389,0.04091711599994596,True,True,Laya (zero-shot),False,False
352,True,False,0.6794,0.03932114500003081,True,True,Laya (zero-shot),True,True
353,True,False,0.7407,0.03925338799990641,True,True,Laya (zero-shot),True,True
354,False,False,0.4934,0.03804177300003175,False,True,Laya (zero-shot),True,False
355,False,False,0.0036,0.0379518409999946,False,False,Laya (zero-shot),True,True
356,True,False,1.0,0.03888368399998399,True,True,Laya (zero-shot),True,True
357,False,False,0.0893,0.03940167299992936,False,False,Laya (zero-shot),True,True
358,True,False,0.5415,0.04778292399998918,True,True,Laya (zero-shot),True,True
359,False,False,0.0287,0.03939452800000254,False,False,Laya (zero-shot),True,True
360,True,False,0.4245,0.04006112700005815,False,True,Laya (zero-shot),False,True
361,True,False,0.8716,0.03784320599993407,True,True,Laya (zero-shot),True,True
362,True,False,0.5053,0.037936396999953104,True,True,Laya (zero-shot),True,True
363,False,False,0.3255,0.03998296800000389,False,False,Laya (zero-shot),True,True
364,True,False,0.8556,0.038062286000013046,True,True,Laya (zero-shot),True,True
365,False,False,0.5537,0.0356988480000382,True,True,Laya (zero-shot),False,False
366,True,False,0.5662,0.04021699100007936,True,True,Laya (zero-shot),True,True
367,False,False,0.0057,0.03695934600000328,False,False,Laya (zero-shot),True,True
368,True,False,0.9462,0.04461688799995045,True,True,Laya (zero-shot),True,True
369,False,False,0.1578,0.04026146500007144,False,False,Laya (zero-shot),True,True
370,False,False,1.0,0.03632794199995715,True,True,Laya (zero-shot),False,False
371,True,False,0.9618,0.03895674900002177,True,True,Laya (zero-shot),True,True
372,True,False,0.9782,0.041011639999965155,True,True,Laya (zero-shot),True,True
373,False,False,0.274,0.03923202199996467,False,False,Laya (zero-shot),True,True
374,True,False,0.8205,0.039165683999954126,True,True,Laya (zero-shot),True,True
375,True,False,0.7743,0.039091286999905606,True,True,Laya (zero-shot),True,True
376,True,False,0.9552,0.03788834699992094,True,True,Laya (zero-shot),True,True
377,True,False,0.9041,0.038050124000051255,True,True,Laya (zero-shot),True,True
378,True,False,0.8916,0.043098861999965266,True,True,Laya (zero-shot),True,True
379,True,False,0.9521,0.0381945840000526,True,True,Laya (zero-shot),True,True
380,True,False,0.9126,0.0389415460000464,True,True,Laya (zero-shot),True,True
381,True,False,0.9017,0.03906530200003999,True,True,Laya (zero-shot),True,True
382,True,False,0.4479,0.03944033400000535,False,True,Laya (zero-shot),False,True
383,True,False,0.8427,0.03800063500000306,True,True,Laya (zero-shot),True,True
384,True,False,0.2356,0.05269822599996132,False,False,Laya (zero-shot),False,False
385,True,False,0.8266,0.03715187099999184,True,True,Laya (zero-shot),True,True
386,True,False,0.8383,0.04049724599997262,True,True,Laya (zero-shot),True,True
387,False,False,0.6218,0.04157414700000572,True,True,Laya (zero-shot),False,False
388,True,False,0.3794,0.04078112100000908,False,False,Laya (zero-shot),False,False
389,True,False,0.9047,0.0397169009999061,True,True,Laya (zero-shot),True,True
390,True,False,0.9368,0.0382652619999817,True,True,Laya (zero-shot),True,True
391,True,False,0.9391,0.03789858599998297,True,True,Laya (zero-shot),True,True
392,True,False,0.1542,0.038093502000037915,False,False,Laya (zero-shot),False,False
393,False,False,0.1078,0.04126024400000006,False,False,Laya (zero-shot),True,True
394,False,False,0.864,0.04013278900004025,True,True,Laya (zero-shot),False,False
395,False,False,0.6983,0.03549420100000589,True,True,Laya (zero-shot),False,False
396,False,False,0.0521,0.04068403300004775,False,False,Laya (zero-shot),True,True
397,False,False,0.5532,0.03640662100008285,True,True,Laya (zero-shot),False,False
398,True,False,0.0956,0.038010349999922255,False,False,Laya (zero-shot),False,False
399,True,False,0.9446,0.03767060200004835,True,True,Laya (zero-shot),True,True
400,True,False,0.2405,0.037691507999966234,False,False,Laya (zero-shot),False,False
401,False,False,0.3174,0.037611930000025495,False,False,Laya (zero-shot),True,True
402,True,False,0.8713,0.040032681000070625,True,True,Laya (zero-shot),True,True
403,False,False,0.2225,0.039013047000025836,False,False,Laya (zero-shot),True,True
404,False,False,0.0415,0.03804113499995765,False,False,Laya (zero-shot),True,True
405,False,False,0.8453,0.04173294699990038,True,True,Laya (zero-shot),False,False
406,True,False,0.1839,0.03939888299998984,False,False,Laya (zero-shot),False,False
407,True,False,0.8234,0.040319457000009606,True,True,Laya (zero-shot),True,True
408,True,False,0.8733,0.039096995000022616,True,True,Laya (zero-shot),True,True
409,True,False,0.9571,0.03940721300000405,True,True,Laya (zero-shot),True,True
410,True,False,0.1854,0.05260007100002895,False,False,Laya (zero-shot),False,False
411,False,False,0.7477,0.04255878500009658,True,True,Laya (zero-shot),False,False
412,True,False,0.7791,0.03807754299998578,True,True,Laya (zero-shot),True,True
413,False,False,0.0585,0.03736023099997965,False,False,Laya (zero-shot),True,True
414,False,False,0.0015,0.04242644900000414,False,False,Laya (zero-shot),True,True
415,False,False,0.1063,0.038715644000035354,False,False,Laya (zero-shot),True,True
416,False,False,0.2431,0.037789082000017515,False,False,Laya (zero-shot),True,True
417,True,False,0.8881,0.042827470000020185,True,True,Laya (zero-shot),True,True
418,True,False,0.9655,0.04488398400008009,True,True,Laya (zero-shot),True,True
419,True,False,0.9263,0.037892556999963745,True,True,Laya (zero-shot),True,True
420,False,False,0.0765,0.04083284000000731,False,False,Laya (zero-shot),True,True
421,True,False,0.9249,0.03961729799993918,True,True,Laya (zero-shot),True,True
422,False,False,0.6408,0.03851959399992211,True,True,Laya (zero-shot),False,False
423,False,False,0.3509,0.041165507999949114,False,False,Laya (zero-shot),True,True
424,True,False,0.9667,0.038990544000057525,True,True,Laya (zero-shot),True,True
425,False,False,0.7325,0.03813054700003704,True,True,Laya (zero-shot),False,False
426,False,False,0.4865,0.0406826529999762,False,True,Laya (zero-shot),True,False
427,False,False,0.1232,0.037043031999928644,False,False,Laya (zero-shot),True,True
428,True,False,0.9018,0.03909940899995945,True,True,Laya (zero-shot),True,True
429,True,False,0.8278,0.0635153389999914,True,True,Laya (zero-shot),True,True
430,True,False,0.7637,0.07052890099998876,True,True,Laya (zero-shot),True,True
431,True,False,0.9244,0.05740505000005669,True,True,Laya (zero-shot),True,True
432,True,False,0.8252,0.0491442200000165,True,True,Laya (zero-shot),True,True
433,False,False,0.342,0.05531376800001908,False,False,Laya (zero-shot),True,True
434,False,False,0.1458,0.05982320499992966,False,False,Laya (zero-shot),True,True
435,False,False,0.8494,0.05731876000004377,True,True,Laya (zero-shot),False,False
436,False,False,0.2652,0.052339842999913344,False,False,Laya (zero-shot),True,True
437,True,False,1.0,0.05336985100007041,True,True,Laya (zero-shot),True,True
438,True,False,0.6024,0.05599124299999403,True,True,Laya (zero-shot),True,True
439,True,False,0.8821,0.05415194199997586,True,True,Laya (zero-shot),True,True
440,False,False,0.9216,0.04763472900003762,True,True,Laya (zero-shot),False,False
441,True,False,0.708,0.05527608199997758,True,True,Laya (zero-shot),True,True
442,True,False,0.9728,0.051059819000101925,True,True,Laya (zero-shot),True,True
443,True,False,0.8029,0.05538378599999305,True,True,Laya (zero-shot),True,True
444,True,False,0.8366,0.048535061999928075,True,True,Laya (zero-shot),True,True
445,True,False,0.9386,0.06268936300000405,True,True,Laya (zero-shot),True,True
446,False,False,0.5931,0.04621837499996673,True,True,Laya (zero-shot),False,False
447,True,False,1.0,0.05344216299999971,True,True,Laya (zero-shot),True,True
448,True,False,0.7887,0.048437798000009025,True,True,Laya (zero-shot),True,True
449,False,False,0.7998,0.05212108300008822,True,True,Laya (zero-shot),False,False
450,False,False,0.6406,0.04893030899995665,True,True,Laya (zero-shot),False,False
451,True,False,0.8835,0.05646339199995509,True,True,Laya (zero-shot),True,True
452,False,False,0.283,0.052952970999967874,False,False,Laya (zero-shot),True,True
453,True,False,0.9297,0.05948432800005321,True,True,Laya (zero-shot),True,True
454,True,False,0.7768,0.061615756000037436,True,True,Laya (zero-shot),True,True
455,True,False,0.8463,0.057264009000050464,True,True,Laya (zero-shot),True,True
456,False,False,0.1531,0.04917463700007829,False,False,Laya (zero-shot),True,True
457,True,False,0.858,0.05818523200002801,True,True,Laya (zero-shot),True,True
458,True,False,0.3093,0.055986239000048954,False,False,Laya (zero-shot),False,False
459,True,False,0.8226,0.06520444300008421,True,True,Laya (zero-shot),True,True
460,True,False,0.6627,0.06086584700005915,True,True,Laya (zero-shot),True,True
461,True,False,0.9112,0.05972015499992267,True,True,Laya (zero-shot),True,True
462,True,False,1.0,0.05011363000005531,True,True,Laya (zero-shot),True,True
463,False,False,0.0831,0.058197113999995054,False,False,Laya (zero-shot),True,True
464,False,False,0.1048,0.04724398099995142,False,False,Laya (zero-shot),True,True
465,True,False,0.0873,0.053499208000062026,False,False,Laya (zero-shot),False,False
466,True,False,0.2128,0.049766740999984904,False,False,Laya (zero-shot),False,False
467,False,False,0.8119,0.055971106000015425,True,True,Laya (zero-shot),False,False
468,True,False,0.8807,0.06062435600006211,True,True,Laya (zero-shot),True,True
469,True,False,0.9851,0.06565332200000285,True,True,Laya (zero-shot),True,True
470,True,False,0.8877,0.06183251899994957,True,True,Laya (zero-shot),True,True
471,True,False,0.9486,0.06573532200002319,True,True,Laya (zero-shot),True,True
472,True,False,0.5152,0.07065825600000153,True,True,Laya (zero-shot),True,True
473,True,False,0.9033,0.06327602499993645,True,True,Laya (zero-shot),True,True
474,True,False,0.6202,0.06317165000007208,True,True,Laya (zero-shot),True,True
475,True,False,0.8726,0.0696800019999273,True,True,Laya (zero-shot),True,True
476,False,False,0.8906,0.04866793200005759,True,True,Laya (zero-shot),False,False
477,True,False,0.7722,0.04312383800004227,True,True,Laya (zero-shot),True,True
478,False,False,0.8814,0.03891325000006418,True,True,Laya (zero-shot),False,False
479,False,False,0.1841,0.03927546500005974,False,False,Laya (zero-shot),True,True
480,False,False,0.7216,0.03804383900001085,True,True,Laya (zero-shot),False,False
481,False,False,0.1284,0.037366019000046435,False,False,Laya (zero-shot),True,True
482,True,False,0.9023,0.039882481999939046,True,True,Laya (zero-shot),True,True
483,False,False,0.331,0.04389286599996467,False,False,Laya (zero-shot),True,True
484,True,False,0.2441,0.040752178000047934,False,False,Laya (zero-shot),False,False
485,True,False,0.9715,0.03966824300005101,True,True,Laya (zero-shot),True,True
486,False,False,0.557,0.041552238999997826,True,True,Laya (zero-shot),False,False
487,True,False,0.7966,0.0389251389999572,True,True,Laya (zero-shot),True,True
488,False,False,0.5712,0.038656999000068026,True,True,Laya (zero-shot),False,False
489,False,False,0.7916,0.04221950999999535,True,True,Laya (zero-shot),False,False
490,False,False,0.0014,0.04147297999998045,False,False,Laya (zero-shot),True,True
491,True,False,0.8635,0.038270117000024584,True,True,Laya (zero-shot),True,True
492,True,False,0.963,0.04353722900009416,True,True,Laya (zero-shot),True,True
493,False,False,0.8498,0.03914000700001452,True,True,Laya (zero-shot),False,False
494,True,False,0.9218,0.04319506799993178,True,True,Laya (zero-shot),True,True
495,True,False,0.9652,0.06101312800001324,True,True,Laya (zero-shot),True,True
496,True,False,0.9145,0.04611271199996736,True,True,Laya (zero-shot),True,True
497,True,False,0.562,0.03849314699994011,True,True,Laya (zero-shot),True,True
498,False,False,0.2534,0.04097199799991813,False,False,Laya (zero-shot),True,True
499,False,False,0.5963,0.0385720729999548,True,True,Laya (zero-shot),False,False
500,False,False,0.0002,0.03830916099991555,False,False,Laya (zero-shot),True,True
501,True,False,0.6965,0.04097765700009859,True,True,Laya (zero-shot),True,True
502,True,False,0.7153,0.039113949000011417,True,True,Laya (zero-shot),True,True
503,True,False,0.9668,0.03879600200002642,True,True,Laya (zero-shot),True,True
504,False,False,0.114,0.041877729999896474,False,False,Laya (zero-shot),True,True
505,True,False,0.9435,0.03970738999998957,True,True,Laya (zero-shot),True,True
506,False,False,0.0774,0.038649395999982517,False,False,Laya (zero-shot),True,True
507,False,False,0.1595,0.04313278099994022,False,False,Laya (zero-shot),True,True
508,False,False,0.3213,0.038975548000053095,False,False,Laya (zero-shot),True,True
509,False,False,0.0955,0.038046291000000565,False,False,Laya (zero-shot),True,True
510,True,False,0.9749,0.04218614900003104,True,True,Laya (zero-shot),True,True
511,False,False,0.9455,0.038091781999924024,True,True,Laya (zero-shot),False,False
512,False,False,0.7286,0.03891152900007455,True,True,Laya (zero-shot),False,False
513,True,False,0.781,0.041624382000009064,True,True,Laya (zero-shot),True,True
514,True,False,0.7374,0.03900204600006418,True,True,Laya (zero-shot),True,True
515,False,False,0.7316,0.03865703399992526,True,True,Laya (zero-shot),False,False
516,False,False,0.3233,0.041343693999920106,False,False,Laya (zero-shot),True,True
517,False,False,0.7766,0.038002131999974154,True,True,Laya (zero-shot),False,False
518,True,False,0.9451,0.03908520300001328,True,True,Laya (zero-shot),True,True
519,True,False,0.3307,0.04197631599993201,False,False,Laya (zero-shot),False,False
520,False,False,0.7206,0.053278833000035775,True,True,Laya (zero-shot),False,False
521,True,False,0.8348,0.04487468499996794,True,True,Laya (zero-shot),True,True
522,True,False,0.9177,0.03835334900009002,True,True,Laya (zero-shot),True,True
523,True,False,0.8067,0.03857056200001807,True,True,Laya (zero-shot),True,True
524,True,False,0.8697,0.038244449999979224,True,True,Laya (zero-shot),True,True
525,False,False,0.0217,0.04101879600000302,False,False,Laya (zero-shot),True,True
526,False,False,0.65,0.038415315000065675,True,True,Laya (zero-shot),False,False
527,True,False,0.7955,0.0380778520000149,True,True,Laya (zero-shot),True,True
528,True,False,0.9349,0.04076347299996996,True,True,Laya (zero-shot),True,True
529,True,False,0.8928,0.03716862700002821,True,True,Laya (zero-shot),True,True
530,False,False,0.0975,0.037731099999973594,False,False,Laya (zero-shot),True,True
531,False,False,0.9471,0.0428275950000625,True,True,Laya (zero-shot),False,False
532,False,False,0.1536,0.037895461000061914,False,False,Laya (zero-shot),True,True
533,False,False,0.6892,0.037860109999996894,True,True,Laya (zero-shot),False,False
534,True,False,0.3799,0.041070229999945695,False,False,Laya (zero-shot),False,False
535,True,False,0.2253,0.038687629000037305,False,False,Laya (zero-shot),False,False
536,False,False,0.1902,0.03789535800001431,False,False,Laya (zero-shot),True,True
537,True,False,0.9405,0.039003208000053746,True,True,Laya (zero-shot),True,True
538,True,False,0.8502,0.038777263000042694,True,True,Laya (zero-shot),True,True
539,True,False,0.8805,0.04012174000001778,True,True,Laya (zero-shot),True,True
540,True,False,0.8325,0.041839984999910484,True,True,Laya (zero-shot),True,True
541,True,False,0.8095,0.03955534199997146,True,True,Laya (zero-shot),True,True
542,True,False,0.928,0.04055265800002417,True,True,Laya (zero-shot),True,True
543,False,False,0.0807,0.044709221000061916,False,False,Laya (zero-shot),True,True
544,True,False,0.647,0.03769394700009343,True,True,Laya (zero-shot),True,True
545,True,False,0.5176,0.051538095999944744,True,True,Laya (zero-shot),True,True
546,True,False,0.8415,0.04764833700005511,True,True,Laya (zero-shot),True,True
547,True,False,0.9462,0.03924015400002645,True,True,Laya (zero-shot),True,True
548,False,False,0.8084,0.038839287999962835,True,True,Laya (zero-shot),False,False
549,True,False,0.8799,0.04094094500010215,True,True,Laya (zero-shot),True,True
550,False,False,0.4086,0.039221940000061295,False,True,Laya (zero-shot),True,False
551,False,False,0.0479,0.036220701000047484,False,False,Laya (zero-shot),True,True
552,False,False,0.7235,0.04259791899994525,True,True,Laya (zero-shot),False,False
553,True,False,0.87,0.04111129799991886,True,True,Laya (zero-shot),True,True
554,True,False,0.944,0.03938921600001777,True,True,Laya (zero-shot),True,True
555,False,False,0.9114,0.0446640520000301,True,True,Laya (zero-shot),False,False
556,True,False,0.9531,0.04034645899992029,True,True,Laya (zero-shot),True,True
557,True,False,0.8273,0.038794183999925735,True,True,Laya (zero-shot),True,True
558,True,False,0.7177,0.043600229000048785,True,True,Laya (zero-shot),True,True
559,False,False,0.9196,0.039820546999976614,True,True,Laya (zero-shot),False,False
560,False,False,0.2531,0.039065152000034686,False,False,Laya (zero-shot),True,True
561,True,True,0.1805,0.04490880500009098,False,False,Laya (zero-shot),False,False
562,False,False,0.0593,0.039093736000040735,False,False,Laya (zero-shot),True,True
563,False,False,0.0283,0.03833383400001367,False,False,Laya (zero-shot),True,True
564,False,False,0.6034,0.03933638599994538,True,True,Laya (zero-shot),False,False
565,False,False,0.7689,0.039500291000081234,True,True,Laya (zero-shot),False,False
566,False,False,0.3055,0.03784017800001038,False,False,Laya (zero-shot),True,True
567,False,False,0.1178,0.04334838900001614,False,False,Laya (zero-shot),True,True
568,False,False,0.1872,0.03747666300000674,False,False,Laya (zero-shot),True,True
569,False,False,0.1401,0.04380254300008346,False,False,Laya (zero-shot),True,True
570,True,False,0.1172,0.05117531500002315,False,False,Laya (zero-shot),False,False
571,False,False,0.0856,0.03861415599999418,False,False,Laya (zero-shot),True,True
572,True,False,0.6954,0.036678113999983,True,True,Laya (zero-shot),True,True
573,True,False,0.8754,0.04235937700002523,True,True,Laya (zero-shot),True,True
574,True,False,0.8231,0.03932262399996489,True,True,Laya (zero-shot),True,True
575,True,False,1.0,0.03870323699993605,True,True,Laya (zero-shot),True,True
576,True,False,0.9326,0.04326832399999603,True,True,Laya (zero-shot),True,True
577,True,False,0.814,0.036466058999963025,True,True,Laya (zero-shot),True,True
578,False,False,0.1651,0.03756416199996693,False,False,Laya (zero-shot),True,True
579,True,False,0.6163,0.04095780199997989,True,True,Laya (zero-shot),True,True
580,False,False,0.7233,0.037699952000025405,True,True,Laya (zero-shot),False,False
581,False,False,0.3039,0.036820824000074026,False,False,Laya (zero-shot),True,True
582,True,False,0.5283,0.03898287500010156,True,True,Laya (zero-shot),True,True
583,True,False,0.8805,0.047146433000079924,True,True,Laya (zero-shot),True,True
584,True,False,0.3787,0.04407458200000747,False,False,Laya (zero-shot),False,False
585,False,False,0.0302,0.039531777000092916,False,False,Laya (zero-shot),True,True
586,True,False,0.4455,0.0353961219999519,False,True,Laya (zero-shot),False,True
587,True,False,0.7988,0.036559965000037664,True,True,Laya (zero-shot),True,True
588,False,False,0.6502,0.039898835000030886,True,True,Laya (zero-shot),False,False
589,True,False,0.8455,0.03712738799993076,True,True,Laya (zero-shot),True,True
590,True,False,0.8226,0.03844651500003238,True,True,Laya (zero-shot),True,True
591,False,False,0.0,0.04272930100000849,False,False,Laya (zero-shot),True,True
592,False,False,0.2447,0.04199582499995813,False,False,Laya (zero-shot),True,True
593,False,False,0.4876,0.03709250200006409,False,True,Laya (zero-shot),True,False
594,True,False,0.8834,0.04451231600000938,True,True,Laya (zero-shot),True,True
595,False,False,0.8714,0.03745765399992251,True,True,Laya (zero-shot),False,False
596,True,False,1.0,0.05007099600004494,True,True,Laya (zero-shot),True,True
597,True,False,0.4211,0.04261036399998375,False,True,Laya (zero-shot),False,True
598,True,False,0.8392,0.03735014200003661,True,True,Laya (zero-shot),True,True
599,True,False,0.7174,0.0382032170000457,True,True,Laya (zero-shot),True,True
600,True,False,0.9558,0.04061758700004248,True,True,Laya (zero-shot),True,True
601,True,False,0.9166,0.037737259999971684,True,True,Laya (zero-shot),True,True
602,False,False,0.0937,0.03677099200001521,False,False,Laya (zero-shot),True,True
603,True,False,0.4079,0.04021705999991809,False,True,Laya (zero-shot),False,True
604,False,False,0.0,0.03814376800005448,False,False,Laya (zero-shot),True,True
605,False,False,0.7943,0.03732978000005005,True,True,Laya (zero-shot),False,False
606,True,False,0.8839,0.04193005000001904,True,True,Laya (zero-shot),True,True
607,True,False,0.5751,0.03753101500001321,True,True,Laya (zero-shot),True,True
608,True,False,0.9892,0.0377654789999724,True,True,Laya (zero-shot),True,True
609,False,False,0.9251,0.03948424800000794,True,True,Laya (zero-shot),False,False
610,True,False,0.722,0.037107668999965426,True,True,Laya (zero-shot),True,True
611,True,False,0.8617,0.03939008300005753,True,True,Laya (zero-shot),True,True
612,True,False,0.8305,0.04255099700003484,True,True,Laya (zero-shot),True,True
613,True,False,0.8331,0.037679279000030874,True,True,Laya (zero-shot),True,True
614,False,False,0.2902,0.038722392000067885,False,False,Laya (zero-shot),True,True
615,True,False,0.9899,0.044777873000043655,True,True,Laya (zero-shot),True,True
616,True,False,0.42,0.03903473099990151,False,True,Laya (zero-shot),False,True
617,True,False,0.8359,0.04047724999998081,True,True,Laya (zero-shot),True,True
618,True,False,0.1403,0.03846256600002107,False,False,Laya (zero-shot),False,False
619,True,False,0.7121,0.04418353899995964,True,True,Laya (zero-shot),True,True
620,False,False,0.0782,0.03665833400009433,False,False,Laya (zero-shot),True,True
621,True,False,0.9684,0.04510784700005388,True,True,Laya (zero-shot),True,True
622,True,False,0.5449,0.04765929200004848,True,True,Laya (zero-shot),True,True
623,True,False,0.8881,0.04016113899990614,True,True,Laya (zero-shot),True,True
624,True,False,0.786,0.042660565999995015,True,True,Laya (zero-shot),True,True
625,True,False,0.9999,0.03614294900000914,True,True,Laya (zero-shot),True,True
626,True,False,0.8907,0.03819752799995513,True,True,Laya (zero-shot),True,True
627,True,False,0.8516,0.04003480500000478,True,True,Laya (zero-shot),True,True
628,True,False,0.9461,0.03842249799993169,True,True,Laya (zero-shot),True,True
629,False,False,0.5974,0.03731680500004586,True,True,Laya (zero-shot),False,False
630,False,False,0.0089,0.03966175300001851,False,False,Laya (zero-shot),True,True
631,True,False,0.9689,0.03918893100001242,True,True,Laya (zero-shot),True,True
632,True,False,0.8289,0.03864199700001336,True,True,Laya (zero-shot),True,True
633,False,False,0.6311,0.04030953199992382,True,True,Laya (zero-shot),False,False
634,False,False,0.6719,0.03908601400007683,True,True,Laya (zero-shot),False,False
635,True,False,0.8636,0.0373555529999976,True,True,Laya (zero-shot),True,True
636,True,False,0.825,0.04029889900004946,True,True,Laya (zero-shot),True,True
637,True,False,0.8416,0.03754654699991988,True,True,Laya (zero-shot),True,True
638,False,False,0.9083,0.03639803800001573,True,True,Laya (zero-shot),False,False
639,False,False,0.1547,0.03968055199993614,False,False,Laya (zero-shot),True,True
640,True,False,0.7943,0.036445909000008214,True,True,Laya (zero-shot),True,True
641,False,False,0.0289,0.03739322399997036,False,False,Laya (zero-shot),True,True
642,True,False,0.7672,0.044594582000058836,True,True,Laya (zero-shot),True,True
643,True,False,0.8007,0.039579720999995516,True,True,Laya (zero-shot),True,True
644,False,False,0.0001,0.047218849999921986,False,False,Laya (zero-shot),True,True
645,True,False,0.8997,0.0455424749999338,True,True,Laya (zero-shot),True,True
646,True,False,0.171,0.04119675399999778,False,False,Laya (zero-shot),False,False
647,False,False,0.0976,0.05697980699994787,False,False,Laya (zero-shot),True,True
648,True,False,0.8841,0.04604229300002771,True,True,Laya (zero-shot),True,True
649,True,False,0.9081,0.03954396899996482,True,True,Laya (zero-shot),True,True
650,True,False,0.8835,0.03842460300006678,True,True,Laya (zero-shot),True,True
651,False,False,0.1599,0.042402977999927316,False,False,Laya (zero-shot),True,True
652,True,False,0.9045,0.03965853500005778,True,True,Laya (zero-shot),True,True
653,False,False,0.8405,0.041132201999971585,True,True,Laya (zero-shot),False,False
654,True,False,0.2117,0.040933630000040466,False,False,Laya (zero-shot),False,False
655,True,False,0.8194,0.038140572999964206,True,True,Laya (zero-shot),True,True
656,True,False,0.7795,0.036666597000021284,True,True,Laya (zero-shot),True,True
657,False,False,0.2973,0.04148404500006109,False,False,Laya (zero-shot),True,True
658,True,False,0.96,0.04050403100006861,True,True,Laya (zero-shot),True,True
659,True,False,0.8981,0.03956804999995711,True,True,Laya (zero-shot),True,True
660,True,False,0.9939,0.04221593500005838,True,True,Laya (zero-shot),True,True
661,True,False,0.8524,0.042066131999945355,True,True,Laya (zero-shot),True,True
662,False,False,0.6264,0.039707602000021325,True,True,Laya (zero-shot),False,False
663,True,False,0.7757,0.043042795000019396,True,True,Laya (zero-shot),True,True
664,True,False,0.9431,0.03940319399998771,True,True,Laya (zero-shot),True,True
665,False,False,0.4761,0.03917171199998393,False,True,Laya (zero-shot),True,False
666,True,False,0.8908,0.04083658199999718,True,True,Laya (zero-shot),True,True
667,False,False,0.2361,0.039539633999993384,False,False,Laya (zero-shot),True,True
668,True,False,0.1497,0.046611744000074395,False,False,Laya (zero-shot),False,False
669,True,False,0.8973,0.04583901199998763,True,True,Laya (zero-shot),True,True
670,True,False,0.812,0.038351345000023684,True,True,Laya (zero-shot),True,True
671,True,False,0.7969,0.040974320000032094,True,True,Laya (zero-shot),True,True
672,True,False,0.8604,0.054579940000053284,True,True,Laya (zero-shot),True,True
673,True,False,0.9398,0.038760454999987815,True,True,Laya (zero-shot),True,True
674,False,False,0.0982,0.03870278900001267,False,False,Laya (zero-shot),True,True
675,True,False,0.7142,0.04299768900000345,True,True,Laya (zero-shot),True,True
676,False,False,0.2069,0.0386348330000601,False,False,Laya (zero-shot),True,True
677,False,False,0.3354,0.039119568999922194,False,False,Laya (zero-shot),True,True
678,False,False,0.2296,0.04092969800001356,False,False,Laya (zero-shot),True,True
679,False,False,0.4993,0.03965802100003657,False,True,Laya (zero-shot),True,False
680,True,False,1.0,0.03917824100005873,True,True,Laya (zero-shot),True,True
681,True,False,0.1237,0.042686182000011286,False,False,Laya (zero-shot),False,False
682,True,False,0.8869,0.03985529999999926,True,True,Laya (zero-shot),True,True
683,True,False,0.8459,0.03977043599991248,True,True,Laya (zero-shot),True,True
684,False,False,0.075,0.04328526899996632,False,False,Laya (zero-shot),True,True
685,True,False,1.0,0.038518702000033045,True,True,Laya (zero-shot),True,True
686,False,False,0.0002,0.03764630599994234,False,False,Laya (zero-shot),True,True
687,False,False,0.922,0.03948380300005283,True,True,Laya (zero-shot),False,False
688,True,False,0.5379,0.039315872999964085,True,True,Laya (zero-shot),True,True
689,True,False,0.6456,0.039296748999959163,True,True,Laya (zero-shot),True,True
690,False,False,0.0863,0.04280376700000943,False,False,Laya (zero-shot),True,True
691,True,False,0.4367,0.04654313899993667,False,True,Laya (zero-shot),False,True
692,True,False,0.9336,0.03913642800000616,True,True,Laya (zero-shot),True,True
693,True,False,0.9871,0.03937350500007142,True,True,Laya (zero-shot),True,True
694,True,False,0.9652,0.03629723400001694,True,True,Laya (zero-shot),True,True
695,False,False,0.1259,0.0394558830000733,False,False,Laya (zero-shot),True,True
696,True,False,0.7765,0.040583599000001414,True,True,Laya (zero-shot),True,True
697,False,False,0.8512,0.05399395799997819,True,True,Laya (zero-shot),False,False
698,False,False,0.037,0.03749286800007212,False,False,Laya (zero-shot),True,True
699,True,False,0.8074,0.04242940300002829,True,True,Laya (zero-shot),True,True
700,True,False,0.7782,0.037066912999989654,True,True,Laya (zero-shot),True,True
701,True,False,0.9504,0.037124988000073245,True,True,Laya (zero-shot),True,True
702,False,False,0.6902,0.04066524799998206,True,True,Laya (zero-shot),False,False
703,True,False,1.0,0.0396780740001077,True,True,Laya (zero-shot),True,True
704,True,False,0.8773,0.037551243000052636,True,True,Laya (zero-shot),True,True
705,False,False,0.3893,0.0410077020000017,False,True,Laya (zero-shot),True,False
706,True,False,0.8772,0.03937494699994204,True,True,Laya (zero-shot),True,True
707,False,False,0.2413,0.03686142000003656,False,False,Laya (zero-shot),True,True
708,False,False,0.7745,0.042237814000031904,True,True,Laya (zero-shot),False,False
709,False,False,0.7702,0.03773687499995049,True,True,Laya (zero-shot),False,False
710,True,False,1.0,0.03752500499990674,True,True,Laya (zero-shot),True,True
711,True,False,0.9153,0.04197929899999053,True,True,Laya (zero-shot),True,True
712,False,False,0.8472,0.037719035999998596,True,True,Laya (zero-shot),False,False
713,True,False,0.7322,0.039643307000005734,True,True,Laya (zero-shot),True,True
714,True,False,0.9947,0.04336092100004407,True,True,Laya (zero-shot),True,True
715,True,False,0.9453,0.04037853099998756,True,True,Laya (zero-shot),True,True
716,True,False,0.1091,0.044346360999952594,False,False,Laya (zero-shot),False,False
717,True,False,0.8822,0.04065078000007816,True,True,Laya (zero-shot),True,True
718,True,False,0.0651,0.037550583000097504,False,False,Laya (zero-shot),False,False
719,True,False,0.6831,0.03552796200006014,True,True,Laya (zero-shot),True,True
720,False,False,0.0,0.0468250359999729,False,False,Laya (zero-shot),True,True
721,True,False,0.8954,0.06425791899994238,True,True,Laya (zero-shot),True,True
722,True,False,0.8554,0.08450859300000957,True,True,Laya (zero-shot),True,True
723,False,False,0.1452,0.05415743499997916,False,False,Laya (zero-shot),True,True
724,True,False,0.9418,0.049000290999970275,True,True,Laya (zero-shot),True,True
725,True,False,0.8099,0.050476800999945226,True,True,Laya (zero-shot),True,True
726,True,False,0.7234,0.04965259099992636,True,True,Laya (zero-shot),True,True
727,False,False,0.0855,0.04875357699995675,False,False,Laya (zero-shot),True,True
728,False,False,0.241,0.04911018799998601,False,False,Laya (zero-shot),True,True
729,True,False,0.9176,0.05269781399999829,True,True,Laya (zero-shot),True,True
730,False,False,0.1174,0.05005290899998727,False,False,Laya (zero-shot),True,True
731,True,False,0.7518,0.04997462300002553,True,True,Laya (zero-shot),True,True
732,True,False,0.9605,0.052068699999949786,True,True,Laya (zero-shot),True,True
733,True,False,0.8969,0.050637868000080744,True,True,Laya (zero-shot),True,True
734,True,False,0.9332,0.051544078000006266,True,True,Laya (zero-shot),True,True
735,True,False,0.9329,0.05666910900004041,True,True,Laya (zero-shot),True,True
736,False,False,0.1407,0.04849439700001312,False,False,Laya (zero-shot),True,True
737,False,False,0.0375,0.05071905700003754,False,False,Laya (zero-shot),True,True
738,True,False,1.0,0.05144218700002057,True,True,Laya (zero-shot),True,True
739,True,False,0.8553,0.04788507499995376,True,True,Laya (zero-shot),True,True
740,False,False,0.8802,0.047562087999949654,True,True,Laya (zero-shot),False,False
741,True,False,0.8896,0.049331488000007084,True,True,Laya (zero-shot),True,True
742,True,False,0.878,0.05558034000000589,True,True,Laya (zero-shot),True,True
743,True,False,0.6782,0.06253991699998096,True,True,Laya (zero-shot),True,True
744,True,False,0.8628,0.05017101400005686,True,True,Laya (zero-shot),True,True
745,True,False,0.8841,0.05466166400003658,True,True,Laya (zero-shot),True,True
746,False,False,0.0672,0.04955235399995672,False,False,Laya (zero-shot),True,True
747,False,False,0.132,0.053594540999938545,False,False,Laya (zero-shot),True,True
748,False,False,0.1636,0.04846292300010191,False,False,Laya (zero-shot),True,True
749,True,False,0.3026,0.052346500999988166,False,False,Laya (zero-shot),False,False
750,True,False,0.8951,0.04814471500003492,True,True,Laya (zero-shot),True,True
751,True,False,0.3605,0.06046330700007729,False,False,Laya (zero-shot),False,False
752,False,False,0.3462,0.06095070600008512,False,False,Laya (zero-shot),True,True
753,True,False,0.966,0.06003475200009234,True,True,Laya (zero-shot),True,True
754,False,False,0.345,0.05548514899999191,False,False,Laya (zero-shot),True,True
755,True,False,1.0,0.049346392999950695,True,True,Laya (zero-shot),True,True
756,True,False,0.5142,0.05270408399996995,True,True,Laya (zero-shot),True,True
757,True,False,0.9577,0.04766622500005724,True,True,Laya (zero-shot),True,True
758,False,False,0.1002,0.045037020999984634,False,False,Laya (zero-shot),True,True
759,True,False,0.705,0.04471243500006494,True,True,Laya (zero-shot),True,True
760,True,False,0.6832,0.054225084999984574,True,True,Laya (zero-shot),True,True
761,False,False,0.9397,0.059766126999988956,True,True,Laya (zero-shot),False,False
762,False,False,0.9539,0.06777628599991203,True,True,Laya (zero-shot),False,False
763,True,False,0.8927,0.06750098800000615,True,True,Laya (zero-shot),True,True
764,True,False,0.8852,0.06431510799995976,True,True,Laya (zero-shot),True,True
765,True,False,0.1793,0.061432001999946806,False,False,Laya (zero-shot),False,False
766,True,False,0.8065,0.06444253500001196,True,True,Laya (zero-shot),True,True
767,True,False,0.3081,0.06086217699998997,False,False,Laya (zero-shot),False,False
768,True,False,0.5739,0.069107487999986,True,True,Laya (zero-shot),True,True
769,True,False,0.8108,0.051939192999952866,True,True,Laya (zero-shot),True,True
770,False,False,0.1589,0.04499142700001357,False,False,Laya (zero-shot),True,True
771,True,False,0.9507,0.04156133399999362,True,True,Laya (zero-shot),True,True
772,True,False,0.9922,0.045745850000002974,True,True,Laya (zero-shot),True,True
773,True,False,0.8641,0.039800672000069426,True,True,Laya (zero-shot),True,True
774,False,False,0.8114,0.03741875099990466,True,True,Laya (zero-shot),False,False
775,False,False,0.8776,0.038619697000058295,True,True,Laya (zero-shot),False,False
776,False,False,0.4295,0.06009901400000217,False,True,Laya (zero-shot),True,False
777,True,False,0.8506,0.05083772000000408,True,True,Laya (zero-shot),True,True
778,True,False,0.8178,0.037244368999949984,True,True,Laya (zero-shot),True,True
779,True,False,0.8522,0.04167229300003328,True,True,Laya (zero-shot),True,True
780,True,False,0.7635,0.03808055400008925,True,True,Laya (zero-shot),True,True
781,True,False,1.0,0.03799826299996312,True,True,Laya (zero-shot),True,True
782,False,False,0.112,0.04280058899996675,False,False,Laya (zero-shot),True,True
783,False,False,0.6397,0.05126441499999146,True,True,Laya (zero-shot),False,False
784,False,False,0.8598,0.03722622299994782,True,True,Laya (zero-shot),False,False
785,True,False,0.9999,0.04045073899999352,True,True,Laya (zero-shot),True,True
786,False,False,0.0764,0.03905943099994147,False,False,Laya (zero-shot),True,True
787,False,False,0.7131,0.03876466100007292,True,True,Laya (zero-shot),False,False
788,True,False,0.7331,0.04259085900002901,True,True,Laya (zero-shot),True,True
789,False,False,0.058,0.03695582299997113,False,False,Laya (zero-shot),True,True
790,False,False,0.0903,0.0381396699999641,False,False,Laya (zero-shot),True,True
791,True,False,0.8447,0.04030053199994654,True,True,Laya (zero-shot),True,True
792,True,False,0.9462,0.03926588599995284,True,True,Laya (zero-shot),True,True
793,True,False,0.8308,0.039007022000077995,True,True,Laya (zero-shot),True,True
794,False,False,0.8934,0.040172174000076666,True,True,Laya (zero-shot),False,False
795,True,False,0.8608,0.047914228000081494,True,True,Laya (zero-shot),True,True
796,True,False,0.8037,0.03924250700003995,True,True,Laya (zero-shot),True,True
797,False,False,0.068,0.0443420149999838,False,False,Laya (zero-shot),True,True
798,True,False,0.5894,0.0385651509999434,True,True,Laya (zero-shot),True,True
799,True,False,0.1755,0.04041354899993621,False,False,Laya (zero-shot),False,False
800,False,False,0.0306,0.04066030199999204,False,False,Laya (zero-shot),True,True
801,True,False,0.7565,0.039245196999900145,True,True,Laya (zero-shot),True,True
802,True,False,0.8639,0.03963938499998676,True,True,Laya (zero-shot),True,True
803,True,False,0.938,0.043398926999998366,True,True,Laya (zero-shot),True,True
804,False,False,0.2672,0.037976957999944716,False,False,Laya (zero-shot),True,True
805,True,False,0.9,0.038488939999979266,True,True,Laya (zero-shot),True,True
806,True,False,1.0,0.040812588999983745,True,True,Laya (zero-shot),True,True
807,False,False,0.2109,0.03857623599992621,False,False,Laya (zero-shot),True,True
808,True,False,0.956,0.04548305499997696,True,True,Laya (zero-shot),True,True
809,True,False,0.8007,0.04605109299996002,True,True,Laya (zero-shot),True,True
810,True,False,0.9311,0.041164772000001904,True,True,Laya (zero-shot),True,True
811,True,False,0.8611,0.03938997099999142,True,True,Laya (zero-shot),True,True
812,True,False,0.3623,0.04434441299997616,False,False,Laya (zero-shot),False,False
813,True,False,0.7732,0.038521987999956764,True,True,Laya (zero-shot),True,True
814,True,False,0.9992,0.03912602799994147,True,True,Laya (zero-shot),True,True
815,False,False,0.7598,0.04190942399998221,True,True,Laya (zero-shot),False,False
816,False,False,0.5723,0.04839624500004902,True,True,Laya (zero-shot),False,False
817,True,False,0.85,0.04362243599996418,True,True,Laya (zero-shot),True,True
818,True,False,0.5206,0.04335550799999055,True,True,Laya (zero-shot),True,True
819,True,False,0.7729,0.043641268999977,True,True,Laya (zero-shot),True,True
820,True,False,0.9994,0.04060351800001172,True,True,Laya (zero-shot),True,True
821,True,False,0.4525,0.03990237099992555,False,True,Laya (zero-shot),False,True
822,False,False,0.8678,0.03884132500002124,True,True,Laya (zero-shot),False,False
823,True,False,0.0969,0.038478665999946315,False,False,Laya (zero-shot),False,False
824,False,False,0.3215,0.0412756979999358,False,False,Laya (zero-shot),True,True
825,True,False,0.1912,0.03954138199992485,False,False,Laya (zero-shot),False,False
826,True,False,0.8615,0.03670701100008955,True,True,Laya (zero-shot),True,True
827,True,False,0.5853,0.03990403199998127,True,True,Laya (zero-shot),True,True
828,False,False,0.749,0.03568616100005784,True,True,Laya (zero-shot),False,False
829,True,False,0.1044,0.036315269000056105,False,False,Laya (zero-shot),False,False
830,True,False,0.8854,0.03948951600000328,True,True,Laya (zero-shot),True,True
831,False,False,0.8004,0.03971592900006726,True,True,Laya (zero-shot),False,False
832,False,False,0.3223,0.037704719999965164,False,False,Laya (zero-shot),True,True
833,True,False,0.8563,0.04622944999994161,True,True,Laya (zero-shot),True,True
834,True,False,1.0,0.049300917999971716,True,True,Laya (zero-shot),True,True
835,True,False,0.8051,0.039529285999947206,True,True,Laya (zero-shot),True,True
836,True,False,0.7894,0.045933860999980425,True,True,Laya (zero-shot),True,True
837,True,False,0.9207,0.041724197000007734,True,True,Laya (zero-shot),True,True
838,False,False,0.1685,0.0434307099999387,False,False,Laya (zero-shot),True,True
839,False,False,0.7194,0.04615669199995409,True,True,Laya (zero-shot),False,False
840,False,False,0.5509,0.04295846900004108,True,True,Laya (zero-shot),False,False
841,True,False,0.8203,0.04267812500006585,True,True,Laya (zero-shot),True,True
842,True,False,0.9205,0.04898337600002378,True,True,Laya (zero-shot),True,True
843,True,False,0.8607,0.0448546580000766,True,True,Laya (zero-shot),True,True
844,True,False,0.6886,0.03720726699998522,True,True,Laya (zero-shot),True,True
845,True,False,0.8688,0.04112033299998075,True,True,Laya (zero-shot),True,True
846,True,False,0.7802,0.03902756999991652,True,True,Laya (zero-shot),True,True
847,True,False,0.1423,0.037461282999970535,False,False,Laya (zero-shot),False,False
848,False,False,0.0445,0.04310667200002172,False,False,Laya (zero-shot),True,True
849,False,False,0.0862,0.038349162999907094,False,False,Laya (zero-shot),True,True
850,False,False,0.7667,0.03832738599999175,True,True,Laya (zero-shot),False,False
851,False,False,0.0802,0.041312260000040624,False,False,Laya (zero-shot),True,True
852,False,False,0.2159,0.037751511000010396,False,False,Laya (zero-shot),True,True
853,False,False,0.1295,0.03707095200002186,False,False,Laya (zero-shot),True,True
854,True,False,0.8475,0.03965060899997752,True,True,Laya (zero-shot),True,True
855,True,False,0.8236,0.04102842299994336,True,True,Laya (zero-shot),True,True
856,False,False,0.4394,0.03854190799995649,False,True,Laya (zero-shot),True,False
857,True,False,0.8976,0.04171280200000638,True,True,Laya (zero-shot),True,True
858,False,False,0.1559,0.05548807200000283,False,False,Laya (zero-shot),True,True
859,True,False,0.8753,0.03981966799995007,True,True,Laya (zero-shot),True,True
860,False,False,0.7696,0.0412590989999444,True,True,Laya (zero-shot),False,False
861,False,False,0.3077,0.03789981199997783,False,False,Laya (zero-shot),True,True
862,False,False,0.4319,0.03763416600008895,False,True,Laya (zero-shot),True,False
863,True,False,0.9475,0.04293986600009703,True,True,Laya (zero-shot),True,True
864,False,False,0.1372,0.03893718799997714,False,False,Laya (zero-shot),True,True
865,True,False,0.9221,0.03869477800003551,True,True,Laya (zero-shot),True,True
866,False,False,0.8904,0.04192406200002097,True,True,Laya (zero-shot),False,False
867,False,False,0.4128,0.04301316500004759,False,True,Laya (zero-shot),True,False
868,True,False,0.8817,0.04442448500003593,True,True,Laya (zero-shot),True,True
869,False,False,0.1281,0.04143063699996219,False,False,Laya (zero-shot),True,True
870,True,False,0.4833,0.03833213899997645,False,True,Laya (zero-shot),False,True
871,False,False,0.2652,0.039666713999963576,False,False,Laya (zero-shot),True,True
872,True,False,0.1607,0.041935125000009066,False,False,Laya (zero-shot),False,False
873,False,False,0.2527,0.0385850699999537,False,False,Laya (zero-shot),True,True
874,True,False,0.7626,0.0385783070000798,True,True,Laya (zero-shot),True,True
875,True,False,0.9607,0.041082293000044956,True,True,Laya (zero-shot),True,True
876,False,False,0.5395,0.03980022000007466,True,True,Laya (zero-shot),False,False
877,True,False,0.9601,0.04095548100008273,True,True,Laya (zero-shot),True,True
878,False,False,0.2256,0.04308820999995078,False,False,Laya (zero-shot),True,True
879,False,False,0.1164,0.0396306210000148,False,False,Laya (zero-shot),True,True
880,True,False,0.9098,0.03600011500009259,True,True,Laya (zero-shot),True,True
881,True,False,0.3039,0.040570581999986643,False,False,Laya (zero-shot),False,False
882,True,False,0.843,0.03949441300005674,True,True,Laya (zero-shot),True,True
883,False,False,0.1167,0.05844436900008532,False,False,Laya (zero-shot),True,True
884,False,False,0.2508,0.044680133999918326,False,False,Laya (zero-shot),True,True
885,False,False,1.0,0.037432528999943315,True,True,Laya (zero-shot),False,False
886,True,False,0.911,0.03596337300007235,True,True,Laya (zero-shot),True,True
887,False,False,0.2689,0.03893126200000552,False,False,Laya (zero-shot),True,True
888,True,False,1.0,0.03964531799999804,True,True,Laya (zero-shot),True,True
889,True,False,0.9382,0.039330270000050405,True,True,Laya (zero-shot),True,True
890,False,False,0.1007,0.041364950000001954,False,False,Laya (zero-shot),True,True
891,False,False,0.441,0.04785520100006124,False,True,Laya (zero-shot),True,False
892,True,False,0.8987,0.040188166000007186,True,True,Laya (zero-shot),True,True
893,True,False,0.6086,0.04075229699992633,True,True,Laya (zero-shot),True,True
894,False,False,0.8484,0.036498479000101725,True,True,Laya (zero-shot),False,False
895,True,False,0.9008,0.039362451999977566,True,True,Laya (zero-shot),True,True
896,False,False,0.8236,0.0404677010000114,True,True,Laya (zero-shot),False,False
897,False,False,0.5854,0.03848569199999474,True,True,Laya (zero-shot),False,False
898,True,False,0.9582,0.03859009799998603,True,True,Laya (zero-shot),True,True
899,False,False,0.1991,0.03921769199996561,False,False,Laya (zero-shot),True,True
900,True,False,0.5155,0.037741626999945765,True,True,Laya (zero-shot),True,True
901,True,False,0.8361,0.03839037599993844,True,True,Laya (zero-shot),True,True
902,True,False,0.1657,0.043051713999943786,False,False,Laya (zero-shot),False,False
903,False,False,0.756,0.03872107300003336,True,True,Laya (zero-shot),False,False
904,True,False,0.9532,0.042091398999900775,True,True,Laya (zero-shot),True,True
905,True,False,0.9648,0.04164083799992113,True,True,Laya (zero-shot),True,True
906,False,False,0.2903,0.0407969550000189,False,False,Laya (zero-shot),True,True
907,False,False,0.1283,0.03996465500006252,False,False,Laya (zero-shot),True,True
908,True,False,0.8821,0.058392982999976084,True,True,Laya (zero-shot),True,True
909,True,False,0.7598,0.0440243539999301,True,True,Laya (zero-shot),True,True
910,False,False,0.2643,0.03948660799994741,False,False,Laya (zero-shot),True,True
911,True,False,0.9726,0.04131126900006166,True,True,Laya (zero-shot),True,True
912,False,False,0.0008,0.03889756099999886,False,False,Laya (zero-shot),True,True
913,False,False,0.6196,0.03862567399994532,True,True,Laya (zero-shot),False,False
914,True,False,0.2169,0.042423666999980014,False,False,Laya (zero-shot),False,False
915,True,False,0.8122,0.0398636819999183,True,True,Laya (zero-shot),True,True
916,True,False,0.2611,0.047506951000059416,False,False,Laya (zero-shot),False,False
917,False,False,0.1271,0.04174375100001271,False,False,Laya (zero-shot),True,True
918,True,False,0.1426,0.03877935399998478,False,False,Laya (zero-shot),False,False
919,True,False,0.8304,0.03977589600003739,True,True,Laya (zero-shot),True,True
920,False,False,0.0789,0.04511908500001027,False,False,Laya (zero-shot),True,True
921,True,False,0.2401,0.03978614800007563,False,False,Laya (zero-shot),False,False
922,True,False,0.9447,0.03797064200000477,True,True,Laya (zero-shot),True,True
923,True,False,0.9707,0.04224644500004615,True,True,Laya (zero-shot),True,True
924,False,False,0.001,0.039070055000024695,False,False,Laya (zero-shot),True,True
925,False,False,0.2059,0.03885094100007791,False,False,Laya (zero-shot),True,True
926,True,False,0.7751,0.03988999800003512,True,True,Laya (zero-shot),True,True
927,True,False,0.1662,0.04419050400008473,False,False,Laya (zero-shot),False,False
928,True,False,0.7727,0.03852556699996512,True,True,Laya (zero-shot),True,True
929,True,False,0.273,0.040686140000048,False,False,Laya (zero-shot),False,False
930,True,False,0.8237,0.03880849099994066,True,True,Laya (zero-shot),True,True
931,False,False,0.4895,0.03819882300001609,False,True,Laya (zero-shot),True,False
932,False,False,0.827,0.039078617000086524,True,True,Laya (zero-shot),False,False
933,True,False,0.9563,0.04878441100004238,True,True,Laya (zero-shot),True,True
934,True,False,0.76,0.03951389000008021,True,True,Laya (zero-shot),True,True
935,True,False,0.9071,0.04272417699996822,True,True,Laya (zero-shot),True,True
936,False,False,0.6236,0.03863108500001999,True,True,Laya (zero-shot),False,False
937,False,False,0.1013,0.036539541000024656,False,False,Laya (zero-shot),True,True
938,True,False,0.0638,0.04259123199994974,False,False,Laya (zero-shot),False,False
939,True,False,0.8036,0.04217419400004019,True,True,Laya (zero-shot),True,True
940,True,False,0.9346,0.05069608300004802,True,True,Laya (zero-shot),True,True
941,True,True,0.7546,0.04545677099997647,True,True,Laya (zero-shot),True,True
942,False,False,0.4333,0.038650533999998515,False,True,Laya (zero-shot),True,False
943,False,False,0.8748,0.039204320999942865,True,True,Laya (zero-shot),False,False
944,True,False,0.9591,0.041706340999894564,True,True,Laya (zero-shot),True,True
945,True,False,0.5324,0.038798068000005514,True,True,Laya (zero-shot),True,True
946,True,False,0.1527,0.03810104100000444,False,False,Laya (zero-shot),False,False
947,True,False,0.2076,0.0401088849999951,False,False,Laya (zero-shot),False,False
948,True,False,0.9603,0.0380850650000184,True,True,Laya (zero-shot),True,True
949,True,False,0.7825,0.03786116100002346,True,True,Laya (zero-shot),True,True
950,True,False,0.9597,0.042444259000035345,True,True,Laya (zero-shot),True,True
951,True,False,0.9999,0.038536872999998195,True,True,Laya (zero-shot),True,True
952,False,False,0.0,0.039203909999969255,False,False,Laya (zero-shot),True,True
953,False,False,0.1116,0.04062516900000901,False,False,Laya (zero-shot),True,True
954,False,False,0.2505,0.03955786199992417,False,False,Laya (zero-shot),True,True
955,False,False,0.6879,0.040133212999990064,True,True,Laya (zero-shot),False,False
956,True,False,0.8034,0.04130754799996339,True,True,Laya (zero-shot),True,True
957,True,False,0.8518,0.03866398899992873,True,True,Laya (zero-shot),True,True
958,True,False,0.9158,0.05103774799999883,True,True,Laya (zero-shot),True,True
959,True,False,0.1821,0.04459186999997655,False,False,Laya (zero-shot),False,False
960,True,False,0.8691,0.039696298999956525,True,True,Laya (zero-shot),True,True
961,True,False,0.9343,0.038440991000015856,True,True,Laya (zero-shot),True,True
962,False,False,0.9964,0.04082349299994803,True,True,Laya (zero-shot),False,False
963,True,False,0.802,0.037684432999981254,True,True,Laya (zero-shot),True,True
964,True,False,0.9741,0.044024816000046485,True,True,Laya (zero-shot),True,True
965,True,False,0.8612,0.04441920299996127,True,True,Laya (zero-shot),True,True
966,True,False,0.1183,0.03839137599993592,False,False,Laya (zero-shot),False,False
967,True,False,0.7874,0.03870092499994371,True,True,Laya (zero-shot),True,True
968,True,False,0.7034,0.04248960500001431,True,True,Laya (zero-shot),True,True
969,True,False,0.8689,0.03902261300004284,True,True,Laya (zero-shot),True,True
970,True,True,0.6221,0.04014101900008882,True,True,Laya (zero-shot),True,True
971,True,False,0.8031,0.03958373600005416,True,True,Laya (zero-shot),True,True
972,False,False,0.5807,0.038810351000051924,True,True,Laya (zero-shot),False,False
973,True,False,0.8867,0.03812113900005443,True,True,Laya (zero-shot),True,True
974,True,False,0.7791,0.04029658299998573,True,True,Laya (zero-shot),True,True
975,True,False,0.9432,0.03891712099994038,True,True,Laya (zero-shot),True,True
976,False,False,0.1193,0.040554625000027045,False,False,Laya (zero-shot),True,True
977,True,False,0.3536,0.04418057999998837,False,False,Laya (zero-shot),False,False
978,True,False,0.728,0.037347348000025704,True,True,Laya (zero-shot),True,True
979,False,False,0.5358,0.041830828999991354,True,True,Laya (zero-shot),False,False
980,False,False,0.8589,0.04200377600000138,True,True,Laya (zero-shot),False,False
981,True,False,0.6589,0.03931931199997507,True,True,Laya (zero-shot),True,True
982,True,False,1.0,0.03726411200000257,True,True,Laya (zero-shot),True,True
983,False,False,0.5479,0.04688961399995151,True,True,Laya (zero-shot),False,False
984,False,False,0.2634,0.048290820999909556,False,False,Laya (zero-shot),True,True
985,False,False,0.8801,0.03674876900004165,True,True,Laya (zero-shot),False,False
986,True,False,0.7884,0.04264889499995661,True,True,Laya (zero-shot),True,True
987,True,False,0.8919,0.0406116369999836,True,True,Laya (zero-shot),True,True
988,True,False,0.2864,0.04119901499996104,False,False,Laya (zero-shot),False,False
989,False,False,0.0096,0.047600266000017655,False,False,Laya (zero-shot),True,True
990,True,False,0.7852,0.03926858399995581,True,True,Laya (zero-shot),True,True
991,True,False,0.1147,0.039147688999946695,False,False,Laya (zero-shot),False,False
992,False,False,0.0709,0.0418644740000218,False,False,Laya (zero-shot),True,True
993,True,False,0.1571,0.03884507099996881,False,False,Laya (zero-shot),False,False
994,False,False,0.2724,0.03735621400005584,False,False,Laya (zero-shot),True,True
995,False,False,0.1143,0.04126003600003969,False,False,Laya (zero-shot),True,True
996,False,False,0.8294,0.03935427900000832,True,True,Laya (zero-shot),False,False
997,True,False,0.5617,0.038556189000019,True,True,Laya (zero-shot),True,True
998,False,False,0.3762,0.04140018100008547,False,False,Laya (zero-shot),True,True
999,True,False,0.8963,0.038482023000028676,True,True,Laya (zero-shot),True,True
1000,True,False,0.9184,0.04223420999994687,True,True,Laya (zero-shot),True,True
1001,False,False,0.6327,0.0426096219999863,True,True,Laya (zero-shot),False,False
1002,False,False,0.6945,0.03895163499998944,True,True,Laya (zero-shot),False,False
1003,True,False,0.7576,0.03967316799992204,True,True,Laya (zero-shot),True,True
1004,True,False,0.859,0.041466082000056304,True,True,Laya (zero-shot),True,True
1005,False,False,0.2045,0.03820859400002519,False,False,Laya (zero-shot),True,True
1006,True,False,0.9472,0.03813035400003173,True,True,Laya (zero-shot),True,True
1007,True,False,0.7137,0.04062282299992148,True,True,Laya (zero-shot),True,True
1008,True,False,0.826,0.04132931300000564,True,True,Laya (zero-shot),True,True
1009,True,False,0.1193,0.051239359999954104,False,False,Laya (zero-shot),False,False
1010,False,False,0.8965,0.06689562500002921,True,True,Laya (zero-shot),False,False
1011,True,False,0.8064,0.06929754800000865,True,True,Laya (zero-shot),True,True
1012,False,False,0.6367,0.06411519999994653,True,True,Laya (zero-shot),False,False
1013,True,False,0.6538,0.05363171199996941,True,True,Laya (zero-shot),True,True
1014,True,False,0.7799,0.055336460000035004,True,True,Laya (zero-shot),True,True
1015,True,False,0.8702,0.0529402619999928,True,True,Laya (zero-shot),True,True
1016,True,False,0.6381,0.052345440999943094,True,True,Laya (zero-shot),True,True
1017,False,False,0.488,0.04825120800001059,False,True,Laya (zero-shot),True,False
1018,True,False,0.5681,0.05231122299994695,True,True,Laya (zero-shot),True,True
1019,False,False,0.7325,0.051185568999926545,True,True,Laya (zero-shot),False,False
1020,False,False,0.938,0.04846214500003043,True,True,Laya (zero-shot),False,False
1021,True,False,0.863,0.05053134499996759,True,True,Laya (zero-shot),True,True
1022,True,False,0.9721,0.05431343600002947,True,True,Laya (zero-shot),True,True
1023,True,False,0.9326,0.04931050999994113,True,True,Laya (zero-shot),True,True
1024,False,False,0.0941,0.05306996199999503,False,False,Laya (zero-shot),True,True
1025,True,False,0.8126,0.04913287699991997,True,True,Laya (zero-shot),True,True
1026,False,False,0.692,0.0580221719999372,True,True,Laya (zero-shot),False,False
1027,False,False,0.6581,0.05090750400006527,True,True,Laya (zero-shot),False,False
1028,True,False,0.9232,0.06614229000001615,True,True,Laya (zero-shot),True,True
1029,False,False,0.6344,0.052258853000012095,True,True,Laya (zero-shot),False,False
1030,True,False,0.1892,0.06325718300001881,False,False,Laya (zero-shot),False,False
1031,True,False,0.8985,0.05089660500004811,True,True,Laya (zero-shot),True,True
1032,True,False,0.7851,0.05629435299999841,True,True,Laya (zero-shot),True,True
1033,True,False,0.9209,0.04853915000001052,True,True,Laya (zero-shot),True,True
1034,True,False,0.9544,0.05137874699994427,True,True,Laya (zero-shot),True,True
1035,True,False,0.929,0.04842751199998929,True,True,Laya (zero-shot),True,True
1036,False,False,1.0,0.05096876000004613,True,True,Laya (zero-shot),False,False
1037,True,False,0.3631,0.04955487200004427,False,False,Laya (zero-shot),False,False
1038,True,False,0.5075,0.04966171299997768,True,True,Laya (zero-shot),True,True
1039,True,False,0.9321,0.050745419999998376,True,True,Laya (zero-shot),True,True
1040,False,False,0.1394,0.06175890999998046,False,False,Laya (zero-shot),True,True
1041,False,False,0.837,0.06311923800001296,True,True,Laya (zero-shot),False,False
1042,False,False,0.8166,0.06396760799998447,True,True,Laya (zero-shot),False,False
1043,True,False,0.2744,0.052436403999990944,False,False,Laya (zero-shot),False,False
1044,True,False,0.7849,0.05571477800003777,True,True,Laya (zero-shot),True,True
1045,True,False,0.9559,0.05532112700007019,True,True,Laya (zero-shot),True,True
1046,True,False,0.6301,0.051480824000009306,True,True,Laya (zero-shot),True,True
1047,True,False,0.8355,0.059035880000010366,True,True,Laya (zero-shot),True,True
1048,False,False,0.288,0.08467752399997153,False,False,Laya (zero-shot),True,True
1049,False,False,0.3343,0.059965055000020584,False,False,Laya (zero-shot),True,True
1050,True,False,0.657,0.066794472999959,True,True,Laya (zero-shot),True,True
1051,True,False,0.1917,0.08302521000007346,False,False,Laya (zero-shot),False,False
1052,False,False,0.4994,0.06851302100005796,False,True,Laya (zero-shot),True,False
1053,False,False,0.0615,0.06303266199995505,False,False,Laya (zero-shot),True,True
1054,True,False,1.0,0.06879676500000187,True,True,Laya (zero-shot),True,True
1055,True,False,0.7097,0.0664311269999871,True,True,Laya (zero-shot),True,True
1056,True,False,0.9638,0.07234207900000911,True,True,Laya (zero-shot),True,True
1057,True,False,0.34,0.045902239000042755,False,False,Laya (zero-shot),False,False
1058,True,False,0.6797,0.049388627000098495,True,True,Laya (zero-shot),True,True
1059,True,False,0.4859,0.0465877819999605,False,True,Laya (zero-shot),False,True
1060,False,False,0.7462,0.04542140700004893,True,True,Laya (zero-shot),False,False
1061,True,False,0.8797,0.04689891299994997,True,True,Laya (zero-shot),True,True
1062,False,False,0.042,0.044876467999984015,False,False,Laya (zero-shot),True,True
1063,True,False,0.856,0.042075865000015256,True,True,Laya (zero-shot),True,True
1064,True,False,0.8841,0.051870460000031926,True,True,Laya (zero-shot),True,True
1065,True,False,0.7677,0.03987460599989845,True,True,Laya (zero-shot),True,True
1066,True,False,0.9702,0.05926937900005669,True,True,Laya (zero-shot),True,True
1067,False,False,0.6832,0.04386333200000081,True,True,Laya (zero-shot),False,False
1068,True,False,0.4785,0.04233815099996718,False,True,Laya (zero-shot),False,True
1069,True,False,0.8201,0.042461883999976635,True,True,Laya (zero-shot),True,True
1070,True,False,0.9654,0.04070884299994759,True,True,Laya (zero-shot),True,True
1071,False,False,0.0002,0.03902281099999527,False,False,Laya (zero-shot),True,True
1072,False,False,0.871,0.03874158299993269,True,True,Laya (zero-shot),False,False
1073,True,False,0.8545,0.040663580000000366,True,True,Laya (zero-shot),True,True
1074,True,False,0.8439,0.038537503000043216,True,True,Laya (zero-shot),True,True
1075,False,False,0.1395,0.037377052000010735,False,False,Laya (zero-shot),True,True
1076,True,False,0.2044,0.04072093299998869,False,False,Laya (zero-shot),False,False
1077,True,False,0.9016,0.03868053299993335,True,True,Laya (zero-shot),True,True
1078,False,False,0.035,0.03920260000006692,False,False,Laya (zero-shot),True,True
1079,True,False,0.7666,0.04421750599999541,True,True,Laya (zero-shot),True,True
1080,True,False,0.9999,0.03967896699998619,True,True,Laya (zero-shot),True,True
1081,True,False,0.7705,0.03987972799995987,True,True,Laya (zero-shot),True,True
1082,False,False,0.0866,0.04232398499993906,False,False,Laya (zero-shot),True,True
1083,True,False,0.7955,0.039420754000047964,True,True,Laya (zero-shot),True,True
1084,True,False,0.7706,0.0384480090000352,True,True,Laya (zero-shot),True,True
1085,True,False,0.9176,0.04084483299993735,True,True,Laya (zero-shot),True,True
1086,True,False,0.1937,0.036548421000020426,False,False,Laya (zero-shot),False,False
1087,False,False,0.9002,0.037977602000069055,True,True,Laya (zero-shot),False,False
1088,True,False,0.7773,0.04789657100002387,True,True,Laya (zero-shot),True,True
1089,False,False,0.2205,0.039374859999952605,False,False,Laya (zero-shot),True,True
1090,True,False,0.8427,0.042121519000033913,True,True,Laya (zero-shot),True,True
1091,False,False,0.837,0.05744686900004581,True,True,Laya (zero-shot),False,False
1092,False,False,0.0978,0.04092145300000993,False,False,Laya (zero-shot),True,True
1093,False,False,0.1517,0.04261131199996271,False,False,Laya (zero-shot),True,True
1094,True,False,0.9549,0.04144817599990347,True,True,Laya (zero-shot),True,True
1095,True,False,0.8981,0.03921359000003122,True,True,Laya (zero-shot),True,True
1096,True,False,0.8712,0.03856487300004119,True,True,Laya (zero-shot),True,True
1097,True,True,0.6778,0.043547224999997525,True,True,Laya (zero-shot),True,True
1098,True,False,0.8764,0.03913017900003979,True,True,Laya (zero-shot),True,True
1099,True,False,0.8291,0.03892334099998607,True,True,Laya (zero-shot),True,True
1100,False,False,0.6888,0.04135675899999569,True,True,Laya (zero-shot),False,False
1101,False,False,0.1405,0.037731472000018584,False,False,Laya (zero-shot),True,True
1102,False,False,0.9724,0.038731486000074256,True,True,Laya (zero-shot),False,False
1103,False,False,0.9089,0.042791872999941916,True,True,Laya (zero-shot),False,False
1104,False,False,0.0382,0.040031833000057304,False,False,Laya (zero-shot),True,True
1105,True,False,0.8848,0.0384053989999984,True,True,Laya (zero-shot),True,True
1106,False,False,0.2493,0.040077667999980804,False,False,Laya (zero-shot),True,True
1107,True,False,0.9547,0.03862223300006917,True,True,Laya (zero-shot),True,True
1108,True,False,0.2631,0.03796730799990655,False,False,Laya (zero-shot),False,False
1109,True,False,0.8622,0.04131392300007519,True,True,Laya (zero-shot),True,True
1110,True,False,0.8962,0.03903520199992272,True,True,Laya (zero-shot),True,True
1111,False,False,0.8646,0.03941500400003406,True,True,Laya (zero-shot),False,False
1112,True,False,1.0,0.05014409299997169,True,True,Laya (zero-shot),True,True
1113,True,False,0.827,0.04023717299992313,True,True,Laya (zero-shot),True,True
1114,True,False,0.9852,0.04176076599992484,True,True,Laya (zero-shot),True,True
1115,True,False,1.0,0.04269792200000211,True,True,Laya (zero-shot),True,True
1116,True,False,0.8366,0.05409774200006723,True,True,Laya (zero-shot),True,True
1117,True,False,0.8436,0.04230549599992628,True,True,Laya (zero-shot),True,True
1118,False,False,0.9033,0.04159417500000018,True,True,Laya (zero-shot),False,False
1119,True,False,0.6683,0.03910744000006616,True,True,Laya (zero-shot),True,True
1120,False,False,0.739,0.040007908000006864,True,True,Laya (zero-shot),False,False
1121,False,False,0.1369,0.042073584000036135,False,False,Laya (zero-shot),True,True
1122,True,False,0.9496,0.040286437999952796,True,True,Laya (zero-shot),True,True
1123,True,False,0.179,0.04018135700005132,False,False,Laya (zero-shot),False,False
1124,True,False,0.8155,0.04206563100001404,True,True,Laya (zero-shot),True,True
1125,False,False,0.0617,0.037714727999969,False,False,Laya (zero-shot),True,True
1126,False,False,0.2183,0.03726314200002889,False,False,Laya (zero-shot),True,True
1127,True,False,0.9576,0.040770057000031557,True,True,Laya (zero-shot),True,True
1128,True,False,0.8947,0.03878218199997718,True,True,Laya (zero-shot),True,True
1129,True,False,0.812,0.03777409599990733,True,True,Laya (zero-shot),True,True
1130,True,False,0.2609,0.04258862799997587,False,False,Laya (zero-shot),False,False
1131,True,False,0.6224,0.03748484000004737,True,True,Laya (zero-shot),True,True
1132,False,False,0.7586,0.03832905699994171,True,True,Laya (zero-shot),False,False
1133,True,False,0.9718,0.04032030099995154,True,True,Laya (zero-shot),True,True
1134,False,False,0.0712,0.0387435899999673,False,False,Laya (zero-shot),True,True
1135,True,False,0.3562,0.038217491999944286,False,False,Laya (zero-shot),False,False
1136,True,False,0.8117,0.048395898999956444,True,True,Laya (zero-shot),True,True
1137,True,False,0.9486,0.03947749399992517,True,True,Laya (zero-shot),True,True
1138,True,False,0.8389,0.0405993669999134,True,True,Laya (zero-shot),True,True
1139,True,False,0.9694,0.042050156000073,True,True,Laya (zero-shot),True,True
1140,True,False,0.6596,0.040411739000091984,True,True,Laya (zero-shot),True,True
1141,False,False,0.6258,0.05432334900001479,True,True,Laya (zero-shot),False,False
1142,True,False,0.8031,0.04277168199996595,True,True,Laya (zero-shot),True,True
1143,True,False,0.9284,0.04157069199993657,True,True,Laya (zero-shot),True,True
1144,True,False,0.9342,0.041062566999926275,True,True,Laya (zero-shot),True,True
1145,True,False,0.6425,0.04383789999997134,True,True,Laya (zero-shot),True,True
1146,False,False,0.7476,0.04095780600005128,True,True,Laya (zero-shot),False,False
1147,False,False,0.1301,0.03870328100003917,False,False,Laya (zero-shot),True,True
1148,True,False,0.8752,0.04355288500005372,True,True,Laya (zero-shot),True,True
1149,True,False,0.8799,0.03794858000003387,True,True,Laya (zero-shot),True,True
1150,False,False,0.7786,0.038520927000035954,True,True,Laya (zero-shot),False,False
1151,True,False,0.6969,0.040925796999999875,True,True,Laya (zero-shot),True,True
1152,True,False,0.6915,0.040605840000011995,True,True,Laya (zero-shot),True,True
1153,False,False,0.7168,0.041955487000109315,True,True,Laya (zero-shot),False,False
1154,True,False,0.9358,0.044013575999997556,True,True,Laya (zero-shot),True,True
1155,True,False,0.8082,0.041447470000093745,True,True,Laya (zero-shot),True,True
1156,True,False,0.9972,0.04101054499994916,True,True,Laya (zero-shot),True,True
1157,False,False,0.3702,0.04490855899996404,False,False,Laya (zero-shot),True,True
1158,True,False,0.9648,0.0384537200000068,True,True,Laya (zero-shot),True,True
1159,True,False,0.9035,0.040197643000055905,True,True,Laya (zero-shot),True,True
1160,False,False,0.8967,0.04398591699998633,True,True,Laya (zero-shot),False,False
1161,True,False,0.8617,0.03984864199992444,True,True,Laya (zero-shot),True,True
1162,True,False,1.0,0.03950553300001047,True,True,Laya (zero-shot),True,True
1163,True,False,0.8673,0.04040305099999841,True,True,Laya (zero-shot),True,True
1164,True,False,0.8653,0.039124601000025905,True,True,Laya (zero-shot),True,True
1165,True,False,0.523,0.040726530000029015,True,True,Laya (zero-shot),True,True
1166,True,False,0.7957,0.052127777999999125,True,True,Laya (zero-shot),True,True
1167,True,False,0.8833,0.03740100599998186,True,True,Laya (zero-shot),True,True
1168,True,False,0.7394,0.03673625900000843,True,True,Laya (zero-shot),True,True
1169,True,False,0.8918,0.04109732500000973,True,True,Laya (zero-shot),True,True
1170,True,False,0.7574,0.03814987599992037,True,True,Laya (zero-shot),True,True
1171,False,False,0.1325,0.03813966299992444,False,False,Laya (zero-shot),True,True
1172,False,False,0.7952,0.039712652000048365,True,True,Laya (zero-shot),False,False
1173,True,False,0.8757,0.03747469999996156,True,True,Laya (zero-shot),True,True
1174,False,False,0.6183,0.03926503499997125,True,True,Laya (zero-shot),False,False
1175,True,False,0.1034,0.04158386899996458,False,False,Laya (zero-shot),False,False
1176,True,False,0.9354,0.04076399899997796,True,True,Laya (zero-shot),True,True
1177,False,False,0.8164,0.03863479799997549,True,True,Laya (zero-shot),False,False
1178,True,False,0.1457,0.04259700900001917,False,False,Laya (zero-shot),False,False
1179,True,False,0.8002,0.039603596999995716,True,True,Laya (zero-shot),True,True
1180,True,False,0.5848,0.039095932999998695,True,True,Laya (zero-shot),True,True
1181,True,False,0.1601,0.04062012200006393,False,False,Laya (zero-shot),False,False
1182,True,False,0.9135,0.03746486399995774,True,True,Laya (zero-shot),True,True
1183,True,False,0.7883,0.03832296699999915,True,True,Laya (zero-shot),True,True
1184,True,False,0.8667,0.0435748859999876,True,True,Laya (zero-shot),True,True
1185,True,False,1.0,0.03966616599996087,True,True,Laya (zero-shot),True,True
1186,True,False,0.9064,0.03874574900009975,True,True,Laya (zero-shot),True,True
1187,False,False,0.7451,0.04523490300005051,True,True,Laya (zero-shot),False,False
1188,True,False,0.0542,0.04153213400002187,False,False,Laya (zero-shot),False,False
1189,False,False,0.5858,0.03998738999996476,True,True,Laya (zero-shot),False,False
1190,False,False,0.0746,0.04106291000005058,False,False,Laya (zero-shot),True,True
1191,True,False,0.8929,0.05197485799999413,True,True,Laya (zero-shot),True,True
1192,True,False,0.3095,0.03957250199994178,False,False,Laya (zero-shot),False,False
1193,True,False,0.0359,0.04393785100000969,False,False,Laya (zero-shot),False,False
1194,True,False,0.6323,0.04036193499996443,True,True,Laya (zero-shot),True,True
1195,False,False,0.2286,0.04004612200003521,False,False,Laya (zero-shot),True,True
1196,True,False,0.7558,0.04150036399994406,True,True,Laya (zero-shot),True,True
1197,True,False,0.735,0.03781498999990163,True,True,Laya (zero-shot),True,True
1198,True,False,0.9942,0.038765577000049234,True,True,Laya (zero-shot),True,True
1199,True,False,0.8956,0.04109626600006777,True,True,Laya (zero-shot),True,True
1200,True,False,0.8534,0.03986271899998428,True,True,Laya (zero-shot),True,True
1201,True,False,0.6478,0.040967625999996926,True,True,Laya (zero-shot),True,True
1202,True,False,0.7202,0.04168264600002658,True,True,Laya (zero-shot),True,True
1203,True,False,0.8577,0.03850372100009736,True,True,Laya (zero-shot),True,True
1204,False,False,0.2404,0.038365139999996245,False,False,Laya (zero-shot),True,True
1205,False,False,0.2962,0.040126766999946994,False,False,Laya (zero-shot),True,True
1206,True,False,1.0,0.040918916999999055,True,True,Laya (zero-shot),True,True
1207,False,False,0.6675,0.04096403000005466,True,True,Laya (zero-shot),False,False
1208,True,False,0.3584,0.046366539999894485,False,False,Laya (zero-shot),False,False
1209,True,False,0.8152,0.04092491799997333,True,True,Laya (zero-shot),True,True
1210,False,False,0.1794,0.03729679700006727,False,False,Laya (zero-shot),True,True
1211,False,False,0.8144,0.04404294000005393,True,True,Laya (zero-shot),False,False
1212,False,False,0.8877,0.039751371999955154,True,True,Laya (zero-shot),False,False
1213,True,False,0.8088,0.03904267500001879,True,True,Laya (zero-shot),True,True
1214,True,False,0.9996,0.04521321999993688,True,True,Laya (zero-shot),True,True
1215,True,False,0.871,0.039816066999947,True,True,Laya (zero-shot),True,True
1216,True,False,0.5844,0.05589176000000862,True,True,Laya (zero-shot),True,True
1217,True,False,0.9984,0.04573022200008836,True,True,Laya (zero-shot),True,True
1218,False,False,0.8137,0.04045803100007106,True,True,Laya (zero-shot),False,False
1219,True,False,0.8858,0.040827183000033074,True,True,Laya (zero-shot),True,True
1220,False,False,0.5161,0.04216804999998658,True,True,Laya (zero-shot),False,False
1221,False,False,0.0062,0.03910076099998605,False,False,Laya (zero-shot),True,True
1222,True,False,0.8708,0.037351875000013024,True,True,Laya (zero-shot),True,True
1223,True,False,0.9195,0.04228199500005303,True,True,Laya (zero-shot),True,True
1224,True,False,0.7846,0.042400795000048674,True,True,Laya (zero-shot),True,True
1225,True,False,0.9423,0.03839023400007591,True,True,Laya (zero-shot),True,True
1226,False,False,0.0404,0.04378050900004382,False,False,Laya (zero-shot),True,True
1227,True,False,0.9477,0.03833755100004055,True,True,Laya (zero-shot),True,True
1228,False,False,0.345,0.040262807999965844,False,False,Laya (zero-shot),True,True
1229,True,False,0.9567,0.04329105099998287,True,True,Laya (zero-shot),True,True
1230,False,False,0.1767,0.037810707000062393,False,False,Laya (zero-shot),True,True
1231,True,False,0.821,0.03910400300003403,True,True,Laya (zero-shot),True,True
1232,True,False,0.4184,0.04952537899998788,False,True,Laya (zero-shot),False,True
1233,False,False,0.32,0.038874372000009316,False,False,Laya (zero-shot),True,True
1234,False,False,0.7399,0.03823153399991952,True,True,Laya (zero-shot),False,False
1235,False,False,0.398,0.04633800799990695,False,True,Laya (zero-shot),True,False
1236,False,False,0.2847,0.04116964199999984,False,False,Laya (zero-shot),True,True
1237,False,False,0.0728,0.03889979100006258,False,False,Laya (zero-shot),True,True
1238,True,False,0.8457,0.041582053999945856,True,True,Laya (zero-shot),True,True
1239,False,False,0.1155,0.04318964200001574,False,False,Laya (zero-shot),True,True
1240,False,False,0.215,0.04947380399994472,False,False,Laya (zero-shot),True,True
1241,False,False,0.7945,0.04410525800005871,True,True,Laya (zero-shot),False,False
1242,True,False,0.9491,0.03881338400003642,True,True,Laya (zero-shot),True,True
1243,False,False,0.0001,0.04015255399997386,False,False,Laya (zero-shot),True,True
1244,False,False,0.1398,0.043595347000064066,False,False,Laya (zero-shot),True,True
1245,True,False,0.9408,0.03704307600003176,True,True,Laya (zero-shot),True,True
1246,True,False,0.9512,0.03879379499994684,True,True,Laya (zero-shot),True,True
1247,True,False,0.1735,0.04107847099999162,False,False,Laya (zero-shot),False,False
1248,False,False,0.3602,0.041013720999899306,False,False,Laya (zero-shot),True,True
1249,True,False,0.8391,0.03834361400004127,True,True,Laya (zero-shot),True,True
1250,True,False,0.9307,0.04237523799997689,True,True,Laya (zero-shot),True,True
1251,True,False,0.8861,0.036004255000079866,True,True,Laya (zero-shot),True,True
1252,True,False,0.8581,0.03869475099997999,True,True,Laya (zero-shot),True,True
1253,False,False,0.8373,0.042242223000016565,True,True,Laya (zero-shot),False,False
1254,True,False,0.8529,0.04095311700007187,True,True,Laya (zero-shot),True,True
1255,True,False,0.7871,0.03851080300000831,True,True,Laya (zero-shot),True,True
1256,False,False,0.0001,0.0466421610000225,False,False,Laya (zero-shot),True,True
1257,False,False,0.8263,0.039261574000079236,True,True,Laya (zero-shot),False,False
1258,True,False,0.9491,0.03784479199998714,True,True,Laya (zero-shot),True,True
1259,True,False,0.6997,0.04437847899998815,True,True,Laya (zero-shot),True,True
1260,False,False,0.1573,0.04005797599995731,False,False,Laya (zero-shot),True,True
1261,True,False,0.6296,0.03898286199989798,True,True,Laya (zero-shot),True,True
1262,True,False,0.6987,0.03980652799998552,True,True,Laya (zero-shot),True,True
1263,True,False,1.0,0.03937450099999751,True,True,Laya (zero-shot),True,True
1264,False,False,0.2722,0.03856535299996722,False,False,Laya (zero-shot),True,True
1265,False,False,0.8233,0.04585213100006058,True,True,Laya (zero-shot),False,False
1266,False,False,0.2717,0.046837481000011394,False,False,Laya (zero-shot),True,True
1267,True,False,0.8144,0.03782194600000821,True,True,Laya (zero-shot),True,True
1268,False,False,0.2767,0.04365858300002401,False,False,Laya (zero-shot),True,True
1269,False,False,0.6727,0.03920822300005966,True,True,Laya (zero-shot),False,False
1270,False,False,0.7503,0.03872554700001274,True,True,Laya (zero-shot),False,False
1271,True,False,0.9506,0.04217634199994791,True,True,Laya (zero-shot),True,True
1272,False,False,0.758,0.03866444200002661,True,True,Laya (zero-shot),False,False
1273,True,False,0.9518,0.04040290000000368,True,True,Laya (zero-shot),True,True
1274,False,False,0.6224,0.043061076999947545,True,True,Laya (zero-shot),False,False
1275,False,False,0.1385,0.03846206900004745,False,False,Laya (zero-shot),True,True
1276,True,False,0.9462,0.03905752800005757,True,True,Laya (zero-shot),True,True
1277,True,False,1.0,0.04283882899994751,True,True,Laya (zero-shot),True,True
1278,True,False,0.169,0.03942454200000611,False,False,Laya (zero-shot),False,False
1279,True,False,0.9897,0.03839181299997563,True,True,Laya (zero-shot),True,True
1280,True,False,0.986,0.03968149199999971,True,True,Laya (zero-shot),True,True
1281,False,False,0.1303,0.043527390999997806,False,False,Laya (zero-shot),True,True
1282,True,False,0.8918,0.03847813599998062,True,True,Laya (zero-shot),True,True
1283,True,False,0.7765,0.04302925599995433,True,True,Laya (zero-shot),True,True
1284,False,False,0.7716,0.039604511999982606,True,True,Laya (zero-shot),False,False
1285,False,False,0.0717,0.04020797699990908,False,False,Laya (zero-shot),True,True
1286,True,False,0.9109,0.044154581000043436,True,True,Laya (zero-shot),True,True
1287,True,False,0.8346,0.03926272199998948,True,True,Laya (zero-shot),True,True
1288,False,False,0.0436,0.0391752869999209,False,False,Laya (zero-shot),True,True
1289,False,False,0.5114,0.042496013000004496,True,True,Laya (zero-shot),False,False
1290,True,False,0.2936,0.04231832499999655,False,False,Laya (zero-shot),False,False
1291,True,False,0.4255,0.05082313200000499,False,True,Laya (zero-shot),False,True
1292,False,False,0.9211,0.05106697600001553,True,True,Laya (zero-shot),False,False
1293,True,False,0.7866,0.05366615700006605,True,True,Laya (zero-shot),True,True
1294,True,False,0.827,0.04195396800002982,True,True,Laya (zero-shot),True,True
1295,True,False,0.7323,0.0411870010000257,True,True,Laya (zero-shot),True,True
1296,False,False,0.7689,0.06816669499994532,True,True,Laya (zero-shot),False,False
1297,True,False,0.8745,0.06845367699997951,True,True,Laya (zero-shot),True,True
1298,True,False,0.742,0.060483793999992486,True,True,Laya (zero-shot),True,True
1299,True,False,0.9403,0.05251754899995831,True,True,Laya (zero-shot),True,True
1300,True,False,0.997,0.052181653000047845,True,True,Laya (zero-shot),True,True
1301,True,False,0.9523,0.059309414000040306,True,True,Laya (zero-shot),True,True
1302,False,False,0.2746,0.05198322100000041,False,False,Laya (zero-shot),True,True
1303,False,False,0.7826,0.059488783999995576,True,True,Laya (zero-shot),False,False
1304,True,False,0.2711,0.050704718000019966,False,False,Laya (zero-shot),False,False
1305,False,False,0.1472,0.05488297099998363,False,False,Laya (zero-shot),True,True
1306,True,False,0.6976,0.04854460999990806,True,True,Laya (zero-shot),True,True
1307,False,False,0.6267,0.050511865999965266,True,True,Laya (zero-shot),False,False
1308,True,False,0.8417,0.0530366939999567,True,True,Laya (zero-shot),True,True
1309,True,False,0.8693,0.05226442399998632,True,True,Laya (zero-shot),True,True
1310,True,False,0.6388,0.05650528699993629,True,True,Laya (zero-shot),True,True
1311,True,False,0.5489,0.05342016700001295,True,True,Laya (zero-shot),True,True
1312,True,False,0.9611,0.053436046000001625,True,True,Laya (zero-shot),True,True
1313,True,False,0.1594,0.05152904900000976,False,False,Laya (zero-shot),False,False
1314,True,False,0.7578,0.04770738000001984,True,True,Laya (zero-shot),True,True
1315,True,False,0.9678,0.050390073000016855,True,True,Laya (zero-shot),True,True
1316,False,False,0.2137,0.048421029999985876,False,False,Laya (zero-shot),True,True
1317,True,False,1.0,0.05290465699999913,True,True,Laya (zero-shot),True,True
1318,False,False,0.1071,0.04789237399995727,False,False,Laya (zero-shot),True,True
1319,True,False,0.8327,0.049858657999948264,True,True,Laya (zero-shot),True,True
1320,True,False,0.8456,0.05143991599993569,True,True,Laya (zero-shot),True,True
1321,True,False,0.9994,0.059888505000003533,True,True,Laya (zero-shot),True,True
1322,True,False,0.8032,0.04619221500001913,True,True,Laya (zero-shot),True,True
1323,True,False,0.8425,0.058484976999920946,True,True,Laya (zero-shot),True,True
1324,True,False,0.8296,0.05506103899995196,True,True,Laya (zero-shot),True,True
1325,False,False,0.1349,0.06357901299998048,False,False,Laya (zero-shot),True,True
1326,False,False,0.0344,0.061680830999989666,False,False,Laya (zero-shot),True,True
1327,True,False,0.8548,0.06772945600005187,True,True,Laya (zero-shot),True,True
1328,False,False,0.3734,0.053511885000034454,False,False,Laya (zero-shot),True,True
1329,True,False,0.9731,0.05808130999992045,True,True,Laya (zero-shot),True,True
1330,True,False,0.8794,0.05914419399994131,True,True,Laya (zero-shot),True,True
1331,False,False,0.1504,0.0547880350000014,False,False,Laya (zero-shot),True,True
1332,True,False,0.6579,0.04926642600003106,True,True,Laya (zero-shot),True,True
1333,False,False,0.7906,0.05337124799996218,True,True,Laya (zero-shot),False,False
1334,False,False,0.6026,0.0546454510000558,True,True,Laya (zero-shot),False,False
1335,True,False,0.8515,0.07081866500004708,True,True,Laya (zero-shot),True,True
1336,True,False,0.9353,0.05822811400003047,True,True,Laya (zero-shot),True,True
1337,True,False,0.5922,0.06800598600000285,True,True,Laya (zero-shot),True,True
1338,True,False,0.4937,0.061814808999997695,False,True,Laya (zero-shot),False,True
1339,True,False,0.766,0.06985603500004345,True,True,Laya (zero-shot),True,True
1340,True,False,0.7407,0.06240019599999869,True,True,Laya (zero-shot),True,True
1341,False,False,0.3281,0.06896366700004819,False,False,Laya (zero-shot),True,True
1342,True,False,0.9869,0.0615455849999762,True,True,Laya (zero-shot),True,True
1343,True,False,0.8177,0.042692575999922155,True,True,Laya (zero-shot),True,True
1344,False,False,0.1239,0.040045147000000725,False,False,Laya (zero-shot),True,True
1345,False,False,0.8957,0.03940166299992143,True,True,Laya (zero-shot),False,False
1346,True,False,1.0,0.04614359000004242,True,True,Laya (zero-shot),True,True
1347,True,False,0.0573,0.041626070999996045,False,False,Laya (zero-shot),False,False
1348,True,False,0.8417,0.05078517100002955,True,True,Laya (zero-shot),True,True
1349,True,False,0.9451,0.04749849099994208,True,True,Laya (zero-shot),True,True
1350,False,False,0.0782,0.042646700999966924,False,False,Laya (zero-shot),True,True
1351,True,False,1.0,0.039883092999957626,True,True,Laya (zero-shot),True,True
1352,True,False,0.8252,0.04453296899998804,True,True,Laya (zero-shot),True,True
1353,False,False,0.1969,0.04054788700000245,False,False,Laya (zero-shot),True,True
1354,True,False,0.4669,0.04065042299998822,False,True,Laya (zero-shot),False,True
1355,True,False,0.8619,0.04062032500007717,True,True,Laya (zero-shot),True,True
1356,False,False,0.0001,0.03679966000004242,False,False,Laya (zero-shot),True,True
1357,True,False,0.6194,0.038293859999953384,True,True,Laya (zero-shot),True,True
1358,False,False,0.1246,0.04956342199989194,False,False,Laya (zero-shot),True,True
1359,False,False,0.117,0.038515799999913725,False,False,Laya (zero-shot),True,True
1360,False,False,0.607,0.038877183000067816,True,True,Laya (zero-shot),False,False
1361,True,False,0.9685,0.04325200700009191,True,True,Laya (zero-shot),True,True
1362,True,False,0.8537,0.04087136999999075,True,True,Laya (zero-shot),True,True
1363,False,False,0.1685,0.042006416000049285,False,False,Laya (zero-shot),True,True
1364,False,False,0.0337,0.042975810000029924,False,False,Laya (zero-shot),True,True
1365,False,False,0.899,0.03861780399995496,True,True,Laya (zero-shot),False,False
1366,False,False,0.0347,0.03769289599995318,False,False,Laya (zero-shot),True,True
1367,True,False,0.8271,0.042088583999998264,True,True,Laya (zero-shot),True,True
1368,False,False,0.0758,0.03820267200001126,False,False,Laya (zero-shot),True,True
1369,True,False,0.5712,0.03836089300000367,True,True,Laya (zero-shot),True,True
1370,False,False,0.1755,0.04187025699991409,False,False,Laya (zero-shot),True,True
1371,True,False,0.8365,0.036250988000006146,True,True,Laya (zero-shot),True,True
1372,False,False,0.0743,0.0395841570000357,False,False,Laya (zero-shot),True,True
1373,True,False,0.8147,0.05528513700005533,True,True,Laya (zero-shot),True,True
1374,True,False,0.7721,0.0423760469999479,True,True,Laya (zero-shot),True,True
1375,True,False,1.0,0.040712493000000904,True,True,Laya (zero-shot),True,True
1376,True,False,0.9084,0.04021475499996541,True,True,Laya (zero-shot),True,True
1377,False,False,0.2521,0.040361832999906255,False,False,Laya (zero-shot),True,True
1378,True,False,1.0,0.03992685599996548,True,True,Laya (zero-shot),True,True
1379,True,False,0.2141,0.04047653400004947,False,False,Laya (zero-shot),False,False
1380,True,False,0.7862,0.03920447200005128,True,True,Laya (zero-shot),True,True
1381,False,False,0.8481,0.03881098200008637,True,True,Laya (zero-shot),False,False
1382,False,False,0.0,0.04685597599996072,False,False,Laya (zero-shot),True,True
1383,True,False,0.9009,0.037788933000001634,True,True,Laya (zero-shot),True,True
1384,False,False,0.2937,0.037741143999937776,False,False,Laya (zero-shot),True,True
1385,True,False,0.972,0.047697267999978976,True,True,Laya (zero-shot),True,True
1386,True,False,1.0,0.039923605000012685,True,True,Laya (zero-shot),True,True
1387,False,False,0.749,0.041004175000011855,True,True,Laya (zero-shot),False,False
1388,False,False,0.926,0.043085298999926636,True,True,Laya (zero-shot),False,False
1389,True,False,0.7601,0.039344607999964865,True,True,Laya (zero-shot),True,True
1390,False,False,0.7995,0.037061226999981045,True,True,Laya (zero-shot),False,False
1391,False,False,0.1362,0.045688574999985576,False,False,Laya (zero-shot),True,True
1392,True,False,0.8753,0.03964655499999026,True,True,Laya (zero-shot),True,True
1393,False,False,0.4498,0.03923977699992065,False,True,Laya (zero-shot),True,False
1394,True,False,0.7514,0.040124854000055166,True,True,Laya (zero-shot),True,True
1395,False,False,0.1711,0.040090807999945355,False,False,Laya (zero-shot),True,True
1396,True,False,0.8488,0.039337496000030114,True,True,Laya (zero-shot),True,True
1397,True,False,0.8683,0.04065382500004944,True,True,Laya (zero-shot),True,True
1398,True,True,0.8971,0.052444193000042105,True,True,Laya (zero-shot),True,True
1399,False,False,0.2421,0.04130303700003424,False,False,Laya (zero-shot),True,True
1400,True,False,0.9296,0.04193197799997961,True,True,Laya (zero-shot),True,True
1401,False,False,0.1192,0.040038750000007894,False,False,Laya (zero-shot),True,True
1402,False,False,0.0937,0.03820986300002005,False,False,Laya (zero-shot),True,True
1403,False,False,0.1233,0.04252294899993103,False,False,Laya (zero-shot),True,True
1404,True,False,0.436,0.03945699099995181,False,True,Laya (zero-shot),False,True
1405,False,False,0.1566,0.039017117999947004,False,False,Laya (zero-shot),True,True
1406,True,False,0.9354,0.04405208399998628,True,True,Laya (zero-shot),True,True
1407,True,False,0.6139,0.03623933100004706,True,True,Laya (zero-shot),True,True
1408,True,False,0.8375,0.03852811000001566,True,True,Laya (zero-shot),True,True
1409,True,False,0.9561,0.04482085399990865,True,True,Laya (zero-shot),True,True
1410,True,False,0.7781,0.0388908459999584,True,True,Laya (zero-shot),True,True
1411,False,False,0.0342,0.0413483490000317,False,False,Laya (zero-shot),True,True
1412,True,False,0.6417,0.04091915800006518,True,True,Laya (zero-shot),True,True
1413,True,False,0.8283,0.03926521500000035,True,True,Laya (zero-shot),True,True
1414,True,False,0.1153,0.039006890999985444,False,False,Laya (zero-shot),False,False
1415,False,False,0.5223,0.04202389599993239,True,True,Laya (zero-shot),False,False
1416,True,False,0.9634,0.039932968000016444,True,True,Laya (zero-shot),True,True
1417,True,False,0.8359,0.03775853100000859,True,True,Laya (zero-shot),True,True
1418,True,False,0.9336,0.04010592600002383,True,True,Laya (zero-shot),True,True
1419,True,False,0.9463,0.03905764600006023,True,True,Laya (zero-shot),True,True
1420,True,False,0.8564,0.038361594999969384,True,True,Laya (zero-shot),True,True
1421,False,False,0.0535,0.038371609000023454,False,False,Laya (zero-shot),True,True
1422,False,False,0.1749,0.03780830000005153,False,False,Laya (zero-shot),True,True
1423,False,False,0.8115,0.05222861599997941,True,True,Laya (zero-shot),False,False
1424,True,False,0.756,0.042928635000066606,True,True,Laya (zero-shot),True,True
1425,True,False,0.9168,0.03686760699997649,True,True,Laya (zero-shot),True,True
1426,True,False,0.8469,0.037440822000007756,True,True,Laya (zero-shot),True,True
1427,False,False,0.0916,0.042117176999909134,False,False,Laya (zero-shot),True,True
1428,True,False,0.5224,0.041373717000055876,True,True,Laya (zero-shot),True,True
1429,True,False,0.8666,0.040107914000032,True,True,Laya (zero-shot),True,True
1430,False,False,0.0038,0.04608540599997468,False,False,Laya (zero-shot),True,True
1431,True,False,0.9511,0.04047917000002599,True,True,Laya (zero-shot),True,True
1432,True,False,0.5044,0.039090338000050906,True,True,Laya (zero-shot),True,True
1433,True,False,0.6703,0.04183732900003179,True,True,Laya (zero-shot),True,True
1434,True,False,0.8379,0.04162137299999813,True,True,Laya (zero-shot),True,True
1435,False,False,0.294,0.03852994499993656,False,False,Laya (zero-shot),True,True
1436,True,False,0.2231,0.04124952300003315,False,False,Laya (zero-shot),False,False
1437,True,False,0.9696,0.0391077410000662,True,True,Laya (zero-shot),True,True
1438,False,False,0.1238,0.03796806299999389,False,False,Laya (zero-shot),True,True
1439,False,False,0.836,0.040868578000072375,True,True,Laya (zero-shot),False,False
1440,True,False,0.8439,0.03735592500004259,True,True,Laya (zero-shot),True,True
1441,True,False,0.9253,0.03853794500003005,True,True,Laya (zero-shot),True,True
1442,False,False,0.877,0.041855505999933484,True,True,Laya (zero-shot),False,False
1443,True,False,0.8097,0.03783838699996522,True,True,Laya (zero-shot),True,True
1444,True,False,0.811,0.03833425699997406,True,True,Laya (zero-shot),True,True
1445,True,False,0.8393,0.04152607700007138,True,True,Laya (zero-shot),True,True
1446,False,False,0.3336,0.03954597599999943,False,False,Laya (zero-shot),True,True
1447,True,False,0.6963,0.04041757200002394,True,True,Laya (zero-shot),True,True
1448,True,False,0.9511,0.05223094400002992,True,True,Laya (zero-shot),True,True
1449,False,False,0.4969,0.04909935599994242,False,True,Laya (zero-shot),True,False
1450,True,False,0.6464,0.04027494599995407,True,True,Laya (zero-shot),True,True
1451,False,False,0.8323,0.042736904000094,True,True,Laya (zero-shot),False,False
1452,True,False,0.8735,0.04054457500001263,True,True,Laya (zero-shot),True,True
1453,False,False,0.1023,0.038568285999986074,False,False,Laya (zero-shot),True,True
1454,True,False,0.7524,0.046459722000008696,True,True,Laya (zero-shot),True,True
1455,False,False,0.1318,0.039711646000000655,False,False,Laya (zero-shot),True,True
1456,False,False,0.0476,0.036937921999992795,False,False,Laya (zero-shot),True,True
1457,False,False,0.9,0.0437626809999756,True,True,Laya (zero-shot),False,False
1458,True,False,0.322,0.0405069989999447,False,False,Laya (zero-shot),False,False
1459,False,False,0.8651,0.04160730999990392,True,True,Laya (zero-shot),False,False
1460,False,False,0.8456,0.041915979999998854,True,True,Laya (zero-shot),False,False
1461,True,False,0.7725,0.03839290799999162,True,True,Laya (zero-shot),True,True
1462,True,False,0.9097,0.03941731199995502,True,True,Laya (zero-shot),True,True
1463,False,False,0.0965,0.04046504300004017,False,False,Laya (zero-shot),True,True
1464,True,False,0.5581,0.0375619789999746,True,True,Laya (zero-shot),True,True
1465,True,False,0.7437,0.038774824000029184,True,True,Laya (zero-shot),True,True
1466,True,False,0.3106,0.04168844100001934,False,False,Laya (zero-shot),False,False
1467,False,False,0.6302,0.038464289000103236,True,True,Laya (zero-shot),False,False
1468,True,False,0.7473,0.0377489100000048,True,True,Laya (zero-shot),True,True
1469,True,False,0.9218,0.038665435000098114,True,True,Laya (zero-shot),True,True
1470,False,False,0.5411,0.03801033299998835,True,True,Laya (zero-shot),False,False
1471,False,False,0.0,0.03797640699997373,False,False,Laya (zero-shot),True,True
1472,True,False,0.652,0.04376799600004233,True,True,Laya (zero-shot),True,True
1473,True,False,0.8621,0.0475259190000088,True,True,Laya (zero-shot),True,True
1474,False,False,0.2065,0.07041894199994658,False,False,Laya (zero-shot),True,True
1475,True,False,0.8561,0.042970626000055745,True,True,Laya (zero-shot),True,True
1476,True,False,0.916,0.03983147899998585,True,True,Laya (zero-shot),True,True
1477,False,False,0.9088,0.03984538199995313,True,True,Laya (zero-shot),False,False
1478,True,False,0.6188,0.04858925899998212,True,True,Laya (zero-shot),True,True
1479,True,False,0.8718,0.03862552300006428,True,True,Laya (zero-shot),True,True
1480,True,False,0.0742,0.036714586000016425,False,False,Laya (zero-shot),False,False
1481,True,False,0.3948,0.04229421299999103,False,True,Laya (zero-shot),False,True
1482,False,False,0.7945,0.04432204999989153,True,True,Laya (zero-shot),False,False
1483,True,False,0.3562,0.040687963999971544,False,False,Laya (zero-shot),False,False
1484,True,False,0.8825,0.04201974499994776,True,True,Laya (zero-shot),True,True
1485,True,False,0.5348,0.03785578500003339,True,True,Laya (zero-shot),True,True
1486,True,False,0.952,0.03842273100008242,True,True,Laya (zero-shot),True,True
1487,True,False,0.8563,0.04261748599992643,True,True,Laya (zero-shot),True,True
1488,True,False,0.8628,0.03985615900000994,True,True,Laya (zero-shot),True,True
1489,False,False,0.6555,0.03968743300004007,True,True,Laya (zero-shot),False,False
1490,False,False,0.2226,0.04231808799988812,False,False,Laya (zero-shot),True,True
1491,False,False,0.8922,0.0381535909999684,True,True,Laya (zero-shot),False,False
1492,True,False,1.0,0.03868749499997648,True,True,Laya (zero-shot),True,True
1493,True,False,0.4224,0.039522978999912084,False,True,Laya (zero-shot),False,True
1494,False,False,0.1274,0.03928025699997306,False,False,Laya (zero-shot),True,True
1495,True,False,0.9444,0.04162698499999351,True,True,Laya (zero-shot),True,True
1496,True,False,0.8496,0.04295306200003779,True,True,Laya (zero-shot),True,True
1497,True,False,0.9036,0.037837383999999474,True,True,Laya (zero-shot),True,True
1498,True,False,0.4707,0.03971204399999806,False,True,Laya (zero-shot),False,True
1499,True,False,0.8764,0.04212043100005758,True,True,Laya (zero-shot),True,True
1500,True,False,0.7875,0.041605806999996275,True,True,Laya (zero-shot),True,True
1501,True,False,0.9146,0.03962544099999832,True,True,Laya (zero-shot),True,True
1502,False,False,0.0747,0.06429525200007902,False,False,Laya (zero-shot),True,True
1503,False,False,0.1661,0.038929360999986784,False,False,Laya (zero-shot),True,True
1504,True,False,0.9372,0.038421987999981866,True,True,Laya (zero-shot),True,True
1505,True,False,0.8055,0.040911452999921494,True,True,Laya (zero-shot),True,True
1506,False,False,0.8114,0.041291082999919126,True,True,Laya (zero-shot),False,False
1507,False,False,0.5991,0.03878767900005187,True,True,Laya (zero-shot),False,False
1508,False,False,0.1055,0.04295626999999058,False,False,Laya (zero-shot),True,True
1509,True,False,0.8286,0.039024928000003456,True,True,Laya (zero-shot),True,True
1510,True,False,0.8801,0.037945610000065244,True,True,Laya (zero-shot),True,True
1511,True,False,0.444,0.038073131000032845,False,True,Laya (zero-shot),False,True
1512,True,False,0.6807,0.03829833099996449,True,True,Laya (zero-shot),True,True
1513,True,False,0.7819,0.039054585000030784,True,True,Laya (zero-shot),True,True
1514,False,False,0.244,0.038947334999988925,False,False,Laya (zero-shot),True,True
1515,True,False,0.8441,0.038671066999995674,True,True,Laya (zero-shot),True,True
1516,True,False,0.8771,0.03945256999998037,True,True,Laya (zero-shot),True,True
1517,False,False,0.6084,0.04389416200001506,True,True,Laya (zero-shot),False,False
1518,False,False,0.4967,0.03883002400004898,False,True,Laya (zero-shot),True,False
1519,True,False,0.9144,0.041263261000040075,True,True,Laya (zero-shot),True,True
1520,False,False,0.1234,0.04246743399994557,False,False,Laya (zero-shot),True,True
1521,True,False,0.8295,0.04816592700001365,True,True,Laya (zero-shot),True,True
1522,False,False,0.1431,0.0447203129999707,False,False,Laya (zero-shot),True,True
1523,False,False,0.1276,0.04395737699996971,False,False,Laya (zero-shot),True,True
1524,True,False,0.9068,0.03913051000006362,True,True,Laya (zero-shot),True,True
1525,True,False,0.6463,0.03885228299998289,True,True,Laya (zero-shot),True,True
1526,True,False,0.2017,0.04411254599995118,False,False,Laya (zero-shot),False,False
1527,True,False,0.7897,0.052227342000037424,True,True,Laya (zero-shot),True,True
1528,True,False,0.8852,0.0413150219999352,True,True,Laya (zero-shot),True,True
1529,True,False,0.7698,0.04664418300001216,True,True,Laya (zero-shot),True,True
1530,False,False,0.8238,0.04281198000001041,True,True,Laya (zero-shot),False,False
1531,True,False,0.8524,0.044822169999974903,True,True,Laya (zero-shot),True,True
1532,False,False,0.0838,0.04198111000005156,False,False,Laya (zero-shot),True,True
1533,False,False,0.7224,0.039549558999965484,True,True,Laya (zero-shot),False,False
1534,False,False,0.1528,0.039385809999998855,False,False,Laya (zero-shot),True,True
1535,True,False,0.81,0.04268685900001401,True,True,Laya (zero-shot),True,True
1536,True,False,0.3999,0.03925542199999654,False,True,Laya (zero-shot),False,True
1537,False,False,0.1909,0.039116009000053964,False,False,Laya (zero-shot),True,True
1538,True,False,0.7785,0.041224415000101544,True,True,Laya (zero-shot),True,True
1539,True,False,0.7873,0.03881721100003688,True,True,Laya (zero-shot),True,True
1540,True,False,0.1699,0.037642867000045044,False,False,Laya (zero-shot),False,False
1541,True,False,0.8149,0.040757895999945504,True,True,Laya (zero-shot),True,True
1542,True,False,0.3875,0.03816048500004854,False,True,Laya (zero-shot),False,True
1543,False,False,0.234,0.04291597400003866,False,False,Laya (zero-shot),True,True
1544,True,False,0.8599,0.03923997800006873,True,True,Laya (zero-shot),True,True
1545,True,False,0.7697,0.03859309499989649,True,True,Laya (zero-shot),True,True
1546,False,False,0.8205,0.03884411299998192,True,True,Laya (zero-shot),False,False
1547,True,False,0.7263,0.04103120500008117,True,True,Laya (zero-shot),True,True
1548,True,False,0.7927,0.03867989299999408,True,True,Laya (zero-shot),True,True
1549,False,False,0.3285,0.03842508299999281,False,False,Laya (zero-shot),True,True
1550,False,False,0.0777,0.048086800999953994,False,False,Laya (zero-shot),True,True
1551,True,False,0.8126,0.045275180999965414,True,True,Laya (zero-shot),True,True
1552,True,False,0.8949,0.049435589000040636,True,True,Laya (zero-shot),True,True
1553,False,False,0.8561,0.04452129400010563,True,True,Laya (zero-shot),False,False
1554,True,False,0.4779,0.04306433600004311,False,True,Laya (zero-shot),False,True
1555,True,False,0.8611,0.04023316900008922,True,True,Laya (zero-shot),True,True
1556,False,False,0.3566,0.042545754999991914,False,False,Laya (zero-shot),True,True
1557,False,False,0.8747,0.0390680139998949,True,True,Laya (zero-shot),False,False
1558,False,False,0.7699,0.03980100500007211,True,True,Laya (zero-shot),False,False
1559,True,False,0.2206,0.042639169000040056,False,False,Laya (zero-shot),False,False
1560,True,False,0.8731,0.040405375999966964,True,True,Laya (zero-shot),True,True
1561,True,False,0.8479,0.03950792300008743,True,True,Laya (zero-shot),True,True
1562,False,False,0.8718,0.042195993999939674,True,True,Laya (zero-shot),False,False
1563,True,False,1.0,0.0381047230000604,True,True,Laya (zero-shot),True,True
1564,True,False,0.4329,0.03741489399999409,False,True,Laya (zero-shot),False,True
1565,True,False,0.8928,0.03900383100005911,True,True,Laya (zero-shot),True,True
1566,False,False,0.0622,0.03821820099994966,False,False,Laya (zero-shot),True,True
1567,True,False,0.1476,0.041771929999981694,False,False,Laya (zero-shot),False,False
1568,True,False,0.8041,0.040413902999944185,True,True,Laya (zero-shot),True,True
1569,True,False,0.8197,0.039420359000018834,True,True,Laya (zero-shot),True,True
1570,False,False,0.3465,0.03902038600006108,False,False,Laya (zero-shot),True,True
1571,False,False,0.2952,0.04240764599990143,False,False,Laya (zero-shot),True,True
1572,False,False,0.0521,0.041727831999992304,False,False,Laya (zero-shot),True,True
1573,True,False,0.773,0.04014112499999101,True,True,Laya (zero-shot),True,True
1574,False,False,0.7624,0.048455851000085204,True,True,Laya (zero-shot),False,False
1575,True,False,0.8802,0.03961828600006356,True,True,Laya (zero-shot),True,True
1576,False,False,0.3152,0.047813835000056315,False,False,Laya (zero-shot),True,True
1577,True,False,1.0,0.045369798000024275,True,True,Laya (zero-shot),True,True
1578,True,False,0.773,0.040799673999913466,True,True,Laya (zero-shot),True,True
1579,False,False,0.0763,0.03800551200004065,False,False,Laya (zero-shot),True,True
1580,True,False,0.9118,0.04042388799996388,True,True,Laya (zero-shot),True,True
1581,True,False,0.9545,0.03841846800003168,True,True,Laya (zero-shot),True,True
1582,True,False,0.7888,0.052225970999984384,True,True,Laya (zero-shot),True,True
1583,False,False,0.2139,0.07076037199999519,False,False,Laya (zero-shot),True,True
1584,True,False,0.883,0.06494667000004029,True,True,Laya (zero-shot),True,True
1585,True,False,0.9468,0.055520593999972334,True,True,Laya (zero-shot),True,True
1586,True,False,0.694,0.05705201299997498,True,True,Laya (zero-shot),True,True
1587,False,False,0.0496,0.05081582700006493,False,False,Laya (zero-shot),True,True
1588,False,False,0.4221,0.05687122300003011,False,True,Laya (zero-shot),True,False
1589,True,False,0.798,0.05919884800005093,True,True,Laya (zero-shot),True,True
1590,True,False,0.6816,0.05820925000000443,True,True,Laya (zero-shot),True,True
1591,True,False,0.8035,0.05456820200004131,True,True,Laya (zero-shot),True,True
1592,False,False,0.465,0.05428529299990714,False,True,Laya (zero-shot),True,False
1593,True,False,0.6439,0.05316366299996389,True,True,Laya (zero-shot),True,True
1594,False,False,0.6237,0.05929252200007795,True,True,Laya (zero-shot),False,False
1595,True,False,0.7423,0.053141959999948085,True,True,Laya (zero-shot),True,True
1596,True,False,0.8925,0.06509840199998962,True,True,Laya (zero-shot),True,True
1597,False,False,0.6464,0.05394792399999915,True,True,Laya (zero-shot),False,False
1598,False,False,0.4227,0.05724566000003506,False,True,Laya (zero-shot),True,False
1599,True,False,0.9514,0.05686234099994181,True,True,Laya (zero-shot),True,True
1600,True,False,0.777,0.054517662000080236,True,True,Laya (zero-shot),True,True
1601,True,False,0.6402,0.046069845999909376,True,True,Laya (zero-shot),True,True
1602,False,False,0.9072,0.05186345799995706,True,True,Laya (zero-shot),False,False
1603,False,False,0.1864,0.048935842999981105,False,False,Laya (zero-shot),True,True
1604,False,False,0.1661,0.05176029599999765,False,False,Laya (zero-shot),True,True
1605,True,False,0.9991,0.04826842900001793,True,True,Laya (zero-shot),True,True
1606,True,False,0.9062,0.05410351599994101,True,True,Laya (zero-shot),True,True
1607,True,False,0.9982,0.048560395000095014,True,True,Laya (zero-shot),True,True
1608,True,False,0.768,0.052170067000020026,True,True,Laya (zero-shot),True,True
1609,False,False,0.5696,0.048175949999972545,True,True,Laya (zero-shot),False,False
1610,True,False,0.9999,0.052654779000022245,True,True,Laya (zero-shot),True,True
1611,True,False,0.6754,0.05171122699994157,True,True,Laya (zero-shot),True,True
1612,False,False,0.7854,0.05922908100001223,True,True,Laya (zero-shot),False,False
1613,False,False,0.0006,0.05882296999993741,False,False,Laya (zero-shot),True,True
1614,True,False,0.939,0.06200210100007553,True,True,Laya (zero-shot),True,True
1615,False,False,0.4878,0.06630447700001696,False,True,Laya (zero-shot),True,False
1616,True,False,0.0763,0.06645649400002185,False,False,Laya (zero-shot),False,False
1617,False,False,0.0322,0.04934055000001081,False,False,Laya (zero-shot),True,True
1618,False,False,0.2179,0.052995410999983505,False,False,Laya (zero-shot),True,True
1619,True,False,0.9357,0.04675399200004904,True,True,Laya (zero-shot),True,True
1620,False,False,0.9328,0.049441510999940874,True,True,Laya (zero-shot),False,False
1621,True,False,0.8301,0.05189493699992909,True,True,Laya (zero-shot),True,True
1622,True,False,0.9307,0.06611366999993606,True,True,Laya (zero-shot),True,True
1623,True,False,0.8362,0.06424451800000952,True,True,Laya (zero-shot),True,True
1624,True,False,0.8953,0.06836262499996337,True,True,Laya (zero-shot),True,True
1625,True,False,0.5374,0.06012983100004021,True,True,Laya (zero-shot),True,True
1626,False,False,0.8145,0.06790804100000969,True,True,Laya (zero-shot),False,False
1627,True,False,0.9112,0.05976109699997778,True,True,Laya (zero-shot),True,True
1628,True,False,0.8772,0.06688790800001243,True,True,Laya (zero-shot),True,True
1629,True,False,0.2603,0.06633375100000194,False,False,Laya (zero-shot),False,False
1630,True,False,0.7341,0.04770973699999104,True,True,Laya (zero-shot),True,True
1631,True,False,0.9253,0.03835429399998702,True,True,Laya (zero-shot),True,True
1632,True,False,0.7058,0.041277935999914916,True,True,Laya (zero-shot),True,True
1633,True,False,0.7834,0.039509546999966005,True,True,Laya (zero-shot),True,True
1634,True,False,0.9336,0.03910945999996329,True,True,Laya (zero-shot),True,True
1635,True,False,0.2684,0.05347875799998292,False,False,Laya (zero-shot),False,False
1636,True,False,0.8284,0.04310810799995579,True,True,Laya (zero-shot),True,True
1637,True,False,0.7858,0.03924809699992693,True,True,Laya (zero-shot),True,True
1638,False,False,0.535,0.04020621100005428,True,True,Laya (zero-shot),False,False
1639,False,False,0.2017,0.045264390000056665,False,False,Laya (zero-shot),True,True
1640,True,False,0.8114,0.04076683100004175,True,True,Laya (zero-shot),True,True
1641,True,False,0.7075,0.039414168999996946,True,True,Laya (zero-shot),True,True
1642,False,False,0.8317,0.04531699899996511,True,True,Laya (zero-shot),False,False
1643,True,False,0.9586,0.041269125999974676,True,True,Laya (zero-shot),True,True
1644,False,False,0.0254,0.04239820600002986,False,False,Laya (zero-shot),True,True
1645,True,False,0.7177,0.043520770999975866,True,True,Laya (zero-shot),True,True
1646,True,False,0.7376,0.041065967999998065,True,True,Laya (zero-shot),True,True
1647,True,False,0.8688,0.039406091999921955,True,True,Laya (zero-shot),True,True
1648,False,False,0.3042,0.04384506200005944,False,False,Laya (zero-shot),True,True
1649,True,False,0.1703,0.03951945999995132,False,False,Laya (zero-shot),False,False
1650,False,False,0.871,0.04027481100001751,True,True,Laya (zero-shot),False,False
1651,True,False,0.9603,0.047137769000073604,True,True,Laya (zero-shot),True,True
1652,False,False,0.0268,0.036667699999952674,False,False,Laya (zero-shot),True,True
1653,False,False,0.1665,0.035879447999946024,False,False,Laya (zero-shot),True,True
1654,False,False,0.0921,0.04008654800009026,False,False,Laya (zero-shot),True,True
1655,True,False,0.8228,0.037821650000068985,True,True,Laya (zero-shot),True,True
1656,False,False,0.1859,0.04273446699994565,False,False,Laya (zero-shot),True,True
1657,True,False,0.7844,0.04053729600002498,True,True,Laya (zero-shot),True,True
1658,True,False,0.9481,0.040317905000051724,True,True,Laya (zero-shot),True,True
1659,False,False,0.1808,0.03985408899995946,False,False,Laya (zero-shot),True,True
1660,True,False,0.8926,0.05309693099991364,True,True,Laya (zero-shot),True,True
1661,True,True,0.0902,0.03985990399996808,False,False,Laya (zero-shot),False,False
1662,True,False,0.8191,0.0383499079999865,True,True,Laya (zero-shot),True,True
1663,True,False,0.9159,0.043374796000080096,True,True,Laya (zero-shot),True,True
1664,True,False,0.8953,0.03713973900005385,True,True,Laya (zero-shot),True,True
1665,True,False,0.6758,0.03889503899995361,True,True,Laya (zero-shot),True,True
1666,False,False,0.2913,0.040908405999971365,False,False,Laya (zero-shot),True,True
1667,True,False,0.1438,0.0380949390000751,False,False,Laya (zero-shot),False,False
1668,False,False,0.0367,0.039043515000003026,False,False,Laya (zero-shot),True,True
1669,False,False,0.6003,0.043858879999902456,True,True,Laya (zero-shot),False,False
1670,True,False,0.9013,0.03809839500001999,True,True,Laya (zero-shot),True,True
1671,True,False,0.8822,0.038283669999941594,True,True,Laya (zero-shot),True,True
1672,True,False,0.7904,0.04210542999999234,True,True,Laya (zero-shot),True,True
1673,False,False,0.9054,0.040245205999895006,True,True,Laya (zero-shot),False,False
1674,False,False,0.1527,0.03816129099993759,False,False,Laya (zero-shot),True,True
1675,False,False,0.78,0.048363521999931436,True,True,Laya (zero-shot),False,False
1676,True,False,0.9511,0.041266395000093326,True,True,Laya (zero-shot),True,True
1677,True,False,0.9562,0.03789295800004311,True,True,Laya (zero-shot),True,True
1678,True,False,0.8368,0.04559378500005096,True,True,Laya (zero-shot),True,True
1679,False,False,0.7178,0.03920675899996695,True,True,Laya (zero-shot),False,False
1680,True,False,0.8481,0.04169492700009414,True,True,Laya (zero-shot),True,True
1681,True,True,0.6666,0.041304941000021245,True,True,Laya (zero-shot),True,True
1682,True,False,0.9849,0.04037455700006376,True,True,Laya (zero-shot),True,True
1683,False,False,0.6902,0.039491341000029934,True,True,Laya (zero-shot),False,False
1684,False,False,0.4344,0.04605210600004739,False,True,Laya (zero-shot),True,False
1685,False,False,0.5806,0.05073067399996489,True,True,Laya (zero-shot),False,False
1686,False,False,0.9612,0.039752435999957925,True,True,Laya (zero-shot),False,False
1687,True,False,0.6505,0.04288665900003252,True,True,Laya (zero-shot),True,True
1688,True,False,0.8638,0.03816717699999117,True,True,Laya (zero-shot),True,True
1689,True,False,0.6835,0.037727266000047166,True,True,Laya (zero-shot),True,True
1690,False,False,0.1442,0.04416451999998117,False,False,Laya (zero-shot),True,True
1691,False,False,0.7575,0.037578391000010924,True,True,Laya (zero-shot),False,False
1692,True,False,0.7637,0.03925346400001217,True,True,Laya (zero-shot),True,True
1693,True,False,0.6364,0.042532147999963854,True,True,Laya (zero-shot),True,True
1694,True,False,0.6435,0.04329532399992786,True,True,Laya (zero-shot),True,True
1695,True,False,0.9412,0.04017219999991539,True,True,Laya (zero-shot),True,True
1696,True,False,0.7788,0.0429444720000447,True,True,Laya (zero-shot),True,True
1697,False,False,0.6048,0.039075590000038574,True,True,Laya (zero-shot),False,False
1698,False,False,0.151,0.039472947000035674,False,False,Laya (zero-shot),True,True
1699,True,False,0.9731,0.04874518199994782,True,True,Laya (zero-shot),True,True
1700,True,False,0.9836,0.03649384799996369,True,True,Laya (zero-shot),True,True
1701,False,False,0.1899,0.03865503200006515,False,False,Laya (zero-shot),True,True
1702,True,False,0.9782,0.04052693400001317,True,True,Laya (zero-shot),True,True
1703,True,False,0.4057,0.03872194199993828,False,True,Laya (zero-shot),False,True
1704,True,False,0.578,0.04367793200003689,True,True,Laya (zero-shot),True,True
1705,True,False,0.2556,0.0415639770000098,False,False,Laya (zero-shot),False,False
1706,True,False,0.7758,0.04066295000006903,True,True,Laya (zero-shot),True,True
1707,False,False,0.9463,0.0398604270000078,True,True,Laya (zero-shot),False,False
1708,False,False,0.1313,0.04168518699998458,False,False,Laya (zero-shot),True,True
1709,True,False,0.9946,0.0458279129999255,True,True,Laya (zero-shot),True,True
1710,False,False,1.0,0.046207173999960105,True,True,Laya (zero-shot),False,False
1711,False,False,0.7903,0.04254652600002373,True,True,Laya (zero-shot),False,False
1712,False,False,0.1438,0.038314517000003434,False,False,Laya (zero-shot),True,True
1713,True,False,0.8236,0.03878383100004612,True,True,Laya (zero-shot),True,True
1714,False,False,0.628,0.04086685000004309,True,True,Laya (zero-shot),False,False
1715,False,False,0.0838,0.03821761700010029,False,False,Laya (zero-shot),True,True
1716,True,False,0.7786,0.039361473999974805,True,True,Laya (zero-shot),True,True
1717,False,False,0.0257,0.041465593999987505,False,False,Laya (zero-shot),True,True
1718,False,False,0.9311,0.03730732999997599,True,True,Laya (zero-shot),False,False
1719,True,False,0.8055,0.037421150000000125,True,True,Laya (zero-shot),True,True
1720,True,False,0.8283,0.04169402400009403,True,True,Laya (zero-shot),True,True
1721,True,False,0.2455,0.03836019599998508,False,False,Laya (zero-shot),False,False
1722,False,False,0.2071,0.03886519100001351,False,False,Laya (zero-shot),True,True
1723,True,False,0.9125,0.043989422999970884,True,True,Laya (zero-shot),True,True
1724,True,False,0.9679,0.041236635000018396,True,True,Laya (zero-shot),True,True
1725,False,False,0.9116,0.03831297400006406,True,True,Laya (zero-shot),False,False
1726,True,False,0.9478,0.04104627200001687,True,True,Laya (zero-shot),True,True
1727,True,False,0.4583,0.03863613499993335,False,True,Laya (zero-shot),False,True
1728,True,False,0.8551,0.03759261300001526,True,True,Laya (zero-shot),True,True
1729,True,False,0.4258,0.04222815200000696,False,True,Laya (zero-shot),False,True
1730,True,False,0.7983,0.036913129999902594,True,True,Laya (zero-shot),True,True
1731,True,False,0.8572,0.03841375100000732,True,True,Laya (zero-shot),True,True
1732,True,False,0.8748,0.04176028300003054,True,True,Laya (zero-shot),True,True
1733,True,False,0.8991,0.0382567230000177,True,True,Laya (zero-shot),True,True
1734,True,False,0.7307,0.03625108200003524,True,True,Laya (zero-shot),True,True
1735,False,False,0.8123,0.053990814000030696,True,True,Laya (zero-shot),False,False
1736,True,False,0.8437,0.036288257000023805,True,True,Laya (zero-shot),True,True
1737,True,False,0.9792,0.0366682999999739,True,True,Laya (zero-shot),True,True
1738,False,False,0.7759,0.03888929400000052,True,True,Laya (zero-shot),False,False
1739,True,False,0.8078,0.036022506999984216,True,True,Laya (zero-shot),True,True
1740,True,False,0.9325,0.03677379300006578,True,True,Laya (zero-shot),True,True
1741,True,False,0.8709,0.04143092699996487,True,True,Laya (zero-shot),True,True
1742,False,False,0.175,0.040697745999978,False,False,Laya (zero-shot),True,True
1743,True,False,0.8447,0.04154197100001511,True,True,Laya (zero-shot),True,True
1744,False,False,0.7875,0.04243320099999437,True,True,Laya (zero-shot),False,False
1745,False,False,0.0693,0.03996242699997765,False,False,Laya (zero-shot),True,True
1746,True,False,0.9999,0.03906405500003984,True,True,Laya (zero-shot),True,True
1747,False,False,0.2838,0.046478662999902554,False,False,Laya (zero-shot),True,True
1748,True,False,0.9624,0.0388789229999702,True,True,Laya (zero-shot),True,True
1749,False,False,0.5824,0.03894678300002852,True,True,Laya (zero-shot),False,False
1750,False,False,0.0763,0.0418473569999378,False,False,Laya (zero-shot),True,True
1751,True,False,0.6969,0.03799552700002096,True,True,Laya (zero-shot),True,True
1752,False,False,0.1754,0.038074800999993386,False,False,Laya (zero-shot),True,True
1753,True,False,0.9843,0.04842122599995946,True,True,Laya (zero-shot),True,True
1754,True,False,0.9091,0.03780396499996641,True,True,Laya (zero-shot),True,True
1755,True,False,0.9031,0.03985717399996247,True,True,Laya (zero-shot),True,True
1756,True,False,0.9442,0.04430404400000043,True,True,Laya (zero-shot),True,True
1757,True,False,0.1769,0.04166115499992884,False,False,Laya (zero-shot),False,False
1758,True,False,0.7731,0.04075333399998726,True,True,Laya (zero-shot),True,True
1759,True,False,0.9472,0.04324546299994836,True,True,Laya (zero-shot),True,True
1760,True,False,0.9832,0.05524578600000041,True,True,Laya (zero-shot),True,True
1761,True,False,0.9127,0.039871052000080454,True,True,Laya (zero-shot),True,True
1762,True,False,0.7114,0.04224208899995574,True,True,Laya (zero-shot),True,True
1763,True,False,0.6374,0.03780010499997388,True,True,Laya (zero-shot),True,True
1764,True,False,0.3787,0.036302642000009655,False,False,Laya (zero-shot),False,False
1765,True,False,0.7035,0.03960978499992507,True,True,Laya (zero-shot),True,True
1766,True,False,0.897,0.040214051000020845,True,True,Laya (zero-shot),True,True
1767,False,False,0.0484,0.03827669400004652,False,False,Laya (zero-shot),True,True
1768,True,False,0.8399,0.04076451599996744,True,True,Laya (zero-shot),True,True
1769,True,False,0.9148,0.038746700000046985,True,True,Laya (zero-shot),True,True
1770,True,False,0.9618,0.03918950299998869,True,True,Laya (zero-shot),True,True
1771,True,False,0.9242,0.04755834600007347,True,True,Laya (zero-shot),True,True
1772,True,False,0.3245,0.04046877600001153,False,False,Laya (zero-shot),False,False
1773,True,False,0.9998,0.04023633399992832,True,True,Laya (zero-shot),True,True
1774,False,False,0.1382,0.04233493199990335,False,False,Laya (zero-shot),True,True
1775,False,False,0.1591,0.04003829600003428,False,False,Laya (zero-shot),True,True
1776,True,False,0.8223,0.03960585799995897,True,True,Laya (zero-shot),True,True
1777,False,False,0.1125,0.04326819099992463,False,False,Laya (zero-shot),True,True
1778,False,False,0.1945,0.03812122400006501,False,False,Laya (zero-shot),True,True
1779,True,False,0.6036,0.03782443900001908,True,True,Laya (zero-shot),True,True
1780,True,False,0.8323,0.04218294500003594,True,True,Laya (zero-shot),True,True
1781,False,False,0.8959,0.04014722699992035,True,True,Laya (zero-shot),False,False
1782,True,False,0.5948,0.03982609600006981,True,True,Laya (zero-shot),True,True
1783,False,False,0.7843,0.045359418000089136,True,True,Laya (zero-shot),False,False
1784,True,False,0.6677,0.03728331899992554,True,True,Laya (zero-shot),True,True
1785,True,False,0.9508,0.05474449500002265,True,True,Laya (zero-shot),True,True
1786,True,False,0.6568,0.04349337500002548,True,True,Laya (zero-shot),True,True
1787,True,False,0.1252,0.04048084999999446,False,False,Laya (zero-shot),False,False
1788,False,False,0.8222,0.039075714999967204,True,True,Laya (zero-shot),False,False
1789,False,False,0.8937,0.04200680700000703,True,True,Laya (zero-shot),False,False
1790,False,False,0.0402,0.04159614499997133,False,False,Laya (zero-shot),True,True
1791,True,False,0.7025,0.03970929199999773,True,True,Laya (zero-shot),True,True
1792,True,False,0.9295,0.0425038719999975,True,True,Laya (zero-shot),True,True
1793,True,False,0.9617,0.03859142199996768,True,True,Laya (zero-shot),True,True
1794,True,False,0.8117,0.041516008000030524,True,True,Laya (zero-shot),True,True
1795,False,False,0.797,0.04236531899994134,True,True,Laya (zero-shot),False,False
1796,False,False,0.9018,0.046036362999984703,True,True,Laya (zero-shot),False,False
1797,True,False,0.9285,0.039084587999923315,True,True,Laya (zero-shot),True,True
1798,True,False,0.9695,0.04169407099993805,True,True,Laya (zero-shot),True,True
1799,True,False,0.2841,0.039034592999996676,False,False,Laya (zero-shot),False,False
1800,True,False,0.8395,0.03907814000001508,True,True,Laya (zero-shot),True,True
1801,True,False,0.8256,0.04315328099994531,True,True,Laya (zero-shot),True,True
1802,True,False,0.4601,0.03750971500005562,False,True,Laya (zero-shot),False,True
1803,True,False,0.8862,0.0387274189999971,True,True,Laya (zero-shot),True,True
1804,False,False,0.2497,0.0431799329999194,False,False,Laya (zero-shot),True,True
1805,False,False,0.1378,0.041013643000042066,False,False,Laya (zero-shot),True,True
1806,False,False,0.1042,0.04230173999997078,False,False,Laya (zero-shot),True,True
1807,True,False,0.4966,0.043137326999953984,False,True,Laya (zero-shot),False,True
1808,True,False,0.9222,0.039134413999931894,True,True,Laya (zero-shot),True,True
1809,False,False,0.0274,0.03840329800004838,False,False,Laya (zero-shot),True,True
1810,True,False,0.8094,0.05513021400008711,True,True,Laya (zero-shot),True,True
1811,True,False,0.8375,0.039221991000090384,True,True,Laya (zero-shot),True,True
1812,True,False,0.8658,0.037174301000050036,True,True,Laya (zero-shot),True,True
1813,False,False,0.5235,0.04278680900006293,True,True,Laya (zero-shot),False,False
1814,True,False,0.8723,0.03836138299993763,True,True,Laya (zero-shot),True,True
1815,False,False,0.1877,0.03669249899996885,False,False,Laya (zero-shot),True,True
1816,True,False,0.8657,0.04173725900000136,True,True,Laya (zero-shot),True,True
1817,True,False,0.9249,0.037149443999965115,True,True,Laya (zero-shot),True,True
1818,False,False,0.9764,0.03799150200006807,True,True,Laya (zero-shot),False,False
1819,True,False,0.9434,0.047303316000011364,True,True,Laya (zero-shot),True,True
1820,True,False,0.408,0.042458589999910146,False,True,Laya (zero-shot),False,True
1821,True,False,0.1825,0.040808067000057235,False,False,Laya (zero-shot),False,False
1822,True,False,0.1563,0.04337841999995362,False,False,Laya (zero-shot),False,False
1823,True,False,0.7936,0.04356506099998114,True,True,Laya (zero-shot),True,True
1824,False,False,0.3772,0.04083739700001843,False,False,Laya (zero-shot),True,True
1825,True,False,0.7899,0.044669213000020136,True,True,Laya (zero-shot),True,True
1826,False,False,0.7313,0.0395302230000425,True,True,Laya (zero-shot),False,False
1827,False,False,0.0935,0.03643850499997825,False,False,Laya (zero-shot),True,True
1828,True,False,0.6862,0.04442951399994399,True,True,Laya (zero-shot),True,True
1829,True,False,0.8684,0.04075656200006961,True,True,Laya (zero-shot),True,True
1830,True,False,0.8175,0.038177591000021494,True,True,Laya (zero-shot),True,True
1831,False,False,0.2596,0.04140758700009428,False,False,Laya (zero-shot),True,True
1832,True,False,0.8699,0.039667960999963725,True,True,Laya (zero-shot),True,True
1833,True,False,0.8829,0.03936094400000911,True,True,Laya (zero-shot),True,True
1834,True,False,0.1706,0.043840097999918726,False,False,Laya (zero-shot),False,False
1835,True,False,0.8744,0.05144075200007592,True,True,Laya (zero-shot),True,True
1836,False,True,0.1397,0.04040811000004396,False,False,Laya (zero-shot),True,True
1837,True,False,0.6786,0.043060509999918395,True,True,Laya (zero-shot),True,True
1838,True,False,0.9431,0.039264489000061076,True,True,Laya (zero-shot),True,True
1839,False,False,0.6903,0.03853789599997981,True,True,Laya (zero-shot),False,False
1840,True,False,0.8346,0.04384636600002523,True,True,Laya (zero-shot),True,True
1841,False,False,0.6884,0.041590180999946824,True,True,Laya (zero-shot),False,False
1842,True,False,0.3793,0.040056443000025865,False,False,Laya (zero-shot),False,False
1843,True,False,0.6981,0.050710967999975765,True,True,Laya (zero-shot),True,True
1844,True,False,1.0,0.041282452000018566,True,True,Laya (zero-shot),True,True
1845,True,False,0.9234,0.039572229999976116,True,True,Laya (zero-shot),True,True
1846,False,False,0.2551,0.04213461799997731,False,False,Laya (zero-shot),True,True
1847,True,False,0.5027,0.03985087099999873,True,True,Laya (zero-shot),True,True
1848,True,False,0.8048,0.03887608899992756,True,True,Laya (zero-shot),True,True
1849,False,False,0.8032,0.04530465699997421,True,True,Laya (zero-shot),False,False
1850,False,False,0.8108,0.03907491699999355,True,True,Laya (zero-shot),False,False
1851,True,False,0.9654,0.039310325999963425,True,True,Laya (zero-shot),True,True
1852,True,False,0.951,0.04239341199991031,True,True,Laya (zero-shot),True,True
1853,False,False,0.0905,0.03809004199990795,False,False,Laya (zero-shot),True,True
1854,False,False,0.7608,0.03970238099998369,True,True,Laya (zero-shot),False,False
1855,True,False,0.3718,0.04406974900007299,False,False,Laya (zero-shot),False,False
1856,False,False,0.8767,0.03766215600001033,True,True,Laya (zero-shot),False,False
1857,True,False,0.9422,0.03948887799992917,True,True,Laya (zero-shot),True,True
1858,False,False,0.0883,0.04141914399997404,False,False,Laya (zero-shot),True,True
1859,False,False,0.9296,0.04938109900001564,True,True,Laya (zero-shot),False,False
1860,True,False,0.806,0.043233919999920545,True,True,Laya (zero-shot),True,True
1861,False,False,0.1414,0.042225078000001304,False,False,Laya (zero-shot),True,True
1862,False,False,0.597,0.04079693400001361,True,True,Laya (zero-shot),False,False
1863,True,False,0.3044,0.038615927000023476,False,False,Laya (zero-shot),False,False
1864,True,False,0.7444,0.04513716700000714,True,True,Laya (zero-shot),True,True
1865,True,False,1.0,0.03787679000004118,True,True,Laya (zero-shot),True,True
1866,False,False,0.0005,0.037248937999947884,False,False,Laya (zero-shot),True,True
1867,True,False,0.8007,0.04021436400000766,True,True,Laya (zero-shot),True,True
1868,True,False,0.7503,0.0432197710000537,True,True,Laya (zero-shot),True,True
1869,True,False,0.7558,0.03680932300005679,True,True,Laya (zero-shot),True,True
1870,False,False,0.5174,0.04290117100003954,True,True,Laya (zero-shot),False,False
1871,True,False,0.9173,0.07196877999990647,True,True,Laya (zero-shot),True,True
1872,True,False,0.996,0.07186853200005316,True,True,Laya (zero-shot),True,True
1873,True,False,0.8403,0.056596592999994755,True,True,Laya (zero-shot),True,True
1874,True,False,0.7553,0.052869127999997545,True,True,Laya (zero-shot),True,True
1875,False,False,0.0511,0.05768748200000573,False,False,Laya (zero-shot),True,True
1876,False,False,0.0923,0.05869301200004884,False,False,Laya (zero-shot),True,True
1877,True,False,0.8417,0.05182262300002094,True,True,Laya (zero-shot),True,True
1878,True,False,0.9303,0.05286396400003923,True,True,Laya (zero-shot),True,True
1879,True,False,0.635,0.05709494099994572,True,True,Laya (zero-shot),True,True
1880,True,False,0.8909,0.06211656099992524,True,True,Laya (zero-shot),True,True
1881,False,False,0.3379,0.06346114099994793,False,False,Laya (zero-shot),True,True
1882,False,False,0.091,0.04991892100008499,False,False,Laya (zero-shot),True,True
1883,False,False,0.0845,0.05611796100004085,False,False,Laya (zero-shot),True,True
1884,True,False,0.7163,0.05063033099997938,True,True,Laya (zero-shot),True,True
1885,True,False,0.8829,0.061114735000046494,True,True,Laya (zero-shot),True,True
1886,False,False,0.0676,0.04955796699994153,False,False,Laya (zero-shot),True,True
1887,True,False,0.732,0.05787157899999329,True,True,Laya (zero-shot),True,True
1888,True,False,0.9565,0.047090329000070597,True,True,Laya (zero-shot),True,True
1889,True,False,0.4016,0.05574317000002793,False,True,Laya (zero-shot),False,True
1890,True,False,0.8394,0.052295440999955645,True,True,Laya (zero-shot),True,True
1891,False,False,0.0954,0.04988478500001747,False,False,Laya (zero-shot),True,True
1892,True,False,0.2574,0.048073669000018526,False,False,Laya (zero-shot),False,False
1893,False,False,0.6137,0.05143326500001422,True,True,Laya (zero-shot),False,False
1894,True,False,0.0775,0.0498842900000227,False,False,Laya (zero-shot),False,False
1895,False,False,0.8071,0.0521617880000349,True,True,Laya (zero-shot),False,False
1896,True,False,0.7727,0.04680471200003922,True,True,Laya (zero-shot),True,True
1897,True,False,0.7203,0.050783012000010785,True,True,Laya (zero-shot),True,True
1898,True,False,0.8878,0.05075765999993109,True,True,Laya (zero-shot),True,True
1899,False,False,0.4413,0.050329498999985844,False,True,Laya (zero-shot),True,False
1900,False,False,0.7616,0.051782917999958045,True,True,Laya (zero-shot),False,False
1901,True,False,0.8621,0.0737969219999286,True,True,Laya (zero-shot),True,True
1902,False,False,0.001,0.0641009229999554,False,False,Laya (zero-shot),True,True
1903,True,False,0.9308,0.06851313900006062,True,True,Laya (zero-shot),True,True
1904,False,False,0.509,0.048865542000044115,True,True,Laya (zero-shot),False,False
1905,False,False,0.1149,0.056209058999911576,False,False,Laya (zero-shot),True,True
1906,True,False,0.6931,0.05137118599998303,True,True,Laya (zero-shot),True,True
1907,False,False,0.1615,0.05587001300000338,False,False,Laya (zero-shot),True,True
1908,True,False,0.9553,0.052562167000019144,True,True,Laya (zero-shot),True,True
1909,True,False,0.6989,0.060527662000026794,True,True,Laya (zero-shot),True,True
1910,False,False,0.3188,0.06483982000008837,False,False,Laya (zero-shot),True,True
1911,False,False,0.2654,0.06113653400007024,False,False,Laya (zero-shot),True,True
1912,True,False,0.8372,0.0632128960000955,True,True,Laya (zero-shot),True,True
1913,True,False,0.8155,0.07023639999999887,True,True,Laya (zero-shot),True,True
1914,False,False,0.1272,0.05958529400004409,False,False,Laya (zero-shot),True,True
1915,True,False,0.8529,0.06207043300003079,True,True,Laya (zero-shot),True,True
1916,False,False,0.0746,0.059536973999911424,False,False,Laya (zero-shot),True,True
1917,True,False,0.4531,0.06736416100000042,False,True,Laya (zero-shot),False,True
1918,True,False,0.5174,0.05081527599998026,True,True,Laya (zero-shot),True,True
1919,True,False,0.736,0.04243117299995447,True,True,Laya (zero-shot),True,True
1920,True,False,0.9122,0.03988171599996804,True,True,Laya (zero-shot),True,True
1921,True,False,0.5139,0.045116831999962415,True,True,Laya (zero-shot),True,True
1922,True,False,0.8729,0.04072773899997628,True,True,Laya (zero-shot),True,True
1923,True,False,0.9252,0.03676738100000421,True,True,Laya (zero-shot),True,True
1924,False,False,0.6523,0.037492628999984845,True,True,Laya (zero-shot),False,False
1925,False,False,0.7379,0.044095712000057574,True,True,Laya (zero-shot),False,False
1926,True,False,0.8981,0.039978063000035036,True,True,Laya (zero-shot),True,True
1927,True,False,0.8646,0.039083943000036925,True,True,Laya (zero-shot),True,True
1928,True,False,0.8519,0.04277504100002716,True,True,Laya (zero-shot),True,True
1929,True,False,0.8583,0.040611871999999494,True,True,Laya (zero-shot),True,True
1930,True,False,0.8831,0.042011677000004966,True,True,Laya (zero-shot),True,True
1931,False,False,0.6743,0.04537848200004646,True,True,Laya (zero-shot),False,False
1932,False,False,0.0257,0.039701127999933306,False,False,Laya (zero-shot),True,True
1933,True,False,0.4283,0.03765318200009915,False,True,Laya (zero-shot),False,True
1934,True,False,0.9382,0.041473988999996436,True,True,Laya (zero-shot),True,True
1935,True,False,0.9094,0.03801413999997294,True,True,Laya (zero-shot),True,True
1936,True,False,0.8409,0.03816543100003855,True,True,Laya (zero-shot),True,True
1937,False,False,0.0918,0.04060641700004908,False,False,Laya (zero-shot),True,True
1938,False,False,0.8375,0.039047898000035275,True,True,Laya (zero-shot),False,False
1939,False,False,0.0287,0.038652038999998695,False,False,Laya (zero-shot),True,True
1940,False,False,0.6609,0.04083173399999396,True,True,Laya (zero-shot),False,False
1941,True,False,0.995,0.03707912599998053,True,True,Laya (zero-shot),True,True
1942,False,False,0.2589,0.03761463199998616,False,False,Laya (zero-shot),True,True
1943,True,False,0.8534,0.049149717999966924,True,True,Laya (zero-shot),True,True
1944,False,False,0.7375,0.04190662199994222,True,True,Laya (zero-shot),False,False
1945,False,False,0.5852,0.041017285000066295,True,True,Laya (zero-shot),False,False
1946,False,False,0.4102,0.04555993500002842,False,True,Laya (zero-shot),True,False
1947,True,False,0.1592,0.03723066800000652,False,False,Laya (zero-shot),False,False
1948,False,False,0.9196,0.03874315099994874,True,True,Laya (zero-shot),False,False
1949,False,False,0.8518,0.043126611999923625,True,True,Laya (zero-shot),False,False
1950,False,False,0.086,0.03976398800000425,False,False,Laya (zero-shot),True,True
1951,True,False,0.2758,0.04030572500005292,False,False,Laya (zero-shot),False,False
1952,True,False,0.8601,0.04608433199996398,True,True,Laya (zero-shot),True,True
1953,False,False,0.72,0.037877709999975195,True,True,Laya (zero-shot),False,False
1954,True,False,0.9066,0.03727366400005394,True,True,Laya (zero-shot),True,True
1955,False,False,0.1266,0.04266156599999249,False,False,Laya (zero-shot),True,True
1956,False,False,0.0614,0.0389783199999556,False,False,Laya (zero-shot),True,True
1957,False,False,0.0654,0.0390553339999542,False,False,Laya (zero-shot),True,True
1958,True,False,0.7888,0.041966618999936145,True,True,Laya (zero-shot),True,True
1959,False,False,0.7486,0.0379340779999211,True,True,Laya (zero-shot),False,False
1960,True,False,0.2801,0.03934722899998633,False,False,Laya (zero-shot),False,False
1961,False,False,0.3759,0.045325830000024325,False,False,Laya (zero-shot),True,True
1962,True,False,0.2293,0.03812354499996218,False,False,Laya (zero-shot),False,False
1963,True,False,0.9025,0.03847750700003871,True,True,Laya (zero-shot),True,True
1964,True,False,0.7405,0.04261490800001866,True,True,Laya (zero-shot),True,True
1965,False,False,0.7302,0.040394606000063504,True,True,Laya (zero-shot),False,False
1966,True,False,0.5915,0.0394984710000017,True,True,Laya (zero-shot),True,True
1967,True,False,0.1754,0.041413601000044764,False,False,Laya (zero-shot),False,False
1968,False,False,1.0,0.050499138999953175,True,True,Laya (zero-shot),False,False
1969,True,False,0.1998,0.047310301000038635,False,False,Laya (zero-shot),False,False
1970,False,False,0.2836,0.04127281299997776,False,False,Laya (zero-shot),True,True
1971,False,False,0.5528,0.03928535300008207,True,True,Laya (zero-shot),False,False
1972,True,False,0.8739,0.03717631400002119,True,True,Laya (zero-shot),True,True
1973,False,False,0.5062,0.0404932879999933,True,True,Laya (zero-shot),False,False
1974,True,False,0.7939,0.03765650499997264,True,True,Laya (zero-shot),True,True
1975,True,False,0.5828,0.03664073599998119,True,True,Laya (zero-shot),True,True
1976,False,False,0.1292,0.043207896000012624,False,False,Laya (zero-shot),True,True
1977,True,False,0.1577,0.03784143799998674,False,False,Laya (zero-shot),False,False
1978,True,False,0.9065,0.03908889199999521,True,True,Laya (zero-shot),True,True
1979,True,False,0.8893,0.04551620799998091,True,True,Laya (zero-shot),True,True
1980,False,False,0.1954,0.040894740999988244,False,False,Laya (zero-shot),True,True
1981,False,False,0.1623,0.04200523599990902,False,False,Laya (zero-shot),True,True
1982,True,False,0.9567,0.04302424700006213,True,True,Laya (zero-shot),True,True
1983,True,False,0.9331,0.05170770199993058,True,True,Laya (zero-shot),True,True
1984,True,False,0.728,0.04065849699998125,True,True,Laya (zero-shot),True,True
1985,False,False,0.0003,0.041815319999955136,False,False,Laya (zero-shot),True,True
1986,False,False,0.2798,0.038179419000016424,False,False,Laya (zero-shot),True,True
1987,True,False,0.9265,0.0384315079999169,True,True,Laya (zero-shot),True,True
1988,True,False,0.9193,0.04276387900006284,True,True,Laya (zero-shot),True,True
1989,True,False,0.7944,0.0396665530000746,True,True,Laya (zero-shot),True,True
1990,False,False,0.2059,0.03866755000001376,False,False,Laya (zero-shot),True,True
1991,True,False,0.507,0.040509784999926524,True,True,Laya (zero-shot),True,True
1992,False,False,0.042,0.038918664999982866,False,False,Laya (zero-shot),True,True
1993,True,False,0.5693,0.05804430299997421,True,True,Laya (zero-shot),True,True
1994,True,False,0.9104,0.043430102999991504,True,True,Laya (zero-shot),True,True
1995,False,False,0.2406,0.0374776410000095,False,False,Laya (zero-shot),True,True
1996,True,False,0.0941,0.03907676400001492,False,False,Laya (zero-shot),False,False
1997,False,False,0.0565,0.04380293700000948,False,False,Laya (zero-shot),True,True
1998,True,False,0.9056,0.038972524000087105,True,True,Laya (zero-shot),True,True
1999,False,False,0.1774,0.04140487900008338,False,False,Laya (zero-shot),True,True
2000,False,False,0.4569,0.04256792199998927,False,True,Laya (zero-shot),True,False
2001,True,False,0.3708,0.03707067300001654,False,False,Laya (zero-shot),False,False
2002,True,False,0.1929,0.03793184099993141,False,False,Laya (zero-shot),False,False
2003,True,False,0.9231,0.04418537100002595,True,True,Laya (zero-shot),True,True
2004,False,False,0.1478,0.03971916200009673,False,False,Laya (zero-shot),True,True
2005,True,False,0.7949,0.03982723100000385,True,True,Laya (zero-shot),True,True
2006,True,False,0.9633,0.041965804000028584,True,True,Laya (zero-shot),True,True
2007,True,False,0.9832,0.03897265000000516,True,True,Laya (zero-shot),True,True
2008,False,False,0.3048,0.03886130000000776,False,False,Laya (zero-shot),True,True
2009,True,False,0.7868,0.040792674000044826,True,True,Laya (zero-shot),True,True
2010,False,False,0.8697,0.03862619300002734,True,True,Laya (zero-shot),False,False
2011,True,False,0.9382,0.0408151019998968,True,True,Laya (zero-shot),True,True
2012,True,False,0.8298,0.0422387720000188,True,True,Laya (zero-shot),True,True
2013,True,False,1.0,0.039531312000008256,True,True,Laya (zero-shot),True,True
2014,True,False,0.8783,0.039124346000107835,True,True,Laya (zero-shot),True,True
2015,False,False,0.8363,0.04237302299998191,True,True,Laya (zero-shot),False,False
2016,True,False,0.8957,0.04095082399999228,True,True,Laya (zero-shot),True,True
2017,True,False,0.9184,0.03958933100000195,True,True,Laya (zero-shot),True,True
2018,True,False,0.9114,0.05738719900000433,True,True,Laya (zero-shot),True,True
2019,True,False,0.5601,0.03984742300008293,True,True,Laya (zero-shot),True,True
2020,True,False,0.8289,0.03944576200001393,True,True,Laya (zero-shot),True,True
2021,False,False,0.2617,0.043719202000033874,False,False,Laya (zero-shot),True,True
2022,False,False,0.0012,0.039120044000014786,False,False,Laya (zero-shot),True,True
2023,False,False,0.1836,0.03784304399994198,False,False,Laya (zero-shot),True,True
2024,False,False,0.6485,0.04298682099999951,True,True,Laya (zero-shot),False,False
2025,True,False,0.8441,0.037012157999924966,True,True,Laya (zero-shot),True,True
2026,False,False,0.0767,0.03880195499993988,False,False,Laya (zero-shot),True,True
2027,True,False,0.854,0.04152470099995753,True,True,Laya (zero-shot),True,True
2028,True,False,0.7111,0.04096221899999364,True,True,Laya (zero-shot),True,True
2029,True,False,0.7474,0.04238760299995192,True,True,Laya (zero-shot),True,True
2030,True,False,0.9212,0.04131094599995322,True,True,Laya (zero-shot),True,True
2031,True,False,0.8474,0.038532821999979205,True,True,Laya (zero-shot),True,True
2032,False,False,0.0974,0.04049525400000675,False,False,Laya (zero-shot),True,True
2033,True,False,0.6599,0.044454730999973435,True,True,Laya (zero-shot),True,True
2034,True,False,0.2444,0.04082931899995401,False,False,Laya (zero-shot),False,False
2035,True,False,0.8329,0.04333505999989029,True,True,Laya (zero-shot),True,True
2036,True,False,0.8967,0.04514985899993462,True,True,Laya (zero-shot),True,True
2037,True,False,0.6792,0.038942924000025414,True,True,Laya (zero-shot),True,True
2038,True,False,0.2695,0.038749599000084345,False,False,Laya (zero-shot),False,False
2039,True,False,0.9459,0.037109310999994705,True,True,Laya (zero-shot),True,True
2040,True,False,0.8208,0.03721271300003082,True,True,Laya (zero-shot),True,True
2041,False,False,0.9232,0.039013366999938626,True,True,Laya (zero-shot),False,False
2042,True,False,0.7982,0.04632727199998499,True,True,Laya (zero-shot),True,True
2043,False,False,0.0342,0.053911580999965736,False,False,Laya (zero-shot),True,True
2044,True,False,0.3553,0.041133759000103964,False,False,Laya (zero-shot),False,False
2045,False,False,0.0001,0.046121610000000146,False,False,Laya (zero-shot),True,True
2046,True,False,0.8068,0.040671777000056863,True,True,Laya (zero-shot),True,True
2047,True,False,0.8707,0.039134785999976884,True,True,Laya (zero-shot),True,True
2048,True,False,0.8522,0.044616544000064096,True,True,Laya (zero-shot),True,True
2049,True,False,0.2777,0.038039328999957434,False,False,Laya (zero-shot),False,False
2050,False,False,0.8515,0.04120982599999934,True,True,Laya (zero-shot),False,False
2051,True,False,0.8537,0.04293572300002779,True,True,Laya (zero-shot),True,True
2052,False,False,0.776,0.03884280599993417,True,True,Laya (zero-shot),False,False
2053,True,False,0.7502,0.037774187999957576,True,True,Laya (zero-shot),True,True
2054,True,False,0.3676,0.04113583999992443,False,False,Laya (zero-shot),False,False
2055,True,False,0.7946,0.03703324600007818,True,True,Laya (zero-shot),True,True
2056,False,False,0.5773,0.037781447000043045,True,True,Laya (zero-shot),False,False
2057,True,False,0.4639,0.04021785500003716,False,True,Laya (zero-shot),False,True
2058,True,False,0.1319,0.03843188600001213,False,False,Laya (zero-shot),False,False
2059,False,False,0.4021,0.04153173399993193,False,True,Laya (zero-shot),True,False
2060,False,False,0.6609,0.04465069200000471,True,True,Laya (zero-shot),False,False
2061,False,False,0.7795,0.03978968999990684,True,True,Laya (zero-shot),False,False
2062,True,False,0.938,0.04019581800002925,True,True,Laya (zero-shot),True,True
2063,False,False,0.66,0.04324535300008847,True,True,Laya (zero-shot),False,False
2064,True,False,0.9473,0.04047705200002838,True,True,Laya (zero-shot),True,True
2065,True,False,0.8768,0.03951590000008309,True,True,Laya (zero-shot),True,True
2066,True,False,0.8515,0.04895671399992807,True,True,Laya (zero-shot),True,True
2067,True,False,1.0,0.04176457300002312,True,True,Laya (zero-shot),True,True
2068,True,False,0.8994,0.04807152200010023,True,True,Laya (zero-shot),True,True
2069,False,False,0.2752,0.04167358899996998,False,False,Laya (zero-shot),True,True
2070,True,False,0.8896,0.039739659000019856,True,True,Laya (zero-shot),True,True
2071,False,False,0.9538,0.03871984599993539,True,True,Laya (zero-shot),False,False
2072,False,False,0.1091,0.04551137700002528,False,False,Laya (zero-shot),True,True
2073,False,False,0.9558,0.037364953000064816,True,True,Laya (zero-shot),False,False
2074,True,True,0.0012,0.04060554599993793,False,False,Laya (zero-shot),False,False
2075,False,False,0.2086,0.04186016100004508,False,False,Laya (zero-shot),True,True
2076,True,False,0.7829,0.039867882999942594,True,True,Laya (zero-shot),True,True
2077,False,False,0.4515,0.040432254000052126,False,True,Laya (zero-shot),True,False
2078,True,False,0.7934,0.043873614000062844,True,True,Laya (zero-shot),True,True
2079,True,False,0.5265,0.039452330000017355,True,True,Laya (zero-shot),True,True
2080,True,False,0.6253,0.03988378400003967,True,True,Laya (zero-shot),True,True
2081,True,False,1.0,0.041814158999955,True,True,Laya (zero-shot),True,True
2082,True,False,0.2268,0.039012632999970265,False,False,Laya (zero-shot),False,False
2083,False,False,0.905,0.040130341999997654,True,True,Laya (zero-shot),False,False
2084,True,False,0.9189,0.04714812199995322,True,True,Laya (zero-shot),True,True
2085,False,False,0.0475,0.04123379300006036,False,False,Laya (zero-shot),True,True
2086,False,False,0.2945,0.041097835999948984,False,False,Laya (zero-shot),True,True
2087,False,False,0.6178,0.04769045400007599,True,True,Laya (zero-shot),False,False
2088,False,False,0.0522,0.04064566300007755,False,False,Laya (zero-shot),True,True
2089,True,False,0.863,0.04458364900006018,True,True,Laya (zero-shot),True,True
2090,False,False,0.4471,0.041383046999953876,False,True,Laya (zero-shot),True,False
2091,True,False,0.9131,0.03739529599999969,True,True,Laya (zero-shot),True,True
2092,True,False,0.4588,0.05439365999995971,False,True,Laya (zero-shot),False,True
2093,False,False,0.9296,0.04173602499997742,True,True,Laya (zero-shot),False,False
2094,True,False,0.7703,0.04002571299997726,True,True,Laya (zero-shot),True,True
2095,False,False,0.8613,0.04036975600001824,True,True,Laya (zero-shot),False,False
2096,True,False,0.8434,0.046154947000104585,True,True,Laya (zero-shot),True,True
2097,True,False,0.8096,0.04000319900001159,True,True,Laya (zero-shot),True,True
2098,True,False,0.7077,0.04151751099993817,True,True,Laya (zero-shot),True,True
2099,True,False,0.1425,0.04637592000005952,False,False,Laya (zero-shot),False,False
2100,True,False,0.7988,0.04013276900002438,True,True,Laya (zero-shot),True,True
2101,True,False,0.9151,0.039267139000003226,True,True,Laya (zero-shot),True,True
2102,False,False,0.0389,0.04167778199996519,False,False,Laya (zero-shot),True,True
2103,False,False,0.7456,0.03854898800000228,True,True,Laya (zero-shot),False,False
2104,True,False,0.1732,0.03845436400001745,False,False,Laya (zero-shot),False,False
2105,True,False,0.71,0.042559244000017316,True,True,Laya (zero-shot),True,True
2106,True,False,0.8113,0.04061168700002327,True,True,Laya (zero-shot),True,True
2107,False,False,0.0835,0.03929703400001472,False,False,Laya (zero-shot),True,True
2108,False,False,0.298,0.04242850800005726,False,False,Laya (zero-shot),True,True
2109,True,False,0.9946,0.04139199500002633,True,True,Laya (zero-shot),True,True
2110,True,False,0.5837,0.041925519999949756,True,True,Laya (zero-shot),True,True
2111,True,False,0.8517,0.04521597699999802,True,True,Laya (zero-shot),True,True
2112,False,False,0.869,0.03829237600007218,True,True,Laya (zero-shot),False,False
2113,True,False,0.9428,0.04670086299995546,True,True,Laya (zero-shot),True,True
2114,False,False,0.7274,0.0431081390000827,True,True,Laya (zero-shot),False,False
2115,False,False,0.1599,0.03891033799993693,False,False,Laya (zero-shot),True,True
2116,True,False,0.849,0.04684135399998013,True,True,Laya (zero-shot),True,True
2117,True,False,0.6924,0.048457949999942684,True,True,Laya (zero-shot),True,True
2118,True,False,0.8033,0.03952340599994386,True,True,Laya (zero-shot),True,True
2119,False,False,0.7037,0.03905921299997317,True,True,Laya (zero-shot),False,False
2120,False,False,0.6949,0.04370480000000043,True,True,Laya (zero-shot),False,False
2121,True,False,0.91,0.03901919299994461,True,True,Laya (zero-shot),True,True
2122,True,False,0.9691,0.04039526400003979,True,True,Laya (zero-shot),True,True
2123,False,False,0.3062,0.04220031500005916,False,False,Laya (zero-shot),True,True
2124,True,False,0.6734,0.040457136999975774,True,True,Laya (zero-shot),True,True
2125,True,False,1.0,0.03872168300006251,True,True,Laya (zero-shot),True,True
2126,True,False,0.8735,0.04382690700003877,True,True,Laya (zero-shot),True,True
2127,False,False,0.0395,0.04016389599996728,False,False,Laya (zero-shot),True,True
2128,True,False,0.6559,0.0408867820000296,True,True,Laya (zero-shot),True,True
2129,True,False,0.9429,0.04165559000000485,True,True,Laya (zero-shot),True,True
2130,False,False,0.1628,0.04026268799998434,False,False,Laya (zero-shot),True,True
2131,False,False,0.5434,0.04060894000008375,True,True,Laya (zero-shot),False,False
2132,True,False,1.0,0.045723533000000316,True,True,Laya (zero-shot),True,True
2133,True,False,0.3131,0.04114732200002891,False,False,Laya (zero-shot),False,False
2134,True,False,0.2779,0.040684616999897116,False,False,Laya (zero-shot),False,False
2135,True,False,0.9412,0.04179189399997085,True,True,Laya (zero-shot),True,True
2136,False,False,0.1578,0.051345859000093697,False,False,Laya (zero-shot),True,True
2137,True,False,0.8578,0.04156356600003619,True,True,Laya (zero-shot),True,True
2138,False,False,0.5684,0.04210925600000337,True,True,Laya (zero-shot),False,False
2139,True,False,0.7617,0.03864910200002214,True,True,Laya (zero-shot),True,True
2140,True,False,0.8007,0.039391056999988905,True,True,Laya (zero-shot),True,True
2141,False,False,0.064,0.057299025000020265,False,False,Laya (zero-shot),True,True
2142,True,False,0.8651,0.038892343000043184,True,True,Laya (zero-shot),True,True
2143,False,False,0.0709,0.04058961400005501,False,False,Laya (zero-shot),True,True
2144,False,False,0.1385,0.04268993099992713,False,False,Laya (zero-shot),True,True
2145,True,False,0.922,0.04010921799999778,True,True,Laya (zero-shot),True,True
2146,False,False,0.2789,0.04100008699992941,False,False,Laya (zero-shot),True,True
2147,False,False,0.2752,0.046433265000018764,False,False,Laya (zero-shot),True,True
2148,True,False,0.9629,0.04117001599990999,True,True,Laya (zero-shot),True,True
2149,False,False,0.126,0.041508497999984684,False,False,Laya (zero-shot),True,True
2150,False,True,0.1406,0.04596389200003159,False,False,Laya (zero-shot),True,True
2151,True,False,0.5754,0.039470128999937515,True,True,Laya (zero-shot),True,True
2152,True,False,0.6667,0.03856618500003606,True,True,Laya (zero-shot),True,True
2153,True,False,0.606,0.04118120399994041,True,True,Laya (zero-shot),True,True
2154,True,False,1.0,0.038533803000063926,True,True,Laya (zero-shot),True,True
2155,False,False,0.3888,0.04085796300000766,False,True,Laya (zero-shot),True,False
2156,True,False,0.5386,0.06367974099998719,True,True,Laya (zero-shot),True,True
2157,False,False,0.0047,0.06630512599997473,False,False,Laya (zero-shot),True,True
2158,True,False,0.258,0.06142594199991436,False,False,Laya (zero-shot),False,False
2159,True,False,0.8139,0.06193279100000382,True,True,Laya (zero-shot),True,True
2160,False,False,0.3161,0.0827586569999994,False,False,Laya (zero-shot),True,True
2161,False,False,0.1303,0.053149196000049415,False,False,Laya (zero-shot),True,True
2162,True,False,0.9689,0.06835188899992772,True,True,Laya (zero-shot),True,True
2163,True,False,0.9961,0.05336113299995304,True,True,Laya (zero-shot),True,True
2164,False,False,0.0605,0.05550232200005212,False,False,Laya (zero-shot),True,True
2165,True,False,0.4079,0.050217514999985724,False,True,Laya (zero-shot),False,True
2166,True,False,0.6345,0.05375951899998199,True,True,Laya (zero-shot),True,True
2167,False,False,0.654,0.05144760000007409,True,True,Laya (zero-shot),False,False
2168,False,False,0.7789,0.05003116000000318,True,True,Laya (zero-shot),False,False
2169,False,False,0.0001,0.05027627300000859,False,False,Laya (zero-shot),True,True
2170,False,False,0.613,0.05050783500007583,True,True,Laya (zero-shot),False,False
2171,False,False,0.6535,0.050394900000014786,True,True,Laya (zero-shot),False,False
2172,True,False,0.4211,0.05180364299997109,False,True,Laya (zero-shot),False,True
2173,False,False,0.2027,0.05436180799995327,False,False,Laya (zero-shot),True,True
2174,False,False,0.9627,0.05153281599996262,True,True,Laya (zero-shot),False,False
2175,False,False,0.1697,0.044876775999910024,False,False,Laya (zero-shot),True,True
2176,False,False,0.0539,0.049612660999969194,False,False,Laya (zero-shot),True,True
2177,True,False,0.8415,0.05155410800000482,True,True,Laya (zero-shot),True,True
2178,False,False,0.1232,0.04633821099992019,False,False,Laya (zero-shot),True,True
2179,False,False,0.1115,0.04844445100002304,False,False,Laya (zero-shot),True,True
2180,True,False,0.8814,0.04732814600004076,True,True,Laya (zero-shot),True,True
2181,True,False,0.735,0.04985195299991574,True,True,Laya (zero-shot),True,True
2182,True,False,0.8773,0.06459589799999321,True,True,Laya (zero-shot),True,True
2183,False,False,0.6427,0.053008685999998306,True,True,Laya (zero-shot),False,False
2184,False,False,0.1072,0.048658650999982456,False,False,Laya (zero-shot),True,True
2185,True,False,0.8553,0.049040702999946006,True,True,Laya (zero-shot),True,True
2186,True,False,0.7846,0.04978310700005295,True,True,Laya (zero-shot),True,True
2187,True,False,0.9663,0.06031300799998007,True,True,Laya (zero-shot),True,True
2188,True,False,0.9835,0.05946052400008739,True,True,Laya (zero-shot),True,True
2189,True,False,0.9053,0.05930576800005838,True,True,Laya (zero-shot),True,True
2190,True,False,1.0,0.05520072199999504,True,True,Laya (zero-shot),True,True
2191,False,False,0.3289,0.049269733999949494,False,False,Laya (zero-shot),True,True
2192,True,False,0.2119,0.05513629500001116,False,False,Laya (zero-shot),False,False
2193,True,False,0.9525,0.051682411000001593,True,True,Laya (zero-shot),True,True
2194,True,False,0.8116,0.04938995400004842,True,True,Laya (zero-shot),True,True
2195,False,False,0.8128,0.056032530000038605,True,True,Laya (zero-shot),False,False
2196,True,False,0.8255,0.055665965999992295,True,True,Laya (zero-shot),True,True
2197,False,False,0.3714,0.06843688200001452,False,False,Laya (zero-shot),True,True
2198,True,False,0.6794,0.05883179599993582,True,True,Laya (zero-shot),True,True
2199,False,False,0.131,0.06478817899994738,False,False,Laya (zero-shot),True,True
2200,True,False,0.9303,0.06343913499995324,True,True,Laya (zero-shot),True,True
2201,True,False,0.851,0.08106928600000174,True,True,Laya (zero-shot),True,True
2202,False,False,0.0894,0.060262570000077176,False,False,Laya (zero-shot),True,True
2203,True,False,0.7858,0.07039160099998298,True,True,Laya (zero-shot),True,True
2204,False,False,0.1047,0.0645928509999294,False,False,Laya (zero-shot),True,True
2205,False,False,0.8052,0.05067519399995035,True,True,Laya (zero-shot),False,False
2206,True,False,0.8919,0.038986185999988265,True,True,Laya (zero-shot),True,True
2207,True,False,0.8354,0.038225207999971644,True,True,Laya (zero-shot),True,True
2208,False,False,0.949,0.04280773899995438,True,True,Laya (zero-shot),False,False
2209,True,False,0.948,0.040087223999989874,True,True,Laya (zero-shot),True,True
2210,False,False,0.6999,0.038225706000048376,True,True,Laya (zero-shot),False,False
2211,True,False,0.1428,0.041601958000001105,False,False,Laya (zero-shot),False,False
2212,True,False,0.7755,0.037928974000010385,True,True,Laya (zero-shot),True,True
2213,True,False,0.8897,0.04127898199999436,True,True,Laya (zero-shot),True,True
2214,False,False,0.8532,0.04692363699996349,True,True,Laya (zero-shot),False,False
2215,True,False,0.8139,0.03748667000002115,True,True,Laya (zero-shot),True,True
2216,False,False,0.0953,0.038140534999911324,False,False,Laya (zero-shot),True,True
2217,False,False,0.34,0.04272312700004477,False,False,Laya (zero-shot),True,True
2218,True,False,0.8342,0.03866003999996792,True,True,Laya (zero-shot),True,True
2219,False,False,0.7011,0.03800421200003257,True,True,Laya (zero-shot),False,False
2220,True,False,0.8385,0.04004543200005628,True,True,Laya (zero-shot),True,True
2221,False,False,0.1542,0.040053499999999076,False,False,Laya (zero-shot),True,True
2222,True,False,0.863,0.040505443999904855,True,True,Laya (zero-shot),True,True
2223,False,False,0.7654,0.041354746000024534,True,True,Laya (zero-shot),False,False
2224,True,False,0.886,0.051289705000044705,True,True,Laya (zero-shot),True,True
2225,True,False,0.7902,0.04232022999997298,True,True,Laya (zero-shot),True,True
2226,True,False,0.8473,0.04318713700001808,True,True,Laya (zero-shot),True,True
2227,False,False,0.9651,0.039256489000081274,True,True,Laya (zero-shot),False,False
2228,True,False,1.0,0.04127395600005457,True,True,Laya (zero-shot),True,True
2229,True,False,0.9913,0.04233789800002796,True,True,Laya (zero-shot),True,True
2230,True,False,0.9079,0.03863801499994679,True,True,Laya (zero-shot),True,True
2231,False,False,0.0901,0.040820547000066654,False,False,Laya (zero-shot),True,True
2232,False,False,0.1987,0.041192084000044815,False,False,Laya (zero-shot),True,True
2233,False,False,0.7186,0.04028613100001621,True,True,Laya (zero-shot),False,False
2234,True,False,0.8885,0.03828705700004775,True,True,Laya (zero-shot),True,True
2235,False,False,0.8432,0.040963410000017575,True,True,Laya (zero-shot),False,False
2236,False,False,0.3371,0.03787748100000954,False,False,Laya (zero-shot),True,True
2237,True,False,0.1069,0.036667768000029355,False,False,Laya (zero-shot),False,False
2238,True,False,0.1408,0.04971664300001066,False,False,Laya (zero-shot),False,False
2239,True,False,0.9728,0.0393926909999891,True,True,Laya (zero-shot),True,True
2240,False,False,0.0008,0.04162788799999362,False,False,Laya (zero-shot),True,True
2241,True,False,0.88,0.04109320399993521,True,True,Laya (zero-shot),True,True
2242,False,False,0.4235,0.03916080600004079,False,True,Laya (zero-shot),True,False
2243,True,False,0.7439,0.03715482399991288,True,True,Laya (zero-shot),True,True
2244,True,False,0.9778,0.037808046999998624,True,True,Laya (zero-shot),True,True
2245,False,False,0.0265,0.037497024000003876,False,False,Laya (zero-shot),True,True
2246,True,False,0.6855,0.04030579999994188,True,True,Laya (zero-shot),True,True
2247,True,False,0.9151,0.041631791999975576,True,True,Laya (zero-shot),True,True
2248,True,False,0.827,0.03907669799991709,True,True,Laya (zero-shot),True,True
2249,True,False,0.8796,0.04964946500001588,True,True,Laya (zero-shot),True,True
2250,True,False,0.2625,0.04399815599992962,False,False,Laya (zero-shot),False,False
2251,False,False,0.1481,0.040184167999996134,False,False,Laya (zero-shot),True,True
2252,True,False,0.9986,0.03924064399996041,True,True,Laya (zero-shot),True,True
2253,True,False,0.7482,0.04096006899999338,True,True,Laya (zero-shot),True,True
2254,True,False,0.9128,0.03821290100006536,True,True,Laya (zero-shot),True,True
2255,True,False,0.826,0.03836562899994078,True,True,Laya (zero-shot),True,True
2256,True,False,0.1203,0.04261164900003678,False,False,Laya (zero-shot),False,False
2257,True,False,1.0,0.04600002699999095,True,True,Laya (zero-shot),True,True
2258,False,False,0.9792,0.04130743899997924,True,True,Laya (zero-shot),False,False
2259,True,False,0.8668,0.04290332899995519,True,True,Laya (zero-shot),True,True
2260,True,False,0.5337,0.0365353120000691,True,True,Laya (zero-shot),True,True
2261,False,False,0.2802,0.03965666399994916,False,False,Laya (zero-shot),True,True
2262,False,False,0.12,0.04929823399993438,False,False,Laya (zero-shot),True,True
2263,True,False,0.3682,0.04010948399991321,False,False,Laya (zero-shot),False,False
2264,False,False,0.08,0.03903344000002562,False,False,Laya (zero-shot),True,True
2265,False,False,0.4881,0.04221672500000295,False,True,Laya (zero-shot),True,False
2266,True,False,0.9078,0.04043118399999912,True,True,Laya (zero-shot),True,True
2267,False,False,0.0191,0.04235936599991419,False,False,Laya (zero-shot),True,True
2268,True,False,0.8885,0.042439877999981945,True,True,Laya (zero-shot),True,True
2269,True,False,0.949,0.039463468000008106,True,True,Laya (zero-shot),True,True
2270,True,True,0.8813,0.039242061999971156,True,True,Laya (zero-shot),True,True
2271,True,False,0.8405,0.042556501000035496,True,True,Laya (zero-shot),True,True
2272,False,False,0.0724,0.03783905000000232,False,False,Laya (zero-shot),True,True
2273,False,False,0.0002,0.03874120800003311,False,False,Laya (zero-shot),True,True
2274,True,False,0.8777,0.05743771499999184,True,True,Laya (zero-shot),True,True
2275,False,False,0.9295,0.047089242000083686,True,True,Laya (zero-shot),False,False
2276,False,False,0.0001,0.039086308000037207,False,False,Laya (zero-shot),True,True
2277,False,False,0.1162,0.043081212999936724,False,False,Laya (zero-shot),True,True
2278,True,False,0.6703,0.038922096000078454,True,True,Laya (zero-shot),True,True
2279,True,False,0.942,0.039270164999948065,True,True,Laya (zero-shot),True,True
2280,False,False,0.1467,0.042446208000001207,False,False,Laya (zero-shot),True,True
2281,False,False,0.0895,0.04024515200001133,False,False,Laya (zero-shot),True,True
2282,False,False,0.1379,0.03939423200006331,False,False,Laya (zero-shot),True,True
2283,False,False,0.0861,0.04319939599997724,False,False,Laya (zero-shot),True,True
2284,True,False,0.8685,0.038844423999989885,True,True,Laya (zero-shot),True,True
2285,True,False,0.974,0.04580146800003604,True,True,Laya (zero-shot),True,True
2286,True,False,1.0,0.03931269000008797,True,True,Laya (zero-shot),True,True
2287,True,False,0.4943,0.03940840500001741,False,True,Laya (zero-shot),False,True
2288,False,False,0.6412,0.03934570399997028,True,True,Laya (zero-shot),False,False
2289,False,False,0.137,0.04148369300003196,False,False,Laya (zero-shot),True,True
2290,True,False,0.9741,0.039157720999924095,True,True,Laya (zero-shot),True,True
2291,False,False,0.0913,0.03800766900008057,False,False,Laya (zero-shot),True,True
2292,True,False,0.9195,0.04125869400002102,True,True,Laya (zero-shot),True,True
2293,True,False,0.8711,0.03786565299992617,True,True,Laya (zero-shot),True,True
2294,True,False,0.9073,0.037123552000025484,True,True,Laya (zero-shot),True,True
2295,True,False,0.7191,0.04242195200004062,True,True,Laya (zero-shot),True,True
2296,False,False,0.1116,0.03742502099999001,False,False,Laya (zero-shot),True,True
2297,True,False,0.9119,0.03904132599996046,True,True,Laya (zero-shot),True,True
2298,True,False,0.9185,0.042603693000046405,True,True,Laya (zero-shot),True,True
2299,False,False,0.1761,0.057512986000006094,False,False,Laya (zero-shot),True,True
2300,False,False,0.0543,0.040940703999922334,False,False,Laya (zero-shot),True,True
2301,True,False,0.8646,0.04702396499999395,True,True,Laya (zero-shot),True,True
2302,True,False,0.3106,0.04171098400001938,False,False,Laya (zero-shot),False,False
2303,True,False,0.7689,0.039266737000048124,True,True,Laya (zero-shot),True,True
2304,True,False,0.8936,0.04139440699998431,True,True,Laya (zero-shot),True,True
2305,True,False,0.8927,0.04089004100001148,True,True,Laya (zero-shot),True,True
2306,True,False,0.8811,0.037669083999958275,True,True,Laya (zero-shot),True,True
2307,False,False,0.3065,0.045801901000004364,False,False,Laya (zero-shot),True,True
2308,False,False,0.6008,0.038470535999977074,True,True,Laya (zero-shot),False,False
2309,False,False,0.6289,0.042716330999951424,True,True,Laya (zero-shot),False,False
2310,False,False,0.6954,0.04617364299997462,True,True,Laya (zero-shot),False,False
2311,False,False,0.0822,0.038573987000063426,False,False,Laya (zero-shot),True,True
2312,True,False,0.7912,0.03912970999999743,True,True,Laya (zero-shot),True,True
2313,True,False,0.8348,0.042827905000081046,True,True,Laya (zero-shot),True,True
2314,True,False,0.8801,0.03732043200000135,True,True,Laya (zero-shot),True,True
2315,True,False,0.1223,0.03791557700003523,False,False,Laya (zero-shot),False,False
2316,False,False,0.631,0.03755796400002964,True,True,Laya (zero-shot),False,False
2317,False,False,0.1585,0.03687230500008809,False,False,Laya (zero-shot),True,True
2318,True,False,0.858,0.03834049099998538,True,True,Laya (zero-shot),True,True
2319,False,False,0.0637,0.04395537700008845,False,False,Laya (zero-shot),True,True
2320,False,False,0.0468,0.037600804000021526,False,False,Laya (zero-shot),True,True
2321,False,False,0.1028,0.04436246300008406,False,False,Laya (zero-shot),True,True
2322,False,False,0.1785,0.04283105499996509,False,False,Laya (zero-shot),True,True
2323,True,False,0.284,0.0398114639999676,False,False,Laya (zero-shot),False,False
2324,True,False,0.8718,0.052510858999994525,True,True,Laya (zero-shot),True,True
2325,True,False,0.9495,0.04159616700007973,True,True,Laya (zero-shot),True,True
2326,True,False,0.9661,0.03974549999998089,True,True,Laya (zero-shot),True,True
2327,False,False,0.8397,0.039205578000064634,True,True,Laya (zero-shot),False,False
2328,False,False,0.0557,0.04515592600000673,False,False,Laya (zero-shot),True,True
2329,True,False,0.8401,0.04399248799995803,True,True,Laya (zero-shot),True,True
2330,True,False,0.8741,0.04130749600005856,True,True,Laya (zero-shot),True,True
2331,False,False,0.0,0.04255074100001366,False,False,Laya (zero-shot),True,True
2332,True,False,0.7573,0.03822735100004593,True,True,Laya (zero-shot),True,True
2333,False,False,0.3258,0.041984007999985806,False,False,Laya (zero-shot),True,True
2334,False,False,0.3851,0.04511825800000224,False,True,Laya (zero-shot),True,False
2335,True,False,0.861,0.03775638699994488,True,True,Laya (zero-shot),True,True
2336,False,False,0.4613,0.03753831899996385,False,True,Laya (zero-shot),True,False
2337,True,False,0.2424,0.040935416000024816,False,False,Laya (zero-shot),False,False
2338,False,False,0.195,0.03829452800005129,False,False,Laya (zero-shot),True,True
2339,False,False,0.0279,0.03832576499996776,False,False,Laya (zero-shot),True,True
2340,True,False,0.8362,0.04075240200006647,True,True,Laya (zero-shot),True,True
2341,False,False,0.0307,0.03777436100006071,False,False,Laya (zero-shot),True,True
2342,False,False,0.1567,0.03773591399999532,False,False,Laya (zero-shot),True,True
2343,True,False,0.9325,0.04429126100001213,True,True,Laya (zero-shot),True,True
2344,True,False,0.6864,0.03727936600000703,True,True,Laya (zero-shot),True,True
2345,False,False,0.7871,0.03982687300003818,True,True,Laya (zero-shot),False,False
2346,True,False,1.0,0.04117271800009803,True,True,Laya (zero-shot),True,True
2347,True,False,0.6005,0.038076766000017415,True,True,Laya (zero-shot),True,True
2348,True,False,0.8093,0.04074137999998584,True,True,Laya (zero-shot),True,True
2349,False,False,0.7684,0.057559024000056525,True,True,Laya (zero-shot),False,False
2350,True,False,0.9958,0.03725633500005188,True,True,Laya (zero-shot),True,True
2351,True,False,0.9296,0.037776941000061015,True,True,Laya (zero-shot),True,True
2352,False,False,0.5102,0.040001008999979604,True,True,Laya (zero-shot),False,False
2353,False,False,0.834,0.03881838399991011,True,True,Laya (zero-shot),False,False
2354,False,False,0.6575,0.04055176200006372,True,True,Laya (zero-shot),False,False
2355,True,False,0.9382,0.04493963100003384,True,True,Laya (zero-shot),True,True
2356,True,False,0.7782,0.03871428200000082,True,True,Laya (zero-shot),True,True
2357,True,False,0.8642,0.04018095099991115,True,True,Laya (zero-shot),True,True
2358,True,False,0.9266,0.048150224999972124,True,True,Laya (zero-shot),True,True
2359,False,False,0.0225,0.03688148200001251,False,False,Laya (zero-shot),True,True
2360,True,False,0.8757,0.03825463199996193,True,True,Laya (zero-shot),True,True
2361,False,False,0.0434,0.04040707600006499,False,False,Laya (zero-shot),True,True
2362,False,False,0.1113,0.038352890000055595,False,False,Laya (zero-shot),True,True
2363,False,False,0.1185,0.04188468899997133,False,False,Laya (zero-shot),True,True
2364,True,False,0.8078,0.041174406999971325,True,True,Laya (zero-shot),True,True
2365,True,False,0.9659,0.03860668400000122,True,True,Laya (zero-shot),True,True
2366,True,False,0.1854,0.03856878900000993,False,False,Laya (zero-shot),False,False
2367,False,False,0.6523,0.04423212099993634,True,True,Laya (zero-shot),False,False
2368,True,False,0.8343,0.03921766899998147,True,True,Laya (zero-shot),True,True
2369,True,False,0.3747,0.03874318299995139,False,False,Laya (zero-shot),False,False
2370,True,False,0.9256,0.03942428999994263,True,True,Laya (zero-shot),True,True
2371,True,False,0.3273,0.03875521899999512,False,False,Laya (zero-shot),False,False
2372,True,False,0.8051,0.03885035600001174,True,True,Laya (zero-shot),True,True
2373,True,False,0.8667,0.04339742100000876,True,True,Laya (zero-shot),True,True
2374,True,False,0.8018,0.0529469360000121,True,True,Laya (zero-shot),True,True
2375,True,False,0.9483,0.03839774599998691,True,True,Laya (zero-shot),True,True
2376,True,False,0.0619,0.04033502899994801,False,False,Laya (zero-shot),False,False
2377,True,False,0.7643,0.03977954900005898,True,True,Laya (zero-shot),True,True
2378,True,False,1.0,0.040496339000014814,True,True,Laya (zero-shot),True,True
2379,False,False,0.1722,0.04199906099995587,False,False,Laya (zero-shot),True,True
2380,True,False,0.736,0.03868276599996534,True,True,Laya (zero-shot),True,True
2381,True,False,0.8082,0.03919595900003969,True,True,Laya (zero-shot),True,True
2382,True,False,0.1527,0.048260554999956184,False,False,Laya (zero-shot),False,False
2383,False,False,0.4164,0.039173174999973526,False,True,Laya (zero-shot),True,False
2384,True,False,0.4693,0.03923279899993304,False,True,Laya (zero-shot),False,True
2385,False,False,0.6564,0.04418937500008724,True,True,Laya (zero-shot),False,False
2386,True,False,0.8118,0.04026480300001367,True,True,Laya (zero-shot),True,True
2387,False,False,0.5832,0.039893945000017084,True,True,Laya (zero-shot),False,False
2388,True,False,0.33,0.038862601999994695,False,False,Laya (zero-shot),False,False
2389,False,False,0.7529,0.03811112999994748,True,True,Laya (zero-shot),False,False
2390,False,False,0.1487,0.03798429899995881,False,False,Laya (zero-shot),True,True
2391,True,False,0.8032,0.04237833000001956,True,True,Laya (zero-shot),True,True
2392,True,False,0.9165,0.0380837129999918,True,True,Laya (zero-shot),True,True
2393,True,False,1.0,0.04084851699997216,True,True,Laya (zero-shot),True,True
2394,True,False,0.4093,0.0429093920000696,False,True,Laya (zero-shot),False,True
2395,True,False,0.0872,0.03774922799993874,False,False,Laya (zero-shot),False,False
2396,True,False,0.9067,0.03879643400000532,True,True,Laya (zero-shot),True,True
2397,True,False,0.8707,0.04127589099994111,True,True,Laya (zero-shot),True,True
2398,True,False,0.826,0.03907542199999625,True,True,Laya (zero-shot),True,True
2399,True,False,0.8642,0.052823388000092564,True,True,Laya (zero-shot),True,True
2400,False,False,0.7681,0.04566721399999096,True,True,Laya (zero-shot),False,False
2401,True,False,0.3559,0.04016020300002765,False,False,Laya (zero-shot),False,False
2402,False,False,0.1462,0.04384695900000679,False,False,Laya (zero-shot),True,True
2403,True,False,0.5771,0.03961080300007325,True,True,Laya (zero-shot),True,True
2404,True,False,0.1929,0.04040760600003068,False,False,Laya (zero-shot),False,False
2405,True,False,0.2093,0.03831298300008257,False,False,Laya (zero-shot),False,False
2406,True,False,0.9272,0.04844824899998912,True,True,Laya (zero-shot),True,True
2407,True,False,0.364,0.037325764999991407,False,False,Laya (zero-shot),False,False
2408,True,False,0.7943,0.0379231740000705,True,True,Laya (zero-shot),True,True
2409,True,False,0.8827,0.04199271899994983,True,True,Laya (zero-shot),True,True
2410,True,False,0.8326,0.040355135000027076,True,True,Laya (zero-shot),True,True
2411,False,False,0.2441,0.04177658599996903,False,False,Laya (zero-shot),True,True
2412,False,False,0.1532,0.04494031799993081,False,False,Laya (zero-shot),True,True
2413,True,False,0.1465,0.03860858100006226,False,False,Laya (zero-shot),False,False
2414,False,False,0.8225,0.03886068100007378,True,True,Laya (zero-shot),False,False
2415,True,False,0.1464,0.04212865200008764,False,False,Laya (zero-shot),False,False
2416,True,False,0.3717,0.038626464999993004,False,False,Laya (zero-shot),False,False
2417,False,False,0.6442,0.04039385400005813,True,True,Laya (zero-shot),False,False
2418,True,False,0.7715,0.04192818100000295,True,True,Laya (zero-shot),True,True
2419,True,False,0.9178,0.039629380000064884,True,True,Laya (zero-shot),True,True
2420,False,False,0.0016,0.04026526899997407,False,False,Laya (zero-shot),True,True
2421,True,False,0.7993,0.0438956989999042,True,True,Laya (zero-shot),True,True
2422,True,False,0.3959,0.04042388300001676,False,True,Laya (zero-shot),False,True
2423,True,False,0.9156,0.03869755800008079,True,True,Laya (zero-shot),True,True
2424,True,False,0.9695,0.05527000600000065,True,True,Laya (zero-shot),True,True
2425,False,False,0.9636,0.03942454900004577,True,True,Laya (zero-shot),False,False
2426,True,False,0.8519,0.04219595400002163,True,True,Laya (zero-shot),True,True
2427,True,False,0.8762,0.043514428000094085,True,True,Laya (zero-shot),True,True
2428,True,False,0.7525,0.03886080600000241,True,True,Laya (zero-shot),True,True
2429,True,False,0.726,0.038356166999960806,True,True,Laya (zero-shot),True,True
2430,False,False,0.3931,0.05007634599996891,False,True,Laya (zero-shot),True,False
2431,True,False,0.8658,0.04221692900000562,True,True,Laya (zero-shot),True,True
2432,False,False,0.1079,0.04051641800003836,False,False,Laya (zero-shot),True,True
2433,False,False,0.4128,0.04356331899998622,False,True,Laya (zero-shot),True,False
2434,True,False,0.2158,0.03927275199998803,False,False,Laya (zero-shot),False,False
2435,False,False,0.1855,0.039699960000007195,False,False,Laya (zero-shot),True,True
2436,True,False,0.8116,0.04175018499995531,True,True,Laya (zero-shot),True,True
2437,True,False,0.8831,0.03968197799997597,True,True,Laya (zero-shot),True,True
2438,False,False,0.1307,0.04002882399993268,False,False,Laya (zero-shot),True,True
2439,False,False,0.7275,0.0478892309999992,True,True,Laya (zero-shot),False,False
2440,False,False,0.8657,0.04000625100002253,True,True,Laya (zero-shot),False,False
2441,False,False,0.04,0.039316447000032895,False,False,Laya (zero-shot),True,True
2442,True,False,0.8777,0.04112218299997039,True,True,Laya (zero-shot),True,True
2443,False,False,0.782,0.03964336199999252,True,True,Laya (zero-shot),False,False
2444,False,False,0.0001,0.03987548499992499,False,False,Laya (zero-shot),True,True
2445,True,False,0.7213,0.040577026000050864,True,True,Laya (zero-shot),True,True
2446,False,False,0.7043,0.061842197000032684,True,True,Laya (zero-shot),False,False
2447,False,False,0.185,0.06844545299998117,False,False,Laya (zero-shot),True,True
2448,True,False,0.8497,0.0720579149999594,True,True,Laya (zero-shot),True,True
2449,False,False,0.9716,0.054502053999954114,True,True,Laya (zero-shot),False,False
2450,True,False,0.6218,0.05313502600006359,True,True,Laya (zero-shot),True,True
2451,True,False,0.458,0.06234185899995737,False,True,Laya (zero-shot),False,True
2452,False,False,0.8136,0.05499499300003663,True,True,Laya (zero-shot),False,False
2453,True,False,0.943,0.048086819999980435,True,True,Laya (zero-shot),True,True
2454,False,False,0.9266,0.06176642200000515,True,True,Laya (zero-shot),False,False
2455,True,False,0.8783,0.05249922499990589,True,True,Laya (zero-shot),True,True
2456,False,False,0.7396,0.057357658999990235,True,True,Laya (zero-shot),False,False
2457,True,False,0.8004,0.04955337800004145,True,True,Laya (zero-shot),True,True
2458,True,False,0.9836,0.06079520799994498,True,True,Laya (zero-shot),True,True
2459,True,False,0.7154,0.051106374000028154,True,True,Laya (zero-shot),True,True
2460,False,False,0.3278,0.0540261940000164,False,False,Laya (zero-shot),True,True
2461,True,False,0.8466,0.051050242000087565,True,True,Laya (zero-shot),True,True
2462,False,False,0.1142,0.05674434799993833,False,False,Laya (zero-shot),True,True
2463,True,False,1.0,0.051619170999970265,True,True,Laya (zero-shot),True,True
2464,True,False,0.8342,0.052955464000092434,True,True,Laya (zero-shot),True,True
2465,True,False,0.2156,0.049697258000037436,False,False,Laya (zero-shot),False,False
2466,True,False,0.6436,0.04965809299994817,True,True,Laya (zero-shot),True,True
2467,True,False,0.8785,0.0586921420000408,True,True,Laya (zero-shot),True,True
2468,True,False,0.9176,0.06364397899994856,True,True,Laya (zero-shot),True,True
2469,False,False,0.821,0.05258835899996939,True,True,Laya (zero-shot),False,False
2470,False,False,0.8712,0.05243845299992245,True,True,Laya (zero-shot),False,False
2471,True,False,0.7188,0.04809082999997827,True,True,Laya (zero-shot),True,True
2472,True,False,0.88,0.05022668500009786,True,True,Laya (zero-shot),True,True
2473,False,False,0.7504,0.04879391700001179,True,True,Laya (zero-shot),False,False
2474,False,False,0.8952,0.05113311299999168,True,True,Laya (zero-shot),False,False
2475,True,False,0.9548,0.04906482199999118,True,True,Laya (zero-shot),True,True
2476,True,False,0.8128,0.061159066999948664,True,True,Laya (zero-shot),True,True
2477,False,False,0.6344,0.06197772900009113,True,True,Laya (zero-shot),False,False
2478,False,False,0.9214,0.061692358000073,True,True,Laya (zero-shot),False,False
2479,True,False,0.7939,0.05079608799997004,True,True,Laya (zero-shot),True,True
2480,True,False,0.88,0.05022967100001097,True,True,Laya (zero-shot),True,True
2481,True,False,0.7997,0.055481645999975626,True,True,Laya (zero-shot),True,True
2482,True,False,0.148,0.056622521999997844,False,False,Laya (zero-shot),False,False
2483,False,False,0.0002,0.048751621000064915,False,False,Laya (zero-shot),True,True
2484,True,False,1.0,0.054133462999971016,True,True,Laya (zero-shot),True,True
2485,True,False,0.9439,0.06265197499999431,True,True,Laya (zero-shot),True,True
2486,True,False,0.7089,0.06579129899989766,True,True,Laya (zero-shot),True,True
2487,True,False,0.7505,0.07727743599991754,True,True,Laya (zero-shot),True,True
2488,True,False,0.897,0.06650030399998741,True,True,Laya (zero-shot),True,True
2489,True,False,0.92,0.061575105000088115,True,True,Laya (zero-shot),True,True
2490,True,False,0.5586,0.06559819700009939,True,True,Laya (zero-shot),True,True
2491,False,False,0.1364,0.0629319749999695,False,False,Laya (zero-shot),True,True
2492,True,False,0.3839,0.042786019999994096,False,True,Laya (zero-shot),False,True
2493,True,False,0.8766,0.03662135000001854,True,True,Laya (zero-shot),True,True
2494,True,False,0.7669,0.04161517600005027,True,True,Laya (zero-shot),True,True
2495,False,False,0.0958,0.03996343500000421,False,False,Laya (zero-shot),True,True
2496,True,False,0.7622,0.038390316999993956,True,True,Laya (zero-shot),True,True
2497,True,False,0.8561,0.03873756099994807,True,True,Laya (zero-shot),True,True
2498,False,False,0.1406,0.04312363099995764,False,False,Laya (zero-shot),True,True
2499,False,False,0.1591,0.041734601000030125,False,False,Laya (zero-shot),True,True
2500,True,False,0.9054,0.03883797299999969,True,True,Laya (zero-shot),True,True
2501,True,False,0.7197,0.042567814999983966,True,True,Laya (zero-shot),True,True
2502,False,False,0.0623,0.039370382000015525,False,False,Laya (zero-shot),True,True
2503,False,False,0.1694,0.12328956200008179,False,False,Laya (zero-shot),True,True
2504,False,False,0.1632,0.18842027400000916,False,False,Laya (zero-shot),True,True
2505,False,False,0.1752,0.20144310900002438,False,False,Laya (zero-shot),True,True
2506,False,False,0.0886,0.16628312600005302,False,False,Laya (zero-shot),True,True
2507,False,False,0.7259,0.12157985099997859,True,True,Laya (zero-shot),False,False
2508,True,False,0.7792,0.15255869899999652,True,True,Laya (zero-shot),True,True
2509,True,False,0.9104,0.1573465200000328,True,True,Laya (zero-shot),True,True
2510,True,False,0.8381,0.18083370100009688,True,True,Laya (zero-shot),True,True
2511,False,False,0.2692,0.12832363600000463,False,False,Laya (zero-shot),True,True
2512,True,False,0.8585,0.13780918999998448,True,True,Laya (zero-shot),True,True
2513,True,False,0.8914,0.1725501250000434,True,True,Laya (zero-shot),True,True
2514,True,False,0.8144,0.15711497999996027,True,True,Laya (zero-shot),True,True
2515,False,False,0.4669,0.160781830000019,False,True,Laya (zero-shot),True,False
2516,False,False,0.2439,0.1701218930001005,False,False,Laya (zero-shot),True,True
2517,True,False,0.7411,0.1558413999999857,True,True,Laya (zero-shot),True,True
2518,False,False,0.0002,0.20624216700002762,False,False,Laya (zero-shot),True,True
2519,True,False,0.62,0.1764944160000823,True,True,Laya (zero-shot),True,True
2520,False,False,0.7885,0.13098810899998625,True,True,Laya (zero-shot),False,False
2521,False,False,0.8843,0.13235386300004848,True,True,Laya (zero-shot),False,False
2522,True,False,0.8587,0.11731054899996707,True,True,Laya (zero-shot),True,True
2523,False,False,0.3029,0.11734912299993994,False,False,Laya (zero-shot),True,True
2524,True,False,0.9833,0.11335520000000088,True,True,Laya (zero-shot),True,True
2525,True,False,0.9104,0.13966048800000408,True,True,Laya (zero-shot),True,True
2526,False,False,0.105,0.10731538400000318,False,False,Laya (zero-shot),True,True
2527,False,False,0.15,0.16053684300004534,False,False,Laya (zero-shot),True,True
2528,False,False,0.3337,0.03923414199994113,False,False,Laya (zero-shot),True,True
2529,True,False,1.0,0.04056691300002058,True,True,Laya (zero-shot),True,True
2530,False,False,0.4927,0.04045992800001841,False,True,Laya (zero-shot),True,False
2531,True,False,0.8778,0.0475693160000219,True,True,Laya (zero-shot),True,True
2532,True,False,0.8802,0.03998212399994827,True,True,Laya (zero-shot),True,True
2533,False,False,0.0464,0.03854278200003591,False,False,Laya (zero-shot),True,True
2534,True,False,0.3835,0.03957292100005816,False,True,Laya (zero-shot),False,True
2535,False,False,0.7504,0.03747740599999361,True,True,Laya (zero-shot),False,False
2536,False,False,0.7683,0.03646271599995998,True,True,Laya (zero-shot),False,False
2537,False,False,0.0597,0.047780485999965094,False,False,Laya (zero-shot),True,True
2538,False,False,0.9555,0.03710998999997628,True,True,Laya (zero-shot),False,False
2539,False,False,0.7207,0.03546860599999491,True,True,Laya (zero-shot),False,False
2540,False,False,0.324,0.039158122999992884,False,False,Laya (zero-shot),True,True
2541,False,False,0.125,0.040360097999950995,False,False,Laya (zero-shot),True,True
2542,True,False,0.376,0.041302068000049985,False,False,Laya (zero-shot),False,False
2543,True,False,1.0,0.04268786199997976,True,True,Laya (zero-shot),True,True
2544,True,False,0.7864,0.039701833999970404,True,True,Laya (zero-shot),True,True
2545,True,False,0.9402,0.05191616799993426,True,True,Laya (zero-shot),True,True
2546,True,False,0.9443,0.042379869000001236,True,True,Laya (zero-shot),True,True
2547,False,False,0.1833,0.038021456000024045,False,False,Laya (zero-shot),True,True
2548,False,False,0.0698,0.0371382859999585,False,False,Laya (zero-shot),True,True
2549,True,False,0.8252,0.04117167300000801,True,True,Laya (zero-shot),True,True
2550,True,False,1.0,0.03816657999993822,True,True,Laya (zero-shot),True,True
2551,True,False,0.7993,0.03794537200008108,True,True,Laya (zero-shot),True,True
2552,True,False,0.9466,0.03931717899990872,True,True,Laya (zero-shot),True,True
2553,False,False,0.7229,0.03652174500007277,True,True,Laya (zero-shot),False,False
2554,False,False,0.1653,0.03762524600006145,False,False,Laya (zero-shot),True,True
2555,True,False,0.9724,0.04274355900008686,True,True,Laya (zero-shot),True,True
2556,True,False,0.8401,0.03899546200000259,True,True,Laya (zero-shot),True,True
2557,True,False,0.766,0.03695711900002152,True,True,Laya (zero-shot),True,True
2558,True,False,0.78,0.04053036000004795,True,True,Laya (zero-shot),True,True
2559,True,False,0.7235,0.039001224000003276,True,True,Laya (zero-shot),True,True
2560,False,False,0.3819,0.03963091799994345,False,True,Laya (zero-shot),True,False
2561,False,False,0.2709,0.04177768800002468,False,False,Laya (zero-shot),True,True
2562,True,False,0.7774,0.04700336199994126,True,True,Laya (zero-shot),True,True
2563,True,False,1.0,0.04015834899996662,True,True,Laya (zero-shot),True,True
2564,True,False,0.7995,0.040833292000002075,True,True,Laya (zero-shot),True,True
2565,False,False,0.081,0.03904235400000289,False,False,Laya (zero-shot),True,True
2566,True,False,0.9129,0.039678273999925295,True,True,Laya (zero-shot),True,True
2567,True,False,0.1453,0.04405274499993084,False,False,Laya (zero-shot),False,False
2568,True,False,0.7975,0.04128766899998482,True,True,Laya (zero-shot),True,True
2569,True,False,0.7981,0.038710743000024195,True,True,Laya (zero-shot),True,True
2570,False,False,0.1026,0.057079763000047024,False,False,Laya (zero-shot),True,True
2571,False,False,0.084,0.03932524899994405,False,False,Laya (zero-shot),True,True
2572,False,False,0.3577,0.036609306000059405,False,False,Laya (zero-shot),True,True
2573,True,False,0.9223,0.04392527100003463,True,True,Laya (zero-shot),True,True
2574,True,False,0.7876,0.03704145000006065,True,True,Laya (zero-shot),True,True
2575,False,False,0.1919,0.03612274800002524,False,False,Laya (zero-shot),True,True
2576,False,False,0.2851,0.03991851000000679,False,False,Laya (zero-shot),True,True
2577,False,False,0.8628,0.03751775800003543,True,True,Laya (zero-shot),False,False
2578,True,False,0.8304,0.03784865099999024,True,True,Laya (zero-shot),True,True
2579,False,False,0.333,0.042772744999979295,False,False,Laya (zero-shot),True,True
2580,False,False,0.8821,0.04260016800003541,True,True,Laya (zero-shot),False,False
2581,True,False,0.9592,0.038572134999981245,True,True,Laya (zero-shot),True,True
2582,True,False,0.7685,0.04292435000002115,True,True,Laya (zero-shot),True,True
2583,False,False,0.4905,0.039712870000016665,False,True,Laya (zero-shot),True,False
2584,False,False,0.7621,0.04245146699997804,True,True,Laya (zero-shot),False,False
2585,False,False,0.8697,0.04113382200000615,True,True,Laya (zero-shot),False,False
2586,False,False,0.1198,0.03920589000006203,False,False,Laya (zero-shot),True,True
2587,True,False,0.8807,0.0448610580000377,True,True,Laya (zero-shot),True,True
2588,True,False,0.6598,0.04366586699995878,True,True,Laya (zero-shot),True,True
2589,True,False,0.8611,0.03896094699996411,True,True,Laya (zero-shot),True,True
2590,True,False,0.0805,0.03901103700002295,False,False,Laya (zero-shot),False,False
2591,False,False,0.4418,0.04198763499994129,False,True,Laya (zero-shot),True,False
2592,False,False,0.0328,0.04103342500002327,False,False,Laya (zero-shot),True,True
2593,False,False,0.8369,0.04152345399995738,True,True,Laya (zero-shot),False,False
2594,False,False,0.9555,0.04430240500005311,True,True,Laya (zero-shot),False,False
2595,False,False,0.2443,0.05389751400002751,False,False,Laya (zero-shot),True,True
2596,True,False,1.0,0.03882369699999799,True,True,Laya (zero-shot),True,True
2597,True,False,0.0978,0.044813675999989755,False,False,Laya (zero-shot),False,False
2598,True,False,1.0,0.03972992699993938,True,True,Laya (zero-shot),True,True
2599,False,False,0.2873,0.03987182200000916,False,False,Laya (zero-shot),True,True
2600,False,False,0.1328,0.04333421600006204,False,False,Laya (zero-shot),True,True
2601,False,False,0.8266,0.03886319299999741,True,True,Laya (zero-shot),False,False
2602,True,False,0.4879,0.038322321999999076,False,True,Laya (zero-shot),False,True
2603,True,False,0.077,0.04256842100005542,False,False,Laya (zero-shot),False,False
2604,True,False,0.8147,0.040642845000093075,True,True,Laya (zero-shot),True,True
2605,True,False,0.9164,0.03893690699999297,True,True,Laya (zero-shot),True,True
2606,True,False,0.7011,0.03940384100008032,True,True,Laya (zero-shot),True,True
2607,False,False,0.0892,0.0386822809999785,False,False,Laya (zero-shot),True,True
2608,True,False,0.8692,0.04066277800006901,True,True,Laya (zero-shot),True,True
2609,True,False,0.4726,0.048266811000075904,False,True,Laya (zero-shot),False,True
2610,True,False,0.1417,0.04145212799994624,False,False,Laya (zero-shot),False,False
2611,True,False,0.144,0.04049476099999083,False,False,Laya (zero-shot),False,False
2612,True,False,0.8172,0.04206765600008566,True,True,Laya (zero-shot),True,True
2613,True,False,1.0,0.03933580400007486,True,True,Laya (zero-shot),True,True
2614,True,False,0.9225,0.041273853000006966,True,True,Laya (zero-shot),True,True
2615,True,False,0.9579,0.045349400999953104,True,True,Laya (zero-shot),True,True
2616,True,False,0.8925,0.03786242699993636,True,True,Laya (zero-shot),True,True
2617,True,False,0.1693,0.04067573700001503,False,False,Laya (zero-shot),False,False
2618,False,False,0.6029,0.04219545699993432,True,True,Laya (zero-shot),False,False
2619,True,False,0.5761,0.04235235199996623,True,True,Laya (zero-shot),True,True
2620,False,False,0.2231,0.048897778999958064,False,False,Laya (zero-shot),True,True
2621,False,False,0.9705,0.045970690999979524,True,True,Laya (zero-shot),False,False
2622,True,False,0.9118,0.0379424850000305,True,True,Laya (zero-shot),True,True
2623,False,False,0.8167,0.03979248000007374,True,True,Laya (zero-shot),False,False
2624,False,False,0.8316,0.04777412800001457,True,True,Laya (zero-shot),False,False
2625,False,False,0.9167,0.04232279800010019,True,True,Laya (zero-shot),False,False
2626,True,False,0.2665,0.043045257000017045,False,False,Laya (zero-shot),False,False
2627,False,False,0.1313,0.04806863500004965,False,False,Laya (zero-shot),True,True
2628,True,False,0.477,0.04084072700004526,False,True,Laya (zero-shot),False,True
2629,True,False,0.9598,0.04064515900006427,True,True,Laya (zero-shot),True,True
2630,True,False,0.9594,0.04053036700008761,True,True,Laya (zero-shot),True,True
2631,True,False,0.2438,0.04135357600000589,False,False,Laya (zero-shot),False,False
2632,True,False,0.9437,0.03807718500002011,True,True,Laya (zero-shot),True,True
2633,True,False,0.3006,0.04937229299991941,False,False,Laya (zero-shot),False,False
2634,False,False,0.1198,0.040598459999955594,False,False,Laya (zero-shot),True,True
2635,True,False,0.8174,0.03786384100010309,True,True,Laya (zero-shot),True,True
2636,True,False,0.2955,0.03976992499997323,False,False,Laya (zero-shot),False,False
2637,False,False,0.245,0.03861276700001781,False,False,Laya (zero-shot),True,True
2638,True,False,0.0001,0.04048482700000022,False,False,Laya (zero-shot),False,False
2639,True,False,0.7063,0.04647122699998363,True,True,Laya (zero-shot),True,True
2640,False,False,0.2,0.041952321999929154,False,False,Laya (zero-shot),True,True
2641,False,False,0.8975,0.04092439699991246,True,True,Laya (zero-shot),False,False
2642,False,False,0.2566,0.04261790199996085,False,False,Laya (zero-shot),True,True
2643,False,False,0.8583,0.04175855100004355,True,True,Laya (zero-shot),False,False
2644,True,False,0.7763,0.051681920999953945,True,True,Laya (zero-shot),True,True
2645,True,False,0.9481,0.04250022999997327,True,True,Laya (zero-shot),True,True
2646,True,False,0.9625,0.03954867499999182,True,True,Laya (zero-shot),True,True
2647,True,False,0.9096,0.039959253000006356,True,True,Laya (zero-shot),True,True
2648,False,False,0.0147,0.04137080700002116,False,False,Laya (zero-shot),True,True
2649,False,False,0.0567,0.04058476500006236,False,False,Laya (zero-shot),True,True
2650,False,False,0.0374,0.04042057399999521,False,False,Laya (zero-shot),True,True
2651,False,False,0.1262,0.0481969749999962,False,False,Laya (zero-shot),True,True
2652,True,False,0.8483,0.03953784200007249,True,True,Laya (zero-shot),True,True
2653,True,False,1.0,0.03873440600000322,True,True,Laya (zero-shot),True,True
2654,True,False,0.9688,0.039174146000050314,True,True,Laya (zero-shot),True,True
2655,True,False,0.1894,0.040435092000052464,False,False,Laya (zero-shot),False,False
2656,True,False,0.994,0.037024347999931706,True,True,Laya (zero-shot),True,True
2657,False,False,0.0607,0.04077920699990045,False,False,Laya (zero-shot),True,True
2658,True,False,0.651,0.04316838199997619,True,True,Laya (zero-shot),True,True
2659,True,False,0.4482,0.036811522999983026,False,True,Laya (zero-shot),False,True
2660,False,False,0.7177,0.040245065000021896,True,True,Laya (zero-shot),False,False
2661,False,False,0.8616,0.03701055399994857,True,True,Laya (zero-shot),False,False
2662,True,False,0.84,0.039104700999928355,True,True,Laya (zero-shot),True,True
2663,False,False,0.915,0.0407580890000645,True,True,Laya (zero-shot),False,False
2664,True,False,0.6393,0.03883532000008927,True,True,Laya (zero-shot),True,True
2665,False,False,0.7692,0.039241877999984354,True,True,Laya (zero-shot),False,False
2666,True,False,0.8693,0.06365555499996844,True,True,Laya (zero-shot),True,True
2667,True,False,0.32,0.07019201399998565,False,False,Laya (zero-shot),False,False
2668,True,False,0.9168,0.07688515199993162,True,True,Laya (zero-shot),True,True
2669,True,False,0.7284,0.05517173600003389,True,True,Laya (zero-shot),True,True
2670,True,False,0.9127,0.05078360800007431,True,True,Laya (zero-shot),True,True
2671,False,False,0.1101,0.054821076999928664,False,False,Laya (zero-shot),True,True
2672,True,False,0.9711,0.054807797999956165,True,True,Laya (zero-shot),True,True
2673,True,False,0.8051,0.0510166860000254,True,True,Laya (zero-shot),True,True
2674,True,False,0.9626,0.05338086399990516,True,True,Laya (zero-shot),True,True
2675,True,False,0.2682,0.05714821200001552,False,False,Laya (zero-shot),False,False
2676,False,False,0.216,0.04952735999995639,False,False,Laya (zero-shot),True,True
2677,False,False,0.0778,0.051132387000052404,False,False,Laya (zero-shot),True,True
2678,True,False,0.9185,0.0587411390000625,True,True,Laya (zero-shot),True,True
2679,True,False,0.8641,0.05211782799995035,True,True,Laya (zero-shot),True,True
2680,False,False,0.3292,0.05674133000002257,False,False,Laya (zero-shot),True,True
2681,False,False,0.0085,0.05082648699999481,False,False,Laya (zero-shot),True,True
2682,True,False,0.9995,0.05188299500002813,True,True,Laya (zero-shot),True,True
2683,True,False,0.277,0.047661535999964144,False,False,Laya (zero-shot),False,False
2684,False,False,0.7527,0.04930293999996138,True,True,Laya (zero-shot),False,False
2685,True,False,0.7443,0.04477845899998556,True,True,Laya (zero-shot),True,True
2686,False,False,0.0706,0.052335836999986896,False,False,Laya (zero-shot),True,True
2687,True,False,0.7436,0.05469639500006451,True,True,Laya (zero-shot),True,True
2688,False,False,0.8053,0.054131436999909965,True,True,Laya (zero-shot),False,False
2689,True,False,0.1412,0.0562975179999512,False,False,Laya (zero-shot),False,False
2690,False,False,0.1376,0.045072086000004674,False,False,Laya (zero-shot),True,True
2691,False,False,0.1288,0.053809418000014375,False,False,Laya (zero-shot),True,True
2692,True,False,0.4787,0.051113968999970893,False,True,Laya (zero-shot),False,True
2693,True,False,0.8116,0.054114101999971354,True,True,Laya (zero-shot),True,True
2694,False,False,0.9058,0.05247153699997398,True,True,Laya (zero-shot),False,False
2695,True,False,0.6912,0.06044323499997972,True,True,Laya (zero-shot),True,True
2696,True,False,0.1926,0.06407819699995798,False,False,Laya (zero-shot),False,False
2697,True,False,0.859,0.06188723700006449,True,True,Laya (zero-shot),True,True
2698,False,False,0.2451,0.05070789600006265,False,False,Laya (zero-shot),True,True
2699,False,False,0.8246,0.052490212000066094,True,True,Laya (zero-shot),False,False
2700,False,False,0.2644,0.052829560000077436,False,False,Laya (zero-shot),True,True
2701,True,False,0.9442,0.04869080000003123,True,True,Laya (zero-shot),True,True
2702,False,False,0.2476,0.04974861499999861,False,False,Laya (zero-shot),True,True
2703,False,False,0.8377,0.050348710999969626,True,True,Laya (zero-shot),False,False
2704,True,False,0.9154,0.05920009199996912,True,True,Laya (zero-shot),True,True
2705,True,False,0.7889,0.06949205599994457,True,True,Laya (zero-shot),True,True
2706,True,False,0.8199,0.0592799329999707,True,True,Laya (zero-shot),True,True
2707,True,False,0.3211,0.0762498430000278,False,False,Laya (zero-shot),False,False
2708,True,False,0.8361,0.0672551720000456,True,True,Laya (zero-shot),True,True
2709,True,False,0.3189,0.06840365600010045,False,False,Laya (zero-shot),False,False
2710,False,False,0.1313,0.06326901800002815,False,False,Laya (zero-shot),True,True
2711,False,False,0.082,0.05615100900001835,False,False,Laya (zero-shot),True,True
2712,True,False,0.9011,0.04043006500000956,True,True,Laya (zero-shot),True,True
2713,True,False,0.9067,0.04636691400003201,True,True,Laya (zero-shot),True,True
2714,True,False,0.8551,0.04332004399998368,True,True,Laya (zero-shot),True,True
2715,True,False,0.8548,0.03996263099998032,True,True,Laya (zero-shot),True,True
2716,False,False,0.2694,0.03983400099991741,False,False,Laya (zero-shot),True,True
2717,True,False,0.9187,0.041423044999987724,True,True,Laya (zero-shot),True,True
2718,False,False,0.1026,0.037850787000024866,False,False,Laya (zero-shot),True,True
2719,True,False,0.8499,0.037891297999976814,True,True,Laya (zero-shot),True,True
2720,True,False,0.7884,0.03932690600004207,True,True,Laya (zero-shot),True,True
2721,True,False,0.9666,0.03858816400008891,True,True,Laya (zero-shot),True,True
2722,True,False,0.8971,0.039490547000013976,True,True,Laya (zero-shot),True,True
2723,True,False,0.0738,0.04188533199999256,False,False,Laya (zero-shot),False,False
2724,False,False,0.9144,0.037427999999977146,True,True,Laya (zero-shot),False,False
2725,True,False,0.9216,0.03900787499992475,True,True,Laya (zero-shot),True,True
2726,False,False,0.8403,0.04001632899996821,True,True,Laya (zero-shot),False,False
2727,False,False,0.0752,0.038922777999914615,False,False,Laya (zero-shot),True,True
2728,True,False,0.7457,0.03892273600001772,True,True,Laya (zero-shot),True,True
2729,False,False,0.1986,0.04129212700001972,False,False,Laya (zero-shot),True,True
2730,True,False,0.9081,0.05347035599993433,True,True,Laya (zero-shot),True,True
2731,True,False,0.4972,0.03835397300008481,False,True,Laya (zero-shot),False,True
2732,False,False,0.6535,0.043104868999989776,True,True,Laya (zero-shot),False,False
2733,False,False,0.7001,0.039319495000086135,True,True,Laya (zero-shot),False,False
2734,True,False,0.8297,0.0394082120000121,True,True,Laya (zero-shot),True,True
2735,False,False,0.297,0.04356686799997078,False,False,Laya (zero-shot),True,True
2736,True,False,0.7767,0.03808895999998185,True,True,Laya (zero-shot),True,True
2737,False,False,0.2392,0.045094369000025836,False,False,Laya (zero-shot),True,True
2738,False,False,0.1862,0.04084396899997955,False,False,Laya (zero-shot),True,True
2739,False,False,0.0713,0.03877437099993131,False,False,Laya (zero-shot),True,True
2740,True,False,0.8849,0.03732398700003614,True,True,Laya (zero-shot),True,True
2741,True,False,0.4993,0.04165130799992767,False,True,Laya (zero-shot),False,True
2742,False,False,0.1021,0.03949712099995395,False,False,Laya (zero-shot),True,True
2743,True,False,0.8949,0.03905824599996777,True,True,Laya (zero-shot),True,True
2744,False,False,0.8821,0.0408816909999814,True,True,Laya (zero-shot),False,False
2745,True,False,0.9137,0.03953615999989779,True,True,Laya (zero-shot),True,True
2746,True,False,0.2678,0.039009263000025385,False,False,Laya (zero-shot),False,False
2747,True,False,0.8998,0.044470290999925055,True,True,Laya (zero-shot),True,True
2748,True,False,0.7812,0.039133498999945004,True,True,Laya (zero-shot),True,True
2749,True,False,0.4695,0.04210632699994221,False,True,Laya (zero-shot),False,True
2750,True,False,0.8875,0.04117855200001941,True,True,Laya (zero-shot),True,True
2751,False,False,0.1883,0.040133808000064164,False,False,Laya (zero-shot),True,True
2752,False,False,0.0011,0.0389589620000379,False,False,Laya (zero-shot),True,True
2753,True,False,0.9105,0.04338256799996998,True,True,Laya (zero-shot),True,True
2754,False,False,0.0891,0.03885281300006227,False,False,Laya (zero-shot),True,True
2755,False,False,0.8574,0.05456128399998761,True,True,Laya (zero-shot),False,False
2756,True,False,0.939,0.043068174000040926,True,True,Laya (zero-shot),True,True
2757,False,False,0.3335,0.04145668000001024,False,False,Laya (zero-shot),True,True
2758,True,False,0.8383,0.03941986600000291,True,True,Laya (zero-shot),True,True
2759,True,False,0.9441,0.04536178600005769,True,True,Laya (zero-shot),True,True
2760,True,False,0.8858,0.0380354860000125,True,True,Laya (zero-shot),True,True
2761,True,False,0.9579,0.04460618699999941,True,True,Laya (zero-shot),True,True
2762,True,False,0.8742,0.039942860999985896,True,True,Laya (zero-shot),True,True
2763,True,False,0.9537,0.04001590600000782,True,True,Laya (zero-shot),True,True
2764,True,False,0.8403,0.038914618999911,True,True,Laya (zero-shot),True,True
2765,True,False,0.8806,0.045295843000076275,True,True,Laya (zero-shot),True,True
2766,True,False,0.9443,0.03965767500005768,True,True,Laya (zero-shot),True,True
2767,True,False,0.0981,0.03793351399997391,False,False,Laya (zero-shot),False,False
2768,True,False,0.6362,0.04207641999994394,True,True,Laya (zero-shot),True,True
2769,True,False,0.8925,0.03888528300001326,True,True,Laya (zero-shot),True,True
2770,True,False,0.7496,0.04016091999994842,True,True,Laya (zero-shot),True,True
2771,False,False,0.0001,0.04479050299994469,False,False,Laya (zero-shot),True,True
2772,True,False,1.0,0.042930188000013914,True,True,Laya (zero-shot),True,True
2773,False,False,0.4734,0.0430923740000253,False,True,Laya (zero-shot),True,False
2774,False,False,0.0699,0.04307146600001488,False,False,Laya (zero-shot),True,True
2775,True,False,0.9233,0.04097642099998211,True,True,Laya (zero-shot),True,True
2776,False,False,0.8381,0.039357902000006106,True,True,Laya (zero-shot),False,False
2777,True,False,0.8212,0.05036143099994206,True,True,Laya (zero-shot),True,True
2778,True,False,0.6304,0.05477375399993889,True,True,Laya (zero-shot),True,True
2779,False,False,0.2083,0.05759481600000527,False,False,Laya (zero-shot),True,True
2780,False,False,0.5437,0.04406911399996716,True,True,Laya (zero-shot),False,False
2781,False,False,0.6585,0.03879901800007701,True,True,Laya (zero-shot),False,False
2782,False,False,0.1966,0.04036511399999654,False,False,Laya (zero-shot),True,True
2783,False,False,0.1461,0.04242783999995936,False,False,Laya (zero-shot),True,True
2784,True,False,0.607,0.04684094399999594,True,True,Laya (zero-shot),True,True
2785,True,False,0.8953,0.040455091000012544,True,True,Laya (zero-shot),True,True
2786,True,False,0.9029,0.043593271999952776,True,True,Laya (zero-shot),True,True
2787,True,False,0.9771,0.03912349200004428,True,True,Laya (zero-shot),True,True
2788,True,False,0.8604,0.03916648000006262,True,True,Laya (zero-shot),True,True
2789,True,False,0.9614,0.04075592700007746,True,True,Laya (zero-shot),True,True
2790,True,False,0.8217,0.038566360999993776,True,True,Laya (zero-shot),True,True
2791,False,False,0.0998,0.03855884400002196,False,False,Laya (zero-shot),True,True
2792,True,False,0.8038,0.040380096999911075,True,True,Laya (zero-shot),True,True
2793,True,False,0.9086,0.03945909800006575,True,True,Laya (zero-shot),True,True
2794,True,False,0.7214,0.038210509999998976,True,True,Laya (zero-shot),True,True
2795,False,False,0.1433,0.04220429300005435,False,False,Laya (zero-shot),True,True
2796,True,False,0.9189,0.039194124000005104,True,True,Laya (zero-shot),True,True
2797,False,False,0.0,0.03987070499999845,False,False,Laya (zero-shot),True,True
2798,True,False,0.9021,0.04226776999996673,True,True,Laya (zero-shot),True,True
2799,False,False,0.2305,0.03880441800004064,False,False,Laya (zero-shot),True,True
2800,True,False,0.9199,0.03921253699991212,True,True,Laya (zero-shot),True,True
2801,True,False,0.9861,0.03924012100003438,True,True,Laya (zero-shot),True,True
2802,True,False,0.2381,0.04060409700002765,False,False,Laya (zero-shot),False,False
2803,False,False,0.7751,0.039788547999933144,True,True,Laya (zero-shot),False,False
2804,True,False,0.6737,0.05533125400006611,True,True,Laya (zero-shot),True,True
2805,True,False,0.691,0.039579722999974365,True,True,Laya (zero-shot),True,True
2806,True,False,0.8193,0.04094749000000775,True,True,Laya (zero-shot),True,True
2807,False,False,0.1333,0.04165674399996533,False,False,Laya (zero-shot),True,True
2808,True,False,0.8405,0.04689799599998423,True,True,Laya (zero-shot),True,True
2809,True,False,0.8393,0.0392959680000331,True,True,Laya (zero-shot),True,True
2810,True,False,0.7677,0.04296870799998942,True,True,Laya (zero-shot),True,True
2811,False,False,0.8098,0.038128937999999835,True,True,Laya (zero-shot),False,False
2812,True,False,0.9166,0.039377103999981955,True,True,Laya (zero-shot),True,True
2813,False,False,0.0896,0.0412644209999371,False,False,Laya (zero-shot),True,True
2814,False,False,0.1342,0.038534458000071936,False,False,Laya (zero-shot),True,True
2815,False,False,0.0902,0.0385923469999625,False,False,Laya (zero-shot),True,True
2816,True,False,0.2374,0.040420306999976674,False,False,Laya (zero-shot),False,False
2817,True,False,0.7945,0.03891807900004096,True,True,Laya (zero-shot),True,True
2818,True,False,0.2686,0.039574389999984305,False,False,Laya (zero-shot),False,False
2819,True,False,0.7992,0.043007718000012574,True,True,Laya (zero-shot),True,True
2820,True,False,0.6271,0.038765656000009585,True,True,Laya (zero-shot),True,True
2821,True,False,0.8608,0.041945660999999745,True,True,Laya (zero-shot),True,True
2822,False,False,0.7758,0.04141799399997126,True,True,Laya (zero-shot),False,False
2823,False,False,0.2318,0.03936603299996477,False,False,Laya (zero-shot),True,True
2824,True,False,0.8215,0.038920573999916996,True,True,Laya (zero-shot),True,True
2825,True,False,0.8686,0.04060287499999049,True,True,Laya (zero-shot),True,True
2826,False,False,0.3201,0.04103651099990202,False,False,Laya (zero-shot),True,True
2827,False,False,0.2032,0.038579035999987354,False,False,Laya (zero-shot),True,True
2828,False,False,0.0712,0.04100023400008013,False,False,Laya (zero-shot),True,True
2829,True,False,0.7161,0.053282069000033516,True,True,Laya (zero-shot),True,True
2830,True,False,0.9157,0.04175925300000927,True,True,Laya (zero-shot),True,True
2831,True,False,0.96,0.042564306999906876,True,True,Laya (zero-shot),True,True
2832,False,False,0.5286,0.04639876099997764,True,True,Laya (zero-shot),False,False
2833,True,False,0.8802,0.03850235100003374,True,True,Laya (zero-shot),True,True
2834,False,False,0.8565,0.043576265000069725,True,True,Laya (zero-shot),False,False
2835,True,False,0.3553,0.03931608599998526,False,False,Laya (zero-shot),False,False
2836,False,False,0.5227,0.03977358000008735,True,True,Laya (zero-shot),False,False
2837,False,False,0.0201,0.04261584699997911,False,False,Laya (zero-shot),True,True
2838,False,False,0.666,0.039970100000005004,True,True,Laya (zero-shot),False,False
2839,True,False,0.378,0.039957474000061666,False,False,Laya (zero-shot),False,False
2840,True,False,0.6778,0.043119570000044405,True,True,Laya (zero-shot),True,True
2841,True,False,0.921,0.039602206000040496,True,True,Laya (zero-shot),True,True
2842,False,False,0.3633,0.039075317999959225,False,False,Laya (zero-shot),True,True
2843,False,False,0.053,0.04204858200000672,False,False,Laya (zero-shot),True,True
2844,True,False,0.1297,0.0390220980000322,False,False,Laya (zero-shot),False,False
2845,True,False,0.4266,0.042038085000058345,False,True,Laya (zero-shot),False,True
2846,True,True,0.9341,0.04339273699997648,True,True,Laya (zero-shot),True,True
2847,True,False,0.8497,0.03965611900002841,True,True,Laya (zero-shot),True,True
2848,True,False,0.5838,0.03874115799999345,True,True,Laya (zero-shot),True,True
2849,False,False,0.8531,0.0422631870000032,True,True,Laya (zero-shot),False,False
2850,True,False,0.9013,0.03799429799994414,True,True,Laya (zero-shot),True,True
2851,False,False,0.1652,0.040177912999979526,False,False,Laya (zero-shot),True,True
2852,False,False,0.0183,0.04247676300008152,False,False,Laya (zero-shot),True,True
2853,False,False,0.0408,0.04594201600002634,False,False,Laya (zero-shot),True,True
2854,True,False,0.8862,0.0503509899999699,True,True,Laya (zero-shot),True,True
2855,False,False,0.0384,0.04703702599999815,False,False,Laya (zero-shot),True,True
2856,False,False,0.0716,0.04101785199998176,False,False,Laya (zero-shot),True,True
2857,False,False,0.7305,0.04077044600001045,True,True,Laya (zero-shot),False,False
2858,False,False,0.8112,0.04329394399997,True,True,Laya (zero-shot),False,False
2859,True,False,0.9841,0.040469556999937595,True,True,Laya (zero-shot),True,True
2860,True,False,0.1004,0.04172000799997022,False,False,Laya (zero-shot),False,False
2861,False,False,0.6624,0.043164193000052364,True,True,Laya (zero-shot),False,False
2862,True,False,0.8834,0.03992025399998056,True,True,Laya (zero-shot),True,True
2863,False,False,0.0439,0.03807956399998602,False,False,Laya (zero-shot),True,True
2864,True,False,1.0,0.0418888329999163,True,True,Laya (zero-shot),True,True
2865,True,False,0.8998,0.038792385000078866,True,True,Laya (zero-shot),True,True
2866,True,False,0.9418,0.038845249000019066,True,True,Laya (zero-shot),True,True
2867,False,False,0.018,0.04432941400000345,False,False,Laya (zero-shot),True,True
2868,False,False,0.1821,0.04274775099997896,False,False,Laya (zero-shot),True,True
2869,False,False,0.63,0.04007674400008909,True,True,Laya (zero-shot),False,False
2870,False,False,0.9212,0.04330946200002472,True,True,Laya (zero-shot),False,False
2871,False,False,0.1132,0.04012819899992337,False,False,Laya (zero-shot),True,True
2872,True,False,1.0,0.040445779000037874,True,True,Laya (zero-shot),True,True
2873,True,False,0.9464,0.042061634999981834,True,True,Laya (zero-shot),True,True
2874,True,False,0.0931,0.03921842700003708,False,False,Laya (zero-shot),False,False
2875,False,False,0.2182,0.03952953400005299,False,False,Laya (zero-shot),True,True
2876,True,False,0.8583,0.045199371000080646,True,True,Laya (zero-shot),True,True
2877,True,False,0.8129,0.03981964600006904,True,True,Laya (zero-shot),True,True
2878,True,False,0.4313,0.056084478999991916,False,True,Laya (zero-shot),False,True
2879,False,False,0.8039,0.044676362000018344,True,True,Laya (zero-shot),False,False
2880,True,False,0.8866,0.043552433000058954,True,True,Laya (zero-shot),True,True
2881,True,False,0.9202,0.03915954600006444,True,True,Laya (zero-shot),True,True
2882,True,False,0.1026,0.04217854900002749,False,False,Laya (zero-shot),False,False
2883,False,False,0.4918,0.04166435399997681,False,True,Laya (zero-shot),True,False
2884,False,False,0.1532,0.04096696299995983,False,False,Laya (zero-shot),True,True
2885,True,False,0.386,0.0429601170000069,False,True,Laya (zero-shot),False,True
2886,True,False,0.2318,0.04058857299992269,False,False,Laya (zero-shot),False,False
2887,True,False,0.7958,0.03922169899999517,True,True,Laya (zero-shot),True,True
2888,True,False,0.8492,0.04403480899998158,True,True,Laya (zero-shot),True,True
2889,False,False,0.3734,0.04043848399999206,False,False,Laya (zero-shot),True,True
2890,True,False,0.5608,0.039784436999980244,True,True,Laya (zero-shot),True,True
2891,False,False,0.0338,0.042267082000080336,False,False,Laya (zero-shot),True,True
2892,True,False,0.9626,0.04062588799990863,True,True,Laya (zero-shot),True,True
2893,True,False,0.7546,0.037400977000061175,True,True,Laya (zero-shot),True,True
2894,True,False,0.8745,0.03932970399989699,True,True,Laya (zero-shot),True,True
2895,True,False,0.9523,0.0380507029999535,True,True,Laya (zero-shot),True,True
2896,False,False,0.2024,0.037672025000006215,False,False,Laya (zero-shot),True,True
2897,True,False,0.897,0.04284967900002812,True,True,Laya (zero-shot),True,True
2898,True,False,0.9361,0.03869161099999019,True,True,Laya (zero-shot),True,True
2899,True,False,0.9177,0.039593803999991906,True,True,Laya (zero-shot),True,True
2900,True,False,0.438,0.04303753499993945,False,True,Laya (zero-shot),False,True
2901,True,False,0.9558,0.04045329300004141,True,True,Laya (zero-shot),True,True
2902,True,False,0.8957,0.04194633799988878,True,True,Laya (zero-shot),True,True
2903,False,False,0.0809,0.057922267999970245,False,False,Laya (zero-shot),True,True
2904,False,True,0.5231,0.04018435700004375,True,True,Laya (zero-shot),False,False
2905,True,False,0.9931,0.03827643200008879,True,True,Laya (zero-shot),True,True
2906,True,False,0.2862,0.04197530499993718,False,False,Laya (zero-shot),False,False
2907,False,False,0.6055,0.0402134199999864,True,True,Laya (zero-shot),False,False
2908,False,False,0.2955,0.03927472800000942,False,False,Laya (zero-shot),True,True
2909,True,False,1.0,0.04274262699993869,True,True,Laya (zero-shot),True,True
2910,False,False,0.1166,0.03761626100003923,False,False,Laya (zero-shot),True,True
2911,True,False,0.944,0.03793327500000032,True,True,Laya (zero-shot),True,True
2912,True,False,0.8323,0.03996073999996952,True,True,Laya (zero-shot),True,True
2913,True,False,0.6733,0.03867945100000725,True,True,Laya (zero-shot),True,True
2914,True,False,0.9236,0.03813821899996128,True,True,Laya (zero-shot),True,True
2915,True,False,0.9342,0.04390161100002388,True,True,Laya (zero-shot),True,True
2916,True,False,0.935,0.03776863199993841,True,True,Laya (zero-shot),True,True
2917,True,False,0.4836,0.04082079900001645,False,True,Laya (zero-shot),False,True
2918,False,False,0.3001,0.04138981899995997,False,False,Laya (zero-shot),True,True
2919,True,False,0.7905,0.03872087799993551,True,True,Laya (zero-shot),True,True
2920,False,False,0.7042,0.039340649999985544,True,True,Laya (zero-shot),False,False
2921,True,False,0.8748,0.04136306199995943,True,True,Laya (zero-shot),True,True
2922,True,False,0.3112,0.03899209399992287,False,False,Laya (zero-shot),False,False
2923,True,False,0.9675,0.03888992600002439,True,True,Laya (zero-shot),True,True
2924,True,False,0.9999,0.04172271099992031,True,True,Laya (zero-shot),True,True
2925,False,False,0.5072,0.03780990099994597,True,True,Laya (zero-shot),False,False
2926,True,False,0.7234,0.03984368799990534,True,True,Laya (zero-shot),True,True
2927,True,False,0.4949,0.04906529100003354,False,True,Laya (zero-shot),False,True
2928,True,False,0.9543,0.05282969799998227,True,True,Laya (zero-shot),True,True
2929,True,False,0.864,0.03831756299996414,True,True,Laya (zero-shot),True,True
2930,True,False,0.7749,0.04117751100000078,True,True,Laya (zero-shot),True,True
2931,True,False,0.9432,0.03947815099991203,True,True,Laya (zero-shot),True,True
2932,False,False,0.6179,0.03897738200009826,True,True,Laya (zero-shot),False,False
2933,True,False,0.9108,0.04206480300001658,True,True,Laya (zero-shot),True,True
2934,False,False,0.7068,0.03815899100004572,True,True,Laya (zero-shot),False,False
2935,False,False,0.2131,0.03712782100001277,False,False,Laya (zero-shot),True,True
2936,True,False,0.7984,0.039854087999970034,True,True,Laya (zero-shot),True,True
2937,True,False,0.1178,0.038859261999959926,False,False,Laya (zero-shot),False,False
2938,True,False,0.9606,0.03898416599997745,True,True,Laya (zero-shot),True,True
2939,True,False,0.52,0.042934705999982725,True,True,Laya (zero-shot),True,True
2940,True,False,0.1386,0.038838562999899295,False,False,Laya (zero-shot),False,False
2941,True,False,0.9435,0.04204613599995355,True,True,Laya (zero-shot),True,True
2942,False,False,0.7826,0.04009203299995079,True,True,Laya (zero-shot),False,False
2943,True,False,0.9554,0.03751601600004051,True,True,Laya (zero-shot),True,True
2944,True,False,0.7715,0.03730058700000427,True,True,Laya (zero-shot),True,True
2945,False,False,0.1601,0.041030960999933086,False,False,Laya (zero-shot),True,True
2946,False,False,0.0022,0.03870404899998903,False,False,Laya (zero-shot),True,True
2947,True,False,0.9428,0.03772788900005253,True,True,Laya (zero-shot),True,True
2948,True,False,0.7955,0.0406921629999033,True,True,Laya (zero-shot),True,True
2949,True,False,0.8657,0.03901716600000782,True,True,Laya (zero-shot),True,True
2950,False,False,0.0895,0.03870667599994704,False,False,Laya (zero-shot),True,True
2951,True,False,0.5069,0.05968116399992596,True,True,Laya (zero-shot),True,True
2952,True,False,0.8319,0.0771697719999338,True,True,Laya (zero-shot),True,True
2953,False,False,0.0954,0.0628275639999174,False,False,Laya (zero-shot),True,True
2954,True,False,0.9441,0.059651784999914526,True,True,Laya (zero-shot),True,True
2955,True,False,0.1168,0.054641626000034194,False,False,Laya (zero-shot),False,False
2956,False,False,0.1538,0.04879714900005183,False,False,Laya (zero-shot),True,True
2957,True,False,0.8922,0.05463884200003122,True,True,Laya (zero-shot),True,True
2958,False,False,0.111,0.046870250999972995,False,False,Laya (zero-shot),True,True
2959,True,False,0.6991,0.0496132129999296,True,True,Laya (zero-shot),True,True
2960,True,False,0.3156,0.05714537999995173,False,False,Laya (zero-shot),False,False
2961,False,False,0.1803,0.05117814400000498,False,False,Laya (zero-shot),True,True
2962,False,False,0.1963,0.05206167199992251,False,False,Laya (zero-shot),True,True
2963,True,False,0.3882,0.05351754200000869,False,True,Laya (zero-shot),False,True
2964,True,False,0.8979,0.04823127300005581,True,True,Laya (zero-shot),True,True
2965,True,False,0.9507,0.05476809399999638,True,True,Laya (zero-shot),True,True
2966,True,False,0.662,0.049311057000068104,True,True,Laya (zero-shot),True,True
2967,True,False,0.8454,0.06047512899999674,True,True,Laya (zero-shot),True,True
2968,False,False,0.1702,0.049107077000030586,False,False,Laya (zero-shot),True,True
2969,True,False,0.8511,0.05503505199999381,True,True,Laya (zero-shot),True,True
2970,True,False,0.8828,0.05088482600001498,True,True,Laya (zero-shot),True,True
2971,False,False,0.8103,0.05431011099994976,True,True,Laya (zero-shot),False,False
2972,False,False,0.1453,0.05750258299997313,False,False,Laya (zero-shot),True,True
2973,True,False,0.8539,0.05166580000002341,True,True,Laya (zero-shot),True,True
2974,True,False,0.9607,0.04976865399999042,True,True,Laya (zero-shot),True,True
2975,True,False,0.951,0.04594024899995475,True,True,Laya (zero-shot),True,True
2976,True,False,0.8452,0.045967273999963254,True,True,Laya (zero-shot),True,True
2977,True,False,1.0,0.049553016999993815,True,True,Laya (zero-shot),True,True
2978,True,False,0.9998,0.04990739200002281,True,True,Laya (zero-shot),True,True
2979,True,False,1.0,0.04753309399995942,True,True,Laya (zero-shot),True,True
2980,True,False,0.0961,0.04861835799999881,False,False,Laya (zero-shot),False,False
2981,True,False,0.7037,0.05693126099993151,True,True,Laya (zero-shot),True,True
2982,True,False,0.7327,0.0551436419999618,True,True,Laya (zero-shot),True,True
2983,False,False,0.8223,0.061102669999968384,True,True,Laya (zero-shot),False,False
2984,True,False,0.9336,0.05747178699994038,True,True,Laya (zero-shot),True,True
2985,False,False,0.197,0.050427292999984275,False,False,Laya (zero-shot),True,True
2986,False,False,0.0312,0.04877014800001689,False,False,Laya (zero-shot),True,True
2987,False,False,0.8782,0.056496863999996094,True,True,Laya (zero-shot),False,False
2988,True,False,0.5604,0.04795443000000432,True,True,Laya (zero-shot),True,True
2989,True,False,0.9643,0.05182337600001574,True,True,Laya (zero-shot),True,True
2990,True,False,0.8169,0.047308425999972314,True,True,Laya (zero-shot),True,True
2991,True,False,0.6744,0.06184335000000374,True,True,Laya (zero-shot),True,True
2992,True,False,0.7902,0.07355014000006577,True,True,Laya (zero-shot),True,True
2993,False,False,0.3062,0.06194506300005287,False,False,Laya (zero-shot),True,True
2994,False,False,0.0002,0.06456290300002365,False,False,Laya (zero-shot),True,True
2995,True,False,0.9118,0.0655385649999971,True,True,Laya (zero-shot),True,True
2996,False,False,0.0905,0.0600839989999713,False,False,Laya (zero-shot),True,True
2997,True,False,0.7638,0.06690649600000143,True,True,Laya (zero-shot),True,True
2998,False,False,0.3512,0.054486788999952296,False,False,Laya (zero-shot),True,True
2999,True,False,1.0,0.038874428000099215,True,True,Laya (zero-shot),True,True
3000,False,False,0.0006,0.03903818999992836,False,False,Laya (zero-shot),True,True
3001,True,False,0.232,0.0380746820000013,False,False,Laya (zero-shot),False,False
3002,True,False,0.8842,0.04285908899998958,True,True,Laya (zero-shot),True,True
3003,False,False,0.0556,0.04092049700000189,False,False,Laya (zero-shot),True,True
3004,False,False,0.7464,0.04155661400000099,True,True,Laya (zero-shot),False,False
3005,True,False,0.9532,0.04914352899993446,True,True,Laya (zero-shot),True,True
3006,True,False,0.1749,0.04285721899998407,False,False,Laya (zero-shot),False,False
3007,False,False,0.7644,0.04315063900003224,True,True,Laya (zero-shot),False,False
3008,True,False,0.0752,0.04939612600003329,False,False,Laya (zero-shot),False,False
3009,True,False,0.949,0.03790603699997064,True,True,Laya (zero-shot),True,True
3010,True,False,0.767,0.03972531400006574,True,True,Laya (zero-shot),True,True
3011,True,False,0.6527,0.04382858400003897,True,True,Laya (zero-shot),True,True
3012,True,False,0.2863,0.040920899000070676,False,False,Laya (zero-shot),False,False
3013,False,False,0.8243,0.053353007999930924,True,True,Laya (zero-shot),False,False
3014,True,False,0.5617,0.045727851000037845,True,True,Laya (zero-shot),True,True
3015,False,False,0.6756,0.04009599999994862,True,True,Laya (zero-shot),False,False
3016,True,False,0.8594,0.03884251299996322,True,True,Laya (zero-shot),True,True
3017,False,False,0.0391,0.04309089799994581,False,False,Laya (zero-shot),True,True
3018,True,False,0.3345,0.03847752900003343,False,False,Laya (zero-shot),False,False
3019,False,False,0.7612,0.03787669799999094,True,True,Laya (zero-shot),False,False
3020,True,False,0.9999,0.03957598699992104,True,True,Laya (zero-shot),True,True
3021,False,False,0.621,0.03704751399993711,True,True,Laya (zero-shot),False,False
3022,True,True,0.7305,0.04167482300010761,True,True,Laya (zero-shot),True,True
3023,True,False,0.2254,0.040474499999959335,False,False,Laya (zero-shot),False,False
3024,True,False,0.0614,0.03911126200000581,False,False,Laya (zero-shot),False,False
3025,False,False,0.0,0.04110887600006663,False,False,Laya (zero-shot),True,True
3026,False,False,0.2656,0.04272234200004732,False,False,Laya (zero-shot),True,True
3027,True,False,0.8584,0.039736154000024726,True,True,Laya (zero-shot),True,True
3028,False,False,0.8739,0.03891591100000369,True,True,Laya (zero-shot),False,False
3029,True,False,0.7938,0.04184346300007746,True,True,Laya (zero-shot),True,True
3030,True,False,0.9471,0.039480968999896504,True,True,Laya (zero-shot),True,True
3031,True,False,0.4825,0.040052500999991025,False,True,Laya (zero-shot),False,True
3032,False,False,0.854,0.04758687799994732,True,True,Laya (zero-shot),False,False
3033,False,False,0.125,0.03747105599995848,False,False,Laya (zero-shot),True,True
3034,False,False,0.0916,0.03697334399998908,False,False,Laya (zero-shot),True,True
3035,False,False,0.9003,0.04153740700007802,True,True,Laya (zero-shot),False,False
3036,False,False,0.1322,0.03954116099998828,False,False,Laya (zero-shot),True,True
3037,True,False,0.9741,0.038003986000035184,True,True,Laya (zero-shot),True,True
3038,False,False,0.1231,0.05291680799996357,False,False,Laya (zero-shot),True,True
3039,False,False,0.7692,0.04258439600005204,True,True,Laya (zero-shot),False,False
3040,False,False,0.2208,0.039017272000023695,False,False,Laya (zero-shot),True,True
3041,False,False,0.0879,0.044060041000079764,False,False,Laya (zero-shot),True,True
3042,True,False,0.9995,0.03957250100006604,True,True,Laya (zero-shot),True,True
3043,True,False,0.6518,0.03824669699997685,True,True,Laya (zero-shot),True,True
3044,True,False,0.7526,0.04091343999994024,True,True,Laya (zero-shot),True,True
3045,True,False,0.796,0.039033376000020326,True,True,Laya (zero-shot),True,True
3046,True,False,0.752,0.040313631000003625,True,True,Laya (zero-shot),True,True
3047,False,False,0.2073,0.04101763200003461,False,False,Laya (zero-shot),True,True
3048,True,False,0.5282,0.03875722800000858,True,True,Laya (zero-shot),True,True
3049,False,False,0.9026,0.04058024899995871,True,True,Laya (zero-shot),False,False
3050,True,False,0.8837,0.039488806999997905,True,True,Laya (zero-shot),True,True
3051,False,False,0.7009,0.038784160000091106,True,True,Laya (zero-shot),False,False
3052,True,False,0.8559,0.038483845999962796,True,True,Laya (zero-shot),True,True
3053,True,False,0.8816,0.04158754399998088,True,True,Laya (zero-shot),True,True
3054,True,False,0.8601,0.04165095099995142,True,True,Laya (zero-shot),True,True
3055,True,False,0.884,0.04007247200001984,True,True,Laya (zero-shot),True,True
3056,False,False,1.0,0.049183344999960354,True,True,Laya (zero-shot),False,False
3057,True,False,0.9007,0.03913022500000807,True,True,Laya (zero-shot),True,True
3058,True,False,0.7764,0.03880313000001934,True,True,Laya (zero-shot),True,True
3059,True,False,0.4446,0.04321716899994499,False,True,Laya (zero-shot),False,True
3060,True,False,0.8046,0.041425409999988005,True,True,Laya (zero-shot),True,True
3061,False,False,0.238,0.04080380899995362,False,False,Laya (zero-shot),True,True
3062,False,False,0.1446,0.041280979000021034,False,False,Laya (zero-shot),True,True
3063,True,False,0.8253,0.051986096999939946,True,True,Laya (zero-shot),True,True
3064,True,False,0.8541,0.03959682499998962,True,True,Laya (zero-shot),True,True
3065,True,False,1.0,0.04375469600006454,True,True,Laya (zero-shot),True,True
3066,True,False,0.1889,0.03866230400001314,False,False,Laya (zero-shot),False,False
3067,False,False,0.14,0.04260016799992172,False,False,Laya (zero-shot),True,True
3068,False,False,0.8101,0.04308929499995884,True,True,Laya (zero-shot),False,False
3069,True,False,0.8253,0.04076267200002803,True,True,Laya (zero-shot),True,True
3070,True,False,0.7091,0.04384736800000155,True,True,Laya (zero-shot),True,True
3071,True,False,0.7765,0.046825262999959705,True,True,Laya (zero-shot),True,True
3072,False,False,0.4853,0.03911020499992901,False,True,Laya (zero-shot),True,False
3073,True,False,0.8782,0.03792421100001775,True,True,Laya (zero-shot),True,True
3074,False,False,0.0425,0.04235472300001675,False,False,Laya (zero-shot),True,True
3075,True,False,0.8735,0.03997278200006349,True,True,Laya (zero-shot),True,True
3076,True,False,0.9295,0.041159515999993346,True,True,Laya (zero-shot),True,True
3077,True,False,0.9254,0.04420537300006799,True,True,Laya (zero-shot),True,True
3078,True,False,0.3742,0.04022431600003529,False,False,Laya (zero-shot),False,False
3079,True,False,0.8838,0.0479911520000087,True,True,Laya (zero-shot),True,True
3080,False,False,0.113,0.04145015300002797,False,False,Laya (zero-shot),True,True
3081,False,False,0.9222,0.03758679400004894,True,True,Laya (zero-shot),False,False
3082,True,False,0.6028,0.03711409899995033,True,True,Laya (zero-shot),True,True
3083,True,False,0.9161,0.04002746499998011,True,True,Laya (zero-shot),True,True
3084,False,False,0.1304,0.03818002200000592,False,False,Laya (zero-shot),True,True
3085,False,False,0.008,0.03826005599989912,False,False,Laya (zero-shot),True,True
3086,False,False,0.7653,0.043276997000020856,True,True,Laya (zero-shot),False,False
3087,False,False,0.8507,0.0451733280000326,True,True,Laya (zero-shot),False,False
3088,True,False,0.6729,0.05071249100001296,True,True,Laya (zero-shot),True,True
3089,False,False,0.3306,0.04376523899998119,False,False,Laya (zero-shot),True,True
3090,False,False,0.1144,0.04014603000007355,False,False,Laya (zero-shot),True,True
3091,False,False,0.3887,0.038318236000009165,False,True,Laya (zero-shot),True,False
3092,True,False,0.7907,0.04144083599999249,True,True,Laya (zero-shot),True,True
3093,False,False,0.0765,0.04012852400001066,False,False,Laya (zero-shot),True,True
3094,True,False,0.87,0.04327684000008958,True,True,Laya (zero-shot),True,True
3095,False,False,0.0736,0.041920501000049626,False,False,Laya (zero-shot),True,True
3096,True,False,0.9569,0.03877224200005003,True,True,Laya (zero-shot),True,True
3097,True,False,0.8298,0.03802203299994744,True,True,Laya (zero-shot),True,True
3098,True,False,0.876,0.0405287920000319,True,True,Laya (zero-shot),True,True
3099,False,False,0.064,0.03882198899998457,False,False,Laya (zero-shot),True,True
3100,True,False,0.9835,0.039003103000027295,True,True,Laya (zero-shot),True,True
3101,True,False,0.8678,0.0434232750000092,True,True,Laya (zero-shot),True,True
3102,True,False,0.8463,0.03983273599999393,True,True,Laya (zero-shot),True,True
3103,False,False,0.1512,0.048123684999950456,False,False,Laya (zero-shot),True,True
3104,True,False,0.817,0.04407650099994953,True,True,Laya (zero-shot),True,True
3105,True,False,0.9016,0.041850067000041236,True,True,Laya (zero-shot),True,True
3106,True,False,0.9926,0.04258679600002324,True,True,Laya (zero-shot),True,True
3107,False,False,0.1786,0.045331305000104294,False,False,Laya (zero-shot),True,True
3108,True,False,0.8768,0.041668318000006366,True,True,Laya (zero-shot),True,True
3109,True,False,0.6423,0.04107259399995655,True,True,Laya (zero-shot),True,True
3110,True,False,0.9268,0.043529688000035094,True,True,Laya (zero-shot),True,True
3111,False,False,0.1789,0.04150635500002409,False,False,Laya (zero-shot),True,True
3112,False,False,0.0304,0.05381588799991732,False,False,Laya (zero-shot),True,True
3113,False,False,0.4973,0.041313466000019616,False,True,Laya (zero-shot),True,False
3114,True,False,0.8586,0.040228027000011934,True,True,Laya (zero-shot),True,True
3115,True,False,0.7681,0.039584630999911496,True,True,Laya (zero-shot),True,True
3116,True,False,0.9417,0.044258025999965867,True,True,Laya (zero-shot),True,True
3117,True,False,0.7832,0.042014370999936546,True,True,Laya (zero-shot),True,True
3118,True,False,0.7676,0.041239028999939364,True,True,Laya (zero-shot),True,True
3119,True,False,0.8493,0.04096719899996515,True,True,Laya (zero-shot),True,True
3120,False,False,0.6362,0.03759336500002064,True,True,Laya (zero-shot),False,False
3121,False,False,0.8043,0.03665234199991119,True,True,Laya (zero-shot),False,False
3122,False,False,0.058,0.039118670999982896,False,False,Laya (zero-shot),True,True
3123,True,False,0.9915,0.039514012999916304,True,True,Laya (zero-shot),True,True
3124,True,False,0.9526,0.039662910999936685,True,True,Laya (zero-shot),True,True
3125,True,False,0.9402,0.04687851500000306,True,True,Laya (zero-shot),True,True
3126,False,False,0.1945,0.041755314999932125,False,False,Laya (zero-shot),True,True
3127,True,False,0.3242,0.04711784199992053,False,False,Laya (zero-shot),False,False
3128,True,False,0.8525,0.04198668300000463,True,True,Laya (zero-shot),True,True
3129,False,False,0.5964,0.03884483900003488,True,True,Laya (zero-shot),False,False
3130,False,False,0.5071,0.038570887999981096,True,True,Laya (zero-shot),False,False
3131,True,False,0.1496,0.04329498499998863,False,False,Laya (zero-shot),False,False
3132,True,False,0.9637,0.03927944900010516,True,True,Laya (zero-shot),True,True
3133,False,False,0.1452,0.03904056999999739,False,False,Laya (zero-shot),True,True
3134,True,False,0.9272,0.041792897999926026,True,True,Laya (zero-shot),True,True
3135,True,False,1.0,0.03987444400002005,True,True,Laya (zero-shot),True,True
3136,True,False,0.8893,0.03771751400006451,True,True,Laya (zero-shot),True,True
3137,False,False,0.8754,0.05442968700003803,True,True,Laya (zero-shot),False,False
3138,False,False,0.0755,0.040140952999990986,False,False,Laya (zero-shot),True,True
3139,True,False,0.9742,0.03880727000000661,True,True,Laya (zero-shot),True,True
3140,True,False,0.9554,0.04157024400001319,True,True,Laya (zero-shot),True,True
3141,True,False,0.6496,0.03986323399999492,True,True,Laya (zero-shot),True,True
3142,False,False,0.0786,0.03911406600002465,False,False,Laya (zero-shot),True,True
3143,True,False,0.8419,0.04315993000000162,True,True,Laya (zero-shot),True,True
3144,False,False,0.0845,0.039270691999945484,False,False,Laya (zero-shot),True,True
3145,True,False,0.9076,0.039750804000050266,True,True,Laya (zero-shot),True,True
3146,True,False,0.8906,0.04253186999994796,True,True,Laya (zero-shot),True,True
3147,True,False,0.9068,0.04121084100006556,True,True,Laya (zero-shot),True,True
3148,True,False,0.8757,0.04034334499999659,True,True,Laya (zero-shot),True,True
3149,True,False,0.5715,0.044266966000009234,True,True,Laya (zero-shot),True,True
3150,True,False,0.8403,0.041211068000052364,True,True,Laya (zero-shot),True,True
3151,True,False,0.9526,0.04748821400005454,True,True,Laya (zero-shot),True,True
3152,False,False,0.9112,0.04359453400002167,True,True,Laya (zero-shot),False,False
3153,True,False,0.9184,0.039684072000000015,True,True,Laya (zero-shot),True,True
3154,True,True,0.4779,0.041953450999926645,False,True,Laya (zero-shot),False,True
3155,False,False,0.0079,0.04502200399997491,False,False,Laya (zero-shot),True,True
3156,False,False,0.5927,0.04071685600001729,True,True,Laya (zero-shot),False,False
3157,True,False,0.7451,0.039412491999996746,True,True,Laya (zero-shot),True,True
3158,False,False,0.8649,0.04205229199999394,True,True,Laya (zero-shot),False,False
3159,True,False,0.961,0.03959840200002418,True,True,Laya (zero-shot),True,True
3160,False,False,0.1184,0.03891367299991089,False,False,Laya (zero-shot),True,True
3161,True,False,0.8223,0.056061940999939,True,True,Laya (zero-shot),True,True
3162,True,False,0.8778,0.03932761800001572,True,True,Laya (zero-shot),True,True
3163,True,False,0.9397,0.03981229400005759,True,True,Laya (zero-shot),True,True
3164,True,False,0.3721,0.04198999100003675,False,False,Laya (zero-shot),False,False
3165,True,False,0.1292,0.039792314000010265,False,False,Laya (zero-shot),False,False
3166,False,False,0.6822,0.0399975859999131,True,True,Laya (zero-shot),False,False
3167,True,False,0.2549,0.04402417100004641,False,False,Laya (zero-shot),False,False
3168,True,False,0.7941,0.039203455000006215,True,True,Laya (zero-shot),True,True
3169,False,False,0.781,0.03938874300001771,True,True,Laya (zero-shot),False,False
3170,False,False,0.1396,0.042342297999994116,False,False,Laya (zero-shot),True,True
3171,True,False,0.8065,0.03817031800008408,True,True,Laya (zero-shot),True,True
3172,False,False,0.7252,0.03930221999996775,True,True,Laya (zero-shot),False,False
3173,True,False,0.9188,0.043124792999947203,True,True,Laya (zero-shot),True,True
3174,True,False,0.9838,0.047249301999954696,True,True,Laya (zero-shot),True,True
3175,True,False,0.9593,0.03938050600004317,True,True,Laya (zero-shot),True,True
3176,True,False,0.8746,0.041171558000087316,True,True,Laya (zero-shot),True,True
3177,True,False,0.9084,0.03833580599996367,True,True,Laya (zero-shot),True,True
3178,True,False,0.4855,0.037928238000063175,False,True,Laya (zero-shot),False,True
3179,True,False,0.2525,0.0414665179999929,False,False,Laya (zero-shot),False,False
3180,False,False,0.1064,0.03873272199996336,False,False,Laya (zero-shot),True,True
3181,True,False,0.9266,0.03844990299990059,True,True,Laya (zero-shot),True,True
3182,False,False,0.8759,0.03984496800001125,True,True,Laya (zero-shot),False,False
3183,True,False,0.769,0.03721654399998897,True,True,Laya (zero-shot),True,True
3184,True,False,0.8344,0.03842247900001894,True,True,Laya (zero-shot),True,True
3185,False,False,1.0,0.041784769000059896,True,True,Laya (zero-shot),False,False
3186,True,False,0.7052,0.05176529799996388,True,True,Laya (zero-shot),True,True
3187,True,False,0.8972,0.04088099700004477,True,True,Laya (zero-shot),True,True
3188,False,False,0.8291,0.04079319000004489,True,True,Laya (zero-shot),False,False
3189,False,False,0.1464,0.0377524179999682,False,False,Laya (zero-shot),True,True
3190,False,True,0.3905,0.04182637099995645,False,True,Laya (zero-shot),True,False
3191,False,False,0.737,0.04343232799999441,True,True,Laya (zero-shot),False,False
3192,True,False,0.841,0.03997337600003448,True,True,Laya (zero-shot),True,True
3193,False,False,0.0827,0.04007506900006774,False,False,Laya (zero-shot),True,True
3194,False,False,0.0969,0.041682297999955154,False,False,Laya (zero-shot),True,True
3195,False,False,0.5907,0.0404754700000467,True,True,Laya (zero-shot),False,False
3196,False,False,0.1203,0.041239538000013454,False,False,Laya (zero-shot),True,True
3197,True,False,0.9512,0.04566463899993778,True,True,Laya (zero-shot),True,True
3198,True,False,0.8567,0.04410305800001879,True,True,Laya (zero-shot),True,True
3199,True,False,0.9001,0.04685408299997107,True,True,Laya (zero-shot),True,True
3200,True,False,0.6248,0.04148756699999012,True,True,Laya (zero-shot),True,True
3201,True,False,0.8545,0.03831966500001727,True,True,Laya (zero-shot),True,True
3202,False,False,0.3353,0.03815201999998408,False,False,Laya (zero-shot),True,True
3203,False,False,0.7834,0.04161822399998982,True,True,Laya (zero-shot),False,False
3204,False,False,0.088,0.039045149999992645,False,False,Laya (zero-shot),True,True
3205,True,False,0.8507,0.036892502000000604,True,True,Laya (zero-shot),True,True
3206,True,False,0.9063,0.039128789000073994,True,True,Laya (zero-shot),True,True
3207,False,False,0.7803,0.03828134200000477,True,True,Laya (zero-shot),False,False
3208,True,False,0.9304,0.038307680999992044,True,True,Laya (zero-shot),True,True
3209,True,False,0.7445,0.03792521200000465,True,True,Laya (zero-shot),True,True
3210,True,False,0.1186,0.038363548999996055,False,False,Laya (zero-shot),False,False
3211,True,False,0.705,0.04929388199991536,True,True,Laya (zero-shot),True,True
3212,False,False,0.5489,0.04433905100006541,True,True,Laya (zero-shot),False,False
3213,False,False,0.5031,0.03925521700000445,True,True,Laya (zero-shot),False,False
3214,True,False,0.7495,0.03973105900001883,True,True,Laya (zero-shot),True,True
3215,True,False,0.9169,0.04145668199998909,True,True,Laya (zero-shot),True,True
3216,False,False,0.3923,0.03923361300007855,False,True,Laya (zero-shot),True,False
3217,True,False,0.9769,0.039775037000026714,True,True,Laya (zero-shot),True,True
3218,True,False,0.8436,0.04075477200001387,True,True,Laya (zero-shot),True,True
3219,True,False,1.0,0.04130232100010289,True,True,Laya (zero-shot),True,True
3220,False,False,0.0704,0.03883758899996792,False,False,Laya (zero-shot),True,True
3221,False,False,0.1605,0.04506577200004358,False,False,Laya (zero-shot),True,True
3222,True,False,0.6196,0.040273167999998805,True,True,Laya (zero-shot),True,True
3223,False,False,0.2916,0.04583601100000578,False,False,Laya (zero-shot),True,True
3224,False,False,0.2904,0.04106060900005559,False,False,Laya (zero-shot),True,True
3225,True,False,0.8534,0.03674000000000888,True,True,Laya (zero-shot),True,True
3226,False,False,0.0282,0.03768955099997129,False,False,Laya (zero-shot),True,True
3227,True,False,0.8693,0.04451415400001224,True,True,Laya (zero-shot),True,True
3228,True,False,0.6891,0.03959429700000783,True,True,Laya (zero-shot),True,True
3229,True,False,0.7247,0.03906746799998473,True,True,Laya (zero-shot),True,True
3230,True,False,0.8492,0.04120290200000909,True,True,Laya (zero-shot),True,True
3231,True,False,0.3706,0.038213565999967614,False,False,Laya (zero-shot),False,False
3232,True,False,0.2535,0.038399671000092894,False,False,Laya (zero-shot),False,False
3233,True,False,0.8571,0.04095808199997464,True,True,Laya (zero-shot),True,True
3234,False,False,0.1182,0.03854047200002242,False,False,Laya (zero-shot),True,True
3235,False,False,0.0008,0.040164709999999104,False,False,Laya (zero-shot),True,True
3236,True,False,0.8745,0.05306457400001818,True,True,Laya (zero-shot),True,True
3237,True,False,0.6912,0.0552519629999324,True,True,Laya (zero-shot),True,True
3238,True,False,0.4775,0.06738427599998431,False,True,Laya (zero-shot),False,True
3239,True,False,0.8457,0.062290217999930064,True,True,Laya (zero-shot),True,True
3240,True,False,0.7495,0.054173629000047185,True,True,Laya (zero-shot),True,True
3241,True,False,0.9868,0.05330065400005424,True,True,Laya (zero-shot),True,True
3242,True,False,0.9661,0.05817193699999734,True,True,Laya (zero-shot),True,True
3243,True,False,0.8963,0.05493328600005043,True,True,Laya (zero-shot),True,True
3244,False,False,0.7268,0.055826992999982394,True,True,Laya (zero-shot),False,False
3245,True,False,0.7573,0.06224313899997469,True,True,Laya (zero-shot),True,True
3246,True,False,0.8867,0.050987246999966374,True,True,Laya (zero-shot),True,True
3247,True,False,0.9499,0.06470784099997218,True,True,Laya (zero-shot),True,True
3248,False,False,0.8951,0.053041863999965244,True,True,Laya (zero-shot),False,False
3249,True,False,0.7625,0.056370858000036606,True,True,Laya (zero-shot),True,True
3250,True,False,0.9193,0.051209247999963736,True,True,Laya (zero-shot),True,True
3251,True,False,0.3773,0.05253097100001014,False,False,Laya (zero-shot),False,False
3252,True,False,0.8096,0.05316739800002779,True,True,Laya (zero-shot),True,True
3253,True,False,0.7563,0.05692726899997069,True,True,Laya (zero-shot),True,True
3254,True,False,0.8631,0.05208407400004944,True,True,Laya (zero-shot),True,True
3255,False,False,0.8296,0.06514726199998222,True,True,Laya (zero-shot),False,False
3256,False,False,0.8143,0.04577774999995654,True,True,Laya (zero-shot),False,False
3257,True,False,0.9967,0.050007546999950137,True,True,Laya (zero-shot),True,True
3258,False,False,0.9645,0.046623616999909245,True,True,Laya (zero-shot),False,False
3259,False,False,0.0524,0.05019219300004352,False,False,Laya (zero-shot),True,True
3260,False,False,0.0972,0.055681011000046965,False,False,Laya (zero-shot),True,True
3261,True,False,0.709,0.04860757400001603,True,True,Laya (zero-shot),True,True
3262,False,False,0.1066,0.0528648480000129,False,False,Laya (zero-shot),True,True
3263,True,False,0.8029,0.053410949999943114,True,True,Laya (zero-shot),True,True
3264,True,False,0.7903,0.049627186000066104,True,True,Laya (zero-shot),True,True
3265,True,False,0.9503,0.04885338999997657,True,True,Laya (zero-shot),True,True
3266,True,False,0.7813,0.055357888000003186,True,True,Laya (zero-shot),True,True
3267,True,False,0.8229,0.05987804699998378,True,True,Laya (zero-shot),True,True
3268,True,False,0.7151,0.05968927000003532,True,True,Laya (zero-shot),True,True
3269,False,False,0.038,0.05817637899997408,False,False,Laya (zero-shot),True,True
0,False,False,0.9893,0.060998268999810534,True,True,"Laya (fine-tuned, 3k)",False,False
1,True,False,0.9906,0.04395082799987904,True,True,"Laya (fine-tuned, 3k)",True,True
2,True,False,0.9886,0.04166921900014131,True,True,"Laya (fine-tuned, 3k)",True,True
3,True,False,0.9894,0.04052616599983594,True,True,"Laya (fine-tuned, 3k)",True,True
4,True,False,0.9875,0.03789519799988739,True,True,"Laya (fine-tuned, 3k)",True,True
5,False,False,0.0102,0.04103891499994461,False,False,"Laya (fine-tuned, 3k)",True,True
6,True,False,0.9907,0.038200659999802156,True,True,"Laya (fine-tuned, 3k)",True,True
7,True,False,0.9886,0.037127544999975726,True,True,"Laya (fine-tuned, 3k)",True,True
8,True,False,0.0103,0.04366020799989201,False,False,"Laya (fine-tuned, 3k)",False,False
9,True,False,0.9901,0.039366856000015105,True,True,"Laya (fine-tuned, 3k)",True,True
10,True,False,0.9899,0.039600567999968916,True,True,"Laya (fine-tuned, 3k)",True,True
11,False,False,0.0107,0.04205753999985973,False,False,"Laya (fine-tuned, 3k)",True,True
12,True,False,0.0113,0.053498988999990615,False,False,"Laya (fine-tuned, 3k)",False,False
13,True,False,0.6001,0.038140490000159843,True,True,"Laya (fine-tuned, 3k)",True,True
14,True,False,0.9742,0.04382915399992271,True,True,"Laya (fine-tuned, 3k)",True,True
15,True,False,0.9902,0.03799482799990983,True,True,"Laya (fine-tuned, 3k)",True,True
16,True,False,0.9879,0.03848774199991567,True,True,"Laya (fine-tuned, 3k)",True,True
17,True,False,0.9894,0.04356460700000753,True,True,"Laya (fine-tuned, 3k)",True,True
18,True,False,0.8078,0.03908489900004497,True,True,"Laya (fine-tuned, 3k)",True,True
19,True,False,0.9913,0.03882287300007192,True,True,"Laya (fine-tuned, 3k)",True,True
20,False,False,0.0371,0.045246122999969884,False,False,"Laya (fine-tuned, 3k)",True,True
21,True,False,0.9886,0.04262164200008556,True,True,"Laya (fine-tuned, 3k)",True,True
22,True,False,0.989,0.03774724499999138,True,True,"Laya (fine-tuned, 3k)",True,True
23,True,False,0.9902,0.04209941700014497,True,True,"Laya (fine-tuned, 3k)",True,True
24,True,False,0.0108,0.04141967999998997,False,False,"Laya (fine-tuned, 3k)",False,False
25,True,False,0.9903,0.04100886900005207,True,True,"Laya (fine-tuned, 3k)",True,True
26,True,False,0.0101,0.041481885999928636,False,False,"Laya (fine-tuned, 3k)",False,False
27,False,False,0.0119,0.04122854299998835,False,False,"Laya (fine-tuned, 3k)",True,True
28,True,False,0.9891,0.04011679700010973,True,True,"Laya (fine-tuned, 3k)",True,True
29,True,False,0.9903,0.04589106899993567,True,True,"Laya (fine-tuned, 3k)",True,True
30,True,False,0.9902,0.04010432000018227,True,True,"Laya (fine-tuned, 3k)",True,True
31,True,False,0.9894,0.039218816999891715,True,True,"Laya (fine-tuned, 3k)",True,True
32,False,False,0.0149,0.03931081499990796,False,False,"Laya (fine-tuned, 3k)",True,True
33,True,False,0.99,0.036873723999860886,True,True,"Laya (fine-tuned, 3k)",True,True
34,True,False,0.9919,0.03901200600012089,True,True,"Laya (fine-tuned, 3k)",True,True
35,True,False,0.9898,0.044556526999940615,True,True,"Laya (fine-tuned, 3k)",True,True
36,False,False,0.6966,0.04358350400002564,True,True,"Laya (fine-tuned, 3k)",False,False
37,True,False,0.9891,0.05472316700002011,True,True,"Laya (fine-tuned, 3k)",True,True
38,False,False,0.988,0.04620079699998314,True,True,"Laya (fine-tuned, 3k)",False,False
39,False,False,0.0111,0.039153862999910416,False,False,"Laya (fine-tuned, 3k)",True,True
40,True,False,0.9879,0.04040626500000144,True,True,"Laya (fine-tuned, 3k)",True,True
41,False,False,0.0124,0.0419895610000367,False,False,"Laya (fine-tuned, 3k)",True,True
42,True,False,0.9896,0.04025490999993053,True,True,"Laya (fine-tuned, 3k)",True,True
43,False,False,0.0105,0.03899191800019253,False,False,"Laya (fine-tuned, 3k)",True,True
44,True,False,0.9902,0.047842836999961946,True,True,"Laya (fine-tuned, 3k)",True,True
45,True,False,0.9909,0.041400810999903115,True,True,"Laya (fine-tuned, 3k)",True,True
46,True,False,0.9895,0.03971709200004625,True,True,"Laya (fine-tuned, 3k)",True,True
47,True,False,0.9877,0.042094666000139114,True,True,"Laya (fine-tuned, 3k)",True,True
48,True,False,0.9901,0.040534799000170096,True,True,"Laya (fine-tuned, 3k)",True,True
49,True,False,0.9891,0.042340828000078545,True,True,"Laya (fine-tuned, 3k)",True,True
50,True,False,0.991,0.04351810899993325,True,True,"Laya (fine-tuned, 3k)",True,True
51,True,False,0.9891,0.03934848299991245,True,True,"Laya (fine-tuned, 3k)",True,True
52,False,False,0.0115,0.03998697099996207,False,False,"Laya (fine-tuned, 3k)",True,True
53,True,False,0.9904,0.040426113999956215,True,True,"Laya (fine-tuned, 3k)",True,True
54,False,False,0.0184,0.0397954509999181,False,False,"Laya (fine-tuned, 3k)",True,True
55,False,True,0.9769,0.0382402010000078,True,True,"Laya (fine-tuned, 3k)",False,False
56,True,False,0.9909,0.04402309299985063,True,True,"Laya (fine-tuned, 3k)",True,True
57,True,False,0.9689,0.03916372200001206,True,True,"Laya (fine-tuned, 3k)",True,True
58,False,False,0.018,0.039874104999853444,False,False,"Laya (fine-tuned, 3k)",True,True
59,True,False,0.9916,0.04230811000002177,True,True,"Laya (fine-tuned, 3k)",True,True
60,False,False,0.9881,0.04124739099984254,True,True,"Laya (fine-tuned, 3k)",False,False
61,False,False,0.0146,0.05414441200014153,False,False,"Laya (fine-tuned, 3k)",True,True
62,False,False,0.9894,0.04314022699986708,True,True,"Laya (fine-tuned, 3k)",False,False
63,True,False,0.9913,0.040196379000008164,True,True,"Laya (fine-tuned, 3k)",True,True
64,True,False,0.9879,0.03950773399992613,True,True,"Laya (fine-tuned, 3k)",True,True
65,True,False,0.0126,0.043295014000023,False,False,"Laya (fine-tuned, 3k)",False,False
66,True,False,0.4988,0.04073779000009381,False,True,"Laya (fine-tuned, 3k)",False,True
67,False,False,0.0119,0.042113648000167814,False,False,"Laya (fine-tuned, 3k)",True,True
68,False,False,0.4883,0.044343027999957485,False,True,"Laya (fine-tuned, 3k)",True,False
69,True,False,0.9901,0.04436405699993884,True,True,"Laya (fine-tuned, 3k)",True,True
70,True,False,0.9875,0.038537432999874,True,True,"Laya (fine-tuned, 3k)",True,True
71,True,False,0.9269,0.041514000999995915,True,True,"Laya (fine-tuned, 3k)",True,True
72,False,False,0.9887,0.04174952799985476,True,True,"Laya (fine-tuned, 3k)",False,False
73,True,False,0.9895,0.04072691500005021,True,True,"Laya (fine-tuned, 3k)",True,True
74,True,False,0.9892,0.04071721299987985,True,True,"Laya (fine-tuned, 3k)",True,True
75,True,False,0.9905,0.03837667900006636,True,True,"Laya (fine-tuned, 3k)",True,True
76,False,False,0.0175,0.03873155199994471,False,False,"Laya (fine-tuned, 3k)",True,True
77,False,False,0.0145,0.0398883160000878,False,False,"Laya (fine-tuned, 3k)",True,True
78,True,False,0.9864,0.039660889000060706,True,True,"Laya (fine-tuned, 3k)",True,True
79,False,False,0.0111,0.03875938300006965,False,False,"Laya (fine-tuned, 3k)",True,True
80,False,False,0.0138,0.042338728000004267,False,False,"Laya (fine-tuned, 3k)",True,True
81,True,False,0.9891,0.03825591100007841,True,True,"Laya (fine-tuned, 3k)",True,True
82,False,False,0.0139,0.039605665999943085,False,False,"Laya (fine-tuned, 3k)",True,True
83,True,False,0.9886,0.04283013300005223,True,True,"Laya (fine-tuned, 3k)",True,True
84,False,False,0.9907,0.039936834000172894,True,True,"Laya (fine-tuned, 3k)",False,False
85,True,False,0.9899,0.039977696000050855,True,True,"Laya (fine-tuned, 3k)",True,True
86,True,False,0.9853,0.053693776000045546,True,True,"Laya (fine-tuned, 3k)",True,True
87,True,False,0.9876,0.03863222700010738,True,True,"Laya (fine-tuned, 3k)",True,True
88,True,False,0.9902,0.037944930000094246,True,True,"Laya (fine-tuned, 3k)",True,True
89,True,False,0.9896,0.04252582200001598,True,True,"Laya (fine-tuned, 3k)",True,True
90,True,False,0.9898,0.03918690799991964,True,True,"Laya (fine-tuned, 3k)",True,True
91,True,False,0.0203,0.03846034000002874,False,False,"Laya (fine-tuned, 3k)",False,False
92,True,False,0.9886,0.04449644500004979,True,True,"Laya (fine-tuned, 3k)",True,True
93,True,False,0.989,0.044429385999819715,True,True,"Laya (fine-tuned, 3k)",True,True
94,True,False,0.9892,0.03893775699998514,True,True,"Laya (fine-tuned, 3k)",True,True
95,False,False,0.1105,0.04271273500012285,False,False,"Laya (fine-tuned, 3k)",True,True
96,True,False,0.9904,0.03974903100015581,True,True,"Laya (fine-tuned, 3k)",True,True
97,True,False,0.9879,0.04151853200005462,True,True,"Laya (fine-tuned, 3k)",True,True
98,False,False,0.0599,0.04056511499993576,False,False,"Laya (fine-tuned, 3k)",True,True
99,False,False,0.0114,0.039371195000057924,False,False,"Laya (fine-tuned, 3k)",True,True
100,True,False,0.9899,0.03851205000000846,True,True,"Laya (fine-tuned, 3k)",True,True
101,False,False,0.9883,0.03983382100000199,True,True,"Laya (fine-tuned, 3k)",False,False
102,True,False,0.9905,0.04045279299998583,True,True,"Laya (fine-tuned, 3k)",True,True
103,False,False,0.0089,0.039824946000180717,False,False,"Laya (fine-tuned, 3k)",True,True
104,True,False,0.9874,0.04413895699985915,True,True,"Laya (fine-tuned, 3k)",True,True
105,True,False,0.9896,0.0396832930000528,True,True,"Laya (fine-tuned, 3k)",True,True
106,False,False,0.0108,0.039832704999980706,False,False,"Laya (fine-tuned, 3k)",True,True
107,False,False,0.0125,0.04212801500011665,False,False,"Laya (fine-tuned, 3k)",True,True
108,False,False,0.9757,0.03814901900000223,True,True,"Laya (fine-tuned, 3k)",False,False
109,False,False,0.009,0.039399401999844486,False,False,"Laya (fine-tuned, 3k)",True,True
110,True,False,0.9895,0.0431193679999069,True,True,"Laya (fine-tuned, 3k)",True,True
111,True,False,0.9901,0.053349723000110316,True,True,"Laya (fine-tuned, 3k)",True,True
112,False,False,0.0122,0.038652667999940604,False,False,"Laya (fine-tuned, 3k)",True,True
113,True,False,0.9871,0.042848882000043886,True,True,"Laya (fine-tuned, 3k)",True,True
114,True,False,0.9891,0.040158001999998305,True,True,"Laya (fine-tuned, 3k)",True,True
115,True,False,0.9868,0.03810814000007667,True,True,"Laya (fine-tuned, 3k)",True,True
116,True,False,0.9898,0.045080224999992424,True,True,"Laya (fine-tuned, 3k)",True,True
117,True,False,0.9897,0.04669705800006341,True,True,"Laya (fine-tuned, 3k)",True,True
118,False,False,0.0107,0.039574830999981714,False,False,"Laya (fine-tuned, 3k)",True,True
119,True,False,0.0108,0.04211820299997271,False,False,"Laya (fine-tuned, 3k)",False,False
120,True,False,0.99,0.040037759000142614,True,True,"Laya (fine-tuned, 3k)",True,True
121,True,False,0.9893,0.04053421599996909,True,True,"Laya (fine-tuned, 3k)",True,True
122,False,False,0.8951,0.04039595799986273,True,True,"Laya (fine-tuned, 3k)",False,False
123,False,False,0.0131,0.03900035899982868,False,False,"Laya (fine-tuned, 3k)",True,True
124,True,False,0.9878,0.03916630300000179,True,True,"Laya (fine-tuned, 3k)",True,True
125,False,False,0.0085,0.0413895419999335,False,False,"Laya (fine-tuned, 3k)",True,True
126,False,False,0.0228,0.04003759399984119,False,False,"Laya (fine-tuned, 3k)",True,True
127,False,False,0.0103,0.03831190500000048,False,False,"Laya (fine-tuned, 3k)",True,True
128,True,False,0.9901,0.0417691330001162,True,True,"Laya (fine-tuned, 3k)",True,True
129,False,False,0.2469,0.03982168599986835,False,False,"Laya (fine-tuned, 3k)",True,True
130,True,False,0.9884,0.03907467599992742,True,True,"Laya (fine-tuned, 3k)",True,True
131,True,False,0.989,0.04022206600006939,True,True,"Laya (fine-tuned, 3k)",True,True
132,False,False,0.0089,0.03896346299984543,False,False,"Laya (fine-tuned, 3k)",True,True
133,False,False,0.6966,0.03863561399998616,True,True,"Laya (fine-tuned, 3k)",False,False
134,False,False,0.0192,0.04314649000002646,False,False,"Laya (fine-tuned, 3k)",True,True
135,True,False,0.9858,0.03967449900005704,True,True,"Laya (fine-tuned, 3k)",True,True
136,True,False,0.9881,0.052253676999953313,True,True,"Laya (fine-tuned, 3k)",True,True
137,False,False,0.0081,0.04219147599997086,False,False,"Laya (fine-tuned, 3k)",True,True
138,True,False,0.9872,0.040461198000002696,True,True,"Laya (fine-tuned, 3k)",True,True
139,False,False,0.9894,0.03999029300007351,True,True,"Laya (fine-tuned, 3k)",False,False
140,False,False,0.9897,0.0423667810000552,True,True,"Laya (fine-tuned, 3k)",False,False
141,False,False,0.0121,0.04435889799992765,False,False,"Laya (fine-tuned, 3k)",True,True
142,True,False,0.9908,0.04060590099993533,True,True,"Laya (fine-tuned, 3k)",True,True
143,True,False,0.9887,0.045165161000113585,True,True,"Laya (fine-tuned, 3k)",True,True
144,False,False,0.0116,0.041832762000012735,False,False,"Laya (fine-tuned, 3k)",True,True
145,True,False,0.2962,0.040145367999912196,False,False,"Laya (fine-tuned, 3k)",False,False
146,True,False,0.9884,0.041139316999988296,True,True,"Laya (fine-tuned, 3k)",True,True
147,True,False,0.9886,0.03937659500002155,True,True,"Laya (fine-tuned, 3k)",True,True
148,False,False,0.0119,0.0386213609999686,False,False,"Laya (fine-tuned, 3k)",True,True
149,True,False,0.9885,0.046799787999816544,True,True,"Laya (fine-tuned, 3k)",True,True
150,False,False,0.0115,0.037928794999970705,False,False,"Laya (fine-tuned, 3k)",True,True
151,True,False,0.9882,0.03779511300012928,True,True,"Laya (fine-tuned, 3k)",True,True
152,True,False,0.9888,0.03978693799990651,True,True,"Laya (fine-tuned, 3k)",True,True
153,False,False,0.0074,0.03861645799997859,False,False,"Laya (fine-tuned, 3k)",True,True
154,False,False,0.009,0.037168485000165674,False,False,"Laya (fine-tuned, 3k)",True,True
155,True,False,0.0081,0.043541121999851384,False,False,"Laya (fine-tuned, 3k)",False,False
156,False,False,0.9899,0.04053569100005916,True,True,"Laya (fine-tuned, 3k)",False,False
157,True,False,0.9867,0.04056781899998896,True,True,"Laya (fine-tuned, 3k)",True,True
158,True,False,0.9908,0.045366623000063555,True,True,"Laya (fine-tuned, 3k)",True,True
159,True,False,0.9901,0.041172870999844235,True,True,"Laya (fine-tuned, 3k)",True,True
160,True,False,0.9894,0.050404287999981534,True,True,"Laya (fine-tuned, 3k)",True,True
161,True,False,0.9909,0.046535928999901444,True,True,"Laya (fine-tuned, 3k)",True,True
162,True,False,0.9901,0.04090458299992861,True,True,"Laya (fine-tuned, 3k)",True,True
163,True,False,0.0178,0.03830706000007922,False,False,"Laya (fine-tuned, 3k)",False,False
164,False,False,0.989,0.04957224800000404,True,True,"Laya (fine-tuned, 3k)",False,False
165,False,False,0.9895,0.03842492600006153,True,True,"Laya (fine-tuned, 3k)",False,False
166,True,False,0.9877,0.03734148299986373,True,True,"Laya (fine-tuned, 3k)",True,True
167,False,False,0.0488,0.0405003379999016,False,False,"Laya (fine-tuned, 3k)",True,True
168,False,False,0.0144,0.039303516000018135,False,False,"Laya (fine-tuned, 3k)",True,True
169,False,False,0.0098,0.03972249000003103,False,False,"Laya (fine-tuned, 3k)",True,True
170,False,False,0.014,0.03981009300014193,False,False,"Laya (fine-tuned, 3k)",True,True
171,False,False,0.0091,0.038635648000081346,False,False,"Laya (fine-tuned, 3k)",True,True
172,True,False,0.9892,0.038835889999973006,True,True,"Laya (fine-tuned, 3k)",True,True
173,False,False,0.0111,0.044051716000012675,False,False,"Laya (fine-tuned, 3k)",True,True
174,True,False,0.9891,0.040365725999890856,True,True,"Laya (fine-tuned, 3k)",True,True
175,True,False,0.9883,0.03907226199999059,True,True,"Laya (fine-tuned, 3k)",True,True
176,False,False,0.9851,0.04125083199983237,True,True,"Laya (fine-tuned, 3k)",False,False
177,True,False,0.9235,0.039075470999932804,True,True,"Laya (fine-tuned, 3k)",True,True
178,False,False,0.0107,0.0397767950000798,False,False,"Laya (fine-tuned, 3k)",True,True
179,False,False,0.0104,0.045295964999922944,False,False,"Laya (fine-tuned, 3k)",True,True
180,True,False,0.0143,0.03980476200013072,False,False,"Laya (fine-tuned, 3k)",False,False
181,False,False,0.0135,0.039270082000030015,False,False,"Laya (fine-tuned, 3k)",True,True
182,True,False,0.9906,0.04376392600011059,True,True,"Laya (fine-tuned, 3k)",True,True
183,True,False,0.9889,0.03877482899997631,True,True,"Laya (fine-tuned, 3k)",True,True
184,False,False,0.9877,0.03885109300017575,True,True,"Laya (fine-tuned, 3k)",False,False
185,True,False,0.9899,0.056127061000097456,True,True,"Laya (fine-tuned, 3k)",True,True
186,True,False,0.9879,0.039902189000031285,True,True,"Laya (fine-tuned, 3k)",True,True
187,True,False,0.9901,0.037303502999975535,True,True,"Laya (fine-tuned, 3k)",True,True
188,True,False,0.9904,0.05085894900003041,True,True,"Laya (fine-tuned, 3k)",True,True
189,True,False,0.0084,0.038274608999927295,False,False,"Laya (fine-tuned, 3k)",False,False
190,True,False,0.3423,0.0386428330000399,False,False,"Laya (fine-tuned, 3k)",False,False
191,True,False,0.9903,0.04136465500005215,True,True,"Laya (fine-tuned, 3k)",True,True
192,True,False,0.9892,0.04520361100003356,True,True,"Laya (fine-tuned, 3k)",True,True
193,True,False,0.9879,0.06702606500016373,True,True,"Laya (fine-tuned, 3k)",True,True
194,True,False,0.9904,0.07120713199992679,True,True,"Laya (fine-tuned, 3k)",True,True
195,True,True,0.9889,0.057622668000021804,True,True,"Laya (fine-tuned, 3k)",True,True
196,False,False,0.9891,0.053981670999974085,True,True,"Laya (fine-tuned, 3k)",False,False
197,False,False,0.0109,0.051412796000022354,False,False,"Laya (fine-tuned, 3k)",True,True
198,False,False,0.9895,0.05348238100009439,True,True,"Laya (fine-tuned, 3k)",False,False
199,True,False,0.9847,0.050145163000024695,True,True,"Laya (fine-tuned, 3k)",True,True
200,True,True,0.9903,0.055748821999941356,True,True,"Laya (fine-tuned, 3k)",True,True
201,True,False,0.9864,0.05011135499989905,True,True,"Laya (fine-tuned, 3k)",True,True
202,True,False,0.987,0.04921847099990373,True,True,"Laya (fine-tuned, 3k)",True,True
203,False,False,0.987,0.05029264300014802,True,True,"Laya (fine-tuned, 3k)",False,False
204,True,False,0.9895,0.047328240000069854,True,True,"Laya (fine-tuned, 3k)",True,True
205,True,False,0.9889,0.05282583100006377,True,True,"Laya (fine-tuned, 3k)",True,True
206,False,False,0.0164,0.06357081700002709,False,False,"Laya (fine-tuned, 3k)",True,True
207,True,False,0.9904,0.05652839100002893,True,True,"Laya (fine-tuned, 3k)",True,True
208,False,False,0.0153,0.052586885999971855,False,False,"Laya (fine-tuned, 3k)",True,True
209,False,False,0.9698,0.056907201000058194,True,True,"Laya (fine-tuned, 3k)",False,False
210,True,False,0.9894,0.058455759000025864,True,True,"Laya (fine-tuned, 3k)",True,True
211,False,False,0.9872,0.05599432200006049,True,True,"Laya (fine-tuned, 3k)",False,False
212,False,False,0.0128,0.054483819999859406,False,False,"Laya (fine-tuned, 3k)",True,True
213,True,False,0.9868,0.05131452599994191,True,True,"Laya (fine-tuned, 3k)",True,True
214,False,False,0.9527,0.05299961300011091,True,True,"Laya (fine-tuned, 3k)",False,False
215,True,False,0.9895,0.049446776999957365,True,True,"Laya (fine-tuned, 3k)",True,True
216,False,False,0.9873,0.04956240199999229,True,True,"Laya (fine-tuned, 3k)",False,False
217,True,False,0.9889,0.04766105199996673,True,True,"Laya (fine-tuned, 3k)",True,True
218,True,False,0.5942,0.047633134000079735,True,True,"Laya (fine-tuned, 3k)",True,True
219,True,False,0.9896,0.053461641000012605,True,True,"Laya (fine-tuned, 3k)",True,True
220,False,False,0.9899,0.04526721499996711,True,True,"Laya (fine-tuned, 3k)",False,False
221,False,False,0.9807,0.049776151000060054,True,True,"Laya (fine-tuned, 3k)",False,False
222,False,False,0.0093,0.0632000349999089,False,False,"Laya (fine-tuned, 3k)",True,True
223,False,False,0.0096,0.060152819999984786,False,False,"Laya (fine-tuned, 3k)",True,True
224,True,False,0.9895,0.05992871500006913,True,True,"Laya (fine-tuned, 3k)",True,True
225,False,False,0.9889,0.06625446599991847,True,True,"Laya (fine-tuned, 3k)",False,False
226,True,False,0.99,0.06487614299999223,True,True,"Laya (fine-tuned, 3k)",True,True
227,True,False,0.9886,0.054140592000067045,True,True,"Laya (fine-tuned, 3k)",True,True
228,True,False,0.0116,0.05892787500010854,False,False,"Laya (fine-tuned, 3k)",False,False
229,False,False,0.9909,0.05139496400011012,True,True,"Laya (fine-tuned, 3k)",False,False
230,True,False,0.1793,0.05413196099993911,False,False,"Laya (fine-tuned, 3k)",False,False
231,True,False,0.9907,0.05384954300006939,True,True,"Laya (fine-tuned, 3k)",True,True
232,True,False,0.99,0.06496371599996564,True,True,"Laya (fine-tuned, 3k)",True,True
233,False,False,0.9902,0.05948023500013733,True,True,"Laya (fine-tuned, 3k)",False,False
234,True,False,0.9895,0.06969581499993183,True,True,"Laya (fine-tuned, 3k)",True,True
235,False,False,0.0113,0.06486838399996486,False,False,"Laya (fine-tuned, 3k)",True,True
236,False,False,0.0099,0.06118075199992745,False,False,"Laya (fine-tuned, 3k)",True,True
237,True,False,0.9846,0.06071418300007281,True,True,"Laya (fine-tuned, 3k)",True,True
238,True,False,0.9887,0.06261478700002954,True,True,"Laya (fine-tuned, 3k)",True,True
239,False,False,0.0132,0.039705047999859744,False,False,"Laya (fine-tuned, 3k)",True,True
240,True,False,0.9879,0.04245718400011356,True,True,"Laya (fine-tuned, 3k)",True,True
241,True,False,0.9892,0.041985316999898714,True,True,"Laya (fine-tuned, 3k)",True,True
242,False,False,0.9881,0.037498411999877135,True,True,"Laya (fine-tuned, 3k)",False,False
243,False,False,0.0119,0.04620225300004677,False,False,"Laya (fine-tuned, 3k)",True,True
244,True,False,0.9895,0.04064263500004017,True,True,"Laya (fine-tuned, 3k)",True,True
245,True,False,0.9903,0.0532843230000708,True,True,"Laya (fine-tuned, 3k)",True,True
246,False,False,0.0111,0.04222982999999658,False,False,"Laya (fine-tuned, 3k)",True,True
247,True,False,0.9904,0.03930961700007174,True,True,"Laya (fine-tuned, 3k)",True,True
248,True,False,0.9901,0.03976199799990354,True,True,"Laya (fine-tuned, 3k)",True,True
249,True,False,0.9873,0.042556685999898036,True,True,"Laya (fine-tuned, 3k)",True,True
250,True,False,0.9889,0.03899215699993874,True,True,"Laya (fine-tuned, 3k)",True,True
251,True,False,0.9884,0.03858882300005462,True,True,"Laya (fine-tuned, 3k)",True,True
252,True,False,0.99,0.04220404900001995,True,True,"Laya (fine-tuned, 3k)",True,True
253,True,False,0.9898,0.03878382700008842,True,True,"Laya (fine-tuned, 3k)",True,True
254,True,False,0.2726,0.04144067500010351,False,False,"Laya (fine-tuned, 3k)",False,False
255,True,False,0.9883,0.03976119699996161,True,True,"Laya (fine-tuned, 3k)",True,True
256,True,False,0.9896,0.03876610800011804,True,True,"Laya (fine-tuned, 3k)",True,True
257,True,False,0.9867,0.03855054200016639,True,True,"Laya (fine-tuned, 3k)",True,True
258,False,False,0.0093,0.04035959700013336,False,False,"Laya (fine-tuned, 3k)",True,True
259,False,False,0.0115,0.040053553000007014,False,False,"Laya (fine-tuned, 3k)",True,True
260,False,False,0.9917,0.03873352200002955,True,True,"Laya (fine-tuned, 3k)",False,False
261,True,False,0.9883,0.04039503100011643,True,True,"Laya (fine-tuned, 3k)",True,True
262,True,False,0.9884,0.03832318099989607,True,True,"Laya (fine-tuned, 3k)",True,True
263,True,False,0.9835,0.03841092499988008,True,True,"Laya (fine-tuned, 3k)",True,True
264,True,False,0.9904,0.04442256299989822,True,True,"Laya (fine-tuned, 3k)",True,True
265,True,False,0.9887,0.04165626199983308,True,True,"Laya (fine-tuned, 3k)",True,True
266,True,False,0.9903,0.040559364000046116,True,True,"Laya (fine-tuned, 3k)",True,True
267,True,False,0.9886,0.043791028999976334,True,True,"Laya (fine-tuned, 3k)",True,True
268,False,False,0.0183,0.04326487899993481,False,False,"Laya (fine-tuned, 3k)",True,True
269,False,False,0.0102,0.03710140600014711,False,False,"Laya (fine-tuned, 3k)",True,True
270,True,False,0.4187,0.056052678000014566,False,False,"Laya (fine-tuned, 3k)",False,False
271,False,False,0.0107,0.04324479000001702,False,False,"Laya (fine-tuned, 3k)",True,True
272,False,False,0.9896,0.03967638500012072,True,True,"Laya (fine-tuned, 3k)",False,False
273,True,False,0.9898,0.043591793999894435,True,True,"Laya (fine-tuned, 3k)",True,True
274,True,False,0.9873,0.03911252600005355,True,True,"Laya (fine-tuned, 3k)",True,True
275,False,False,0.0155,0.040201733000003514,False,False,"Laya (fine-tuned, 3k)",True,True
276,False,True,0.9898,0.04487268100001529,True,True,"Laya (fine-tuned, 3k)",False,False
277,False,False,0.014,0.039300797000123566,False,False,"Laya (fine-tuned, 3k)",True,True
278,True,False,0.9881,0.04024881899999855,True,True,"Laya (fine-tuned, 3k)",True,True
279,True,False,0.9907,0.0420666310001252,True,True,"Laya (fine-tuned, 3k)",True,True
280,True,False,0.9894,0.03847833700001502,True,True,"Laya (fine-tuned, 3k)",True,True
281,True,False,0.9898,0.03830729500009511,True,True,"Laya (fine-tuned, 3k)",True,True
282,False,False,0.0136,0.04114401600008932,False,False,"Laya (fine-tuned, 3k)",True,True
283,True,False,0.9889,0.040968075000137105,True,True,"Laya (fine-tuned, 3k)",True,True
284,False,False,0.0075,0.03674501900013638,False,False,"Laya (fine-tuned, 3k)",True,True
285,True,False,0.9848,0.04273335500010944,True,True,"Laya (fine-tuned, 3k)",True,True
286,True,False,0.9884,0.03924622299996372,True,True,"Laya (fine-tuned, 3k)",True,True
287,True,False,0.9885,0.03749302999995052,True,True,"Laya (fine-tuned, 3k)",True,True
288,True,False,0.9889,0.04193352800007233,True,True,"Laya (fine-tuned, 3k)",True,True
289,False,False,0.9896,0.04244775200004369,True,True,"Laya (fine-tuned, 3k)",False,False
290,False,False,0.0148,0.04209917000002861,False,False,"Laya (fine-tuned, 3k)",True,True
291,False,False,0.0161,0.05210166599999866,False,False,"Laya (fine-tuned, 3k)",True,True
292,True,False,0.9903,0.04065204599987737,True,True,"Laya (fine-tuned, 3k)",True,True
293,False,False,0.0108,0.040955950999887136,False,False,"Laya (fine-tuned, 3k)",True,True
294,False,False,0.99,0.048539763999997376,True,True,"Laya (fine-tuned, 3k)",False,False
295,True,False,0.9884,0.05072476100008316,True,True,"Laya (fine-tuned, 3k)",True,True
296,True,False,0.991,0.044138231000033556,True,True,"Laya (fine-tuned, 3k)",True,True
297,True,False,0.0137,0.04367316999991999,False,False,"Laya (fine-tuned, 3k)",False,False
298,False,False,0.0108,0.03978073099983703,False,False,"Laya (fine-tuned, 3k)",True,True
299,True,False,0.9887,0.038169560999904206,True,True,"Laya (fine-tuned, 3k)",True,True
300,False,False,0.0109,0.042881970000053116,False,False,"Laya (fine-tuned, 3k)",True,True
301,False,False,0.9872,0.03833265699995536,True,True,"Laya (fine-tuned, 3k)",False,False
302,False,False,0.0112,0.03910202199995183,False,False,"Laya (fine-tuned, 3k)",True,True
303,True,False,0.99,0.042456691999859686,True,True,"Laya (fine-tuned, 3k)",True,True
304,False,False,0.0111,0.038273730000128126,False,False,"Laya (fine-tuned, 3k)",True,True
305,True,False,0.9899,0.04077718899998217,True,True,"Laya (fine-tuned, 3k)",True,True
306,True,False,0.9895,0.04297901700010698,True,True,"Laya (fine-tuned, 3k)",True,True
307,True,False,0.9897,0.040897371000028215,True,True,"Laya (fine-tuned, 3k)",True,True
308,False,False,0.0141,0.040685721000045305,False,False,"Laya (fine-tuned, 3k)",True,True
309,True,False,0.9876,0.0430536620001476,True,True,"Laya (fine-tuned, 3k)",True,True
310,True,False,0.991,0.03912622500001817,True,True,"Laya (fine-tuned, 3k)",True,True
311,False,False,0.0089,0.038644865999913236,False,False,"Laya (fine-tuned, 3k)",True,True
312,False,False,0.0127,0.04115134099993156,False,False,"Laya (fine-tuned, 3k)",True,True
313,True,False,0.9903,0.03959056899998359,True,True,"Laya (fine-tuned, 3k)",True,True
314,True,False,0.9884,0.03976326599990898,True,True,"Laya (fine-tuned, 3k)",True,True
315,True,False,0.9228,0.04883020200009014,True,True,"Laya (fine-tuned, 3k)",True,True
316,False,False,0.0121,0.03882591699994009,False,False,"Laya (fine-tuned, 3k)",True,True
317,True,False,0.0165,0.039155801999868345,False,False,"Laya (fine-tuned, 3k)",False,False
318,True,False,0.9902,0.041582577999861314,True,True,"Laya (fine-tuned, 3k)",True,True
319,True,False,0.9911,0.05323590799980593,True,True,"Laya (fine-tuned, 3k)",True,True
320,True,False,0.1394,0.03886609699998189,False,False,"Laya (fine-tuned, 3k)",False,False
321,True,False,0.9888,0.040813740999965376,True,True,"Laya (fine-tuned, 3k)",True,True
322,True,False,0.9918,0.038087896000206456,True,True,"Laya (fine-tuned, 3k)",True,True
323,True,False,0.9898,0.036239997999928164,True,True,"Laya (fine-tuned, 3k)",True,True
324,True,False,0.0113,0.040873705999956655,False,False,"Laya (fine-tuned, 3k)",False,False
325,True,False,0.9881,0.03790997300006893,True,True,"Laya (fine-tuned, 3k)",True,True
326,False,False,0.0089,0.0401132949998555,False,False,"Laya (fine-tuned, 3k)",True,True
327,False,False,0.9898,0.04085316999999122,True,True,"Laya (fine-tuned, 3k)",False,False
328,True,False,0.9897,0.03910148699992533,True,True,"Laya (fine-tuned, 3k)",True,True
329,True,False,0.9914,0.03950331700002607,True,True,"Laya (fine-tuned, 3k)",True,True
330,True,False,0.9891,0.04454470899986518,True,True,"Laya (fine-tuned, 3k)",True,True
331,True,False,0.9884,0.038908849999870654,True,True,"Laya (fine-tuned, 3k)",True,True
332,True,False,0.987,0.04054971100003968,True,True,"Laya (fine-tuned, 3k)",True,True
333,True,False,0.9894,0.04008861000011166,True,True,"Laya (fine-tuned, 3k)",True,True
334,False,False,0.0128,0.03952300000014475,False,False,"Laya (fine-tuned, 3k)",True,True
335,False,False,0.013,0.04065522500013685,False,False,"Laya (fine-tuned, 3k)",True,True
336,True,False,0.7211,0.04077637499995035,True,True,"Laya (fine-tuned, 3k)",True,True
337,True,False,0.9905,0.039680628000041906,True,True,"Laya (fine-tuned, 3k)",True,True
338,True,False,0.6129,0.04005647799999679,True,True,"Laya (fine-tuned, 3k)",True,True
339,False,False,0.9875,0.048244887999999264,True,True,"Laya (fine-tuned, 3k)",False,False
340,True,False,0.99,0.03933776600001693,True,True,"Laya (fine-tuned, 3k)",True,True
341,False,False,0.0118,0.038514657000177976,False,False,"Laya (fine-tuned, 3k)",True,True
342,True,False,0.0132,0.04507139199995436,False,False,"Laya (fine-tuned, 3k)",False,False
343,True,False,0.0472,0.04002664499989805,False,False,"Laya (fine-tuned, 3k)",False,False
344,True,False,0.987,0.05033079700001508,True,True,"Laya (fine-tuned, 3k)",True,True
345,True,False,0.9886,0.0448189060000459,True,True,"Laya (fine-tuned, 3k)",True,True
346,True,False,0.9917,0.039755380000087825,True,True,"Laya (fine-tuned, 3k)",True,True
347,True,False,0.9904,0.03833213200005048,True,True,"Laya (fine-tuned, 3k)",True,True
348,True,False,0.9896,0.04392294500007665,True,True,"Laya (fine-tuned, 3k)",True,True
349,True,False,0.0139,0.03961895399993409,False,False,"Laya (fine-tuned, 3k)",False,False
350,False,False,0.0126,0.0391977520000637,False,False,"Laya (fine-tuned, 3k)",True,True
351,False,False,0.0125,0.04134277699995437,False,False,"Laya (fine-tuned, 3k)",True,True
352,True,False,0.989,0.03836228399995889,True,True,"Laya (fine-tuned, 3k)",True,True
353,True,False,0.9877,0.03931577200000902,True,True,"Laya (fine-tuned, 3k)",True,True
354,False,False,0.9897,0.04106295099995805,True,True,"Laya (fine-tuned, 3k)",False,False
355,False,False,0.0145,0.04210997400014094,False,False,"Laya (fine-tuned, 3k)",True,True
356,True,False,0.9894,0.04122434400005659,True,True,"Laya (fine-tuned, 3k)",True,True
357,False,False,0.9908,0.04026743499980512,True,True,"Laya (fine-tuned, 3k)",False,False
358,True,False,0.9891,0.037692915999969046,True,True,"Laya (fine-tuned, 3k)",True,True
359,False,False,0.009,0.04027140699986376,False,False,"Laya (fine-tuned, 3k)",True,True
360,True,False,0.9884,0.045146168999963265,True,True,"Laya (fine-tuned, 3k)",True,True
361,True,False,0.9897,0.04225200800010498,True,True,"Laya (fine-tuned, 3k)",True,True
362,True,False,0.9786,0.04066382400014845,True,True,"Laya (fine-tuned, 3k)",True,True
363,False,False,0.0117,0.05354792399998587,False,False,"Laya (fine-tuned, 3k)",True,True
364,True,False,0.9893,0.03827017599996907,True,True,"Laya (fine-tuned, 3k)",True,True
365,False,False,0.9892,0.038000342000032106,True,True,"Laya (fine-tuned, 3k)",False,False
366,True,False,0.9824,0.04083830600006877,True,True,"Laya (fine-tuned, 3k)",True,True
367,False,False,0.0106,0.039232388000073115,False,False,"Laya (fine-tuned, 3k)",True,True
368,True,False,0.9902,0.03834366399996725,True,True,"Laya (fine-tuned, 3k)",True,True
369,False,False,0.0177,0.054620624000108364,False,False,"Laya (fine-tuned, 3k)",True,True
370,False,False,0.9898,0.038599254999780896,True,True,"Laya (fine-tuned, 3k)",False,False
371,True,False,0.9903,0.03680864700004349,True,True,"Laya (fine-tuned, 3k)",True,True
372,True,False,0.9908,0.041923809000081746,True,True,"Laya (fine-tuned, 3k)",True,True
373,False,False,0.0139,0.03684876799979975,False,False,"Laya (fine-tuned, 3k)",True,True
374,True,False,0.9897,0.037909500000068874,True,True,"Laya (fine-tuned, 3k)",True,True
375,True,False,0.9885,0.03919561600014276,True,True,"Laya (fine-tuned, 3k)",True,True
376,True,False,0.9902,0.038519485999813696,True,True,"Laya (fine-tuned, 3k)",True,True
377,True,False,0.9891,0.03952290500001254,True,True,"Laya (fine-tuned, 3k)",True,True
378,True,False,0.9881,0.041979059000141206,True,True,"Laya (fine-tuned, 3k)",True,True
379,True,False,0.9897,0.0394203020000532,True,True,"Laya (fine-tuned, 3k)",True,True
380,True,False,0.9889,0.04282014399996115,True,True,"Laya (fine-tuned, 3k)",True,True
381,True,False,0.9909,0.04123459099992033,True,True,"Laya (fine-tuned, 3k)",True,True
382,True,False,0.9893,0.04024543400009861,True,True,"Laya (fine-tuned, 3k)",True,True
383,True,False,0.9902,0.03943526000011843,True,True,"Laya (fine-tuned, 3k)",True,True
384,True,False,0.0161,0.04605736700000307,False,False,"Laya (fine-tuned, 3k)",False,False
385,True,False,0.9901,0.040920455000104994,True,True,"Laya (fine-tuned, 3k)",True,True
386,True,False,0.9896,0.04027842599998621,True,True,"Laya (fine-tuned, 3k)",True,True
387,False,False,0.9882,0.04938898900013555,True,True,"Laya (fine-tuned, 3k)",False,False
388,True,False,0.0132,0.038257542000110334,False,False,"Laya (fine-tuned, 3k)",False,False
389,True,False,0.9879,0.03662461199996869,True,True,"Laya (fine-tuned, 3k)",True,True
390,True,False,0.9882,0.04173510699979488,True,True,"Laya (fine-tuned, 3k)",True,True
391,True,False,0.9894,0.03968823800005339,True,True,"Laya (fine-tuned, 3k)",True,True
392,True,False,0.9883,0.03973190000010618,True,True,"Laya (fine-tuned, 3k)",True,True
393,False,False,0.0137,0.041331856000169864,False,False,"Laya (fine-tuned, 3k)",True,True
394,False,False,0.9899,0.05487141399999018,True,True,"Laya (fine-tuned, 3k)",False,False
395,False,False,0.9885,0.03727366400016763,True,True,"Laya (fine-tuned, 3k)",False,False
396,False,False,0.0185,0.04310372500003723,False,False,"Laya (fine-tuned, 3k)",True,True
397,False,False,0.0131,0.038528825999947,False,False,"Laya (fine-tuned, 3k)",True,True
398,True,False,0.9893,0.039080648999970435,True,True,"Laya (fine-tuned, 3k)",True,True
399,True,False,0.9862,0.040787746000205516,True,True,"Laya (fine-tuned, 3k)",True,True
400,True,False,0.0083,0.03769085799990535,False,False,"Laya (fine-tuned, 3k)",False,False
401,False,False,0.0109,0.037202072999889424,False,False,"Laya (fine-tuned, 3k)",True,True
402,True,False,0.9896,0.0459423180000158,True,True,"Laya (fine-tuned, 3k)",True,True
403,False,False,0.0117,0.04345068500015259,False,False,"Laya (fine-tuned, 3k)",True,True
404,False,False,0.0108,0.04625818199997411,False,False,"Laya (fine-tuned, 3k)",True,True
405,False,False,0.9895,0.041499178000094616,True,True,"Laya (fine-tuned, 3k)",False,False
406,True,False,0.0152,0.03963987499992072,False,False,"Laya (fine-tuned, 3k)",False,False
407,True,False,0.9898,0.037705084999970495,True,True,"Laya (fine-tuned, 3k)",True,True
408,True,False,0.9906,0.04064120799989723,True,True,"Laya (fine-tuned, 3k)",True,True
409,True,False,0.9909,0.04035733099999561,True,True,"Laya (fine-tuned, 3k)",True,True
410,True,False,0.9888,0.04051539500005674,True,True,"Laya (fine-tuned, 3k)",True,True
411,False,False,0.7676,0.05023006900000837,True,True,"Laya (fine-tuned, 3k)",False,False
412,True,False,0.99,0.03959841799996866,True,True,"Laya (fine-tuned, 3k)",True,True
413,False,False,0.0108,0.03883944600011091,False,False,"Laya (fine-tuned, 3k)",True,True
414,False,False,0.0133,0.044495320000123684,False,False,"Laya (fine-tuned, 3k)",True,True
415,False,False,0.0141,0.04113940100000946,False,False,"Laya (fine-tuned, 3k)",True,True
416,False,False,0.0138,0.04008417299996836,False,False,"Laya (fine-tuned, 3k)",True,True
417,True,False,0.9902,0.044037501000047996,True,True,"Laya (fine-tuned, 3k)",True,True
418,True,False,0.9893,0.045107309000059104,True,True,"Laya (fine-tuned, 3k)",True,True
419,True,False,0.9894,0.04709314000001541,True,True,"Laya (fine-tuned, 3k)",True,True
420,False,False,0.0129,0.04313755299995137,False,False,"Laya (fine-tuned, 3k)",True,True
421,True,False,0.9888,0.0397984799999449,True,True,"Laya (fine-tuned, 3k)",True,True
422,False,False,0.1289,0.03946096000004218,False,False,"Laya (fine-tuned, 3k)",True,True
423,False,False,0.0162,0.04088394399991557,False,False,"Laya (fine-tuned, 3k)",True,True
424,True,False,0.991,0.03899513499982277,True,True,"Laya (fine-tuned, 3k)",True,True
425,False,False,0.9895,0.03994234799984042,True,True,"Laya (fine-tuned, 3k)",False,False
426,False,False,0.987,0.04221705200006909,True,True,"Laya (fine-tuned, 3k)",False,False
427,False,False,0.0154,0.039276953999888065,False,False,"Laya (fine-tuned, 3k)",True,True
428,True,False,0.9897,0.04259360400010337,True,True,"Laya (fine-tuned, 3k)",True,True
429,True,False,0.9066,0.04117648999999801,True,True,"Laya (fine-tuned, 3k)",True,True
430,True,False,0.3964,0.039804507999861016,False,False,"Laya (fine-tuned, 3k)",False,False
431,True,False,0.9897,0.03883730799998375,True,True,"Laya (fine-tuned, 3k)",True,True
432,True,False,0.989,0.04149007499995605,True,True,"Laya (fine-tuned, 3k)",True,True
433,False,False,0.0105,0.03935819499997706,False,False,"Laya (fine-tuned, 3k)",True,True
434,False,False,0.9882,0.03950290700004189,True,True,"Laya (fine-tuned, 3k)",False,False
435,False,False,0.9906,0.04843523199997435,True,True,"Laya (fine-tuned, 3k)",False,False
436,False,False,0.0339,0.03895837400000346,False,False,"Laya (fine-tuned, 3k)",True,True
437,True,False,0.9886,0.038954142000193315,True,True,"Laya (fine-tuned, 3k)",True,True
438,True,False,0.9898,0.04320219099986389,True,True,"Laya (fine-tuned, 3k)",True,True
439,True,False,0.9904,0.04056183900001997,True,True,"Laya (fine-tuned, 3k)",True,True
440,False,False,0.0095,0.03921032599987484,False,False,"Laya (fine-tuned, 3k)",True,True
441,True,False,0.9875,0.04165258199986965,True,True,"Laya (fine-tuned, 3k)",True,True
442,True,False,0.9905,0.03813604799984205,True,True,"Laya (fine-tuned, 3k)",True,True
443,True,False,0.9903,0.04356508399996528,True,True,"Laya (fine-tuned, 3k)",True,True
444,True,False,0.0499,0.04771772300000521,False,False,"Laya (fine-tuned, 3k)",False,False
445,True,False,0.9872,0.03709213299998737,True,True,"Laya (fine-tuned, 3k)",True,True
446,False,False,0.9894,0.03964029999997365,True,True,"Laya (fine-tuned, 3k)",False,False
447,True,False,0.9903,0.04079246900005273,True,True,"Laya (fine-tuned, 3k)",True,True
448,True,False,0.9893,0.03834418199994616,True,True,"Laya (fine-tuned, 3k)",True,True
449,False,False,0.9891,0.03919264499995734,True,True,"Laya (fine-tuned, 3k)",False,False
450,False,False,0.9905,0.0403284149999763,True,True,"Laya (fine-tuned, 3k)",False,False
451,True,False,0.9885,0.03854858300019259,True,True,"Laya (fine-tuned, 3k)",True,True
452,False,False,0.01,0.04162251599996125,False,False,"Laya (fine-tuned, 3k)",True,True
453,True,False,0.99,0.04398381900000459,True,True,"Laya (fine-tuned, 3k)",True,True
454,True,False,0.9894,0.039649522999980036,True,True,"Laya (fine-tuned, 3k)",True,True
455,True,False,0.3239,0.03895786899988707,False,False,"Laya (fine-tuned, 3k)",False,False
456,False,False,0.0082,0.041650370999832376,False,False,"Laya (fine-tuned, 3k)",True,True
457,True,False,0.9888,0.037947638999867195,True,True,"Laya (fine-tuned, 3k)",True,True
458,True,False,0.9883,0.03900462299998253,True,True,"Laya (fine-tuned, 3k)",True,True
459,True,False,0.9904,0.04798754800003735,True,True,"Laya (fine-tuned, 3k)",True,True
460,True,False,0.9894,0.04056000600007792,True,True,"Laya (fine-tuned, 3k)",True,True
461,True,False,0.9899,0.03886644899989733,True,True,"Laya (fine-tuned, 3k)",True,True
462,True,False,0.9897,0.04109319100007269,True,True,"Laya (fine-tuned, 3k)",True,True
463,False,False,0.0136,0.038459306999811815,False,False,"Laya (fine-tuned, 3k)",True,True
464,False,False,0.0138,0.038590648000081273,False,False,"Laya (fine-tuned, 3k)",True,True
465,True,False,0.0137,0.04145617099993615,False,False,"Laya (fine-tuned, 3k)",False,False
466,True,False,0.0102,0.041488549999940005,False,False,"Laya (fine-tuned, 3k)",False,False
467,False,False,0.0154,0.03907715900004405,False,False,"Laya (fine-tuned, 3k)",True,True
468,True,False,0.9883,0.0420774970000366,True,True,"Laya (fine-tuned, 3k)",True,True
469,True,False,0.9903,0.053328613000076075,True,True,"Laya (fine-tuned, 3k)",True,True
470,True,False,0.9901,0.042154055000082735,True,True,"Laya (fine-tuned, 3k)",True,True
471,True,False,0.9895,0.040665565999916,True,True,"Laya (fine-tuned, 3k)",True,True
472,True,False,0.9913,0.03764044200011085,True,True,"Laya (fine-tuned, 3k)",True,True
473,True,False,0.9884,0.040258710999978575,True,True,"Laya (fine-tuned, 3k)",True,True
474,True,False,0.0111,0.03971450700009882,False,False,"Laya (fine-tuned, 3k)",False,False
475,True,False,0.99,0.03757694299997638,True,True,"Laya (fine-tuned, 3k)",True,True
476,False,False,0.0129,0.03896826200002579,False,False,"Laya (fine-tuned, 3k)",True,True
477,True,False,0.9884,0.041709674999992785,True,True,"Laya (fine-tuned, 3k)",True,True
478,False,False,0.9906,0.05276652399993509,True,True,"Laya (fine-tuned, 3k)",False,False
479,False,False,0.0102,0.06636050300016905,False,False,"Laya (fine-tuned, 3k)",True,True
480,False,False,0.0142,0.06368332200008808,False,False,"Laya (fine-tuned, 3k)",True,True
481,False,False,0.0088,0.0569885779998458,False,False,"Laya (fine-tuned, 3k)",True,True
482,True,False,0.9893,0.05791582200004086,True,True,"Laya (fine-tuned, 3k)",True,True
483,False,False,0.0105,0.04981572099995901,False,False,"Laya (fine-tuned, 3k)",True,True
484,True,False,0.9888,0.05565179999985048,True,True,"Laya (fine-tuned, 3k)",True,True
485,True,False,0.9907,0.04852101699998457,True,True,"Laya (fine-tuned, 3k)",True,True
486,False,False,0.9834,0.05586285300000782,True,True,"Laya (fine-tuned, 3k)",False,False
487,True,False,0.9903,0.05132252599992171,True,True,"Laya (fine-tuned, 3k)",True,True
488,False,False,0.0201,0.05037903099992036,False,False,"Laya (fine-tuned, 3k)",True,True
489,False,False,0.0091,0.059169550999968124,False,False,"Laya (fine-tuned, 3k)",True,True
490,False,False,0.0127,0.05880152499980795,False,False,"Laya (fine-tuned, 3k)",True,True
491,True,False,0.9895,0.05738589499992486,True,True,"Laya (fine-tuned, 3k)",True,True
492,True,False,0.9901,0.05181825799991202,True,True,"Laya (fine-tuned, 3k)",True,True
493,False,False,0.014,0.05259255800001483,False,False,"Laya (fine-tuned, 3k)",True,True
494,True,False,0.9887,0.05018472799997653,True,True,"Laya (fine-tuned, 3k)",True,True
495,True,False,0.9907,0.05904354599988437,True,True,"Laya (fine-tuned, 3k)",True,True
496,True,False,0.9919,0.04975931300009506,True,True,"Laya (fine-tuned, 3k)",True,True
497,True,False,0.9869,0.05226410599993869,True,True,"Laya (fine-tuned, 3k)",True,True
498,False,False,0.0132,0.05158629800007475,False,False,"Laya (fine-tuned, 3k)",True,True
499,False,False,0.0089,0.05840810900008364,False,False,"Laya (fine-tuned, 3k)",True,True
500,False,False,0.0119,0.06663823100006994,False,False,"Laya (fine-tuned, 3k)",True,True
501,True,False,0.9896,0.05738583199990899,True,True,"Laya (fine-tuned, 3k)",True,True
502,True,False,0.9896,0.053301975000067614,True,True,"Laya (fine-tuned, 3k)",True,True
503,True,False,0.0129,0.05240144100002908,False,False,"Laya (fine-tuned, 3k)",False,False
504,False,False,0.0161,0.04716349599993919,False,False,"Laya (fine-tuned, 3k)",True,True
505,True,False,0.9901,0.054270157000019026,True,True,"Laya (fine-tuned, 3k)",True,True
506,False,False,0.0219,0.04818512000019837,False,False,"Laya (fine-tuned, 3k)",True,True
507,False,False,0.014,0.05060174000004736,False,False,"Laya (fine-tuned, 3k)",True,True
508,False,False,0.011,0.05356854299998304,False,False,"Laya (fine-tuned, 3k)",True,True
509,False,False,0.9893,0.056704102000139756,True,True,"Laya (fine-tuned, 3k)",False,False
510,True,False,0.9874,0.06988984300005541,True,True,"Laya (fine-tuned, 3k)",True,True
511,False,False,0.0177,0.06156798200004232,False,False,"Laya (fine-tuned, 3k)",True,True
512,False,False,0.0143,0.06045772599986776,False,False,"Laya (fine-tuned, 3k)",True,True
513,True,False,0.9895,0.06448153999986062,True,True,"Laya (fine-tuned, 3k)",True,True
514,True,False,0.986,0.050636215999929846,True,True,"Laya (fine-tuned, 3k)",True,True
515,False,False,0.9908,0.059290697000051296,True,True,"Laya (fine-tuned, 3k)",False,False
516,False,False,0.9878,0.0501707930000066,True,True,"Laya (fine-tuned, 3k)",False,False
517,False,False,0.9781,0.05347833699988769,True,True,"Laya (fine-tuned, 3k)",False,False
518,True,False,0.9905,0.05538487199987685,True,True,"Laya (fine-tuned, 3k)",True,True
519,True,False,0.9894,0.06130621799979963,True,True,"Laya (fine-tuned, 3k)",True,True
520,False,False,0.9875,0.06686661999992793,True,True,"Laya (fine-tuned, 3k)",False,False
521,True,False,0.9905,0.06444607200000974,True,True,"Laya (fine-tuned, 3k)",True,True
522,True,False,0.9901,0.07050936499990712,True,True,"Laya (fine-tuned, 3k)",True,True
523,True,False,0.9887,0.0687930020001204,True,True,"Laya (fine-tuned, 3k)",True,True
524,True,False,0.9899,0.05861083099989628,True,True,"Laya (fine-tuned, 3k)",True,True
525,False,False,0.0117,0.061192965000145705,False,False,"Laya (fine-tuned, 3k)",True,True
526,False,False,0.0131,0.0698026759998811,False,False,"Laya (fine-tuned, 3k)",True,True
527,True,False,0.9894,0.05239599500009717,True,True,"Laya (fine-tuned, 3k)",True,True
528,True,False,0.9917,0.03913113399994472,True,True,"Laya (fine-tuned, 3k)",True,True
529,True,False,0.9896,0.03806282499999725,True,True,"Laya (fine-tuned, 3k)",True,True
530,False,False,0.0107,0.04018408900014947,False,False,"Laya (fine-tuned, 3k)",True,True
531,False,False,0.9901,0.03857238899990989,True,True,"Laya (fine-tuned, 3k)",False,False
532,False,False,0.0181,0.03822287100001631,False,False,"Laya (fine-tuned, 3k)",True,True
533,False,False,0.9884,0.04154544699986218,True,True,"Laya (fine-tuned, 3k)",False,False
534,True,False,0.991,0.038981315000000905,True,True,"Laya (fine-tuned, 3k)",True,True
535,True,False,0.0426,0.04560979400002907,False,False,"Laya (fine-tuned, 3k)",False,False
536,False,False,0.0089,0.044811863999939305,False,False,"Laya (fine-tuned, 3k)",True,True
537,True,False,0.9896,0.04281243699983861,True,True,"Laya (fine-tuned, 3k)",True,True
538,True,False,0.989,0.04070803199988404,True,True,"Laya (fine-tuned, 3k)",True,True
539,True,False,0.9906,0.04131326999981866,True,True,"Laya (fine-tuned, 3k)",True,True
540,True,False,0.9876,0.040572759000042424,True,True,"Laya (fine-tuned, 3k)",True,True
541,True,False,0.855,0.03827295599990066,True,True,"Laya (fine-tuned, 3k)",True,True
542,True,False,0.9893,0.04356382399987524,True,True,"Laya (fine-tuned, 3k)",True,True
543,False,False,0.0118,0.0387444980001419,False,False,"Laya (fine-tuned, 3k)",True,True
544,True,False,0.9829,0.04105455900003108,True,True,"Laya (fine-tuned, 3k)",True,True
545,True,False,0.9887,0.041349522000018624,True,True,"Laya (fine-tuned, 3k)",True,True
546,True,False,0.9871,0.03861986199990497,True,True,"Laya (fine-tuned, 3k)",True,True
547,True,False,0.9896,0.04023980599981769,True,True,"Laya (fine-tuned, 3k)",True,True
548,False,False,0.9892,0.04313256400018872,True,True,"Laya (fine-tuned, 3k)",False,False
549,True,False,0.9908,0.041732279999905586,True,True,"Laya (fine-tuned, 3k)",True,True
550,False,False,0.0121,0.04120362399999067,False,False,"Laya (fine-tuned, 3k)",True,True
551,False,False,0.0134,0.05727666300003875,False,False,"Laya (fine-tuned, 3k)",True,True
552,False,False,0.0157,0.039554717000100936,False,False,"Laya (fine-tuned, 3k)",True,True
553,True,False,0.9889,0.03943428100001256,True,True,"Laya (fine-tuned, 3k)",True,True
554,True,False,0.984,0.04166413400002966,True,True,"Laya (fine-tuned, 3k)",True,True
555,False,False,0.6341,0.03951026599997931,True,True,"Laya (fine-tuned, 3k)",False,False
556,True,False,0.988,0.040957294000008915,True,True,"Laya (fine-tuned, 3k)",True,True
557,True,False,0.9911,0.04517376899980263,True,True,"Laya (fine-tuned, 3k)",True,True
558,True,False,0.9898,0.03857666099997914,True,True,"Laya (fine-tuned, 3k)",True,True
559,False,False,0.0084,0.03980657700003576,False,False,"Laya (fine-tuned, 3k)",True,True
560,False,False,0.0091,0.04852460899996913,False,False,"Laya (fine-tuned, 3k)",True,True
561,True,True,0.0102,0.04573945999982243,False,False,"Laya (fine-tuned, 3k)",False,False
562,False,False,0.0129,0.03955741999993734,False,False,"Laya (fine-tuned, 3k)",True,True
563,False,False,0.011,0.04428775700012011,False,False,"Laya (fine-tuned, 3k)",True,True
564,False,False,0.0121,0.039510505999942325,False,False,"Laya (fine-tuned, 3k)",True,True
565,False,False,0.0178,0.03822691899995334,False,False,"Laya (fine-tuned, 3k)",True,True
566,False,False,0.0136,0.041384218000075634,False,False,"Laya (fine-tuned, 3k)",True,True
567,False,False,0.0169,0.04117657999995572,False,False,"Laya (fine-tuned, 3k)",True,True
568,False,False,0.0161,0.039252002000012,False,False,"Laya (fine-tuned, 3k)",True,True
569,False,False,0.013,0.04159917900005894,False,False,"Laya (fine-tuned, 3k)",True,True
570,True,False,0.0106,0.039762599999903614,False,False,"Laya (fine-tuned, 3k)",False,False
571,False,False,0.0125,0.04131977199995163,False,False,"Laya (fine-tuned, 3k)",True,True
572,True,False,0.9899,0.042534124999974665,True,True,"Laya (fine-tuned, 3k)",True,True
573,True,False,0.9888,0.03906515600010607,True,True,"Laya (fine-tuned, 3k)",True,True
574,True,False,0.9867,0.039137240999934875,True,True,"Laya (fine-tuned, 3k)",True,True
575,True,False,0.9895,0.04702768500010279,True,True,"Laya (fine-tuned, 3k)",True,True
576,True,False,0.989,0.04917977099989912,True,True,"Laya (fine-tuned, 3k)",True,True
577,True,False,0.9885,0.039500380999925255,True,True,"Laya (fine-tuned, 3k)",True,True
578,False,False,0.0081,0.043619974000193906,False,False,"Laya (fine-tuned, 3k)",True,True
579,True,False,0.9871,0.039133584999945015,True,True,"Laya (fine-tuned, 3k)",True,True
580,False,False,0.0113,0.039945920000036494,False,False,"Laya (fine-tuned, 3k)",True,True
581,False,False,0.0138,0.04055062499992346,False,False,"Laya (fine-tuned, 3k)",True,True
582,True,False,0.9897,0.03899896500001887,True,True,"Laya (fine-tuned, 3k)",True,True
583,True,False,0.9908,0.039775337000037325,True,True,"Laya (fine-tuned, 3k)",True,True
584,True,False,0.9873,0.043382045000043945,True,True,"Laya (fine-tuned, 3k)",True,True
585,False,False,0.0175,0.039605284999879586,False,False,"Laya (fine-tuned, 3k)",True,True
586,True,False,0.9873,0.03916166399994836,True,True,"Laya (fine-tuned, 3k)",True,True
587,True,False,0.988,0.04389689799995722,True,True,"Laya (fine-tuned, 3k)",True,True
588,False,False,0.9865,0.04246757600003548,True,True,"Laya (fine-tuned, 3k)",False,False
589,True,False,0.9892,0.03901550000000498,True,True,"Laya (fine-tuned, 3k)",True,True
590,True,False,0.9899,0.04263843400008227,True,True,"Laya (fine-tuned, 3k)",True,True
591,False,False,0.0127,0.043155926999816074,False,False,"Laya (fine-tuned, 3k)",True,True
592,False,False,0.0101,0.03990418300008969,False,False,"Laya (fine-tuned, 3k)",True,True
593,False,False,0.9884,0.04177075600000535,True,True,"Laya (fine-tuned, 3k)",False,False
594,True,False,0.9883,0.03796039500002735,True,True,"Laya (fine-tuned, 3k)",True,True
595,False,False,0.9879,0.03718747599987182,True,True,"Laya (fine-tuned, 3k)",False,False
596,True,False,0.9871,0.0403785579999294,True,True,"Laya (fine-tuned, 3k)",True,True
597,True,False,0.9885,0.037217133000012836,True,True,"Laya (fine-tuned, 3k)",True,True
598,True,False,0.9901,0.037718753000035576,True,True,"Laya (fine-tuned, 3k)",True,True
599,True,False,0.9897,0.038908812000045145,True,True,"Laya (fine-tuned, 3k)",True,True
600,True,False,0.9895,0.04035846300007506,True,True,"Laya (fine-tuned, 3k)",True,True
601,True,False,0.9898,0.051332679999859465,True,True,"Laya (fine-tuned, 3k)",True,True
602,False,False,0.011,0.04027666100000715,False,False,"Laya (fine-tuned, 3k)",True,True
603,True,False,0.9877,0.03793561499992393,True,True,"Laya (fine-tuned, 3k)",True,True
604,False,False,0.0161,0.03852646900008949,False,False,"Laya (fine-tuned, 3k)",True,True
605,False,False,0.9897,0.04145766599981471,True,True,"Laya (fine-tuned, 3k)",False,False
606,True,False,0.9895,0.03845356600004379,True,True,"Laya (fine-tuned, 3k)",True,True
607,True,False,0.9851,0.03903822699999182,True,True,"Laya (fine-tuned, 3k)",True,True
608,True,False,0.9907,0.04900261400007366,True,True,"Laya (fine-tuned, 3k)",True,True
609,False,False,0.9882,0.04288380499997402,True,True,"Laya (fine-tuned, 3k)",False,False
610,True,False,0.9897,0.03999419299998408,True,True,"Laya (fine-tuned, 3k)",True,True
611,True,False,0.9891,0.04718077899997297,True,True,"Laya (fine-tuned, 3k)",True,True
612,True,False,0.9899,0.041378426000164836,True,True,"Laya (fine-tuned, 3k)",True,True
613,True,False,0.9898,0.039144647000057375,True,True,"Laya (fine-tuned, 3k)",True,True
614,False,False,0.0171,0.04217972500009637,False,False,"Laya (fine-tuned, 3k)",True,True
615,True,False,0.9873,0.038983438999821374,True,True,"Laya (fine-tuned, 3k)",True,True
616,True,False,0.9877,0.04218677900007606,True,True,"Laya (fine-tuned, 3k)",True,True
617,True,False,0.9891,0.04691992500011111,True,True,"Laya (fine-tuned, 3k)",True,True
618,True,False,0.0236,0.03967026500004067,False,False,"Laya (fine-tuned, 3k)",False,False
619,True,False,0.9898,0.040134963000127755,True,True,"Laya (fine-tuned, 3k)",True,True
620,False,False,0.0076,0.04141776200003733,False,False,"Laya (fine-tuned, 3k)",True,True
621,True,False,0.9911,0.03950138799996239,True,True,"Laya (fine-tuned, 3k)",True,True
622,True,False,0.2663,0.03831540800001676,False,False,"Laya (fine-tuned, 3k)",False,False
623,True,False,0.989,0.043726993000063885,True,True,"Laya (fine-tuned, 3k)",True,True
624,True,False,0.9903,0.04088446300011128,True,True,"Laya (fine-tuned, 3k)",True,True
625,True,False,0.9908,0.05853759000001446,True,True,"Laya (fine-tuned, 3k)",True,True
626,True,False,0.989,0.05143978999990395,True,True,"Laya (fine-tuned, 3k)",True,True
627,True,False,0.9902,0.04621648600004846,True,True,"Laya (fine-tuned, 3k)",True,True
628,True,False,0.9876,0.040442347999942285,True,True,"Laya (fine-tuned, 3k)",True,True
629,False,False,0.9846,0.04235155599985774,True,True,"Laya (fine-tuned, 3k)",False,False
630,False,False,0.009,0.03886782500012487,False,False,"Laya (fine-tuned, 3k)",True,True
631,True,False,0.9891,0.045315691000041625,True,True,"Laya (fine-tuned, 3k)",True,True
632,True,False,0.9892,0.04490551100002449,True,True,"Laya (fine-tuned, 3k)",True,True
633,False,False,0.9695,0.04039401199997883,True,True,"Laya (fine-tuned, 3k)",False,False
634,False,False,0.9884,0.04023630000006051,True,True,"Laya (fine-tuned, 3k)",False,False
635,True,False,0.99,0.04561150499989708,True,True,"Laya (fine-tuned, 3k)",True,True
636,True,False,0.9894,0.040027948999977525,True,True,"Laya (fine-tuned, 3k)",True,True
637,True,False,0.9895,0.03894884900000761,True,True,"Laya (fine-tuned, 3k)",True,True
638,False,False,0.012,0.0413547099999505,False,False,"Laya (fine-tuned, 3k)",True,True
639,False,False,0.0124,0.04141819899996335,False,False,"Laya (fine-tuned, 3k)",True,True
640,True,False,0.9902,0.04007644299986168,True,True,"Laya (fine-tuned, 3k)",True,True
641,False,False,0.0142,0.04339697399996112,False,False,"Laya (fine-tuned, 3k)",True,True
642,True,False,0.99,0.038977514999942287,True,True,"Laya (fine-tuned, 3k)",True,True
643,True,False,0.9876,0.03745531300000948,True,True,"Laya (fine-tuned, 3k)",True,True
644,False,False,0.0116,0.03963286199996219,False,False,"Laya (fine-tuned, 3k)",True,True
645,True,False,0.987,0.037520701999937955,True,True,"Laya (fine-tuned, 3k)",True,True
646,True,False,0.0097,0.03810229900000195,False,False,"Laya (fine-tuned, 3k)",False,False
647,False,False,0.0122,0.039905551000174455,False,False,"Laya (fine-tuned, 3k)",True,True
648,True,False,0.9893,0.042300331999967966,True,True,"Laya (fine-tuned, 3k)",True,True
649,True,False,0.9881,0.043881684000098176,True,True,"Laya (fine-tuned, 3k)",True,True
650,True,False,0.9892,0.04800011399993309,True,True,"Laya (fine-tuned, 3k)",True,True
651,False,False,0.0105,0.03968944100006411,False,False,"Laya (fine-tuned, 3k)",True,True
652,True,False,0.99,0.03998370499994053,True,True,"Laya (fine-tuned, 3k)",True,True
653,False,False,0.989,0.040992481000103,True,True,"Laya (fine-tuned, 3k)",False,False
654,True,False,0.9848,0.04081756699997641,True,True,"Laya (fine-tuned, 3k)",True,True
655,True,False,0.9901,0.04464823700004672,True,True,"Laya (fine-tuned, 3k)",True,True
656,True,False,0.9894,0.04352341799994974,True,True,"Laya (fine-tuned, 3k)",True,True
657,False,False,0.0088,0.041578865999781556,False,False,"Laya (fine-tuned, 3k)",True,True
658,True,False,0.9901,0.039825105999852894,True,True,"Laya (fine-tuned, 3k)",True,True
659,True,False,0.9907,0.04303425799980687,True,True,"Laya (fine-tuned, 3k)",True,True
660,True,False,0.99,0.03828984599999785,True,True,"Laya (fine-tuned, 3k)",True,True
661,True,False,0.9876,0.038916771999993216,True,True,"Laya (fine-tuned, 3k)",True,True
662,False,False,0.9872,0.04267752899977495,True,True,"Laya (fine-tuned, 3k)",False,False
663,True,False,0.9885,0.04189716199994109,True,True,"Laya (fine-tuned, 3k)",True,True
664,True,False,0.9908,0.03999309099981474,True,True,"Laya (fine-tuned, 3k)",True,True
665,False,False,0.0115,0.04221689499991044,False,False,"Laya (fine-tuned, 3k)",True,True
666,True,False,0.9887,0.03876298700015468,True,True,"Laya (fine-tuned, 3k)",True,True
667,False,False,0.9525,0.038334475000056045,True,True,"Laya (fine-tuned, 3k)",False,False
668,True,False,0.7098,0.040691747999971994,True,True,"Laya (fine-tuned, 3k)",True,True
669,True,False,0.991,0.03921261699997558,True,True,"Laya (fine-tuned, 3k)",True,True
670,True,False,0.9905,0.037812359999861656,True,True,"Laya (fine-tuned, 3k)",True,True
671,True,False,0.9901,0.0417594000000463,True,True,"Laya (fine-tuned, 3k)",True,True
672,True,False,0.9881,0.04180844200004685,True,True,"Laya (fine-tuned, 3k)",True,True
673,True,False,0.9896,0.03864952600019933,True,True,"Laya (fine-tuned, 3k)",True,True
674,False,False,0.0117,0.04626889500013931,False,False,"Laya (fine-tuned, 3k)",True,True
675,True,False,0.9875,0.05323359899989555,True,True,"Laya (fine-tuned, 3k)",True,True
676,False,False,0.0246,0.04006928299986612,False,False,"Laya (fine-tuned, 3k)",True,True
677,False,False,0.0072,0.041005089999998745,False,False,"Laya (fine-tuned, 3k)",True,True
678,False,False,0.0105,0.03802778199997192,False,False,"Laya (fine-tuned, 3k)",True,True
679,False,False,0.0161,0.04412358299987318,False,False,"Laya (fine-tuned, 3k)",True,True
680,True,False,0.9909,0.04193851600007292,True,True,"Laya (fine-tuned, 3k)",True,True
681,True,False,0.0301,0.038717593000001216,False,False,"Laya (fine-tuned, 3k)",False,False
682,True,False,0.9911,0.03783777800003918,True,True,"Laya (fine-tuned, 3k)",True,True
683,True,False,0.9904,0.04163601599998401,True,True,"Laya (fine-tuned, 3k)",True,True
684,False,False,0.0115,0.03688004799982991,False,False,"Laya (fine-tuned, 3k)",True,True
685,True,False,0.9888,0.039457169999877806,True,True,"Laya (fine-tuned, 3k)",True,True
686,False,False,0.0153,0.041040362000103414,False,False,"Laya (fine-tuned, 3k)",True,True
687,False,False,0.9904,0.04163700499998413,True,True,"Laya (fine-tuned, 3k)",False,False
688,True,False,0.12,0.03809428699992168,False,False,"Laya (fine-tuned, 3k)",False,False
689,True,False,0.991,0.04307504700000209,True,True,"Laya (fine-tuned, 3k)",True,True
690,False,False,0.0115,0.04041852599993945,False,False,"Laya (fine-tuned, 3k)",True,True
691,True,False,0.9898,0.03856861399981426,True,True,"Laya (fine-tuned, 3k)",True,True
692,True,False,0.9904,0.040998618999992686,True,True,"Laya (fine-tuned, 3k)",True,True
693,True,False,0.9916,0.03827110299994274,True,True,"Laya (fine-tuned, 3k)",True,True
694,True,False,0.9909,0.03912103900006514,True,True,"Laya (fine-tuned, 3k)",True,True
695,False,False,0.0122,0.04144609099989793,False,False,"Laya (fine-tuned, 3k)",True,True
696,True,False,0.9901,0.041164625999954296,True,True,"Laya (fine-tuned, 3k)",True,True
697,False,False,0.0106,0.03714916900003118,False,False,"Laya (fine-tuned, 3k)",True,True
698,False,False,0.0133,0.04010288899985426,False,False,"Laya (fine-tuned, 3k)",True,True
699,True,False,0.987,0.04061377700008961,True,True,"Laya (fine-tuned, 3k)",True,True
700,True,False,0.969,0.054958434999889505,True,True,"Laya (fine-tuned, 3k)",True,True
701,True,False,0.9893,0.04425881199995274,True,True,"Laya (fine-tuned, 3k)",True,True
702,False,False,0.0113,0.040146579999827736,False,False,"Laya (fine-tuned, 3k)",True,True
703,True,False,0.9894,0.04615230200010956,True,True,"Laya (fine-tuned, 3k)",True,True
704,True,False,0.988,0.04453644299996995,True,True,"Laya (fine-tuned, 3k)",True,True
705,False,False,0.0208,0.03984100799993939,False,False,"Laya (fine-tuned, 3k)",True,True
706,True,False,0.9885,0.04139830700000857,True,True,"Laya (fine-tuned, 3k)",True,True
707,False,False,0.0324,0.04235582199999044,False,False,"Laya (fine-tuned, 3k)",True,True
708,False,False,0.9892,0.039380322999932105,True,True,"Laya (fine-tuned, 3k)",False,False
709,False,False,0.011,0.039271985000141285,False,False,"Laya (fine-tuned, 3k)",True,True
710,True,False,0.9912,0.04401266299987583,True,True,"Laya (fine-tuned, 3k)",True,True
711,True,False,0.9894,0.042915165000067645,True,True,"Laya (fine-tuned, 3k)",True,True
712,False,False,0.989,0.039886819000003015,True,True,"Laya (fine-tuned, 3k)",False,False
713,True,False,0.4533,0.0422294149998379,False,True,"Laya (fine-tuned, 3k)",False,True
714,True,False,0.9901,0.039415106999967975,True,True,"Laya (fine-tuned, 3k)",True,True
715,True,False,0.9913,0.03878474700013612,True,True,"Laya (fine-tuned, 3k)",True,True
716,True,False,0.7736,0.04268595700000333,True,True,"Laya (fine-tuned, 3k)",True,True
717,True,False,0.9892,0.039457244999994145,True,True,"Laya (fine-tuned, 3k)",True,True
718,True,False,0.4237,0.0379584470001646,False,False,"Laya (fine-tuned, 3k)",False,False
719,True,False,0.987,0.04214348800019252,True,True,"Laya (fine-tuned, 3k)",True,True
720,False,False,0.0103,0.0396466209999744,False,False,"Laya (fine-tuned, 3k)",True,True
721,True,False,0.9898,0.04061985399994228,True,True,"Laya (fine-tuned, 3k)",True,True
722,True,False,0.9881,0.043130518999987544,True,True,"Laya (fine-tuned, 3k)",True,True
723,False,False,0.0138,0.04041244999984883,False,False,"Laya (fine-tuned, 3k)",True,True
724,True,False,0.9893,0.049008721999825866,True,True,"Laya (fine-tuned, 3k)",True,True
725,True,False,0.9901,0.05238040600011118,True,True,"Laya (fine-tuned, 3k)",True,True
726,True,False,0.9893,0.04188495900007183,True,True,"Laya (fine-tuned, 3k)",True,True
727,False,False,0.0119,0.03923136200000954,False,False,"Laya (fine-tuned, 3k)",True,True
728,False,False,0.0136,0.041979956999966817,False,False,"Laya (fine-tuned, 3k)",True,True
729,True,False,0.9896,0.04084880499999599,True,True,"Laya (fine-tuned, 3k)",True,True
730,False,False,0.0091,0.04089305799993781,False,False,"Laya (fine-tuned, 3k)",True,True
731,True,False,0.9866,0.04229740200003107,True,True,"Laya (fine-tuned, 3k)",True,True
732,True,False,0.9892,0.03911263999998482,True,True,"Laya (fine-tuned, 3k)",True,True
733,True,False,0.9893,0.03878244299994549,True,True,"Laya (fine-tuned, 3k)",True,True
734,True,False,0.9918,0.04046664599991345,True,True,"Laya (fine-tuned, 3k)",True,True
735,True,False,0.9883,0.04046053699994445,True,True,"Laya (fine-tuned, 3k)",True,True
736,False,False,0.0145,0.0402321659998961,False,False,"Laya (fine-tuned, 3k)",True,True
737,False,False,0.0104,0.04013251399987894,False,False,"Laya (fine-tuned, 3k)",True,True
738,True,False,0.9901,0.04044347400008519,True,True,"Laya (fine-tuned, 3k)",True,True
739,True,False,0.9911,0.038180410999984815,True,True,"Laya (fine-tuned, 3k)",True,True
740,False,False,0.9892,0.039668041000140875,True,True,"Laya (fine-tuned, 3k)",False,False
741,True,False,0.9909,0.03853928300009102,True,True,"Laya (fine-tuned, 3k)",True,True
742,True,False,0.9901,0.039621975000045495,True,True,"Laya (fine-tuned, 3k)",True,True
743,True,False,0.9891,0.04242143500005113,True,True,"Laya (fine-tuned, 3k)",True,True
744,True,False,0.9897,0.03795739600013803,True,True,"Laya (fine-tuned, 3k)",True,True
745,True,False,0.9896,0.038140199000054054,True,True,"Laya (fine-tuned, 3k)",True,True
746,False,False,0.0091,0.04128693400002703,False,False,"Laya (fine-tuned, 3k)",True,True
747,False,False,0.0118,0.03847145800000362,False,False,"Laya (fine-tuned, 3k)",True,True
748,False,False,0.0178,0.03734233600016523,False,False,"Laya (fine-tuned, 3k)",True,True
749,True,False,0.0115,0.04541624300009062,False,False,"Laya (fine-tuned, 3k)",False,False
750,True,False,0.9887,0.05112748999999894,True,True,"Laya (fine-tuned, 3k)",True,True
751,True,False,0.9872,0.04384002999995573,True,True,"Laya (fine-tuned, 3k)",True,True
752,False,False,0.0088,0.04406972900005712,False,False,"Laya (fine-tuned, 3k)",True,True
753,True,False,0.9891,0.03998103899994021,True,True,"Laya (fine-tuned, 3k)",True,True
754,False,False,0.0167,0.04058958599989637,False,False,"Laya (fine-tuned, 3k)",True,True
755,True,False,0.9894,0.045019034000006286,True,True,"Laya (fine-tuned, 3k)",True,True
756,True,False,0.9902,0.03929936099984843,True,True,"Laya (fine-tuned, 3k)",True,True
757,True,False,0.9887,0.03846823499998209,True,True,"Laya (fine-tuned, 3k)",True,True
758,False,False,0.0123,0.0405482569999549,False,False,"Laya (fine-tuned, 3k)",True,True
759,True,False,0.99,0.038351228999999876,True,True,"Laya (fine-tuned, 3k)",True,True
760,True,False,0.9873,0.0418786480001927,True,True,"Laya (fine-tuned, 3k)",True,True
761,False,False,0.9896,0.042091350000191596,True,True,"Laya (fine-tuned, 3k)",False,False
762,False,False,0.0093,0.041028637999943385,False,False,"Laya (fine-tuned, 3k)",True,True
763,True,False,0.9905,0.03937109000003147,True,True,"Laya (fine-tuned, 3k)",True,True
764,True,False,0.9902,0.039898267000126,True,True,"Laya (fine-tuned, 3k)",True,True
765,True,False,0.0087,0.03716387700001178,False,False,"Laya (fine-tuned, 3k)",False,False
766,True,False,0.9907,0.05832425800008423,True,True,"Laya (fine-tuned, 3k)",True,True
767,True,False,0.9865,0.06987504200014882,True,True,"Laya (fine-tuned, 3k)",True,True
768,True,False,0.9856,0.06110199099998681,True,True,"Laya (fine-tuned, 3k)",True,True
769,True,False,0.9882,0.04933632999996007,True,True,"Laya (fine-tuned, 3k)",True,True
770,False,False,0.0126,0.06360227899995152,False,False,"Laya (fine-tuned, 3k)",True,True
771,True,False,0.9898,0.05186752700001307,True,True,"Laya (fine-tuned, 3k)",True,True
772,True,False,0.9899,0.07400568799994289,True,True,"Laya (fine-tuned, 3k)",True,True
773,True,False,0.9896,0.054225285000029544,True,True,"Laya (fine-tuned, 3k)",True,True
774,False,False,0.9904,0.05532037299985859,True,True,"Laya (fine-tuned, 3k)",False,False
775,False,False,0.9881,0.060343424999928175,True,True,"Laya (fine-tuned, 3k)",False,False
776,False,False,0.9616,0.050736127999925884,True,True,"Laya (fine-tuned, 3k)",False,False
777,True,False,0.9891,0.05034322900019106,True,True,"Laya (fine-tuned, 3k)",True,True
778,True,False,0.9884,0.04785187000015867,True,True,"Laya (fine-tuned, 3k)",True,True
779,True,False,0.9887,0.0511592230000133,True,True,"Laya (fine-tuned, 3k)",True,True
780,True,False,0.9882,0.054244382999968366,True,True,"Laya (fine-tuned, 3k)",True,True
781,True,False,0.9907,0.052891817000045194,True,True,"Laya (fine-tuned, 3k)",True,True
782,False,False,0.0121,0.05447406899997986,False,False,"Laya (fine-tuned, 3k)",True,True
783,False,False,0.9881,0.05314940499988552,True,True,"Laya (fine-tuned, 3k)",False,False
784,False,False,0.9904,0.04833205399995677,True,True,"Laya (fine-tuned, 3k)",False,False
785,True,False,0.9888,0.04916874600007759,True,True,"Laya (fine-tuned, 3k)",True,True
786,False,False,0.0137,0.04842643400002089,False,False,"Laya (fine-tuned, 3k)",True,True
787,False,False,0.0138,0.054367312999829664,False,False,"Laya (fine-tuned, 3k)",True,True
788,True,False,0.9898,0.05049393600006624,True,True,"Laya (fine-tuned, 3k)",True,True
789,False,False,0.0122,0.05030040100018596,False,False,"Laya (fine-tuned, 3k)",True,True
790,False,False,0.9902,0.05105130099991584,True,True,"Laya (fine-tuned, 3k)",False,False
791,True,False,0.9898,0.055265831000042454,True,True,"Laya (fine-tuned, 3k)",True,True
792,True,False,0.9908,0.05921923200003221,True,True,"Laya (fine-tuned, 3k)",True,True
793,True,False,0.9857,0.06487016799997036,True,True,"Laya (fine-tuned, 3k)",True,True
794,False,False,0.0109,0.04719518699994296,False,False,"Laya (fine-tuned, 3k)",True,True
795,True,False,0.9895,0.059721179000007396,True,True,"Laya (fine-tuned, 3k)",True,True
796,True,False,0.9906,0.05992785199987338,True,True,"Laya (fine-tuned, 3k)",True,True
797,False,False,0.0105,0.062159608000001754,False,False,"Laya (fine-tuned, 3k)",True,True
798,True,False,0.9896,0.06396173100006308,True,True,"Laya (fine-tuned, 3k)",True,True
799,True,False,0.0096,0.05633073700005298,False,False,"Laya (fine-tuned, 3k)",False,False
800,False,False,0.0095,0.053690998999854855,False,False,"Laya (fine-tuned, 3k)",True,True
801,True,False,0.9906,0.049114253999960056,True,True,"Laya (fine-tuned, 3k)",True,True
802,True,False,0.9914,0.04977810399986993,True,True,"Laya (fine-tuned, 3k)",True,True
803,True,False,0.9895,0.05082553499983078,True,True,"Laya (fine-tuned, 3k)",True,True
804,False,False,0.0086,0.058272457999919425,False,False,"Laya (fine-tuned, 3k)",True,True
805,True,False,0.9889,0.07302661900007479,True,True,"Laya (fine-tuned, 3k)",True,True
806,True,False,0.9891,0.06021239100005005,True,True,"Laya (fine-tuned, 3k)",True,True
807,False,False,0.0251,0.07352683699991758,False,False,"Laya (fine-tuned, 3k)",True,True
808,True,False,0.9887,0.06543570600001658,True,True,"Laya (fine-tuned, 3k)",True,True
809,True,False,0.9903,0.068617027000073,True,True,"Laya (fine-tuned, 3k)",True,True
810,True,False,0.9913,0.07739675099992382,True,True,"Laya (fine-tuned, 3k)",True,True
811,True,False,0.9896,0.047859022000011464,True,True,"Laya (fine-tuned, 3k)",True,True
812,True,False,0.9898,0.03982709799993245,True,True,"Laya (fine-tuned, 3k)",True,True
813,True,False,0.9887,0.039661314000113634,True,True,"Laya (fine-tuned, 3k)",True,True
814,True,False,0.9878,0.04618945400011398,True,True,"Laya (fine-tuned, 3k)",True,True
815,False,False,0.0117,0.041107775999989826,False,False,"Laya (fine-tuned, 3k)",True,True
816,False,False,0.0116,0.04048007800020059,False,False,"Laya (fine-tuned, 3k)",True,True
817,True,False,0.9885,0.04208089700000528,True,True,"Laya (fine-tuned, 3k)",True,True
818,True,False,0.8348,0.041110613999990164,True,True,"Laya (fine-tuned, 3k)",True,True
819,True,False,0.9883,0.041439057999923534,True,True,"Laya (fine-tuned, 3k)",True,True
820,True,False,0.9891,0.04545995200010111,True,True,"Laya (fine-tuned, 3k)",True,True
821,True,False,0.9899,0.04170002499995462,True,True,"Laya (fine-tuned, 3k)",True,True
822,False,False,0.9907,0.04028603100005057,True,True,"Laya (fine-tuned, 3k)",False,False
823,True,False,0.0084,0.04589094299990393,False,False,"Laya (fine-tuned, 3k)",False,False
824,False,False,0.0099,0.03764867199993205,False,False,"Laya (fine-tuned, 3k)",True,True
825,True,False,0.9879,0.0391442669999833,True,True,"Laya (fine-tuned, 3k)",True,True
826,True,False,0.9896,0.044171345999984624,True,True,"Laya (fine-tuned, 3k)",True,True
827,True,False,0.9684,0.03936326799998824,True,True,"Laya (fine-tuned, 3k)",True,True
828,False,False,0.9897,0.03944411099996614,True,True,"Laya (fine-tuned, 3k)",False,False
829,True,False,0.9882,0.0489631120001377,True,True,"Laya (fine-tuned, 3k)",True,True
830,True,False,0.9877,0.03915971199990054,True,True,"Laya (fine-tuned, 3k)",True,True
831,False,False,0.9896,0.04238319800015233,True,True,"Laya (fine-tuned, 3k)",False,False
832,False,False,0.0076,0.045052166000004945,False,False,"Laya (fine-tuned, 3k)",True,True
833,True,False,0.9905,0.04005610099989099,True,True,"Laya (fine-tuned, 3k)",True,True
834,True,False,0.9915,0.0560663480000585,True,True,"Laya (fine-tuned, 3k)",True,True
835,True,False,0.9894,0.043662942000082694,True,True,"Laya (fine-tuned, 3k)",True,True
836,True,False,0.9897,0.03948276000005535,True,True,"Laya (fine-tuned, 3k)",True,True
837,True,False,0.9898,0.03887170799998785,True,True,"Laya (fine-tuned, 3k)",True,True
838,False,False,0.0084,0.0443790120000358,False,False,"Laya (fine-tuned, 3k)",True,True
839,False,False,0.0511,0.03853754599981585,False,False,"Laya (fine-tuned, 3k)",True,True
840,False,False,0.0507,0.040184492999969734,False,False,"Laya (fine-tuned, 3k)",True,True
841,True,False,0.9886,0.04331321300014679,True,True,"Laya (fine-tuned, 3k)",True,True
842,True,False,0.9894,0.04208036899990475,True,True,"Laya (fine-tuned, 3k)",True,True
843,True,False,0.9911,0.040963402999977916,True,True,"Laya (fine-tuned, 3k)",True,True
844,True,False,0.0105,0.04545221500006846,False,False,"Laya (fine-tuned, 3k)",False,False
845,True,False,0.9882,0.04035551700008,True,True,"Laya (fine-tuned, 3k)",True,True
846,True,False,0.9904,0.04099409600007675,True,True,"Laya (fine-tuned, 3k)",True,True
847,True,False,0.9913,0.04120947899991734,True,True,"Laya (fine-tuned, 3k)",True,True
848,False,False,0.0162,0.039215559000012945,False,False,"Laya (fine-tuned, 3k)",True,True
849,False,False,0.0181,0.03783495600009701,False,False,"Laya (fine-tuned, 3k)",True,True
850,False,False,0.9879,0.043915516999959436,True,True,"Laya (fine-tuned, 3k)",False,False
851,False,False,0.0159,0.03833301700001357,False,False,"Laya (fine-tuned, 3k)",True,True
852,False,False,0.0416,0.045968859999902634,False,False,"Laya (fine-tuned, 3k)",True,True
853,False,False,0.0154,0.04466157999991083,False,False,"Laya (fine-tuned, 3k)",True,True
854,True,False,0.989,0.04062906500007557,True,True,"Laya (fine-tuned, 3k)",True,True
855,True,False,0.9891,0.040396780000037324,True,True,"Laya (fine-tuned, 3k)",True,True
856,False,False,0.0139,0.04679116800002703,False,False,"Laya (fine-tuned, 3k)",True,True
857,True,False,0.9895,0.04053835399986383,True,True,"Laya (fine-tuned, 3k)",True,True
858,False,False,0.017,0.05621552699994936,False,False,"Laya (fine-tuned, 3k)",True,True
859,True,False,0.989,0.043959629000028144,True,True,"Laya (fine-tuned, 3k)",True,True
860,False,False,0.0105,0.04077475700000832,False,False,"Laya (fine-tuned, 3k)",True,True
861,False,False,0.0122,0.043119415000091976,False,False,"Laya (fine-tuned, 3k)",True,True
862,False,False,0.7449,0.04493056800015438,True,True,"Laya (fine-tuned, 3k)",False,False
863,True,False,0.9897,0.040419305000114036,True,True,"Laya (fine-tuned, 3k)",True,True
864,False,False,0.0136,0.03994487399995705,False,False,"Laya (fine-tuned, 3k)",True,True
865,True,False,0.9883,0.04130832700002429,True,True,"Laya (fine-tuned, 3k)",True,True
866,False,False,0.0152,0.03950346300007368,False,False,"Laya (fine-tuned, 3k)",True,True
867,False,False,0.9835,0.04033970799991948,True,True,"Laya (fine-tuned, 3k)",False,False
868,True,False,0.9887,0.04366572599997198,True,True,"Laya (fine-tuned, 3k)",True,True
869,False,False,0.0122,0.038595306000161145,False,False,"Laya (fine-tuned, 3k)",True,True
870,True,False,0.9892,0.039177781000034884,True,True,"Laya (fine-tuned, 3k)",True,True
871,False,False,0.9918,0.0411019989999204,True,True,"Laya (fine-tuned, 3k)",False,False
872,True,False,0.9882,0.039789506000033725,True,True,"Laya (fine-tuned, 3k)",True,True
873,False,False,0.0132,0.03818741100008083,False,False,"Laya (fine-tuned, 3k)",True,True
874,True,False,0.718,0.04132754599982036,True,True,"Laya (fine-tuned, 3k)",True,True
875,True,False,0.9905,0.04505044400002589,True,True,"Laya (fine-tuned, 3k)",True,True
876,False,False,0.0152,0.038646362000008594,False,False,"Laya (fine-tuned, 3k)",True,True
877,True,False,0.99,0.041280878000179655,True,True,"Laya (fine-tuned, 3k)",True,True
878,False,False,0.9899,0.04122926000013649,True,True,"Laya (fine-tuned, 3k)",False,False
879,False,False,0.0193,0.039857581999967806,False,False,"Laya (fine-tuned, 3k)",True,True
880,True,False,0.9897,0.04189719299984063,True,True,"Laya (fine-tuned, 3k)",True,True
881,True,False,0.987,0.03954323800007842,True,True,"Laya (fine-tuned, 3k)",True,True
882,True,False,0.9887,0.042274484000017765,True,True,"Laya (fine-tuned, 3k)",True,True
883,False,False,0.0089,0.05380590300001131,False,False,"Laya (fine-tuned, 3k)",True,True
884,False,False,0.0118,0.03865637900003094,False,False,"Laya (fine-tuned, 3k)",True,True
885,False,False,0.0096,0.040175927999825944,False,False,"Laya (fine-tuned, 3k)",True,True
886,True,False,0.9882,0.040056144000118366,True,True,"Laya (fine-tuned, 3k)",True,True
887,False,False,0.0134,0.03729763399996955,False,False,"Laya (fine-tuned, 3k)",True,True
888,True,False,0.9901,0.03944223799999236,True,True,"Laya (fine-tuned, 3k)",True,True
889,True,False,0.9896,0.041979407000098945,True,True,"Laya (fine-tuned, 3k)",True,True
890,False,False,0.2833,0.03760111699989466,False,False,"Laya (fine-tuned, 3k)",True,True
891,False,False,0.1884,0.03838248399983968,False,False,"Laya (fine-tuned, 3k)",True,True
892,True,False,0.9907,0.041381501999921966,True,True,"Laya (fine-tuned, 3k)",True,True
893,True,False,0.9886,0.0388907990000007,True,True,"Laya (fine-tuned, 3k)",True,True
894,False,False,0.0097,0.03801465800006554,False,False,"Laya (fine-tuned, 3k)",True,True
895,True,False,0.9899,0.040670751000106975,True,True,"Laya (fine-tuned, 3k)",True,True
896,False,False,0.9906,0.041280831999984,True,True,"Laya (fine-tuned, 3k)",False,False
897,False,False,0.0095,0.03990147700005764,False,False,"Laya (fine-tuned, 3k)",True,True
898,True,False,0.9889,0.045858833000011145,True,True,"Laya (fine-tuned, 3k)",True,True
899,False,False,0.011,0.03934211000000687,False,False,"Laya (fine-tuned, 3k)",True,True
900,True,False,0.9895,0.0452635530000407,True,True,"Laya (fine-tuned, 3k)",True,True
901,True,False,0.9899,0.04064509599993471,True,True,"Laya (fine-tuned, 3k)",True,True
902,True,False,0.9914,0.03974567799991746,True,True,"Laya (fine-tuned, 3k)",True,True
903,False,False,0.014,0.04048649700007445,False,False,"Laya (fine-tuned, 3k)",True,True
904,True,False,0.988,0.046554309000157446,True,True,"Laya (fine-tuned, 3k)",True,True
905,True,False,0.9906,0.03823548399986976,True,True,"Laya (fine-tuned, 3k)",True,True
906,False,False,0.9898,0.03905337400010467,True,True,"Laya (fine-tuned, 3k)",False,False
907,False,False,0.0102,0.03975777700020444,False,False,"Laya (fine-tuned, 3k)",True,True
908,True,False,0.9889,0.05182468099997095,True,True,"Laya (fine-tuned, 3k)",True,True
909,True,False,0.9898,0.04217003500002647,True,True,"Laya (fine-tuned, 3k)",True,True
910,False,False,0.0158,0.043908219000059034,False,False,"Laya (fine-tuned, 3k)",True,True
911,True,False,0.99,0.036797429999978704,True,True,"Laya (fine-tuned, 3k)",True,True
912,False,False,0.0211,0.03755687800003216,False,False,"Laya (fine-tuned, 3k)",True,True
913,False,False,0.9849,0.041887343000098554,True,True,"Laya (fine-tuned, 3k)",False,False
914,True,False,0.0156,0.037660946999949374,False,False,"Laya (fine-tuned, 3k)",False,False
915,True,False,0.989,0.039663735999965866,True,True,"Laya (fine-tuned, 3k)",True,True
916,True,False,0.99,0.0419589629998427,True,True,"Laya (fine-tuned, 3k)",True,True
917,False,False,0.0083,0.04290606599988678,False,False,"Laya (fine-tuned, 3k)",True,True
918,True,False,0.0108,0.04158259900009398,False,False,"Laya (fine-tuned, 3k)",False,False
919,True,False,0.9888,0.04050273799998649,True,True,"Laya (fine-tuned, 3k)",True,True
920,False,False,0.4969,0.0405482020000818,False,True,"Laya (fine-tuned, 3k)",True,False
921,True,False,0.5141,0.04192734299999756,True,True,"Laya (fine-tuned, 3k)",True,True
922,True,False,0.9904,0.03954732600004718,True,True,"Laya (fine-tuned, 3k)",True,True
923,True,False,0.9902,0.04068019000010281,True,True,"Laya (fine-tuned, 3k)",True,True
924,False,False,0.0116,0.047921085000098174,False,False,"Laya (fine-tuned, 3k)",True,True
925,False,False,0.0133,0.04446815400001469,False,False,"Laya (fine-tuned, 3k)",True,True
926,True,False,0.9896,0.040527101000179755,True,True,"Laya (fine-tuned, 3k)",True,True
927,True,False,0.1925,0.04334296000001814,False,False,"Laya (fine-tuned, 3k)",False,False
928,True,False,0.9902,0.04494823999993969,True,True,"Laya (fine-tuned, 3k)",True,True
929,True,False,0.9874,0.04101003700020556,True,True,"Laya (fine-tuned, 3k)",True,True
930,True,False,0.9903,0.04060432000005676,True,True,"Laya (fine-tuned, 3k)",True,True
931,False,False,0.0113,0.04352488200015614,False,False,"Laya (fine-tuned, 3k)",True,True
932,False,False,0.9888,0.054984552999940206,True,True,"Laya (fine-tuned, 3k)",False,False
933,True,False,0.9892,0.04244273100016471,True,True,"Laya (fine-tuned, 3k)",True,True
934,True,False,0.9884,0.042748696999979074,True,True,"Laya (fine-tuned, 3k)",True,True
935,True,False,0.9888,0.039386343999922246,True,True,"Laya (fine-tuned, 3k)",True,True
936,False,False,0.9874,0.038995589000023756,True,True,"Laya (fine-tuned, 3k)",False,False
937,False,False,0.0116,0.043355856000061976,False,False,"Laya (fine-tuned, 3k)",True,True
938,True,False,0.943,0.03897029800009477,True,True,"Laya (fine-tuned, 3k)",True,True
939,True,False,0.9906,0.03944446899981813,True,True,"Laya (fine-tuned, 3k)",True,True
940,True,False,0.9869,0.04215533100000357,True,True,"Laya (fine-tuned, 3k)",True,True
941,True,True,0.9886,0.04130967500009319,True,True,"Laya (fine-tuned, 3k)",True,True
942,False,False,0.0131,0.039991640000152984,False,False,"Laya (fine-tuned, 3k)",True,True
943,False,False,0.9896,0.040968647999989116,True,True,"Laya (fine-tuned, 3k)",False,False
944,True,False,0.0166,0.0394352269997853,False,False,"Laya (fine-tuned, 3k)",False,False
945,True,False,0.9886,0.03946613600010096,True,True,"Laya (fine-tuned, 3k)",True,True
946,True,False,0.0237,0.04812858500008588,False,False,"Laya (fine-tuned, 3k)",False,False
947,True,False,0.0095,0.04032838900002389,False,False,"Laya (fine-tuned, 3k)",False,False
948,True,False,0.99,0.03879599600008987,True,True,"Laya (fine-tuned, 3k)",True,True
949,True,False,0.9904,0.04034603200011588,True,True,"Laya (fine-tuned, 3k)",True,True
950,True,False,0.9902,0.04249869399995987,True,True,"Laya (fine-tuned, 3k)",True,True
951,True,False,0.9892,0.04102020599998468,True,True,"Laya (fine-tuned, 3k)",True,True
952,False,False,0.0095,0.04451614000004156,False,False,"Laya (fine-tuned, 3k)",True,True
953,False,False,0.611,0.03952210200009176,True,True,"Laya (fine-tuned, 3k)",False,False
954,False,False,0.015,0.03890823699998691,False,False,"Laya (fine-tuned, 3k)",True,True
955,False,False,0.9874,0.042234082000049966,True,True,"Laya (fine-tuned, 3k)",False,False
956,True,False,0.9898,0.04169959900013964,True,True,"Laya (fine-tuned, 3k)",True,True
957,True,False,0.9892,0.05186583999989125,True,True,"Laya (fine-tuned, 3k)",True,True
958,True,False,0.9903,0.04306976099996973,True,True,"Laya (fine-tuned, 3k)",True,True
959,True,False,0.0123,0.03876213000012285,False,False,"Laya (fine-tuned, 3k)",False,False
960,True,False,0.9904,0.0397105960000772,True,True,"Laya (fine-tuned, 3k)",True,True
961,True,False,0.9914,0.042687713999839616,True,True,"Laya (fine-tuned, 3k)",True,True
962,False,False,0.9894,0.03970026699994378,True,True,"Laya (fine-tuned, 3k)",False,False
963,True,False,0.9894,0.03978072599988991,True,True,"Laya (fine-tuned, 3k)",True,True
964,True,False,0.9903,0.04473810800004685,True,True,"Laya (fine-tuned, 3k)",True,True
965,True,False,0.992,0.03990917199985233,True,True,"Laya (fine-tuned, 3k)",True,True
966,True,False,0.9904,0.041099405000068145,True,True,"Laya (fine-tuned, 3k)",True,True
967,True,False,0.9898,0.04417962999991687,True,True,"Laya (fine-tuned, 3k)",True,True
968,True,False,0.9879,0.039794275000076595,True,True,"Laya (fine-tuned, 3k)",True,True
969,True,False,0.9914,0.03710686800013718,True,True,"Laya (fine-tuned, 3k)",True,True
970,True,True,0.9894,0.043794898999976795,True,True,"Laya (fine-tuned, 3k)",True,True
971,True,False,0.9893,0.04602374399996734,True,True,"Laya (fine-tuned, 3k)",True,True
972,False,False,0.0121,0.03884059100005288,False,False,"Laya (fine-tuned, 3k)",True,True
973,True,False,0.9912,0.04373478800016528,True,True,"Laya (fine-tuned, 3k)",True,True
974,True,False,0.9846,0.0398141640000631,True,True,"Laya (fine-tuned, 3k)",True,True
975,True,False,0.9901,0.042126809999899706,True,True,"Laya (fine-tuned, 3k)",True,True
976,False,False,0.0179,0.04399897299981603,False,False,"Laya (fine-tuned, 3k)",True,True
977,True,False,0.9879,0.04107545599981677,True,True,"Laya (fine-tuned, 3k)",True,True
978,True,False,0.9896,0.04134481900018727,True,True,"Laya (fine-tuned, 3k)",True,True
979,False,False,0.0132,0.04345834799983095,False,False,"Laya (fine-tuned, 3k)",True,True
980,False,False,0.9887,0.04015198499996586,True,True,"Laya (fine-tuned, 3k)",False,False
981,True,False,0.9902,0.06273725500000182,True,True,"Laya (fine-tuned, 3k)",True,True
982,True,False,0.9891,0.04387066999993294,True,True,"Laya (fine-tuned, 3k)",True,True
983,False,False,0.012,0.041133262000130344,False,False,"Laya (fine-tuned, 3k)",True,True
984,False,False,0.0138,0.039342077000128484,False,False,"Laya (fine-tuned, 3k)",True,True
985,False,False,0.9903,0.04239827400010654,True,True,"Laya (fine-tuned, 3k)",False,False
986,True,False,0.9906,0.03938010199999553,True,True,"Laya (fine-tuned, 3k)",True,True
987,True,False,0.99,0.04029355799980294,True,True,"Laya (fine-tuned, 3k)",True,True
988,True,False,0.9895,0.04199693199984722,True,True,"Laya (fine-tuned, 3k)",True,True
989,False,False,0.0121,0.03891260399996099,False,False,"Laya (fine-tuned, 3k)",True,True
990,True,False,0.9904,0.0394227240001328,True,True,"Laya (fine-tuned, 3k)",True,True
991,True,False,0.9914,0.04198548300018956,True,True,"Laya (fine-tuned, 3k)",True,True
992,False,False,0.0153,0.04048979399999553,False,False,"Laya (fine-tuned, 3k)",True,True
993,True,False,0.9878,0.0413275660000636,True,True,"Laya (fine-tuned, 3k)",True,True
994,False,False,0.0118,0.04422523099992759,False,False,"Laya (fine-tuned, 3k)",True,True
995,False,False,0.0286,0.03835661000016444,False,False,"Laya (fine-tuned, 3k)",True,True
996,False,False,0.9833,0.03866729400010627,True,True,"Laya (fine-tuned, 3k)",False,False
997,True,False,0.9889,0.042179020000048695,True,True,"Laya (fine-tuned, 3k)",True,True
998,False,False,0.0095,0.03852668100012124,False,False,"Laya (fine-tuned, 3k)",True,True
999,True,False,0.9892,0.04043283100008921,True,True,"Laya (fine-tuned, 3k)",True,True
1000,True,False,0.9879,0.04290219699987574,True,True,"Laya (fine-tuned, 3k)",True,True
1001,False,False,0.008,0.039690325000037774,False,False,"Laya (fine-tuned, 3k)",True,True
1002,False,False,0.2406,0.03809425400004329,False,False,"Laya (fine-tuned, 3k)",True,True
1003,True,False,0.9888,0.04388686900006178,True,True,"Laya (fine-tuned, 3k)",True,True
1004,True,False,0.9907,0.036895039000000907,True,True,"Laya (fine-tuned, 3k)",True,True
1005,False,False,0.0221,0.041199371999937284,False,False,"Laya (fine-tuned, 3k)",True,True
1006,True,False,0.9896,0.05458103499995559,True,True,"Laya (fine-tuned, 3k)",True,True
1007,True,False,0.99,0.038460714999928314,True,True,"Laya (fine-tuned, 3k)",True,True
1008,True,False,0.9901,0.0402570899998409,True,True,"Laya (fine-tuned, 3k)",True,True
1009,True,False,0.0177,0.05109127800005808,False,False,"Laya (fine-tuned, 3k)",False,False
1010,False,False,0.9908,0.03971190800007207,True,True,"Laya (fine-tuned, 3k)",False,False
1011,True,False,0.9899,0.03835070600007384,True,True,"Laya (fine-tuned, 3k)",True,True
1012,False,False,0.0111,0.04168186699985199,False,False,"Laya (fine-tuned, 3k)",True,True
1013,True,False,0.987,0.039000133999934405,True,True,"Laya (fine-tuned, 3k)",True,True
1014,True,False,0.9915,0.039943591000110246,True,True,"Laya (fine-tuned, 3k)",True,True
1015,True,False,0.991,0.044891244999917035,True,True,"Laya (fine-tuned, 3k)",True,True
1016,True,False,0.9883,0.04071787999987464,True,True,"Laya (fine-tuned, 3k)",True,True
1017,False,False,0.989,0.04024105500002406,True,True,"Laya (fine-tuned, 3k)",False,False
1018,True,False,0.9894,0.04974767599992447,True,True,"Laya (fine-tuned, 3k)",True,True
1019,False,False,0.0074,0.038272319999805404,False,False,"Laya (fine-tuned, 3k)",True,True
1020,False,False,0.0073,0.03949841100006779,False,False,"Laya (fine-tuned, 3k)",True,True
1021,True,False,0.9889,0.04529574200000752,True,True,"Laya (fine-tuned, 3k)",True,True
1022,True,False,0.9899,0.03980789000002005,True,True,"Laya (fine-tuned, 3k)",True,True
1023,True,False,0.9891,0.038056825000012395,True,True,"Laya (fine-tuned, 3k)",True,True
1024,False,False,0.0162,0.041803656999945815,False,False,"Laya (fine-tuned, 3k)",True,True
1025,True,False,0.9891,0.04016874099988854,True,True,"Laya (fine-tuned, 3k)",True,True
1026,False,False,0.0125,0.04067711899983806,False,False,"Laya (fine-tuned, 3k)",True,True
1027,False,False,0.964,0.042575766999789266,True,True,"Laya (fine-tuned, 3k)",False,False
1028,True,False,0.9899,0.040151899999955276,True,True,"Laya (fine-tuned, 3k)",True,True
1029,False,False,0.0117,0.04366891300014686,False,False,"Laya (fine-tuned, 3k)",True,True
1030,True,False,0.01,0.056109716000037224,False,False,"Laya (fine-tuned, 3k)",False,False
1031,True,False,0.9892,0.03936606299998857,True,True,"Laya (fine-tuned, 3k)",True,True
1032,True,False,0.9905,0.040808397000091645,True,True,"Laya (fine-tuned, 3k)",True,True
1033,True,False,0.9887,0.04469537099998888,True,True,"Laya (fine-tuned, 3k)",True,True
1034,True,False,0.9889,0.042317152999885366,True,True,"Laya (fine-tuned, 3k)",True,True
1035,True,False,0.9893,0.04051423500004603,True,True,"Laya (fine-tuned, 3k)",True,True
1036,False,False,0.9896,0.044429381999862017,True,True,"Laya (fine-tuned, 3k)",False,False
1037,True,False,0.0096,0.040301377000105276,False,False,"Laya (fine-tuned, 3k)",False,False
1038,True,False,0.0176,0.03980306199991901,False,False,"Laya (fine-tuned, 3k)",False,False
1039,True,False,0.9891,0.04411787300000469,True,True,"Laya (fine-tuned, 3k)",True,True
1040,False,False,0.985,0.03935154800001328,True,True,"Laya (fine-tuned, 3k)",False,False
1041,False,False,0.9878,0.042773229999966134,True,True,"Laya (fine-tuned, 3k)",False,False
1042,False,False,0.0136,0.04570434600009321,False,False,"Laya (fine-tuned, 3k)",True,True
1043,True,False,0.9878,0.04001617699987037,True,True,"Laya (fine-tuned, 3k)",True,True
1044,True,False,0.9889,0.045999311000059606,True,True,"Laya (fine-tuned, 3k)",True,True
1045,True,False,0.9904,0.047137618000078874,True,True,"Laya (fine-tuned, 3k)",True,True
1046,True,False,0.9889,0.04052571300007912,True,True,"Laya (fine-tuned, 3k)",True,True
1047,True,False,0.9901,0.05493689400009316,True,True,"Laya (fine-tuned, 3k)",True,True
1048,False,False,0.0247,0.07222095899987835,False,False,"Laya (fine-tuned, 3k)",True,True
1049,False,False,0.0113,0.06761613599996963,False,False,"Laya (fine-tuned, 3k)",True,True
1050,True,False,0.9879,0.06015752000007524,True,True,"Laya (fine-tuned, 3k)",True,True
1051,True,False,0.987,0.056036925999933374,True,True,"Laya (fine-tuned, 3k)",True,True
1052,False,False,0.1649,0.06704176300013387,False,False,"Laya (fine-tuned, 3k)",True,True
1053,False,False,0.0086,0.05510442299987517,False,False,"Laya (fine-tuned, 3k)",True,True
1054,True,False,0.9897,0.05263573500019447,True,True,"Laya (fine-tuned, 3k)",True,True
1055,True,False,0.9899,0.048810432999971454,True,True,"Laya (fine-tuned, 3k)",True,True
1056,True,False,0.9897,0.054818679999925735,True,True,"Laya (fine-tuned, 3k)",True,True
1057,True,False,0.9904,0.050221623999959775,True,True,"Laya (fine-tuned, 3k)",True,True
1058,True,False,0.9905,0.04944573199986735,True,True,"Laya (fine-tuned, 3k)",True,True
1059,True,False,0.9895,0.051677143000006254,True,True,"Laya (fine-tuned, 3k)",True,True
1060,False,False,0.0114,0.05699045900018973,False,False,"Laya (fine-tuned, 3k)",True,True
1061,True,False,0.9883,0.049050689000068814,True,True,"Laya (fine-tuned, 3k)",True,True
1062,False,False,0.0085,0.05445417200007796,False,False,"Laya (fine-tuned, 3k)",True,True
1063,True,False,0.9888,0.051199370999938765,True,True,"Laya (fine-tuned, 3k)",True,True
1064,True,False,0.9896,0.06530145200008519,True,True,"Laya (fine-tuned, 3k)",True,True
1065,True,False,0.9884,0.05155431900016083,True,True,"Laya (fine-tuned, 3k)",True,True
1066,True,False,0.9916,0.054417822999994314,True,True,"Laya (fine-tuned, 3k)",True,True
1067,False,False,0.9499,0.04587109399994915,True,True,"Laya (fine-tuned, 3k)",False,False
1068,True,False,0.9888,0.0563389690000804,True,True,"Laya (fine-tuned, 3k)",True,True
1069,True,False,0.9893,0.04805839799996647,True,True,"Laya (fine-tuned, 3k)",True,True
1070,True,False,0.9904,0.051762899999857837,True,True,"Laya (fine-tuned, 3k)",True,True
1071,False,False,0.0109,0.061718380999991496,False,False,"Laya (fine-tuned, 3k)",True,True
1072,False,False,0.0096,0.05632699200009483,False,False,"Laya (fine-tuned, 3k)",True,True
1073,True,False,0.9893,0.04912514200009355,True,True,"Laya (fine-tuned, 3k)",True,True
1074,True,False,0.0146,0.053207844999860754,False,False,"Laya (fine-tuned, 3k)",False,False
1075,False,False,0.0142,0.05038452300004792,False,False,"Laya (fine-tuned, 3k)",True,True
1076,True,False,0.9877,0.05322977900004844,True,True,"Laya (fine-tuned, 3k)",True,True
1077,True,False,0.9437,0.05584958100007498,True,True,"Laya (fine-tuned, 3k)",True,True
1078,False,False,0.0099,0.06626333799999884,False,False,"Laya (fine-tuned, 3k)",True,True
1079,True,False,0.989,0.06318715699990207,True,True,"Laya (fine-tuned, 3k)",True,True
1080,True,False,0.9905,0.06346671100004642,True,True,"Laya (fine-tuned, 3k)",True,True
1081,True,False,0.9897,0.05652981200000795,True,True,"Laya (fine-tuned, 3k)",True,True
1082,False,False,0.0167,0.05437186400013161,False,False,"Laya (fine-tuned, 3k)",True,True
1083,True,False,0.9912,0.0553035269999782,True,True,"Laya (fine-tuned, 3k)",True,True
1084,True,False,0.9898,0.05425040299996908,True,True,"Laya (fine-tuned, 3k)",True,True
1085,True,False,0.9901,0.04935673099998894,True,True,"Laya (fine-tuned, 3k)",True,True
1086,True,False,0.0141,0.05602963899991664,False,False,"Laya (fine-tuned, 3k)",False,False
1087,False,False,0.9898,0.06139862099985294,True,True,"Laya (fine-tuned, 3k)",False,False
1088,True,False,0.9903,0.07109536699999808,True,True,"Laya (fine-tuned, 3k)",True,True
1089,False,False,0.0137,0.06280670599994664,False,False,"Laya (fine-tuned, 3k)",True,True
1090,True,False,0.9908,0.0686119360000248,True,True,"Laya (fine-tuned, 3k)",True,True
1091,False,False,0.0155,0.060149155000090104,False,False,"Laya (fine-tuned, 3k)",True,True
1092,False,False,0.0219,0.06535870700008672,False,False,"Laya (fine-tuned, 3k)",True,True
1093,False,False,0.01,0.06514945399999306,False,False,"Laya (fine-tuned, 3k)",True,True
1094,True,False,0.9892,0.0489702990000751,True,True,"Laya (fine-tuned, 3k)",True,True
1095,True,False,0.9907,0.04637533000004623,True,True,"Laya (fine-tuned, 3k)",True,True
1096,True,False,0.9889,0.03931854799998291,True,True,"Laya (fine-tuned, 3k)",True,True
1097,True,True,0.9907,0.042809106000049724,True,True,"Laya (fine-tuned, 3k)",True,True
1098,True,False,0.99,0.03900781099991946,True,True,"Laya (fine-tuned, 3k)",True,True
1099,True,False,0.9892,0.037890853999897445,True,True,"Laya (fine-tuned, 3k)",True,True
1100,False,False,0.0122,0.0410275219999221,False,False,"Laya (fine-tuned, 3k)",True,True
1101,False,False,0.0101,0.03882106199989721,False,False,"Laya (fine-tuned, 3k)",True,True
1102,False,False,0.9902,0.04215512999985549,True,True,"Laya (fine-tuned, 3k)",False,False
1103,False,False,0.987,0.043038344000024154,True,True,"Laya (fine-tuned, 3k)",False,False
1104,False,False,0.0091,0.04373069600001145,False,False,"Laya (fine-tuned, 3k)",True,True
1105,True,False,0.9886,0.038107283000044845,True,True,"Laya (fine-tuned, 3k)",True,True
1106,False,False,0.9892,0.04542803599997569,True,True,"Laya (fine-tuned, 3k)",False,False
1107,True,False,0.9884,0.037736567000138166,True,True,"Laya (fine-tuned, 3k)",True,True
1108,True,False,0.0089,0.03653160699991531,False,False,"Laya (fine-tuned, 3k)",False,False
1109,True,False,0.989,0.04015713000012511,True,True,"Laya (fine-tuned, 3k)",True,True
1110,True,False,0.9905,0.03764381799987859,True,True,"Laya (fine-tuned, 3k)",True,True
1111,False,False,0.988,0.03826840400006404,True,True,"Laya (fine-tuned, 3k)",False,False
1112,True,False,0.9898,0.04628533300001436,True,True,"Laya (fine-tuned, 3k)",True,True
1113,True,False,0.989,0.04856205200007935,True,True,"Laya (fine-tuned, 3k)",True,True
1114,True,False,0.9906,0.03768731100012701,True,True,"Laya (fine-tuned, 3k)",True,True
1115,True,False,0.9909,0.04113934700012578,True,True,"Laya (fine-tuned, 3k)",True,True
1116,True,False,0.9898,0.03835862200003248,True,True,"Laya (fine-tuned, 3k)",True,True
1117,True,False,0.9892,0.03807734600013646,True,True,"Laya (fine-tuned, 3k)",True,True
1118,False,False,0.99,0.04195724999999584,True,True,"Laya (fine-tuned, 3k)",False,False
1119,True,False,0.989,0.046026982000057615,True,True,"Laya (fine-tuned, 3k)",True,True
1120,False,False,0.0431,0.038971722000042064,False,False,"Laya (fine-tuned, 3k)",True,True
1121,False,False,0.6032,0.04471414999989065,True,True,"Laya (fine-tuned, 3k)",False,False
1122,True,False,0.9906,0.0429101869999613,True,True,"Laya (fine-tuned, 3k)",True,True
1123,True,False,0.0429,0.04114611399995738,False,False,"Laya (fine-tuned, 3k)",False,False
1124,True,False,0.991,0.043617609999955675,True,True,"Laya (fine-tuned, 3k)",True,True
1125,False,False,0.0093,0.04271205700001701,False,False,"Laya (fine-tuned, 3k)",True,True
1126,False,False,0.9895,0.04182734799996979,True,True,"Laya (fine-tuned, 3k)",False,False
1127,True,False,0.9899,0.046286828999882346,True,True,"Laya (fine-tuned, 3k)",True,True
1128,True,False,0.991,0.04121077500008141,True,True,"Laya (fine-tuned, 3k)",True,True
1129,True,False,0.9902,0.03861154300011549,True,True,"Laya (fine-tuned, 3k)",True,True
1130,True,False,0.9869,0.043005197999946176,True,True,"Laya (fine-tuned, 3k)",True,True
1131,True,False,0.0333,0.03785899399986192,False,False,"Laya (fine-tuned, 3k)",False,False
1132,False,False,0.9873,0.038684064999870316,True,True,"Laya (fine-tuned, 3k)",False,False
1133,True,False,0.9893,0.04218369199998051,True,True,"Laya (fine-tuned, 3k)",True,True
1134,False,False,0.0135,0.03705000300010397,False,False,"Laya (fine-tuned, 3k)",True,True
1135,True,False,0.9889,0.03863407500011817,True,True,"Laya (fine-tuned, 3k)",True,True
1136,True,False,0.9887,0.04013289499994244,True,True,"Laya (fine-tuned, 3k)",True,True
1137,True,False,0.9909,0.05343736299982993,True,True,"Laya (fine-tuned, 3k)",True,True
1138,True,False,0.9884,0.0402380540001559,True,True,"Laya (fine-tuned, 3k)",True,True
1139,True,False,0.9898,0.04294736599990756,True,True,"Laya (fine-tuned, 3k)",True,True
1140,True,False,0.9892,0.04098343000009663,True,True,"Laya (fine-tuned, 3k)",True,True
1141,False,False,0.0085,0.04082570199989277,False,False,"Laya (fine-tuned, 3k)",True,True
1142,True,False,0.9892,0.04674216500006878,True,True,"Laya (fine-tuned, 3k)",True,True
1143,True,False,0.9917,0.04145104700000957,True,True,"Laya (fine-tuned, 3k)",True,True
1144,True,False,0.9885,0.04372859599993717,True,True,"Laya (fine-tuned, 3k)",True,True
1145,True,False,0.0158,0.047016747000043324,False,False,"Laya (fine-tuned, 3k)",False,False
1146,False,False,0.0093,0.04157065199979115,False,False,"Laya (fine-tuned, 3k)",True,True
1147,False,False,0.0096,0.039320290999967256,False,False,"Laya (fine-tuned, 3k)",True,True
1148,True,False,0.9875,0.041689015999963885,True,True,"Laya (fine-tuned, 3k)",True,True
1149,True,False,0.9895,0.04036614900019231,True,True,"Laya (fine-tuned, 3k)",True,True
1150,False,False,0.0091,0.03977478000001611,False,False,"Laya (fine-tuned, 3k)",True,True
1151,True,False,0.9908,0.043306026999971436,True,True,"Laya (fine-tuned, 3k)",True,True
1152,True,False,0.6405,0.03807903099982468,True,True,"Laya (fine-tuned, 3k)",True,True
1153,False,False,0.6651,0.038756888000079925,True,True,"Laya (fine-tuned, 3k)",False,False
1154,True,False,0.9887,0.04261139799996272,True,True,"Laya (fine-tuned, 3k)",True,True
1155,True,False,0.9877,0.04047786800015274,True,True,"Laya (fine-tuned, 3k)",True,True
1156,True,False,0.9894,0.04071637099991676,True,True,"Laya (fine-tuned, 3k)",True,True
1157,False,False,0.0107,0.04178566900009173,False,False,"Laya (fine-tuned, 3k)",True,True
1158,True,False,0.9894,0.03960094399985792,True,True,"Laya (fine-tuned, 3k)",True,True
1159,True,False,0.9909,0.042146139000124094,True,True,"Laya (fine-tuned, 3k)",True,True
1160,False,False,0.9878,0.039086069000177304,True,True,"Laya (fine-tuned, 3k)",False,False
1161,True,False,0.9883,0.038982826000165005,True,True,"Laya (fine-tuned, 3k)",True,True
1162,True,False,0.9904,0.05003368699999555,True,True,"Laya (fine-tuned, 3k)",True,True
1163,True,False,0.9874,0.042813414000193006,True,True,"Laya (fine-tuned, 3k)",True,True
1164,True,False,0.9895,0.039677156000152536,True,True,"Laya (fine-tuned, 3k)",True,True
1165,True,False,0.5143,0.038419250000060856,True,True,"Laya (fine-tuned, 3k)",True,True
1166,True,False,0.9898,0.047589132999974026,True,True,"Laya (fine-tuned, 3k)",True,True
1167,True,False,0.981,0.038931345000037254,True,True,"Laya (fine-tuned, 3k)",True,True
1168,True,False,0.9886,0.039463022999825625,True,True,"Laya (fine-tuned, 3k)",True,True
1169,True,False,0.9888,0.04187100199987981,True,True,"Laya (fine-tuned, 3k)",True,True
1170,True,False,0.185,0.04032573200015577,False,False,"Laya (fine-tuned, 3k)",False,False
1171,False,False,0.9886,0.0391985639998893,True,True,"Laya (fine-tuned, 3k)",False,False
1172,False,False,0.013,0.04354404099990461,False,False,"Laya (fine-tuned, 3k)",True,True
1173,True,False,0.989,0.04198419399995146,True,True,"Laya (fine-tuned, 3k)",True,True
1174,False,False,0.9891,0.04111678000003849,True,True,"Laya (fine-tuned, 3k)",False,False
1175,True,False,0.9893,0.04343364100009239,True,True,"Laya (fine-tuned, 3k)",True,True
1176,True,False,0.9904,0.04080104400009077,True,True,"Laya (fine-tuned, 3k)",True,True
1177,False,False,0.9887,0.040178728000000774,True,True,"Laya (fine-tuned, 3k)",False,False
1178,True,False,0.2616,0.04481904299996131,False,False,"Laya (fine-tuned, 3k)",False,False
1179,True,False,0.9912,0.04046619099995041,True,True,"Laya (fine-tuned, 3k)",True,True
1180,True,False,0.013,0.03971579199992448,False,False,"Laya (fine-tuned, 3k)",False,False
1181,True,False,0.9886,0.042697559000089313,True,True,"Laya (fine-tuned, 3k)",True,True
1182,True,False,0.9904,0.056755686999849786,True,True,"Laya (fine-tuned, 3k)",True,True
1183,True,False,0.9897,0.05778454699998292,True,True,"Laya (fine-tuned, 3k)",True,True
1184,True,False,0.9896,0.043363085999999385,True,True,"Laya (fine-tuned, 3k)",True,True
1185,True,False,0.9912,0.051159058000166624,True,True,"Laya (fine-tuned, 3k)",True,True
1186,True,False,0.9893,0.043975118999924234,True,True,"Laya (fine-tuned, 3k)",True,True
1187,False,False,0.0759,0.039327055999820004,False,False,"Laya (fine-tuned, 3k)",True,True
1188,True,False,0.9871,0.039806911999903605,True,True,"Laya (fine-tuned, 3k)",True,True
1189,False,False,0.0356,0.04409089099999619,False,False,"Laya (fine-tuned, 3k)",True,True
1190,False,False,0.6357,0.04290988399998241,True,True,"Laya (fine-tuned, 3k)",False,False
1191,True,False,0.99,0.037027148000106536,True,True,"Laya (fine-tuned, 3k)",True,True
1192,True,False,0.9889,0.03858977400000185,True,True,"Laya (fine-tuned, 3k)",True,True
1193,True,False,0.0099,0.04125071999987995,False,False,"Laya (fine-tuned, 3k)",False,False
1194,True,False,0.9897,0.03860503800001425,True,True,"Laya (fine-tuned, 3k)",True,True
1195,False,False,0.9905,0.03958027899989247,True,True,"Laya (fine-tuned, 3k)",False,False
1196,True,False,0.9904,0.04369961399993372,True,True,"Laya (fine-tuned, 3k)",True,True
1197,True,False,0.9893,0.03955907800013847,True,True,"Laya (fine-tuned, 3k)",True,True
1198,True,False,0.9901,0.04078365700001996,True,True,"Laya (fine-tuned, 3k)",True,True
1199,True,False,0.988,0.04572644300014872,True,True,"Laya (fine-tuned, 3k)",True,True
1200,True,False,0.9898,0.04065920100015319,True,True,"Laya (fine-tuned, 3k)",True,True
1201,True,False,0.9902,0.041180821999887485,True,True,"Laya (fine-tuned, 3k)",True,True
1202,True,False,0.0265,0.040051366999932725,False,False,"Laya (fine-tuned, 3k)",False,False
1203,True,False,0.9905,0.03909916600014185,True,True,"Laya (fine-tuned, 3k)",True,True
1204,False,False,0.9885,0.038194651000139856,True,True,"Laya (fine-tuned, 3k)",False,False
1205,False,False,0.986,0.04236400199988566,True,True,"Laya (fine-tuned, 3k)",False,False
1206,True,False,0.9909,0.03880658699995365,True,True,"Laya (fine-tuned, 3k)",True,True
1207,False,False,0.9901,0.03813707599988447,True,True,"Laya (fine-tuned, 3k)",False,False
1208,True,False,0.9904,0.039687803000106214,True,True,"Laya (fine-tuned, 3k)",True,True
1209,True,False,0.9892,0.038100415000144494,True,True,"Laya (fine-tuned, 3k)",True,True
1210,False,False,0.0138,0.043950336999841966,False,False,"Laya (fine-tuned, 3k)",True,True
1211,False,False,0.0189,0.04662062000011247,False,False,"Laya (fine-tuned, 3k)",True,True
1212,False,False,0.9889,0.04536537200010571,True,True,"Laya (fine-tuned, 3k)",False,False
1213,True,False,0.9911,0.03954042599980312,True,True,"Laya (fine-tuned, 3k)",True,True
1214,True,False,0.9912,0.04168263500014291,True,True,"Laya (fine-tuned, 3k)",True,True
1215,True,False,0.9885,0.0400551519999226,True,True,"Laya (fine-tuned, 3k)",True,True
1216,True,False,0.9895,0.0393599379999614,True,True,"Laya (fine-tuned, 3k)",True,True
1217,True,False,0.9903,0.04409327899998061,True,True,"Laya (fine-tuned, 3k)",True,True
1218,False,False,0.0128,0.04210021200015035,False,False,"Laya (fine-tuned, 3k)",True,True
1219,True,False,0.9868,0.03950516800000514,True,True,"Laya (fine-tuned, 3k)",True,True
1220,False,False,0.9887,0.04369963999988613,True,True,"Laya (fine-tuned, 3k)",False,False
1221,False,False,0.0108,0.0396479769999587,False,False,"Laya (fine-tuned, 3k)",True,True
1222,True,False,0.9903,0.03925251499981641,True,True,"Laya (fine-tuned, 3k)",True,True
1223,True,False,0.9899,0.04123067099999389,True,True,"Laya (fine-tuned, 3k)",True,True
1224,True,False,0.9914,0.03905064199989283,True,True,"Laya (fine-tuned, 3k)",True,True
1225,True,False,0.9899,0.04257637699993211,True,True,"Laya (fine-tuned, 3k)",True,True
1226,False,False,0.0133,0.039911970000048314,False,False,"Laya (fine-tuned, 3k)",True,True
1227,True,False,0.9905,0.03935685600004035,True,True,"Laya (fine-tuned, 3k)",True,True
1228,False,False,0.9892,0.039760895999961576,True,True,"Laya (fine-tuned, 3k)",False,False
1229,True,False,0.9893,0.043375047000154154,True,True,"Laya (fine-tuned, 3k)",True,True
1230,False,False,0.0112,0.0384768650001206,False,False,"Laya (fine-tuned, 3k)",True,True
1231,True,False,0.9889,0.03952554200009217,True,True,"Laya (fine-tuned, 3k)",True,True
1232,True,False,0.9895,0.0411144869999589,True,True,"Laya (fine-tuned, 3k)",True,True
1233,False,False,0.0159,0.039342681000107405,False,False,"Laya (fine-tuned, 3k)",True,True
1234,False,False,0.0094,0.03941965500007427,False,False,"Laya (fine-tuned, 3k)",True,True
1235,False,False,0.9888,0.04975527500005228,True,True,"Laya (fine-tuned, 3k)",False,False
1236,False,False,0.0154,0.05070722199980082,False,False,"Laya (fine-tuned, 3k)",True,True
1237,False,False,0.0094,0.038650911000104315,False,False,"Laya (fine-tuned, 3k)",True,True
1238,True,False,0.97,0.04103779999991275,True,True,"Laya (fine-tuned, 3k)",True,True
1239,False,False,0.0138,0.0400815949999469,False,False,"Laya (fine-tuned, 3k)",True,True
1240,False,False,0.9373,0.03952381499993862,True,True,"Laya (fine-tuned, 3k)",False,False
1241,False,False,0.0298,0.04390990100000636,False,False,"Laya (fine-tuned, 3k)",True,True
1242,True,False,0.9895,0.04107497399991189,True,True,"Laya (fine-tuned, 3k)",True,True
1243,False,False,0.0198,0.04179835000013554,False,False,"Laya (fine-tuned, 3k)",True,True
1244,False,False,0.0166,0.04543013600004997,False,False,"Laya (fine-tuned, 3k)",True,True
1245,True,False,0.9898,0.04467504099989128,True,True,"Laya (fine-tuned, 3k)",True,True
1246,True,False,0.9884,0.037641272999962894,True,True,"Laya (fine-tuned, 3k)",True,True
1247,True,False,0.6177,0.04117252900005042,True,True,"Laya (fine-tuned, 3k)",True,True
1248,False,False,0.013,0.040475748999824646,False,False,"Laya (fine-tuned, 3k)",True,True
1249,True,False,0.9879,0.0409844210000756,True,True,"Laya (fine-tuned, 3k)",True,True
1250,True,False,0.9898,0.04324315299982118,True,True,"Laya (fine-tuned, 3k)",True,True
1251,True,False,0.9892,0.037014870000120936,True,True,"Laya (fine-tuned, 3k)",True,True
1252,True,False,0.9899,0.03999609600009535,True,True,"Laya (fine-tuned, 3k)",True,True
1253,False,False,0.3757,0.041696807999869634,False,False,"Laya (fine-tuned, 3k)",True,True
1254,True,False,0.9891,0.04017458200019064,True,True,"Laya (fine-tuned, 3k)",True,True
1255,True,False,0.9889,0.03966190100004496,True,True,"Laya (fine-tuned, 3k)",True,True
1256,False,False,0.0162,0.04101613600005294,False,False,"Laya (fine-tuned, 3k)",True,True
1257,False,False,0.9896,0.04012724400013212,True,True,"Laya (fine-tuned, 3k)",False,False
1258,True,False,0.9873,0.041033210000023246,True,True,"Laya (fine-tuned, 3k)",True,True
1259,True,False,0.9877,0.0416118139999071,True,True,"Laya (fine-tuned, 3k)",True,True
1260,False,False,0.0143,0.05386804399995526,False,False,"Laya (fine-tuned, 3k)",True,True
1261,True,False,0.99,0.04586343699997997,True,True,"Laya (fine-tuned, 3k)",True,True
1262,True,False,0.0123,0.04220647299985103,False,False,"Laya (fine-tuned, 3k)",False,False
1263,True,False,0.9898,0.03901597399999446,True,True,"Laya (fine-tuned, 3k)",True,True
1264,False,False,0.0176,0.04038406000017858,False,False,"Laya (fine-tuned, 3k)",True,True
1265,False,False,0.0213,0.04273065999996106,False,False,"Laya (fine-tuned, 3k)",True,True
1266,False,False,0.0078,0.03869666900004631,False,False,"Laya (fine-tuned, 3k)",True,True
1267,True,False,0.9893,0.038431962000004205,True,True,"Laya (fine-tuned, 3k)",True,True
1268,False,False,0.9882,0.04114128400010486,True,True,"Laya (fine-tuned, 3k)",False,False
1269,False,False,0.9903,0.03910616200005279,True,True,"Laya (fine-tuned, 3k)",False,False
1270,False,False,0.9875,0.040741210000078354,True,True,"Laya (fine-tuned, 3k)",False,False
1271,True,False,0.9902,0.042359745000112525,True,True,"Laya (fine-tuned, 3k)",True,True
1272,False,False,0.9885,0.04110115099979339,True,True,"Laya (fine-tuned, 3k)",False,False
1273,True,False,0.9901,0.04189396300012049,True,True,"Laya (fine-tuned, 3k)",True,True
1274,False,False,0.0161,0.04025604499997826,False,False,"Laya (fine-tuned, 3k)",True,True
1275,False,False,0.0189,0.038412927000081254,False,False,"Laya (fine-tuned, 3k)",True,True
1276,True,False,0.9889,0.03652780700008407,True,True,"Laya (fine-tuned, 3k)",True,True
1277,True,False,0.9901,0.041383698000117874,True,True,"Laya (fine-tuned, 3k)",True,True
1278,True,False,0.9896,0.03874670499999411,True,True,"Laya (fine-tuned, 3k)",True,True
1279,True,False,0.9898,0.037807965999945736,True,True,"Laya (fine-tuned, 3k)",True,True
1280,True,False,0.9918,0.043596179000132906,True,True,"Laya (fine-tuned, 3k)",True,True
1281,False,False,0.0117,0.039774638999915624,False,False,"Laya (fine-tuned, 3k)",True,True
1282,True,False,0.9898,0.03714185500007261,True,True,"Laya (fine-tuned, 3k)",True,True
1283,True,False,0.9897,0.04360426599987477,True,True,"Laya (fine-tuned, 3k)",True,True
1284,False,False,0.9909,0.038517151999940324,True,True,"Laya (fine-tuned, 3k)",False,False
1285,False,False,0.0096,0.05478905899985875,False,False,"Laya (fine-tuned, 3k)",True,True
1286,True,False,0.988,0.044645674999856055,True,True,"Laya (fine-tuned, 3k)",True,True
1287,True,False,0.9883,0.03798410799981866,True,True,"Laya (fine-tuned, 3k)",True,True
1288,False,False,0.011,0.037942442000030496,False,False,"Laya (fine-tuned, 3k)",True,True
1289,False,False,0.9906,0.04476462000002357,True,True,"Laya (fine-tuned, 3k)",False,False
1290,True,False,0.0142,0.039537340999913795,False,False,"Laya (fine-tuned, 3k)",False,False
1291,True,False,0.9888,0.040554563000114285,True,True,"Laya (fine-tuned, 3k)",True,True
1292,False,False,0.9892,0.042570761999968454,True,True,"Laya (fine-tuned, 3k)",False,False
1293,True,False,0.5421,0.04193571900009374,True,True,"Laya (fine-tuned, 3k)",True,True
1294,True,False,0.9882,0.041221642999971664,True,True,"Laya (fine-tuned, 3k)",True,True
1295,True,False,0.9901,0.04622515000005478,True,True,"Laya (fine-tuned, 3k)",True,True
1296,False,False,0.8921,0.0408415409999634,True,True,"Laya (fine-tuned, 3k)",False,False
1297,True,False,0.9904,0.04333934700002828,True,True,"Laya (fine-tuned, 3k)",True,True
1298,True,False,0.9901,0.04251024500013045,True,True,"Laya (fine-tuned, 3k)",True,True
1299,True,False,0.9893,0.03972806799993123,True,True,"Laya (fine-tuned, 3k)",True,True
1300,True,False,0.9883,0.03931525500001953,True,True,"Laya (fine-tuned, 3k)",True,True
1301,True,False,0.9902,0.04482358099994599,True,True,"Laya (fine-tuned, 3k)",True,True
1302,False,False,0.0111,0.038232990999858885,False,False,"Laya (fine-tuned, 3k)",True,True
1303,False,False,0.9684,0.03886314700002913,True,True,"Laya (fine-tuned, 3k)",False,False
1304,True,False,0.9891,0.04016241099998297,True,True,"Laya (fine-tuned, 3k)",True,True
1305,False,False,0.0942,0.03926394900008745,False,False,"Laya (fine-tuned, 3k)",True,True
1306,True,False,0.9899,0.03915224100001069,True,True,"Laya (fine-tuned, 3k)",True,True
1307,False,False,0.9861,0.041369921000068643,True,True,"Laya (fine-tuned, 3k)",False,False
1308,True,False,0.9894,0.045577268999977605,True,True,"Laya (fine-tuned, 3k)",True,True
1309,True,False,0.9897,0.04470616200001132,True,True,"Laya (fine-tuned, 3k)",True,True
1310,True,False,0.9904,0.050348817999974926,True,True,"Laya (fine-tuned, 3k)",True,True
1311,True,False,0.9864,0.03823294500011798,True,True,"Laya (fine-tuned, 3k)",True,True
1312,True,False,0.9894,0.038049839999985124,True,True,"Laya (fine-tuned, 3k)",True,True
1313,True,False,0.9883,0.04305396200015821,True,True,"Laya (fine-tuned, 3k)",True,True
1314,True,False,0.9878,0.03811950399995112,True,True,"Laya (fine-tuned, 3k)",True,True
1315,True,False,0.9896,0.03721846199982792,True,True,"Laya (fine-tuned, 3k)",True,True
1316,False,False,0.0098,0.04162180800017268,False,False,"Laya (fine-tuned, 3k)",True,True
1317,True,False,0.9908,0.03959741700009545,True,True,"Laya (fine-tuned, 3k)",True,True
1318,False,False,0.0079,0.03954952599997341,False,False,"Laya (fine-tuned, 3k)",True,True
1319,True,False,0.9905,0.042242368999950486,True,True,"Laya (fine-tuned, 3k)",True,True
1320,True,False,0.9892,0.03908891599985509,True,True,"Laya (fine-tuned, 3k)",True,True
1321,True,False,0.9904,0.04111264900006972,True,True,"Laya (fine-tuned, 3k)",True,True
1322,True,False,0.9899,0.041172956000082195,True,True,"Laya (fine-tuned, 3k)",True,True
1323,True,False,0.9894,0.039650811999990765,True,True,"Laya (fine-tuned, 3k)",True,True
1324,True,False,0.9874,0.038449850000006336,True,True,"Laya (fine-tuned, 3k)",True,True
1325,False,False,0.0157,0.040106692000108524,False,False,"Laya (fine-tuned, 3k)",True,True
1326,False,False,0.0112,0.04192865000004531,False,False,"Laya (fine-tuned, 3k)",True,True
1327,True,False,0.9799,0.03796344200009116,True,True,"Laya (fine-tuned, 3k)",True,True
1328,False,False,0.0425,0.04010115899995981,False,False,"Laya (fine-tuned, 3k)",True,True
1329,True,False,0.9918,0.03715960999988965,True,True,"Laya (fine-tuned, 3k)",True,True
1330,True,False,0.9879,0.03994275800005198,True,True,"Laya (fine-tuned, 3k)",True,True
1331,False,False,0.0154,0.041980768000030366,False,False,"Laya (fine-tuned, 3k)",True,True
1332,True,False,0.9877,0.0495336659998884,True,True,"Laya (fine-tuned, 3k)",True,True
1333,False,False,0.2621,0.06764228299994102,False,False,"Laya (fine-tuned, 3k)",True,True
1334,False,False,0.0074,0.0741628230000515,False,False,"Laya (fine-tuned, 3k)",True,True
1335,True,False,0.9908,0.05684938200010947,True,True,"Laya (fine-tuned, 3k)",True,True
1336,True,False,0.9876,0.050107513000057224,True,True,"Laya (fine-tuned, 3k)",True,True
1337,True,False,0.9797,0.054290342000058445,True,True,"Laya (fine-tuned, 3k)",True,True
1338,True,False,0.0085,0.05250795200004177,False,False,"Laya (fine-tuned, 3k)",False,False
1339,True,False,0.9875,0.04975791900005788,True,True,"Laya (fine-tuned, 3k)",True,True
1340,True,False,0.9897,0.05777557200008232,True,True,"Laya (fine-tuned, 3k)",True,True
1341,False,False,0.9838,0.050886362000028385,True,True,"Laya (fine-tuned, 3k)",False,False
1342,True,False,0.9891,0.051987631999963924,True,True,"Laya (fine-tuned, 3k)",True,True
1343,True,False,0.9899,0.05623322399992503,True,True,"Laya (fine-tuned, 3k)",True,True
1344,False,False,0.0107,0.051110891999996966,False,False,"Laya (fine-tuned, 3k)",True,True
1345,False,False,0.9875,0.05578710700001466,True,True,"Laya (fine-tuned, 3k)",False,False
1346,True,False,0.9908,0.046110205999866594,True,True,"Laya (fine-tuned, 3k)",True,True
1347,True,False,0.0129,0.052376357000184726,False,False,"Laya (fine-tuned, 3k)",False,False
1348,True,False,0.9915,0.05242893600006937,True,True,"Laya (fine-tuned, 3k)",True,True
1349,True,False,0.9895,0.057128716000079294,True,True,"Laya (fine-tuned, 3k)",True,True
1350,False,False,0.0134,0.052869294999936756,False,False,"Laya (fine-tuned, 3k)",True,True
1351,True,False,0.9904,0.05276158099991335,True,True,"Laya (fine-tuned, 3k)",True,True
1352,True,False,0.9898,0.04903364699998747,True,True,"Laya (fine-tuned, 3k)",True,True
1353,False,False,0.0154,0.05748868099999527,False,False,"Laya (fine-tuned, 3k)",True,True
1354,True,False,0.9889,0.06496637400005056,True,True,"Laya (fine-tuned, 3k)",True,True
1355,True,False,0.9905,0.05397608700013734,True,True,"Laya (fine-tuned, 3k)",True,True
1356,False,False,0.0151,0.04856709599994247,False,False,"Laya (fine-tuned, 3k)",True,True
1357,True,False,0.9895,0.054377874000010706,True,True,"Laya (fine-tuned, 3k)",True,True
1358,False,False,0.9898,0.04893171499998061,True,True,"Laya (fine-tuned, 3k)",False,False
1359,False,False,0.9898,0.05751662500006205,True,True,"Laya (fine-tuned, 3k)",False,False
1360,False,False,0.9899,0.05150401000014426,True,True,"Laya (fine-tuned, 3k)",False,False
1361,True,False,0.9916,0.056526787999928274,True,True,"Laya (fine-tuned, 3k)",True,True
1362,True,False,0.9899,0.0598761609999201,True,True,"Laya (fine-tuned, 3k)",True,True
1363,False,False,0.0105,0.0691433849999612,False,False,"Laya (fine-tuned, 3k)",True,True
1364,False,False,0.0167,0.05653766099999302,False,False,"Laya (fine-tuned, 3k)",True,True
1365,False,False,0.9905,0.05150523199995405,True,True,"Laya (fine-tuned, 3k)",False,False
1366,False,False,0.0115,0.04908580200003598,False,False,"Laya (fine-tuned, 3k)",True,True
1367,True,False,0.9893,0.0530164040001182,True,True,"Laya (fine-tuned, 3k)",True,True
1368,False,False,0.0135,0.054477415000064866,False,False,"Laya (fine-tuned, 3k)",True,True
1369,True,False,0.0177,0.053387612000051377,False,False,"Laya (fine-tuned, 3k)",False,False
1370,False,False,0.0135,0.05441753599984622,False,False,"Laya (fine-tuned, 3k)",True,True
1371,True,False,0.9753,0.06333434899988788,True,True,"Laya (fine-tuned, 3k)",True,True
1372,False,False,0.0136,0.07250746599993363,False,False,"Laya (fine-tuned, 3k)",True,True
1373,True,False,0.0133,0.07535126199991282,False,False,"Laya (fine-tuned, 3k)",False,False
1374,True,False,0.9873,0.06505930200000876,True,True,"Laya (fine-tuned, 3k)",True,True
1375,True,False,0.9909,0.06535332199996446,True,True,"Laya (fine-tuned, 3k)",True,True
1376,True,False,0.9901,0.05880463999983476,True,True,"Laya (fine-tuned, 3k)",True,True
1377,False,False,0.0138,0.0691441459998714,False,False,"Laya (fine-tuned, 3k)",True,True
1378,True,False,0.9913,0.04134693499986497,True,True,"Laya (fine-tuned, 3k)",True,True
1379,True,False,0.9879,0.044088340999905995,True,True,"Laya (fine-tuned, 3k)",True,True
1380,True,False,0.989,0.039697125999964555,True,True,"Laya (fine-tuned, 3k)",True,True
1381,False,False,0.9888,0.03940010700011953,True,True,"Laya (fine-tuned, 3k)",False,False
1382,False,False,0.013,0.042407650999848556,False,False,"Laya (fine-tuned, 3k)",True,True
1383,True,False,0.989,0.039174869000135004,True,True,"Laya (fine-tuned, 3k)",True,True
1384,False,False,0.9879,0.039672636999966926,True,True,"Laya (fine-tuned, 3k)",False,False
1385,True,False,0.9906,0.046215564000021914,True,True,"Laya (fine-tuned, 3k)",True,True
1386,True,False,0.9912,0.0383403040000303,True,True,"Laya (fine-tuned, 3k)",True,True
1387,False,False,0.9899,0.04169095399993239,True,True,"Laya (fine-tuned, 3k)",False,False
1388,False,False,0.9904,0.045233140000163985,True,True,"Laya (fine-tuned, 3k)",False,False
1389,True,False,0.99,0.040288931000077355,True,True,"Laya (fine-tuned, 3k)",True,True
1390,False,False,0.0147,0.03981849700016937,False,False,"Laya (fine-tuned, 3k)",True,True
1391,False,False,0.0173,0.044611257000042315,False,False,"Laya (fine-tuned, 3k)",True,True
1392,True,False,0.99,0.041871658999980355,True,True,"Laya (fine-tuned, 3k)",True,True
1393,False,False,0.0118,0.038530019000063476,False,False,"Laya (fine-tuned, 3k)",True,True
1394,True,False,0.9893,0.04212144000007356,True,True,"Laya (fine-tuned, 3k)",True,True
1395,False,False,0.008,0.055651758999829326,False,False,"Laya (fine-tuned, 3k)",True,True
1396,True,False,0.9905,0.04173845600007553,True,True,"Laya (fine-tuned, 3k)",True,True
1397,True,False,0.99,0.046076864000042406,True,True,"Laya (fine-tuned, 3k)",True,True
1398,True,True,0.9875,0.04167046900010973,True,True,"Laya (fine-tuned, 3k)",True,True
1399,False,False,0.0097,0.039335810000011406,False,False,"Laya (fine-tuned, 3k)",True,True
1400,True,False,0.9898,0.04559631300003275,True,True,"Laya (fine-tuned, 3k)",True,True
1401,False,False,0.0136,0.03995155999996314,False,False,"Laya (fine-tuned, 3k)",True,True
1402,False,False,0.0139,0.03994483200017385,False,False,"Laya (fine-tuned, 3k)",True,True
1403,False,False,0.0146,0.04414952699994501,False,False,"Laya (fine-tuned, 3k)",True,True
1404,True,False,0.9893,0.038186406000022544,True,True,"Laya (fine-tuned, 3k)",True,True
1405,False,False,0.0194,0.03871212800004287,False,False,"Laya (fine-tuned, 3k)",True,True
1406,True,False,0.9903,0.04137567700013278,True,True,"Laya (fine-tuned, 3k)",True,True
1407,True,False,0.9904,0.038258720999920115,True,True,"Laya (fine-tuned, 3k)",True,True
1408,True,False,0.989,0.03943416900006014,True,True,"Laya (fine-tuned, 3k)",True,True
1409,True,False,0.9908,0.041492880000078,True,True,"Laya (fine-tuned, 3k)",True,True
1410,True,False,0.9905,0.04665269199995237,True,True,"Laya (fine-tuned, 3k)",True,True
1411,False,False,0.0088,0.03916550099984306,False,False,"Laya (fine-tuned, 3k)",True,True
1412,True,False,0.9867,0.04136902100003681,True,True,"Laya (fine-tuned, 3k)",True,True
1413,True,False,0.9887,0.040762613999959285,True,True,"Laya (fine-tuned, 3k)",True,True
1414,True,False,0.9887,0.039914563000138514,True,True,"Laya (fine-tuned, 3k)",True,True
1415,False,False,0.9877,0.0428662599999825,True,True,"Laya (fine-tuned, 3k)",False,False
1416,True,False,0.9916,0.04106747100013308,True,True,"Laya (fine-tuned, 3k)",True,True
1417,True,False,0.9908,0.03774469899985888,True,True,"Laya (fine-tuned, 3k)",True,True
1418,True,False,0.9904,0.040827497000009316,True,True,"Laya (fine-tuned, 3k)",True,True
1419,True,False,0.9915,0.04789264300006835,True,True,"Laya (fine-tuned, 3k)",True,True
1420,True,False,0.9901,0.046112526999877446,True,True,"Laya (fine-tuned, 3k)",True,True
1421,False,False,0.0137,0.043258331000060934,False,False,"Laya (fine-tuned, 3k)",True,True
1422,False,False,0.9436,0.03959749900013776,True,True,"Laya (fine-tuned, 3k)",False,False
1423,False,False,0.991,0.03760405499997432,True,True,"Laya (fine-tuned, 3k)",False,False
1424,True,False,0.9908,0.04618759000004502,True,True,"Laya (fine-tuned, 3k)",True,True
1425,True,False,0.9899,0.03855676699981814,True,True,"Laya (fine-tuned, 3k)",True,True
1426,True,False,0.9881,0.03644175299996277,True,True,"Laya (fine-tuned, 3k)",True,True
1427,False,False,0.0083,0.03922676900015176,False,False,"Laya (fine-tuned, 3k)",True,True
1428,True,False,0.9893,0.04048299999999472,True,True,"Laya (fine-tuned, 3k)",True,True
1429,True,False,0.9891,0.037883898000018235,True,True,"Laya (fine-tuned, 3k)",True,True
1430,False,False,0.0144,0.04068583499997658,False,False,"Laya (fine-tuned, 3k)",True,True
1431,True,False,0.9906,0.038113381999892226,True,True,"Laya (fine-tuned, 3k)",True,True
1432,True,False,0.9846,0.03797604000010324,True,True,"Laya (fine-tuned, 3k)",True,True
1433,True,False,0.9867,0.04329739500008145,True,True,"Laya (fine-tuned, 3k)",True,True
1434,True,False,0.9885,0.039379198000006,True,True,"Laya (fine-tuned, 3k)",True,True
1435,False,False,0.0101,0.04282032499986599,False,False,"Laya (fine-tuned, 3k)",True,True
1436,True,False,0.9907,0.04048220999993646,True,True,"Laya (fine-tuned, 3k)",True,True
1437,True,False,0.9909,0.040230093999980454,True,True,"Laya (fine-tuned, 3k)",True,True
1438,False,False,0.0187,0.037842950999902314,False,False,"Laya (fine-tuned, 3k)",True,True
1439,False,False,0.989,0.0438036400000783,True,True,"Laya (fine-tuned, 3k)",False,False
1440,True,False,0.9882,0.0404646499998762,True,True,"Laya (fine-tuned, 3k)",True,True
1441,True,False,0.9888,0.03805234000014934,True,True,"Laya (fine-tuned, 3k)",True,True
1442,False,False,0.0144,0.04097447499998452,False,False,"Laya (fine-tuned, 3k)",True,True
1443,True,False,0.9902,0.039650367999911396,True,True,"Laya (fine-tuned, 3k)",True,True
1444,True,False,0.9896,0.04508516900000359,True,True,"Laya (fine-tuned, 3k)",True,True
1445,True,False,0.9893,0.04974877000017841,True,True,"Laya (fine-tuned, 3k)",True,True
1446,False,False,0.0079,0.04165405100002317,False,False,"Laya (fine-tuned, 3k)",True,True
1447,True,False,0.0101,0.03794408399994609,False,False,"Laya (fine-tuned, 3k)",False,False
1448,True,False,0.9898,0.040387409999993906,True,True,"Laya (fine-tuned, 3k)",True,True
1449,False,False,0.9905,0.041002138000067134,True,True,"Laya (fine-tuned, 3k)",False,False
1450,True,False,0.7235,0.037806520999993154,True,True,"Laya (fine-tuned, 3k)",True,True
1451,False,False,0.0326,0.042383400000062466,False,False,"Laya (fine-tuned, 3k)",True,True
1452,True,False,0.9896,0.03818530600005943,True,True,"Laya (fine-tuned, 3k)",True,True
1453,False,False,0.0092,0.03772542399997292,False,False,"Laya (fine-tuned, 3k)",True,True
1454,True,False,0.0104,0.040289839000024585,False,False,"Laya (fine-tuned, 3k)",False,False
1455,False,False,0.0121,0.03687386899991907,False,False,"Laya (fine-tuned, 3k)",True,True
1456,False,False,0.0104,0.0377199429999564,False,False,"Laya (fine-tuned, 3k)",True,True
1457,False,False,0.0109,0.042346035000036863,False,False,"Laya (fine-tuned, 3k)",True,True
1458,True,False,0.9893,0.03757849700014049,True,True,"Laya (fine-tuned, 3k)",True,True
1459,False,False,0.4698,0.04531863300007899,False,True,"Laya (fine-tuned, 3k)",True,False
1460,False,False,0.0142,0.040068273000088084,False,False,"Laya (fine-tuned, 3k)",True,True
1461,True,False,0.9905,0.038430100999903516,True,True,"Laya (fine-tuned, 3k)",True,True
1462,True,False,0.9882,0.03815035899992836,True,True,"Laya (fine-tuned, 3k)",True,True
1463,False,False,0.0094,0.03986634900002173,False,False,"Laya (fine-tuned, 3k)",True,True
1464,True,False,0.9891,0.038618993000000046,True,True,"Laya (fine-tuned, 3k)",True,True
1465,True,False,0.9907,0.03780004300006112,True,True,"Laya (fine-tuned, 3k)",True,True
1466,True,False,0.9886,0.03981183499990948,True,True,"Laya (fine-tuned, 3k)",True,True
1467,False,False,0.0442,0.03819279800018194,False,False,"Laya (fine-tuned, 3k)",True,True
1468,True,False,0.989,0.03710968700011108,True,True,"Laya (fine-tuned, 3k)",True,True
1469,True,False,0.989,0.041913958000122875,True,True,"Laya (fine-tuned, 3k)",True,True
1470,False,False,0.0095,0.05449614700000893,False,False,"Laya (fine-tuned, 3k)",True,True
1471,False,False,0.0116,0.041311367000162136,False,False,"Laya (fine-tuned, 3k)",True,True
1472,True,False,0.9895,0.043030175999774656,True,True,"Laya (fine-tuned, 3k)",True,True
1473,True,False,0.9893,0.04223489800006064,True,True,"Laya (fine-tuned, 3k)",True,True
1474,False,False,0.5444,0.038505123000049934,True,True,"Laya (fine-tuned, 3k)",False,False
1475,True,False,0.9905,0.042166616000031354,True,True,"Laya (fine-tuned, 3k)",True,True
1476,True,False,0.9866,0.03903148200015494,True,True,"Laya (fine-tuned, 3k)",True,True
1477,False,False,0.0145,0.037527982000028715,False,False,"Laya (fine-tuned, 3k)",True,True
1478,True,False,0.9888,0.03954733799992027,True,True,"Laya (fine-tuned, 3k)",True,True
1479,True,False,0.9895,0.03700022499992883,True,True,"Laya (fine-tuned, 3k)",True,True
1480,True,False,0.9884,0.03689185500002168,True,True,"Laya (fine-tuned, 3k)",True,True
1481,True,False,0.0981,0.039369579000094745,False,False,"Laya (fine-tuned, 3k)",False,False
1482,False,False,0.0089,0.038131954000164114,False,False,"Laya (fine-tuned, 3k)",True,True
1483,True,False,0.9868,0.04228557400006139,True,True,"Laya (fine-tuned, 3k)",True,True
1484,True,False,0.9895,0.04383214700010285,True,True,"Laya (fine-tuned, 3k)",True,True
1485,True,False,0.9661,0.036464087000013023,True,True,"Laya (fine-tuned, 3k)",True,True
1486,True,False,0.9875,0.03879600799996297,True,True,"Laya (fine-tuned, 3k)",True,True
1487,True,False,0.0105,0.04059658199980731,False,False,"Laya (fine-tuned, 3k)",False,False
1488,True,False,0.0076,0.03963263600007849,False,False,"Laya (fine-tuned, 3k)",False,False
1489,False,False,0.0101,0.04036203500004376,False,False,"Laya (fine-tuned, 3k)",True,True
1490,False,False,0.3717,0.04010521600002903,False,False,"Laya (fine-tuned, 3k)",True,True
1491,False,False,0.9885,0.03736822399991979,True,True,"Laya (fine-tuned, 3k)",False,False
1492,True,False,0.9902,0.03807263399994554,True,True,"Laya (fine-tuned, 3k)",True,True
1493,True,False,0.0135,0.042265442000143594,False,False,"Laya (fine-tuned, 3k)",False,False
1494,False,False,0.015,0.041802692999908686,False,False,"Laya (fine-tuned, 3k)",True,True
1495,True,False,0.9875,0.04713601500020559,True,True,"Laya (fine-tuned, 3k)",True,True
1496,True,False,0.9893,0.05165138899997146,True,True,"Laya (fine-tuned, 3k)",True,True
1497,True,False,0.9907,0.04099470799997107,True,True,"Laya (fine-tuned, 3k)",True,True
1498,True,False,0.6551,0.04291089600019404,True,True,"Laya (fine-tuned, 3k)",True,True
1499,True,False,0.0134,0.04268255299984958,False,False,"Laya (fine-tuned, 3k)",False,False
1500,True,False,0.9879,0.040094263000128194,True,True,"Laya (fine-tuned, 3k)",True,True
1501,True,False,0.9876,0.04085013299982165,True,True,"Laya (fine-tuned, 3k)",True,True
1502,False,False,0.0089,0.0448124199999711,False,False,"Laya (fine-tuned, 3k)",True,True
1503,False,False,0.0099,0.04185639299998911,False,False,"Laya (fine-tuned, 3k)",True,True
1504,True,False,0.9907,0.040875848000041515,True,True,"Laya (fine-tuned, 3k)",True,True
1505,True,False,0.9896,0.04503867599987643,True,True,"Laya (fine-tuned, 3k)",True,True
1506,False,False,0.9893,0.0406891899999664,True,True,"Laya (fine-tuned, 3k)",False,False
1507,False,False,0.9891,0.03862945200012291,True,True,"Laya (fine-tuned, 3k)",False,False
1508,False,False,0.0089,0.04900444999998399,False,False,"Laya (fine-tuned, 3k)",True,True
1509,True,False,0.9893,0.03908163800019793,True,True,"Laya (fine-tuned, 3k)",True,True
1510,True,False,0.9895,0.04004844599990065,True,True,"Laya (fine-tuned, 3k)",True,True
1511,True,False,0.9889,0.0449744439999904,True,True,"Laya (fine-tuned, 3k)",True,True
1512,True,False,0.9903,0.04246570400005112,True,True,"Laya (fine-tuned, 3k)",True,True
1513,True,False,0.9893,0.041088307000109126,True,True,"Laya (fine-tuned, 3k)",True,True
1514,False,False,0.0101,0.04252947200006929,False,False,"Laya (fine-tuned, 3k)",True,True
1515,True,False,0.9906,0.03879214000016873,True,True,"Laya (fine-tuned, 3k)",True,True
1516,True,False,0.9903,0.03803260399990904,True,True,"Laya (fine-tuned, 3k)",True,True
1517,False,False,0.0097,0.041211719000102676,False,False,"Laya (fine-tuned, 3k)",True,True
1518,False,False,0.0139,0.040680279000071096,False,False,"Laya (fine-tuned, 3k)",True,True
1519,True,False,0.9878,0.040657859000020835,True,True,"Laya (fine-tuned, 3k)",True,True
1520,False,False,0.0511,0.05653219900000295,False,False,"Laya (fine-tuned, 3k)",True,True
1521,True,False,0.9902,0.0429635559999042,True,True,"Laya (fine-tuned, 3k)",True,True
1522,False,False,0.0129,0.03806467499998689,False,False,"Laya (fine-tuned, 3k)",True,True
1523,False,False,0.0157,0.044308092999926885,False,False,"Laya (fine-tuned, 3k)",True,True
1524,True,False,0.9902,0.040116308000051504,True,True,"Laya (fine-tuned, 3k)",True,True
1525,True,False,0.9904,0.039219950999950015,True,True,"Laya (fine-tuned, 3k)",True,True
1526,True,False,0.9882,0.04175304099999266,True,True,"Laya (fine-tuned, 3k)",True,True
1527,True,False,0.9892,0.038440569999920626,True,True,"Laya (fine-tuned, 3k)",True,True
1528,True,False,0.9897,0.03822784799990586,True,True,"Laya (fine-tuned, 3k)",True,True
1529,True,False,0.9896,0.041133489000003465,True,True,"Laya (fine-tuned, 3k)",True,True
1530,False,False,0.0172,0.03793488300016179,False,False,"Laya (fine-tuned, 3k)",True,True
1531,True,False,0.9866,0.0460242010001366,True,True,"Laya (fine-tuned, 3k)",True,True
1532,False,False,0.0133,0.04113282499997695,False,False,"Laya (fine-tuned, 3k)",True,True
1533,False,False,0.9897,0.03910915799997383,True,True,"Laya (fine-tuned, 3k)",False,False
1534,False,False,0.0121,0.03907818499988025,False,False,"Laya (fine-tuned, 3k)",True,True
1535,True,False,0.9894,0.04181133699989914,True,True,"Laya (fine-tuned, 3k)",True,True
1536,True,False,0.9911,0.041261290999955236,True,True,"Laya (fine-tuned, 3k)",True,True
1537,False,False,0.0121,0.03967965800006823,False,False,"Laya (fine-tuned, 3k)",True,True
1538,True,False,0.9883,0.04175528199994005,True,True,"Laya (fine-tuned, 3k)",True,True
1539,True,False,0.9896,0.039193669000042064,True,True,"Laya (fine-tuned, 3k)",True,True
1540,True,False,0.0124,0.04017888499993205,False,False,"Laya (fine-tuned, 3k)",False,False
1541,True,False,0.989,0.043083561999992526,True,True,"Laya (fine-tuned, 3k)",True,True
1542,True,False,0.9869,0.04009081999993214,True,True,"Laya (fine-tuned, 3k)",True,True
1543,False,False,0.0136,0.04002432700008285,False,False,"Laya (fine-tuned, 3k)",True,True
1544,True,False,0.9906,0.04908301399996162,True,True,"Laya (fine-tuned, 3k)",True,True
1545,True,False,0.036,0.04760340899997573,False,False,"Laya (fine-tuned, 3k)",False,False
1546,False,False,0.2642,0.03935490999992908,False,False,"Laya (fine-tuned, 3k)",True,True
1547,True,False,0.9901,0.042454596999959904,True,True,"Laya (fine-tuned, 3k)",True,True
1548,True,False,0.9904,0.03837496200003443,True,True,"Laya (fine-tuned, 3k)",True,True
1549,False,False,0.0152,0.04000837500007037,False,False,"Laya (fine-tuned, 3k)",True,True
1550,False,False,0.0086,0.04111478000004354,False,False,"Laya (fine-tuned, 3k)",True,True
1551,True,False,0.8347,0.03870103999997809,True,True,"Laya (fine-tuned, 3k)",True,True
1552,True,False,0.9896,0.03976300399995125,True,True,"Laya (fine-tuned, 3k)",True,True
1553,False,False,0.0503,0.04204469399996924,False,False,"Laya (fine-tuned, 3k)",True,True
1554,True,False,0.9888,0.03871753900011754,True,True,"Laya (fine-tuned, 3k)",True,True
1555,True,False,0.984,0.04579986499993538,True,True,"Laya (fine-tuned, 3k)",True,True
1556,False,False,0.0081,0.042773227999987284,False,False,"Laya (fine-tuned, 3k)",True,True
1557,False,False,0.4799,0.04129563099991174,False,True,"Laya (fine-tuned, 3k)",True,False
1558,False,False,0.9912,0.04040948099986963,True,True,"Laya (fine-tuned, 3k)",False,False
1559,True,False,0.9887,0.041304753000076744,True,True,"Laya (fine-tuned, 3k)",True,True
1560,True,False,0.9902,0.04381556399994224,True,True,"Laya (fine-tuned, 3k)",True,True
1561,True,False,0.9897,0.04031559399982143,True,True,"Laya (fine-tuned, 3k)",True,True
1562,False,False,0.9864,0.043243738999990455,True,True,"Laya (fine-tuned, 3k)",False,False
1563,True,False,0.9902,0.03979613599994991,True,True,"Laya (fine-tuned, 3k)",True,True
1564,True,False,0.9902,0.03873996800007262,True,True,"Laya (fine-tuned, 3k)",True,True
1565,True,False,0.989,0.0402607060000264,True,True,"Laya (fine-tuned, 3k)",True,True
1566,False,False,0.0122,0.04077291699991292,False,False,"Laya (fine-tuned, 3k)",True,True
1567,True,False,0.0166,0.040054903999816815,False,False,"Laya (fine-tuned, 3k)",False,False
1568,True,False,0.9915,0.041589143000010154,True,True,"Laya (fine-tuned, 3k)",True,True
1569,True,False,0.9885,0.05384804400000576,True,True,"Laya (fine-tuned, 3k)",True,True
1570,False,False,0.0121,0.038840455000126894,False,False,"Laya (fine-tuned, 3k)",True,True
1571,False,False,0.0069,0.04292412599988893,False,False,"Laya (fine-tuned, 3k)",True,True
1572,False,False,0.0126,0.039002879999998186,False,False,"Laya (fine-tuned, 3k)",True,True
1573,True,False,0.3889,0.03892034499995134,False,False,"Laya (fine-tuned, 3k)",False,False
1574,False,False,0.9889,0.040576295000164464,True,True,"Laya (fine-tuned, 3k)",False,False
1575,True,False,0.9894,0.03932837699994707,True,True,"Laya (fine-tuned, 3k)",True,True
1576,False,False,0.989,0.03866024199987805,True,True,"Laya (fine-tuned, 3k)",False,False
1577,True,False,0.9913,0.04126873999985037,True,True,"Laya (fine-tuned, 3k)",True,True
1578,True,False,0.9899,0.038143773999991026,True,True,"Laya (fine-tuned, 3k)",True,True
1579,False,False,0.0104,0.045718054999952074,False,False,"Laya (fine-tuned, 3k)",True,True
1580,True,False,0.9896,0.040103756000007706,True,True,"Laya (fine-tuned, 3k)",True,True
1581,True,False,0.9885,0.038238843999806704,True,True,"Laya (fine-tuned, 3k)",True,True
1582,True,False,0.9903,0.03839620400003696,True,True,"Laya (fine-tuned, 3k)",True,True
1583,False,False,0.0151,0.04128731099990546,False,False,"Laya (fine-tuned, 3k)",True,True
1584,True,False,0.9898,0.040104923000171766,True,True,"Laya (fine-tuned, 3k)",True,True
1585,True,False,0.9891,0.04066902099998515,True,True,"Laya (fine-tuned, 3k)",True,True
1586,True,False,0.9898,0.041097493999814105,True,True,"Laya (fine-tuned, 3k)",True,True
1587,False,False,0.0103,0.038466702999812696,False,False,"Laya (fine-tuned, 3k)",True,True
1588,False,False,0.2064,0.0385685819999253,False,False,"Laya (fine-tuned, 3k)",True,True
1589,True,False,0.0118,0.04271690700011277,False,False,"Laya (fine-tuned, 3k)",False,False
1590,True,False,0.9881,0.039394655000023704,True,True,"Laya (fine-tuned, 3k)",True,True
1591,True,False,0.9875,0.042274180000049455,True,True,"Laya (fine-tuned, 3k)",True,True
1592,False,False,0.9844,0.04150099299999965,True,True,"Laya (fine-tuned, 3k)",False,False
1593,True,False,0.9892,0.03963681999994151,True,True,"Laya (fine-tuned, 3k)",True,True
1594,False,False,0.9892,0.052224448000060875,True,True,"Laya (fine-tuned, 3k)",False,False
1595,True,False,0.9914,0.04433200699986628,True,True,"Laya (fine-tuned, 3k)",True,True
1596,True,False,0.9888,0.03860889700013104,True,True,"Laya (fine-tuned, 3k)",True,True
1597,False,False,0.2365,0.03830707599991001,False,False,"Laya (fine-tuned, 3k)",True,True
1598,False,False,0.1041,0.04180119299985563,False,False,"Laya (fine-tuned, 3k)",True,True
1599,True,False,0.9905,0.04025580899997294,True,True,"Laya (fine-tuned, 3k)",True,True
1600,True,False,0.9898,0.04067928899985418,True,True,"Laya (fine-tuned, 3k)",True,True
1601,True,False,0.9892,0.041311650000125155,True,True,"Laya (fine-tuned, 3k)",True,True
1602,False,False,0.009,0.035828225999921415,False,False,"Laya (fine-tuned, 3k)",True,True
1603,False,False,0.9904,0.04671224599997004,True,True,"Laya (fine-tuned, 3k)",False,False
1604,False,False,0.0127,0.040682031999949686,False,False,"Laya (fine-tuned, 3k)",True,True
1605,True,False,0.9898,0.037534577999849716,True,True,"Laya (fine-tuned, 3k)",True,True
1606,True,False,0.9906,0.03763768599992545,True,True,"Laya (fine-tuned, 3k)",True,True
1607,True,False,0.9886,0.04017048600007911,True,True,"Laya (fine-tuned, 3k)",True,True
1608,True,False,0.9903,0.03796026800000618,True,True,"Laya (fine-tuned, 3k)",True,True
1609,False,False,0.2022,0.03983824000010827,False,False,"Laya (fine-tuned, 3k)",True,True
1610,True,False,0.9899,0.04095519099996636,True,True,"Laya (fine-tuned, 3k)",True,True
1611,True,False,0.9874,0.039856774000099904,True,True,"Laya (fine-tuned, 3k)",True,True
1612,False,False,0.9704,0.03886128100020869,True,True,"Laya (fine-tuned, 3k)",False,False
1613,False,False,0.011,0.04283740199980457,False,False,"Laya (fine-tuned, 3k)",True,True
1614,True,False,0.9892,0.037887380000029225,True,True,"Laya (fine-tuned, 3k)",True,True
1615,False,False,0.9886,0.03951252500019109,True,True,"Laya (fine-tuned, 3k)",False,False
1616,True,False,0.2049,0.040950568999960524,False,False,"Laya (fine-tuned, 3k)",False,False
1617,False,False,0.014,0.03638487599982909,False,False,"Laya (fine-tuned, 3k)",True,True
1618,False,False,0.0538,0.043136478999940664,False,False,"Laya (fine-tuned, 3k)",True,True
1619,True,False,0.9882,0.08516077000012956,True,True,"Laya (fine-tuned, 3k)",True,True
1620,False,False,0.9913,0.07057040199993025,True,True,"Laya (fine-tuned, 3k)",False,False
1621,True,False,0.9889,0.05642154700012725,True,True,"Laya (fine-tuned, 3k)",True,True
1622,True,False,0.9891,0.052289215999962835,True,True,"Laya (fine-tuned, 3k)",True,True
1623,True,False,0.9893,0.053900623999879826,True,True,"Laya (fine-tuned, 3k)",True,True
1624,True,False,0.9883,0.05781294100006562,True,True,"Laya (fine-tuned, 3k)",True,True
1625,True,False,0.9879,0.05413292100001854,True,True,"Laya (fine-tuned, 3k)",True,True
1626,False,False,0.4271,0.049367381000138266,False,False,"Laya (fine-tuned, 3k)",True,True
1627,True,False,0.9886,0.052704210000001694,True,True,"Laya (fine-tuned, 3k)",True,True
1628,True,False,0.9893,0.05131539800004248,True,True,"Laya (fine-tuned, 3k)",True,True
1629,True,False,0.0126,0.051338689999965936,False,False,"Laya (fine-tuned, 3k)",False,False
1630,True,False,0.9885,0.05038032400011616,True,True,"Laya (fine-tuned, 3k)",True,True
1631,True,False,0.9894,0.050418258000036076,True,True,"Laya (fine-tuned, 3k)",True,True
1632,True,False,0.989,0.049134210999909556,True,True,"Laya (fine-tuned, 3k)",True,True
1633,True,False,0.9888,0.05141102699985822,True,True,"Laya (fine-tuned, 3k)",True,True
1634,True,False,0.989,0.0509349439998914,True,True,"Laya (fine-tuned, 3k)",True,True
1635,True,False,0.9894,0.061091860999795244,True,True,"Laya (fine-tuned, 3k)",True,True
1636,True,False,0.9877,0.051013591000128145,True,True,"Laya (fine-tuned, 3k)",True,True
1637,True,False,0.9887,0.05760583599999336,True,True,"Laya (fine-tuned, 3k)",True,True
1638,False,False,0.0085,0.05007807400011188,False,False,"Laya (fine-tuned, 3k)",True,True
1639,False,False,0.017,0.05961623400003191,False,False,"Laya (fine-tuned, 3k)",True,True
1640,True,False,0.9888,0.054311659000177315,True,True,"Laya (fine-tuned, 3k)",True,True
1641,True,False,0.989,0.0505417760000455,True,True,"Laya (fine-tuned, 3k)",True,True
1642,False,False,0.9891,0.04899895300013668,True,True,"Laya (fine-tuned, 3k)",False,False
1643,True,False,0.9902,0.05291209600000002,True,True,"Laya (fine-tuned, 3k)",True,True
1644,False,False,0.0138,0.04703256900006636,False,False,"Laya (fine-tuned, 3k)",True,True
1645,True,False,0.99,0.05168750000007094,True,True,"Laya (fine-tuned, 3k)",True,True
1646,True,False,0.9887,0.047266835999835166,True,True,"Laya (fine-tuned, 3k)",True,True
1647,True,False,0.9881,0.05217781500005003,True,True,"Laya (fine-tuned, 3k)",True,True
1648,False,False,0.5957,0.05302615499999774,True,True,"Laya (fine-tuned, 3k)",False,False
1649,True,False,0.2533,0.06376675700016676,False,False,"Laya (fine-tuned, 3k)",False,False
1650,False,False,0.0237,0.0641508060000433,False,False,"Laya (fine-tuned, 3k)",True,True
1651,True,False,0.9898,0.06656304900002397,True,True,"Laya (fine-tuned, 3k)",True,True
1652,False,False,0.0114,0.057113337999908254,False,False,"Laya (fine-tuned, 3k)",True,True
1653,False,False,0.0174,0.050801046000060524,False,False,"Laya (fine-tuned, 3k)",True,True
1654,False,False,0.0097,0.0554938940001648,False,False,"Laya (fine-tuned, 3k)",True,True
1655,True,False,0.9912,0.05574065399991923,True,True,"Laya (fine-tuned, 3k)",True,True
1656,False,False,0.0143,0.0504673630000525,False,False,"Laya (fine-tuned, 3k)",True,True
1657,True,False,0.9891,0.052516753999952925,True,True,"Laya (fine-tuned, 3k)",True,True
1658,True,False,0.9902,0.06280094099997768,True,True,"Laya (fine-tuned, 3k)",True,True
1659,False,False,0.0118,0.07435230699979911,False,False,"Laya (fine-tuned, 3k)",True,True
1660,True,False,0.988,0.05945848400006071,True,True,"Laya (fine-tuned, 3k)",True,True
1661,True,True,0.9892,0.07668759100010902,True,True,"Laya (fine-tuned, 3k)",True,True
1662,True,False,0.9898,0.06170463800003745,True,True,"Laya (fine-tuned, 3k)",True,True
1663,True,False,0.9907,0.06476390500006346,True,True,"Laya (fine-tuned, 3k)",True,True
1664,True,False,0.9907,0.06414631399979953,True,True,"Laya (fine-tuned, 3k)",True,True
1665,True,False,0.9877,0.055247063000024355,True,True,"Laya (fine-tuned, 3k)",True,True
1666,False,False,0.2863,0.03886975199998233,False,False,"Laya (fine-tuned, 3k)",True,True
1667,True,False,0.0114,0.03915462800000569,False,False,"Laya (fine-tuned, 3k)",False,False
1668,False,False,0.0119,0.04271364500004893,False,False,"Laya (fine-tuned, 3k)",True,True
1669,False,False,0.0281,0.03857283300021663,False,False,"Laya (fine-tuned, 3k)",True,True
1670,True,False,0.9896,0.03790037899989329,True,True,"Laya (fine-tuned, 3k)",True,True
1671,True,False,0.99,0.04182495999998537,True,True,"Laya (fine-tuned, 3k)",True,True
1672,True,False,0.9904,0.037949280000020735,True,True,"Laya (fine-tuned, 3k)",True,True
1673,False,False,0.013,0.039398307000055866,False,False,"Laya (fine-tuned, 3k)",True,True
1674,False,False,0.0112,0.0440938429999278,False,False,"Laya (fine-tuned, 3k)",True,True
1675,False,False,0.9897,0.03936786999997821,True,True,"Laya (fine-tuned, 3k)",False,False
1676,True,False,0.9896,0.04131712499997775,True,True,"Laya (fine-tuned, 3k)",True,True
1677,True,False,0.9895,0.04094623400010278,True,True,"Laya (fine-tuned, 3k)",True,True
1678,True,False,0.9887,0.038718999000138865,True,True,"Laya (fine-tuned, 3k)",True,True
1679,False,False,0.0126,0.03804457900014313,False,False,"Laya (fine-tuned, 3k)",True,True
1680,True,False,0.9892,0.05532108700003846,True,True,"Laya (fine-tuned, 3k)",True,True
1681,True,True,0.9865,0.041839195999955336,True,True,"Laya (fine-tuned, 3k)",True,True
1682,True,False,0.991,0.04204784600005951,True,True,"Laya (fine-tuned, 3k)",True,True
1683,False,False,0.0107,0.0443996789999801,False,False,"Laya (fine-tuned, 3k)",True,True
1684,False,False,0.9843,0.040144510000118316,True,True,"Laya (fine-tuned, 3k)",False,False
1685,False,False,0.01,0.03833784299990839,False,False,"Laya (fine-tuned, 3k)",True,True
1686,False,False,0.9885,0.04291363599986653,True,True,"Laya (fine-tuned, 3k)",False,False
1687,True,False,0.9887,0.03909204799992949,True,True,"Laya (fine-tuned, 3k)",True,True
1688,True,False,0.9886,0.03873994799982938,True,True,"Laya (fine-tuned, 3k)",True,True
1689,True,False,0.9888,0.03974441199989087,True,True,"Laya (fine-tuned, 3k)",True,True
1690,False,False,0.0114,0.039331899999979214,False,False,"Laya (fine-tuned, 3k)",True,True
1691,False,False,0.4397,0.04012552299991512,False,False,"Laya (fine-tuned, 3k)",True,True
1692,True,False,0.0088,0.04194941800005836,False,False,"Laya (fine-tuned, 3k)",False,False
1693,True,False,0.9901,0.03933020300019052,True,True,"Laya (fine-tuned, 3k)",True,True
1694,True,False,0.9897,0.03901768699984132,True,True,"Laya (fine-tuned, 3k)",True,True
1695,True,False,0.9914,0.04286371699981828,True,True,"Laya (fine-tuned, 3k)",True,True
1696,True,False,0.9898,0.03852194099999906,True,True,"Laya (fine-tuned, 3k)",True,True
1697,False,False,0.988,0.03826836399980493,True,True,"Laya (fine-tuned, 3k)",False,False
1698,False,False,0.0144,0.03981250300012107,False,False,"Laya (fine-tuned, 3k)",True,True
1699,True,False,0.9896,0.03934496199985915,True,True,"Laya (fine-tuned, 3k)",True,True
1700,True,False,0.9894,0.039535038999929384,True,True,"Laya (fine-tuned, 3k)",True,True
1701,False,False,0.0082,0.0399466650001159,False,False,"Laya (fine-tuned, 3k)",True,True
1702,True,False,0.9911,0.036956521999854886,True,True,"Laya (fine-tuned, 3k)",True,True
1703,True,False,0.0154,0.038121181999940745,False,False,"Laya (fine-tuned, 3k)",False,False
1704,True,False,0.0473,0.041006119000030594,False,False,"Laya (fine-tuned, 3k)",False,False
1705,True,False,0.011,0.04820402399991508,False,False,"Laya (fine-tuned, 3k)",False,False
1706,True,False,0.9889,0.04488145599998461,True,True,"Laya (fine-tuned, 3k)",True,True
1707,False,False,0.0121,0.04867598100008763,False,False,"Laya (fine-tuned, 3k)",True,True
1708,False,False,0.0146,0.038759668000011516,False,False,"Laya (fine-tuned, 3k)",True,True
1709,True,False,0.9886,0.039300399000012476,True,True,"Laya (fine-tuned, 3k)",True,True
1710,False,False,0.9888,0.041066361000048346,True,True,"Laya (fine-tuned, 3k)",False,False
1711,False,False,0.9899,0.04067550599984315,True,True,"Laya (fine-tuned, 3k)",False,False
1712,False,False,0.0102,0.041279168000073696,False,False,"Laya (fine-tuned, 3k)",True,True
1713,True,False,0.9886,0.044049517000075866,True,True,"Laya (fine-tuned, 3k)",True,True
1714,False,False,0.99,0.037843357999918226,True,True,"Laya (fine-tuned, 3k)",False,False
1715,False,False,0.0106,0.03808613299997887,False,False,"Laya (fine-tuned, 3k)",True,True
1716,True,False,0.991,0.04114977399990494,True,True,"Laya (fine-tuned, 3k)",True,True
1717,False,False,0.0088,0.03881041499994353,False,False,"Laya (fine-tuned, 3k)",True,True
1718,False,False,0.0117,0.04015220499991301,False,False,"Laya (fine-tuned, 3k)",True,True
1719,True,False,0.988,0.04147815700002866,True,True,"Laya (fine-tuned, 3k)",True,True
1720,True,False,0.9897,0.03839382499995736,True,True,"Laya (fine-tuned, 3k)",True,True
1721,True,False,0.9896,0.03882369000007202,True,True,"Laya (fine-tuned, 3k)",True,True
1722,False,False,0.0168,0.04281368399983876,False,False,"Laya (fine-tuned, 3k)",True,True
1723,True,False,0.9912,0.04057731300008527,True,True,"Laya (fine-tuned, 3k)",True,True
1724,True,False,0.989,0.03840212200020687,True,True,"Laya (fine-tuned, 3k)",True,True
1725,False,False,0.9889,0.040528770000037184,True,True,"Laya (fine-tuned, 3k)",False,False
1726,True,False,0.9897,0.03879040699985126,True,True,"Laya (fine-tuned, 3k)",True,True
1727,True,False,0.9888,0.038729107999870394,True,True,"Laya (fine-tuned, 3k)",True,True
1728,True,False,0.989,0.038703362999967794,True,True,"Laya (fine-tuned, 3k)",True,True
1729,True,False,0.9882,0.03833237799995004,True,True,"Laya (fine-tuned, 3k)",True,True
1730,True,False,0.9892,0.04391736699994908,True,True,"Laya (fine-tuned, 3k)",True,True
1731,True,False,0.9883,0.052424463999841464,True,True,"Laya (fine-tuned, 3k)",True,True
1732,True,False,0.9886,0.03830399100002069,True,True,"Laya (fine-tuned, 3k)",True,True
1733,True,False,0.9898,0.03875314200013236,True,True,"Laya (fine-tuned, 3k)",True,True
1734,True,False,0.9868,0.040085369000053106,True,True,"Laya (fine-tuned, 3k)",True,True
1735,False,False,0.99,0.03915285500011123,True,True,"Laya (fine-tuned, 3k)",False,False
1736,True,False,0.9885,0.03865693900002043,True,True,"Laya (fine-tuned, 3k)",True,True
1737,True,False,0.9911,0.04616693100001612,True,True,"Laya (fine-tuned, 3k)",True,True
1738,False,False,0.0125,0.04008764200011683,False,False,"Laya (fine-tuned, 3k)",True,True
1739,True,False,0.9884,0.0409073000000717,True,True,"Laya (fine-tuned, 3k)",True,True
1740,True,False,0.9892,0.04242773000009947,True,True,"Laya (fine-tuned, 3k)",True,True
1741,True,False,0.9896,0.03947105499992176,True,True,"Laya (fine-tuned, 3k)",True,True
1742,False,False,0.0123,0.03994581799997832,False,False,"Laya (fine-tuned, 3k)",True,True
1743,True,False,0.9892,0.0421535400000721,True,True,"Laya (fine-tuned, 3k)",True,True
1744,False,False,0.0089,0.03988226100000247,False,False,"Laya (fine-tuned, 3k)",True,True
1745,False,False,0.9876,0.039722903999972914,True,True,"Laya (fine-tuned, 3k)",False,False
1746,True,False,0.9893,0.0414456829998926,True,True,"Laya (fine-tuned, 3k)",True,True
1747,False,False,0.9881,0.04220182799986105,True,True,"Laya (fine-tuned, 3k)",False,False
1748,True,False,0.9896,0.03905335500007823,True,True,"Laya (fine-tuned, 3k)",True,True
1749,False,False,0.0157,0.042420014000072115,False,False,"Laya (fine-tuned, 3k)",True,True
1750,False,False,0.0091,0.038445753999894805,False,False,"Laya (fine-tuned, 3k)",True,True
1751,True,False,0.989,0.038870833000146376,True,True,"Laya (fine-tuned, 3k)",True,True
1752,False,False,0.0131,0.040545834000113246,False,False,"Laya (fine-tuned, 3k)",True,True
1753,True,False,0.99,0.038781918000040605,True,True,"Laya (fine-tuned, 3k)",True,True
1754,True,False,0.9903,0.03805275299987443,True,True,"Laya (fine-tuned, 3k)",True,True
1755,True,False,0.9882,0.04164808100017581,True,True,"Laya (fine-tuned, 3k)",True,True
1756,True,False,0.9881,0.05403692899994894,True,True,"Laya (fine-tuned, 3k)",True,True
1757,True,False,0.0109,0.03786086200011596,False,False,"Laya (fine-tuned, 3k)",False,False
1758,True,False,0.99,0.04086848799988729,True,True,"Laya (fine-tuned, 3k)",True,True
1759,True,False,0.9889,0.03991984999993292,True,True,"Laya (fine-tuned, 3k)",True,True
1760,True,False,0.99,0.040504505999933826,True,True,"Laya (fine-tuned, 3k)",True,True
1761,True,False,0.9913,0.04310571900009563,True,True,"Laya (fine-tuned, 3k)",True,True
1762,True,False,0.015,0.03853487999981553,False,False,"Laya (fine-tuned, 3k)",False,False
1763,True,False,0.9889,0.037572715000123935,True,True,"Laya (fine-tuned, 3k)",True,True
1764,True,False,0.0108,0.038869919000035225,False,False,"Laya (fine-tuned, 3k)",False,False
1765,True,False,0.9881,0.03867541199997504,True,True,"Laya (fine-tuned, 3k)",True,True
1766,True,False,0.9903,0.03813905100014381,True,True,"Laya (fine-tuned, 3k)",True,True
1767,False,False,0.0119,0.0423363260001679,False,False,"Laya (fine-tuned, 3k)",True,True
1768,True,False,0.9891,0.03790673000003153,True,True,"Laya (fine-tuned, 3k)",True,True
1769,True,False,0.9894,0.03933172500001092,True,True,"Laya (fine-tuned, 3k)",True,True
1770,True,False,0.9899,0.04061458199998924,True,True,"Laya (fine-tuned, 3k)",True,True
1771,True,False,0.9905,0.03885859599995456,True,True,"Laya (fine-tuned, 3k)",True,True
1772,True,False,0.9906,0.04137680100006946,True,True,"Laya (fine-tuned, 3k)",True,True
1773,True,False,0.99,0.043762450000031095,True,True,"Laya (fine-tuned, 3k)",True,True
1774,False,False,0.0127,0.03853509500004293,False,False,"Laya (fine-tuned, 3k)",True,True
1775,False,False,0.0089,0.03749029900018286,False,False,"Laya (fine-tuned, 3k)",True,True
1776,True,False,0.9874,0.04095978500004094,True,True,"Laya (fine-tuned, 3k)",True,True
1777,False,False,0.0131,0.03823195400013901,False,False,"Laya (fine-tuned, 3k)",True,True
1778,False,False,0.009,0.03742585000009058,False,False,"Laya (fine-tuned, 3k)",True,True
1779,True,False,0.5297,0.0395355959999506,True,True,"Laya (fine-tuned, 3k)",True,True
1780,True,False,0.9891,0.04378735999989658,True,True,"Laya (fine-tuned, 3k)",True,True
1781,False,False,0.9894,0.05395238599999175,True,True,"Laya (fine-tuned, 3k)",False,False
1782,True,False,0.9902,0.04090038000003915,True,True,"Laya (fine-tuned, 3k)",True,True
1783,False,False,0.0648,0.04020007100007206,False,False,"Laya (fine-tuned, 3k)",True,True
1784,True,False,0.7976,0.03949683299993012,True,True,"Laya (fine-tuned, 3k)",True,True
1785,True,False,0.9888,0.04476240500002859,True,True,"Laya (fine-tuned, 3k)",True,True
1786,True,False,0.989,0.04075837000004867,True,True,"Laya (fine-tuned, 3k)",True,True
1787,True,False,0.0167,0.04211312600000383,False,False,"Laya (fine-tuned, 3k)",False,False
1788,False,False,0.0325,0.042781433000072866,False,False,"Laya (fine-tuned, 3k)",True,True
1789,False,False,0.0093,0.038484281000137344,False,False,"Laya (fine-tuned, 3k)",True,True
1790,False,False,0.0091,0.039037213000028714,False,False,"Laya (fine-tuned, 3k)",True,True
1791,True,False,0.9871,0.045725597999989986,True,True,"Laya (fine-tuned, 3k)",True,True
1792,True,False,0.9901,0.037026748000016596,True,True,"Laya (fine-tuned, 3k)",True,True
1793,True,False,0.9904,0.03912203599998065,True,True,"Laya (fine-tuned, 3k)",True,True
1794,True,False,0.9897,0.04321025100011866,True,True,"Laya (fine-tuned, 3k)",True,True
1795,False,False,0.0129,0.03947312300010708,False,False,"Laya (fine-tuned, 3k)",True,True
1796,False,False,0.9896,0.04101523899998938,True,True,"Laya (fine-tuned, 3k)",False,False
1797,True,False,0.9899,0.042387986999983696,True,True,"Laya (fine-tuned, 3k)",True,True
1798,True,False,0.9907,0.04165392499999143,True,True,"Laya (fine-tuned, 3k)",True,True
1799,True,False,0.0104,0.038601278999976785,False,False,"Laya (fine-tuned, 3k)",False,False
1800,True,False,0.9899,0.04106549800007997,True,True,"Laya (fine-tuned, 3k)",True,True
1801,True,False,0.9885,0.03865031000009367,True,True,"Laya (fine-tuned, 3k)",True,True
1802,True,False,0.9915,0.03737812899998971,True,True,"Laya (fine-tuned, 3k)",True,True
1803,True,False,0.989,0.04700037100019472,True,True,"Laya (fine-tuned, 3k)",True,True
1804,False,False,0.0096,0.03893928099978439,False,False,"Laya (fine-tuned, 3k)",True,True
1805,False,False,0.0131,0.038662046999888844,False,False,"Laya (fine-tuned, 3k)",True,True
1806,False,False,0.0112,0.054322174000162704,False,False,"Laya (fine-tuned, 3k)",True,True
1807,True,False,0.9883,0.03763197900002524,True,True,"Laya (fine-tuned, 3k)",True,True
1808,True,False,0.9902,0.03970396099998652,True,True,"Laya (fine-tuned, 3k)",True,True
1809,False,False,0.0117,0.040758532000154446,False,False,"Laya (fine-tuned, 3k)",True,True
1810,True,False,0.9894,0.039473711000027834,True,True,"Laya (fine-tuned, 3k)",True,True
1811,True,False,0.9891,0.03782100800003718,True,True,"Laya (fine-tuned, 3k)",True,True
1812,True,False,0.9898,0.044345052999915424,True,True,"Laya (fine-tuned, 3k)",True,True
1813,False,False,0.0079,0.03997553799990783,False,False,"Laya (fine-tuned, 3k)",True,True
1814,True,False,0.9899,0.0388843519999682,True,True,"Laya (fine-tuned, 3k)",True,True
1815,False,False,0.9904,0.04187975200011351,True,True,"Laya (fine-tuned, 3k)",False,False
1816,True,False,0.9906,0.039935946000014155,True,True,"Laya (fine-tuned, 3k)",True,True
1817,True,False,0.9891,0.03970438900000772,True,True,"Laya (fine-tuned, 3k)",True,True
1818,False,False,0.9894,0.042581780000091385,True,True,"Laya (fine-tuned, 3k)",False,False
1819,True,False,0.9896,0.039425265999852854,True,True,"Laya (fine-tuned, 3k)",True,True
1820,True,False,0.9898,0.041927104999786025,True,True,"Laya (fine-tuned, 3k)",True,True
1821,True,False,0.014,0.04409852300000239,False,False,"Laya (fine-tuned, 3k)",False,False
1822,True,False,0.0114,0.040758246999985204,False,False,"Laya (fine-tuned, 3k)",False,False
1823,True,False,0.9883,0.03994365699986702,True,True,"Laya (fine-tuned, 3k)",True,True
1824,False,False,0.0106,0.04174240799989093,False,False,"Laya (fine-tuned, 3k)",True,True
1825,True,False,0.9878,0.03893983800003298,True,True,"Laya (fine-tuned, 3k)",True,True
1826,False,False,0.0162,0.03870643199979895,False,False,"Laya (fine-tuned, 3k)",True,True
1827,False,False,0.937,0.04644986800008155,True,True,"Laya (fine-tuned, 3k)",False,False
1828,True,False,0.988,0.039800660000082644,True,True,"Laya (fine-tuned, 3k)",True,True
1829,True,False,0.9907,0.03802055200003451,True,True,"Laya (fine-tuned, 3k)",True,True
1830,True,False,0.989,0.03888385200002631,True,True,"Laya (fine-tuned, 3k)",True,True
1831,False,False,0.9891,0.051502612999911435,True,True,"Laya (fine-tuned, 3k)",False,False
1832,True,False,0.9904,0.038754681000000346,True,True,"Laya (fine-tuned, 3k)",True,True
1833,True,False,0.0165,0.04121030300007078,False,False,"Laya (fine-tuned, 3k)",False,False
1834,True,False,0.0113,0.04036766199988051,False,False,"Laya (fine-tuned, 3k)",False,False
1835,True,False,0.9907,0.03876463699998567,True,True,"Laya (fine-tuned, 3k)",True,True
1836,False,True,0.9888,0.044139996000012616,True,True,"Laya (fine-tuned, 3k)",False,False
1837,True,False,0.9898,0.039959095000085654,True,True,"Laya (fine-tuned, 3k)",True,True
1838,True,False,0.9888,0.038001666999889494,True,True,"Laya (fine-tuned, 3k)",True,True
1839,False,False,0.013,0.04161476199988101,False,False,"Laya (fine-tuned, 3k)",True,True
1840,True,False,0.9878,0.03927827999996225,True,True,"Laya (fine-tuned, 3k)",True,True
1841,False,False,0.1723,0.03953112199997122,False,False,"Laya (fine-tuned, 3k)",True,True
1842,True,False,0.0121,0.042560376999972505,False,False,"Laya (fine-tuned, 3k)",False,False
1843,True,False,0.9881,0.03944646200011448,True,True,"Laya (fine-tuned, 3k)",True,True
1844,True,False,0.9899,0.03952068200010217,True,True,"Laya (fine-tuned, 3k)",True,True
1845,True,False,0.989,0.04380537799988815,True,True,"Laya (fine-tuned, 3k)",True,True
1846,False,False,0.9884,0.04014015999996445,True,True,"Laya (fine-tuned, 3k)",False,False
1847,True,False,0.9899,0.038674083999922004,True,True,"Laya (fine-tuned, 3k)",True,True
1848,True,False,0.9888,0.04209958100000222,True,True,"Laya (fine-tuned, 3k)",True,True
1849,False,False,0.0092,0.03931502000000364,False,False,"Laya (fine-tuned, 3k)",True,True
1850,False,False,0.9859,0.04015883700003542,True,True,"Laya (fine-tuned, 3k)",False,False
1851,True,False,0.9883,0.04495751700005712,True,True,"Laya (fine-tuned, 3k)",True,True
1852,True,False,0.992,0.042817613000124766,True,True,"Laya (fine-tuned, 3k)",True,True
1853,False,False,0.0131,0.036242838000134725,False,False,"Laya (fine-tuned, 3k)",True,True
1854,False,False,0.9875,0.040586613999948895,True,True,"Laya (fine-tuned, 3k)",False,False
1855,True,False,0.9899,0.037962845999800265,True,True,"Laya (fine-tuned, 3k)",True,True
1856,False,False,0.9892,0.0510119539999323,True,True,"Laya (fine-tuned, 3k)",False,False
1857,True,False,0.9894,0.04108003400006055,True,True,"Laya (fine-tuned, 3k)",True,True
1858,False,False,0.0185,0.039780982999900516,False,False,"Laya (fine-tuned, 3k)",True,True
1859,False,False,0.5289,0.03760942000008072,True,True,"Laya (fine-tuned, 3k)",False,False
1860,True,False,0.9898,0.043753870000045936,True,True,"Laya (fine-tuned, 3k)",True,True
1861,False,False,0.9889,0.03865401500002008,True,True,"Laya (fine-tuned, 3k)",False,False
1862,False,False,0.9886,0.0398223310000958,True,True,"Laya (fine-tuned, 3k)",False,False
1863,True,False,0.0119,0.041019271000095614,False,False,"Laya (fine-tuned, 3k)",False,False
1864,True,False,0.0129,0.039660980999997264,False,False,"Laya (fine-tuned, 3k)",False,False
1865,True,False,0.9913,0.038153944999976375,True,True,"Laya (fine-tuned, 3k)",True,True
1866,False,False,0.011,0.042335381999919264,False,False,"Laya (fine-tuned, 3k)",True,True
1867,True,False,0.989,0.03908438799999203,True,True,"Laya (fine-tuned, 3k)",True,True
1868,True,False,0.9886,0.03637588100014,True,True,"Laya (fine-tuned, 3k)",True,True
1869,True,False,0.987,0.04437789000007797,True,True,"Laya (fine-tuned, 3k)",True,True
1870,False,False,0.9862,0.03901134500006265,True,True,"Laya (fine-tuned, 3k)",False,False
1871,True,False,0.0085,0.038016665999975885,False,False,"Laya (fine-tuned, 3k)",False,False
1872,True,False,0.0139,0.040833927999983644,False,False,"Laya (fine-tuned, 3k)",False,False
1873,True,False,0.9902,0.0398097389997929,True,True,"Laya (fine-tuned, 3k)",True,True
1874,True,False,0.4355,0.03761279199989076,False,False,"Laya (fine-tuned, 3k)",False,False
1875,False,False,0.0104,0.04005647700000736,False,False,"Laya (fine-tuned, 3k)",True,True
1876,False,False,0.0151,0.04597796999996717,False,False,"Laya (fine-tuned, 3k)",True,True
1877,True,False,0.9901,0.037958574999947814,True,True,"Laya (fine-tuned, 3k)",True,True
1878,True,False,0.9898,0.042219103999968866,True,True,"Laya (fine-tuned, 3k)",True,True
1879,True,False,0.9882,0.037807623999924544,True,True,"Laya (fine-tuned, 3k)",True,True
1880,True,False,0.9911,0.039385611999932735,True,True,"Laya (fine-tuned, 3k)",True,True
1881,False,False,0.0101,0.058183320999887655,False,False,"Laya (fine-tuned, 3k)",True,True
1882,False,False,0.979,0.040981890000011845,True,True,"Laya (fine-tuned, 3k)",False,False
1883,False,False,0.9901,0.05065124100019602,True,True,"Laya (fine-tuned, 3k)",False,False
1884,True,False,0.9893,0.06687902900011977,True,True,"Laya (fine-tuned, 3k)",True,True
1885,True,False,0.9903,0.04086609700016197,True,True,"Laya (fine-tuned, 3k)",True,True
1886,False,False,0.0153,0.04140818900009435,False,False,"Laya (fine-tuned, 3k)",True,True
1887,True,False,0.9894,0.04348728300010407,True,True,"Laya (fine-tuned, 3k)",True,True
1888,True,False,0.9891,0.04096936900009496,True,True,"Laya (fine-tuned, 3k)",True,True
1889,True,False,0.9887,0.038809098999990965,True,True,"Laya (fine-tuned, 3k)",True,True
1890,True,False,0.9891,0.044548038999892015,True,True,"Laya (fine-tuned, 3k)",True,True
1891,False,False,0.0128,0.03980019699997683,False,False,"Laya (fine-tuned, 3k)",True,True
1892,True,False,0.9902,0.04274062200011031,True,True,"Laya (fine-tuned, 3k)",True,True
1893,False,False,0.5619,0.044779825999967215,True,True,"Laya (fine-tuned, 3k)",False,False
1894,True,False,0.0111,0.04077976200005651,False,False,"Laya (fine-tuned, 3k)",False,False
1895,False,False,0.0107,0.041066545999910886,False,False,"Laya (fine-tuned, 3k)",True,True
1896,True,False,0.989,0.04374798399999236,True,True,"Laya (fine-tuned, 3k)",True,True
1897,True,False,0.9903,0.040293668999993315,True,True,"Laya (fine-tuned, 3k)",True,True
1898,True,False,0.9902,0.04092521300003682,True,True,"Laya (fine-tuned, 3k)",True,True
1899,False,False,0.9899,0.04937342400012312,True,True,"Laya (fine-tuned, 3k)",False,False
1900,False,False,0.8716,0.03885878800019782,True,True,"Laya (fine-tuned, 3k)",False,False
1901,True,False,0.9903,0.03908701899990774,True,True,"Laya (fine-tuned, 3k)",True,True
1902,False,False,0.0119,0.0418125549999786,False,False,"Laya (fine-tuned, 3k)",True,True
1903,True,False,0.9903,0.0390381150000394,True,True,"Laya (fine-tuned, 3k)",True,True
1904,False,False,0.0109,0.03994030199987719,False,False,"Laya (fine-tuned, 3k)",True,True
1905,False,False,0.0173,0.0520234220000475,False,False,"Laya (fine-tuned, 3k)",True,True
1906,True,False,0.1258,0.06012548399985462,False,False,"Laya (fine-tuned, 3k)",False,False
1907,False,False,0.0081,0.06270325800005594,False,False,"Laya (fine-tuned, 3k)",True,True
1908,True,False,0.9895,0.057550634999870454,True,True,"Laya (fine-tuned, 3k)",True,True
1909,True,False,0.9893,0.0537732180000603,True,True,"Laya (fine-tuned, 3k)",True,True
1910,False,False,0.9901,0.053577609000058146,True,True,"Laya (fine-tuned, 3k)",False,False
1911,False,False,0.7519,0.05851681700005429,True,True,"Laya (fine-tuned, 3k)",False,False
1912,True,False,0.9902,0.05249523800011957,True,True,"Laya (fine-tuned, 3k)",True,True
1913,True,False,0.9892,0.054290178999963246,True,True,"Laya (fine-tuned, 3k)",True,True
1914,False,False,0.9858,0.059964724000110436,True,True,"Laya (fine-tuned, 3k)",False,False
1915,True,False,0.9881,0.05066988900011893,True,True,"Laya (fine-tuned, 3k)",True,True
1916,False,False,0.0105,0.05559943100001874,False,False,"Laya (fine-tuned, 3k)",True,True
1917,True,False,0.9896,0.05179738900005759,True,True,"Laya (fine-tuned, 3k)",True,True
1918,True,False,0.9898,0.05613842800016755,True,True,"Laya (fine-tuned, 3k)",True,True
1919,True,False,0.9886,0.05479342000012366,True,True,"Laya (fine-tuned, 3k)",True,True
1920,True,False,0.9876,0.05632868499992583,True,True,"Laya (fine-tuned, 3k)",True,True
1921,True,False,0.3104,0.05375867499992637,False,False,"Laya (fine-tuned, 3k)",False,False
1922,True,False,0.9883,0.05618134300016209,True,True,"Laya (fine-tuned, 3k)",True,True
1923,True,False,0.9894,0.06341277100000298,True,True,"Laya (fine-tuned, 3k)",True,True
1924,False,False,0.9888,0.06304008999995858,True,True,"Laya (fine-tuned, 3k)",False,False
1925,False,False,0.0118,0.05120827799987637,False,False,"Laya (fine-tuned, 3k)",True,True
1926,True,False,0.9911,0.05182457799992335,True,True,"Laya (fine-tuned, 3k)",True,True
1927,True,False,0.9907,0.04848244499999055,True,True,"Laya (fine-tuned, 3k)",True,True
1928,True,False,0.9908,0.04987149600015073,True,True,"Laya (fine-tuned, 3k)",True,True
1929,True,False,0.9881,0.047214854999992895,True,True,"Laya (fine-tuned, 3k)",True,True
1930,True,False,0.9895,0.049761988999989626,True,True,"Laya (fine-tuned, 3k)",True,True
1931,False,False,0.0101,0.05224620400008462,False,False,"Laya (fine-tuned, 3k)",True,True
1932,False,False,0.0095,0.052786796000191316,False,False,"Laya (fine-tuned, 3k)",True,True
1933,True,False,0.5382,0.049723861000074976,True,True,"Laya (fine-tuned, 3k)",True,True
1934,True,False,0.9907,0.04877111599989803,True,True,"Laya (fine-tuned, 3k)",True,True
1935,True,False,0.9917,0.05798483800003851,True,True,"Laya (fine-tuned, 3k)",True,True
1936,True,False,0.9877,0.07171503100016707,True,True,"Laya (fine-tuned, 3k)",True,True
1937,False,False,0.0102,0.06121377299996311,False,False,"Laya (fine-tuned, 3k)",True,True
1938,False,False,0.9719,0.06346137900004578,True,True,"Laya (fine-tuned, 3k)",False,False
1939,False,False,0.0096,0.05287430799990034,False,False,"Laya (fine-tuned, 3k)",True,True
1940,False,False,0.0144,0.0642245300000468,False,False,"Laya (fine-tuned, 3k)",True,True
1941,True,False,0.9895,0.050947979999818926,True,True,"Laya (fine-tuned, 3k)",True,True
1942,False,False,0.0079,0.05899376399997891,False,False,"Laya (fine-tuned, 3k)",True,True
1943,True,False,0.9904,0.0669988109998485,True,True,"Laya (fine-tuned, 3k)",True,True
1944,False,False,0.0129,0.0693290500000785,False,False,"Laya (fine-tuned, 3k)",True,True
1945,False,False,0.9896,0.06399079300013,True,True,"Laya (fine-tuned, 3k)",False,False
1946,False,False,0.0108,0.06854500899999039,False,False,"Laya (fine-tuned, 3k)",True,True
1947,True,False,0.02,0.06567972599987115,False,False,"Laya (fine-tuned, 3k)",False,False
1948,False,False,0.009,0.06886849200009237,False,False,"Laya (fine-tuned, 3k)",True,True
1949,False,False,0.9899,0.061778771000035704,True,True,"Laya (fine-tuned, 3k)",False,False
1950,False,False,0.0139,0.07342502500000592,False,False,"Laya (fine-tuned, 3k)",True,True
1951,True,False,0.0124,0.03938035100009074,False,False,"Laya (fine-tuned, 3k)",False,False
1952,True,False,0.9899,0.042258174999915354,True,True,"Laya (fine-tuned, 3k)",True,True
1953,False,False,0.012,0.04715908800017132,False,False,"Laya (fine-tuned, 3k)",True,True
1954,True,False,0.9897,0.04143205599984867,True,True,"Laya (fine-tuned, 3k)",True,True
1955,False,False,0.0103,0.04312643299999763,False,False,"Laya (fine-tuned, 3k)",True,True
1956,False,False,0.0143,0.041387911999891,False,False,"Laya (fine-tuned, 3k)",True,True
1957,False,False,0.0151,0.04143164900006013,False,False,"Laya (fine-tuned, 3k)",True,True
1958,True,False,0.9883,0.04442470300000423,True,True,"Laya (fine-tuned, 3k)",True,True
1959,False,False,0.9869,0.043627455999967424,True,True,"Laya (fine-tuned, 3k)",False,False
1960,True,False,0.0128,0.04027029799999582,False,False,"Laya (fine-tuned, 3k)",False,False
1961,False,False,0.0487,0.042348528000047736,False,False,"Laya (fine-tuned, 3k)",True,True
1962,True,False,0.9894,0.0383579889999055,True,True,"Laya (fine-tuned, 3k)",True,True
1963,True,False,0.9902,0.0550286910001887,True,True,"Laya (fine-tuned, 3k)",True,True
1964,True,False,0.9874,0.04297067000015886,True,True,"Laya (fine-tuned, 3k)",True,True
1965,False,False,0.5408,0.03944200999990244,True,True,"Laya (fine-tuned, 3k)",False,False
1966,True,False,0.9636,0.038155707000214534,True,True,"Laya (fine-tuned, 3k)",True,True
1967,True,False,0.0165,0.043055984999909924,False,False,"Laya (fine-tuned, 3k)",False,False
1968,False,False,0.9906,0.04021048099980362,True,True,"Laya (fine-tuned, 3k)",False,False
1969,True,False,0.0117,0.04013514700000087,False,False,"Laya (fine-tuned, 3k)",False,False
1970,False,False,0.013,0.04479313599995294,False,False,"Laya (fine-tuned, 3k)",True,True
1971,False,False,0.9884,0.03705089599998246,True,True,"Laya (fine-tuned, 3k)",False,False
1972,True,False,0.989,0.03725817100007589,True,True,"Laya (fine-tuned, 3k)",True,True
1973,False,False,0.9887,0.048774777000062386,True,True,"Laya (fine-tuned, 3k)",False,False
1974,True,False,0.9903,0.04395363000003272,True,True,"Laya (fine-tuned, 3k)",True,True
1975,True,False,0.9893,0.043652859000076205,True,True,"Laya (fine-tuned, 3k)",True,True
1976,False,False,0.0125,0.05087982100008048,False,False,"Laya (fine-tuned, 3k)",True,True
1977,True,False,0.0104,0.044476585000211344,False,False,"Laya (fine-tuned, 3k)",False,False
1978,True,False,0.9899,0.04563602100006392,True,True,"Laya (fine-tuned, 3k)",True,True
1979,True,False,0.9896,0.05021061100001134,True,True,"Laya (fine-tuned, 3k)",True,True
1980,False,False,0.0136,0.04567778699993141,False,False,"Laya (fine-tuned, 3k)",True,True
1981,False,False,0.0098,0.045312823000131175,False,False,"Laya (fine-tuned, 3k)",True,True
1982,True,False,0.9889,0.05100356399998418,True,True,"Laya (fine-tuned, 3k)",True,True
1983,True,False,0.9903,0.046231601000044975,True,True,"Laya (fine-tuned, 3k)",True,True
1984,True,False,0.0107,0.04590796599995883,False,False,"Laya (fine-tuned, 3k)",False,False
1985,False,False,0.0092,0.04994511399991097,False,False,"Laya (fine-tuned, 3k)",True,True
1986,False,False,0.0172,0.06111557200006246,False,False,"Laya (fine-tuned, 3k)",True,True
1987,True,False,0.9903,0.041278847000057795,True,True,"Laya (fine-tuned, 3k)",True,True
1988,True,False,0.007,0.04478423799992015,False,False,"Laya (fine-tuned, 3k)",False,False
1989,True,False,0.988,0.03989056000000346,True,True,"Laya (fine-tuned, 3k)",True,True
1990,False,False,0.0153,0.040040849999968486,False,False,"Laya (fine-tuned, 3k)",True,True
1991,True,False,0.9905,0.04269267399990895,True,True,"Laya (fine-tuned, 3k)",True,True
1992,False,False,0.0151,0.04233848399985618,False,False,"Laya (fine-tuned, 3k)",True,True
1993,True,False,0.9896,0.03815425299990238,True,True,"Laya (fine-tuned, 3k)",True,True
1994,True,False,0.989,0.04136587499988309,True,True,"Laya (fine-tuned, 3k)",True,True
1995,False,False,0.0127,0.03807979300017905,False,False,"Laya (fine-tuned, 3k)",True,True
1996,True,False,0.988,0.03911846900018645,True,True,"Laya (fine-tuned, 3k)",True,True
1997,False,False,0.01,0.040985976000001756,False,False,"Laya (fine-tuned, 3k)",True,True
1998,True,False,0.9902,0.045062651999842274,True,True,"Laya (fine-tuned, 3k)",True,True
1999,False,False,0.0098,0.038903774000118574,False,False,"Laya (fine-tuned, 3k)",True,True
2000,False,False,0.9886,0.04146188900017478,True,True,"Laya (fine-tuned, 3k)",False,False
2001,True,False,0.9873,0.03908373100011886,True,True,"Laya (fine-tuned, 3k)",True,True
2002,True,False,0.9878,0.03885865100005503,True,True,"Laya (fine-tuned, 3k)",True,True
2003,True,False,0.9893,0.04244812899992212,True,True,"Laya (fine-tuned, 3k)",True,True
2004,False,False,0.0139,0.038852052000038384,False,False,"Laya (fine-tuned, 3k)",True,True
2005,True,False,0.9878,0.03981997500000034,True,True,"Laya (fine-tuned, 3k)",True,True
2006,True,False,0.9894,0.040362254000001485,True,True,"Laya (fine-tuned, 3k)",True,True
2007,True,False,0.9893,0.03858923400002823,True,True,"Laya (fine-tuned, 3k)",True,True
2008,False,False,0.0107,0.037810497999998915,False,False,"Laya (fine-tuned, 3k)",True,True
2009,True,False,0.9898,0.041185060000088924,True,True,"Laya (fine-tuned, 3k)",True,True
2010,False,False,0.9879,0.03988542100000814,True,True,"Laya (fine-tuned, 3k)",False,False
2011,True,False,0.9883,0.05089736900004027,True,True,"Laya (fine-tuned, 3k)",True,True
2012,True,False,0.9887,0.04211016999988715,True,True,"Laya (fine-tuned, 3k)",True,True
2013,True,False,0.9904,0.03922686700002487,True,True,"Laya (fine-tuned, 3k)",True,True
2014,True,False,0.9903,0.0389238939999359,True,True,"Laya (fine-tuned, 3k)",True,True
2015,False,False,0.9882,0.041762652999977945,True,True,"Laya (fine-tuned, 3k)",False,False
2016,True,False,0.9883,0.04205409799988047,True,True,"Laya (fine-tuned, 3k)",True,True
2017,True,False,0.9896,0.04004165900005319,True,True,"Laya (fine-tuned, 3k)",True,True
2018,True,False,0.9911,0.04667426600008184,True,True,"Laya (fine-tuned, 3k)",True,True
2019,True,False,0.9896,0.040652375000036045,True,True,"Laya (fine-tuned, 3k)",True,True
2020,True,False,0.9895,0.039083939999954964,True,True,"Laya (fine-tuned, 3k)",True,True
2021,False,False,0.0151,0.048878510999884384,False,False,"Laya (fine-tuned, 3k)",True,True
2022,False,False,0.0104,0.039295979999906194,False,False,"Laya (fine-tuned, 3k)",True,True
2023,False,False,0.0175,0.03958993399987776,False,False,"Laya (fine-tuned, 3k)",True,True
2024,False,False,0.99,0.041601494999895294,True,True,"Laya (fine-tuned, 3k)",False,False
2025,True,False,0.991,0.03762841399998251,True,True,"Laya (fine-tuned, 3k)",True,True
2026,False,False,0.0103,0.03882342600013544,False,False,"Laya (fine-tuned, 3k)",True,True
2027,True,False,0.009,0.04396424400010801,False,False,"Laya (fine-tuned, 3k)",False,False
2028,True,False,0.9902,0.03918981399988297,True,True,"Laya (fine-tuned, 3k)",True,True
2029,True,False,0.9905,0.03969483099990612,True,True,"Laya (fine-tuned, 3k)",True,True
2030,True,False,0.9889,0.041458733999888864,True,True,"Laya (fine-tuned, 3k)",True,True
2031,True,False,0.9901,0.03840468600014901,True,True,"Laya (fine-tuned, 3k)",True,True
2032,False,False,0.0118,0.03922394799997164,False,False,"Laya (fine-tuned, 3k)",True,True
2033,True,False,0.9873,0.042030165000142006,True,True,"Laya (fine-tuned, 3k)",True,True
2034,True,False,0.9857,0.03796326999986377,True,True,"Laya (fine-tuned, 3k)",True,True
2035,True,False,0.9904,0.03823430199986433,True,True,"Laya (fine-tuned, 3k)",True,True
2036,True,False,0.9902,0.05578951699999379,True,True,"Laya (fine-tuned, 3k)",True,True
2037,True,False,0.9899,0.037938052999834326,True,True,"Laya (fine-tuned, 3k)",True,True
2038,True,False,0.0187,0.03961882799990235,False,False,"Laya (fine-tuned, 3k)",False,False
2039,True,False,0.9888,0.04091091600002983,True,True,"Laya (fine-tuned, 3k)",True,True
2040,True,False,0.9901,0.040685937000034755,True,True,"Laya (fine-tuned, 3k)",True,True
2041,False,False,0.0121,0.03999405400008982,False,False,"Laya (fine-tuned, 3k)",True,True
2042,True,False,0.9902,0.040529442999968524,True,True,"Laya (fine-tuned, 3k)",True,True
2043,False,False,0.0163,0.039883691000113686,False,False,"Laya (fine-tuned, 3k)",True,True
2044,True,False,0.9881,0.040888392999931966,True,True,"Laya (fine-tuned, 3k)",True,True
2045,False,False,0.015,0.04301215600003161,False,False,"Laya (fine-tuned, 3k)",True,True
2046,True,False,0.9901,0.045387793999907444,True,True,"Laya (fine-tuned, 3k)",True,True
2047,True,False,0.9896,0.041062721999878704,True,True,"Laya (fine-tuned, 3k)",True,True
2048,True,False,0.9896,0.0412136150000606,True,True,"Laya (fine-tuned, 3k)",True,True
2049,True,False,0.9397,0.04033400499997697,True,True,"Laya (fine-tuned, 3k)",True,True
2050,False,False,0.0087,0.041180020999945555,False,False,"Laya (fine-tuned, 3k)",True,True
2051,True,False,0.9892,0.041793579999875874,True,True,"Laya (fine-tuned, 3k)",True,True
2052,False,False,0.9897,0.039204928999879485,True,True,"Laya (fine-tuned, 3k)",False,False
2053,True,False,0.9896,0.04020541099998809,True,True,"Laya (fine-tuned, 3k)",True,True
2054,True,False,0.9897,0.041187060000083875,True,True,"Laya (fine-tuned, 3k)",True,True
2055,True,False,0.99,0.039798496999992494,True,True,"Laya (fine-tuned, 3k)",True,True
2056,False,False,0.0151,0.03928042799998366,False,False,"Laya (fine-tuned, 3k)",True,True
2057,True,False,0.9873,0.04262777700000697,True,True,"Laya (fine-tuned, 3k)",True,True
2058,True,False,0.012,0.039305786999875636,False,False,"Laya (fine-tuned, 3k)",False,False
2059,False,False,0.8054,0.038836202000084086,True,True,"Laya (fine-tuned, 3k)",False,False
2060,False,False,0.9901,0.04459613900007753,True,True,"Laya (fine-tuned, 3k)",False,False
2061,False,False,0.9236,0.05131661299992629,True,True,"Laya (fine-tuned, 3k)",False,False
2062,True,False,0.9895,0.04159245699997882,True,True,"Laya (fine-tuned, 3k)",True,True
2063,False,False,0.9896,0.045561798000107956,True,True,"Laya (fine-tuned, 3k)",False,False
2064,True,False,0.9845,0.04331589299999905,True,True,"Laya (fine-tuned, 3k)",True,True
2065,True,False,0.9891,0.03829165899992404,True,True,"Laya (fine-tuned, 3k)",True,True
2066,True,False,0.9909,0.040293958000120256,True,True,"Laya (fine-tuned, 3k)",True,True
2067,True,False,0.9923,0.03674236500000916,True,True,"Laya (fine-tuned, 3k)",True,True
2068,True,False,0.9906,0.03958919699994112,True,True,"Laya (fine-tuned, 3k)",True,True
2069,False,False,0.0191,0.04383898700007194,False,False,"Laya (fine-tuned, 3k)",True,True
2070,True,False,0.9892,0.04294069499997022,True,True,"Laya (fine-tuned, 3k)",True,True
2071,False,False,0.9883,0.03971698899999865,True,True,"Laya (fine-tuned, 3k)",False,False
2072,False,False,0.0117,0.04511396299994885,False,False,"Laya (fine-tuned, 3k)",True,True
2073,False,False,0.015,0.03808246200014764,False,False,"Laya (fine-tuned, 3k)",True,True
2074,True,True,0.9891,0.04112371499991241,True,True,"Laya (fine-tuned, 3k)",True,True
2075,False,False,0.013,0.04207426499988287,False,False,"Laya (fine-tuned, 3k)",True,True
2076,True,False,0.7138,0.037428981000175554,True,True,"Laya (fine-tuned, 3k)",True,True
2077,False,False,0.9892,0.03941385600001013,True,True,"Laya (fine-tuned, 3k)",False,False
2078,True,False,0.9894,0.0416458730001068,True,True,"Laya (fine-tuned, 3k)",True,True
2079,True,False,0.3201,0.038465976999987106,False,False,"Laya (fine-tuned, 3k)",False,False
2080,True,False,0.0094,0.03756625500000155,False,False,"Laya (fine-tuned, 3k)",False,False
2081,True,False,0.9902,0.042130649999990055,True,True,"Laya (fine-tuned, 3k)",True,True
2082,True,False,0.0127,0.03853045400001065,False,False,"Laya (fine-tuned, 3k)",False,False
2083,False,False,0.9893,0.038409789000070305,True,True,"Laya (fine-tuned, 3k)",False,False
2084,True,False,0.9894,0.040558121000003666,True,True,"Laya (fine-tuned, 3k)",True,True
2085,False,False,0.0165,0.04297585099993739,False,False,"Laya (fine-tuned, 3k)",True,True
2086,False,False,0.0105,0.04976704799992149,False,False,"Laya (fine-tuned, 3k)",True,True
2087,False,False,0.015,0.04428925800016259,False,False,"Laya (fine-tuned, 3k)",True,True
2088,False,False,0.0124,0.039268296000045666,False,False,"Laya (fine-tuned, 3k)",True,True
2089,True,False,0.9904,0.04167843899995205,True,True,"Laya (fine-tuned, 3k)",True,True
2090,False,False,0.9894,0.042097344000012527,True,True,"Laya (fine-tuned, 3k)",False,False
2091,True,False,0.9901,0.03825630100004673,True,True,"Laya (fine-tuned, 3k)",True,True
2092,True,False,0.0167,0.04007403000014165,False,False,"Laya (fine-tuned, 3k)",False,False
2093,False,False,0.9896,0.04781139499982601,True,True,"Laya (fine-tuned, 3k)",False,False
2094,True,False,0.9873,0.03869234399985544,True,True,"Laya (fine-tuned, 3k)",True,True
2095,False,False,0.491,0.041232197999988784,False,True,"Laya (fine-tuned, 3k)",True,False
2096,True,False,0.9889,0.04460156199979792,True,True,"Laya (fine-tuned, 3k)",True,True
2097,True,False,0.9892,0.04105201600009423,True,True,"Laya (fine-tuned, 3k)",True,True
2098,True,False,0.9889,0.041781784000022526,True,True,"Laya (fine-tuned, 3k)",True,True
2099,True,False,0.0089,0.047942576999957964,False,False,"Laya (fine-tuned, 3k)",False,False
2100,True,False,0.9888,0.041532624999945256,True,True,"Laya (fine-tuned, 3k)",True,True
2101,True,False,0.9887,0.04125139300003866,True,True,"Laya (fine-tuned, 3k)",True,True
2102,False,False,0.0096,0.04215676900003018,False,False,"Laya (fine-tuned, 3k)",True,True
2103,False,False,0.9898,0.04096265599991966,True,True,"Laya (fine-tuned, 3k)",False,False
2104,True,False,0.0103,0.04018066200001158,False,False,"Laya (fine-tuned, 3k)",False,False
2105,True,False,0.9895,0.04291852899996229,True,True,"Laya (fine-tuned, 3k)",True,True
2106,True,False,0.9895,0.03840121500002169,True,True,"Laya (fine-tuned, 3k)",True,True
2107,False,False,0.0169,0.03778322199991635,False,False,"Laya (fine-tuned, 3k)",True,True
2108,False,False,0.0634,0.039404853999940315,False,False,"Laya (fine-tuned, 3k)",True,True
2109,True,False,0.9883,0.03694812000003367,True,True,"Laya (fine-tuned, 3k)",True,True
2110,True,False,0.9871,0.05088540999986435,True,True,"Laya (fine-tuned, 3k)",True,True
2111,True,False,0.989,0.04620349400011037,True,True,"Laya (fine-tuned, 3k)",True,True
2112,False,False,0.9892,0.04202998799996749,True,True,"Laya (fine-tuned, 3k)",False,False
2113,True,False,0.9884,0.038624726000080045,True,True,"Laya (fine-tuned, 3k)",True,True
2114,False,False,0.0086,0.04216850100010561,False,False,"Laya (fine-tuned, 3k)",True,True
2115,False,False,0.0104,0.04021713500014812,False,False,"Laya (fine-tuned, 3k)",True,True
2116,True,False,0.9865,0.03902061799999501,True,True,"Laya (fine-tuned, 3k)",True,True
2117,True,False,0.9904,0.05023873799996181,True,True,"Laya (fine-tuned, 3k)",True,True
2118,True,False,0.9908,0.03892752299998392,True,True,"Laya (fine-tuned, 3k)",True,True
2119,False,False,0.0128,0.039610954999943715,False,False,"Laya (fine-tuned, 3k)",True,True
2120,False,False,0.0126,0.04078449200005707,False,False,"Laya (fine-tuned, 3k)",True,True
2121,True,False,0.9895,0.03887966199999937,True,True,"Laya (fine-tuned, 3k)",True,True
2122,True,False,0.9907,0.0386280689999694,True,True,"Laya (fine-tuned, 3k)",True,True
2123,False,False,0.1183,0.04229746700002579,False,False,"Laya (fine-tuned, 3k)",True,True
2124,True,False,0.2411,0.037284527000110756,False,False,"Laya (fine-tuned, 3k)",False,False
2125,True,False,0.9915,0.038201753000066674,True,True,"Laya (fine-tuned, 3k)",True,True
2126,True,False,0.9887,0.04005128599987984,True,True,"Laya (fine-tuned, 3k)",True,True
2127,False,False,0.0126,0.0385053530001187,False,False,"Laya (fine-tuned, 3k)",True,True
2128,True,False,0.9901,0.038742394000109925,True,True,"Laya (fine-tuned, 3k)",True,True
2129,True,False,0.9906,0.044072534000179076,True,True,"Laya (fine-tuned, 3k)",True,True
2130,False,False,0.0109,0.03837716199996066,False,False,"Laya (fine-tuned, 3k)",True,True
2131,False,False,0.8527,0.039262610999912795,True,True,"Laya (fine-tuned, 3k)",False,False
2132,True,False,0.9902,0.040422176999982184,True,True,"Laya (fine-tuned, 3k)",True,True
2133,True,False,0.9894,0.038301122999882864,True,True,"Laya (fine-tuned, 3k)",True,True
2134,True,False,0.9903,0.03765703400017628,True,True,"Laya (fine-tuned, 3k)",True,True
2135,True,False,0.9898,0.05621050100012326,True,True,"Laya (fine-tuned, 3k)",True,True
2136,False,False,0.0126,0.039407782999887786,False,False,"Laya (fine-tuned, 3k)",True,True
2137,True,False,0.9895,0.04116480300012881,True,True,"Laya (fine-tuned, 3k)",True,True
2138,False,False,0.0119,0.042392821000021286,False,False,"Laya (fine-tuned, 3k)",True,True
2139,True,False,0.99,0.03879291800012652,True,True,"Laya (fine-tuned, 3k)",True,True
2140,True,False,0.9903,0.03848321600003146,True,True,"Laya (fine-tuned, 3k)",True,True
2141,False,False,0.0085,0.0398028700001305,False,False,"Laya (fine-tuned, 3k)",True,True
2142,True,False,0.9885,0.04423031200008154,True,True,"Laya (fine-tuned, 3k)",True,True
2143,False,False,0.0122,0.038926618000004964,False,False,"Laya (fine-tuned, 3k)",True,True
2144,False,False,0.0105,0.043018027000016446,False,False,"Laya (fine-tuned, 3k)",True,True
2145,True,False,0.9903,0.037158759000021746,True,True,"Laya (fine-tuned, 3k)",True,True
2146,False,False,0.0083,0.038730847999886464,False,False,"Laya (fine-tuned, 3k)",True,True
2147,False,False,0.0139,0.04102618600018104,False,False,"Laya (fine-tuned, 3k)",True,True
2148,True,False,0.9902,0.03700989200001459,True,True,"Laya (fine-tuned, 3k)",True,True
2149,False,False,0.0641,0.03881111099985901,False,False,"Laya (fine-tuned, 3k)",True,True
2150,False,True,0.0178,0.04224223799997162,False,False,"Laya (fine-tuned, 3k)",True,True
2151,True,False,0.9889,0.03837165799996001,True,True,"Laya (fine-tuned, 3k)",True,True
2152,True,False,0.9902,0.0389689430000999,True,True,"Laya (fine-tuned, 3k)",True,True
2153,True,False,0.9908,0.045476008999912665,True,True,"Laya (fine-tuned, 3k)",True,True
2154,True,False,0.9911,0.04026128400005291,True,True,"Laya (fine-tuned, 3k)",True,True
2155,False,False,0.0109,0.03870855499985737,False,False,"Laya (fine-tuned, 3k)",True,True
2156,True,False,0.9897,0.03999110900008418,True,True,"Laya (fine-tuned, 3k)",True,True
2157,False,False,0.0129,0.03914428699999917,False,False,"Laya (fine-tuned, 3k)",True,True
2158,True,False,0.0106,0.040401322999969125,False,False,"Laya (fine-tuned, 3k)",False,False
2159,True,False,0.9894,0.044652814000073704,True,True,"Laya (fine-tuned, 3k)",True,True
2160,False,False,0.0096,0.05420214599985229,False,False,"Laya (fine-tuned, 3k)",True,True
2161,False,False,0.0149,0.0412547099999756,False,False,"Laya (fine-tuned, 3k)",True,True
2162,True,False,0.9895,0.04196735499999704,True,True,"Laya (fine-tuned, 3k)",True,True
2163,True,False,0.9887,0.039109833000111394,True,True,"Laya (fine-tuned, 3k)",True,True
2164,False,False,0.0103,0.038732822999918426,False,False,"Laya (fine-tuned, 3k)",True,True
2165,True,False,0.9893,0.04596568700003445,True,True,"Laya (fine-tuned, 3k)",True,True
2166,True,False,0.9909,0.042135301000143954,True,True,"Laya (fine-tuned, 3k)",True,True
2167,False,False,0.9895,0.0379173979999905,True,True,"Laya (fine-tuned, 3k)",False,False
2168,False,False,0.9888,0.03949175999991894,True,True,"Laya (fine-tuned, 3k)",False,False
2169,False,False,0.0136,0.036087348999899405,False,False,"Laya (fine-tuned, 3k)",True,True
2170,False,False,0.0102,0.03713135499992859,False,False,"Laya (fine-tuned, 3k)",True,True
2171,False,False,0.9888,0.04186638999999559,True,True,"Laya (fine-tuned, 3k)",False,False
2172,True,False,0.9889,0.0404291170000306,True,True,"Laya (fine-tuned, 3k)",True,True
2173,False,False,0.0118,0.037315408000040406,False,False,"Laya (fine-tuned, 3k)",True,True
2174,False,False,0.9887,0.04167415000006258,True,True,"Laya (fine-tuned, 3k)",False,False
2175,False,False,0.1641,0.03901299700009986,False,False,"Laya (fine-tuned, 3k)",True,True
2176,False,False,0.0084,0.039101171999845974,False,False,"Laya (fine-tuned, 3k)",True,True
2177,True,False,0.9898,0.041426754999974946,True,True,"Laya (fine-tuned, 3k)",True,True
2178,False,False,0.0118,0.03930920600009813,False,False,"Laya (fine-tuned, 3k)",True,True
2179,False,False,0.0211,0.03762715900006697,False,False,"Laya (fine-tuned, 3k)",True,True
2180,True,False,0.9902,0.040200649000098565,True,True,"Laya (fine-tuned, 3k)",True,True
2181,True,False,0.9892,0.04028013200013447,True,True,"Laya (fine-tuned, 3k)",True,True
2182,True,False,0.9889,0.03937890900010643,True,True,"Laya (fine-tuned, 3k)",True,True
2183,False,False,0.5522,0.045418186000006244,True,True,"Laya (fine-tuned, 3k)",False,False
2184,False,False,0.0304,0.040639177000002746,False,False,"Laya (fine-tuned, 3k)",True,True
2185,True,False,0.9891,0.05829918299991732,True,True,"Laya (fine-tuned, 3k)",True,True
2186,True,False,0.9884,0.04329837899990707,True,True,"Laya (fine-tuned, 3k)",True,True
2187,True,False,0.9899,0.0378482220000933,True,True,"Laya (fine-tuned, 3k)",True,True
2188,True,False,0.9895,0.047537424999973155,True,True,"Laya (fine-tuned, 3k)",True,True
2189,True,False,0.9902,0.06656736400009322,True,True,"Laya (fine-tuned, 3k)",True,True
2190,True,False,0.9898,0.06419407200019123,True,True,"Laya (fine-tuned, 3k)",True,True
2191,False,False,0.0205,0.05392618299993046,False,False,"Laya (fine-tuned, 3k)",True,True
2192,True,False,0.9899,0.05269042999998419,True,True,"Laya (fine-tuned, 3k)",True,True
2193,True,False,0.9884,0.05554709700004423,True,True,"Laya (fine-tuned, 3k)",True,True
2194,True,False,0.9912,0.05664253899999494,True,True,"Laya (fine-tuned, 3k)",True,True
2195,False,False,0.9871,0.054476421000117625,True,True,"Laya (fine-tuned, 3k)",False,False
2196,True,False,0.9897,0.054438889000039126,True,True,"Laya (fine-tuned, 3k)",True,True
2197,False,False,0.0108,0.05063728200002515,False,False,"Laya (fine-tuned, 3k)",True,True
2198,True,False,0.208,0.055308669999931226,False,False,"Laya (fine-tuned, 3k)",False,False
2199,False,False,0.0125,0.04862769600003958,False,False,"Laya (fine-tuned, 3k)",True,True
2200,True,False,0.9897,0.05173877700008234,True,True,"Laya (fine-tuned, 3k)",True,True
2201,True,False,0.9891,0.04947864699988713,True,True,"Laya (fine-tuned, 3k)",True,True
2202,False,False,0.0119,0.05178413199996612,False,False,"Laya (fine-tuned, 3k)",True,True
2203,True,False,0.9898,0.05105813899990608,True,True,"Laya (fine-tuned, 3k)",True,True
2204,False,False,0.011,0.06318542000008165,False,False,"Laya (fine-tuned, 3k)",True,True
2205,False,False,0.4772,0.06390777299998263,False,True,"Laya (fine-tuned, 3k)",True,False
2206,True,False,0.9899,0.05136013800006367,True,True,"Laya (fine-tuned, 3k)",True,True
2207,True,False,0.99,0.048730897000041296,True,True,"Laya (fine-tuned, 3k)",True,True
2208,False,False,0.989,0.05366923199994744,True,True,"Laya (fine-tuned, 3k)",False,False
2209,True,False,0.9897,0.04798254499996801,True,True,"Laya (fine-tuned, 3k)",True,True
2210,False,False,0.3099,0.048628666000013254,False,False,"Laya (fine-tuned, 3k)",True,True
2211,True,False,0.9891,0.04902738500004489,True,True,"Laya (fine-tuned, 3k)",True,True
2212,True,False,0.9889,0.0488743109999632,True,True,"Laya (fine-tuned, 3k)",True,True
2213,True,False,0.9907,0.049931909999941126,True,True,"Laya (fine-tuned, 3k)",True,True
2214,False,False,0.99,0.049410749000116994,True,True,"Laya (fine-tuned, 3k)",False,False
2215,True,False,0.9894,0.05107702300006167,True,True,"Laya (fine-tuned, 3k)",True,True
2216,False,False,0.0086,0.05091907899986836,False,False,"Laya (fine-tuned, 3k)",True,True
2217,False,False,0.0116,0.05044929600012438,False,False,"Laya (fine-tuned, 3k)",True,True
2218,True,False,0.9897,0.04815813499999422,True,True,"Laya (fine-tuned, 3k)",True,True
2219,False,False,0.9905,0.05885163600009946,True,True,"Laya (fine-tuned, 3k)",False,False
2220,True,False,0.9875,0.058056219000036435,True,True,"Laya (fine-tuned, 3k)",True,True
2221,False,False,0.9899,0.06340190999981132,True,True,"Laya (fine-tuned, 3k)",False,False
2222,True,False,0.9889,0.058384552000006806,True,True,"Laya (fine-tuned, 3k)",True,True
2223,False,False,0.9891,0.05530729499992049,True,True,"Laya (fine-tuned, 3k)",False,False
2224,True,False,0.9884,0.05543541399993046,True,True,"Laya (fine-tuned, 3k)",True,True
2225,True,False,0.99,0.0624393760001567,True,True,"Laya (fine-tuned, 3k)",True,True
2226,True,False,0.9902,0.055436754999846016,True,True,"Laya (fine-tuned, 3k)",True,True
2227,False,False,0.0082,0.05681209699991996,False,False,"Laya (fine-tuned, 3k)",True,True
2228,True,False,0.9889,0.059727765000161526,True,True,"Laya (fine-tuned, 3k)",True,True
2229,True,False,0.989,0.06451057500021307,True,True,"Laya (fine-tuned, 3k)",True,True
2230,True,False,0.9898,0.06002583500003311,True,True,"Laya (fine-tuned, 3k)",True,True
2231,False,False,0.0138,0.0686705670000265,False,False,"Laya (fine-tuned, 3k)",True,True
2232,False,False,0.9883,0.061768776000008074,True,True,"Laya (fine-tuned, 3k)",False,False
2233,False,False,0.8898,0.06851954600006138,True,True,"Laya (fine-tuned, 3k)",False,False
2234,True,False,0.9899,0.06373410200012586,True,True,"Laya (fine-tuned, 3k)",True,True
2235,False,False,0.9881,0.05883508600004461,True,True,"Laya (fine-tuned, 3k)",False,False
2236,False,False,0.4191,0.04035085300006358,False,False,"Laya (fine-tuned, 3k)",True,True
2237,True,False,0.9907,0.04049146300008033,True,True,"Laya (fine-tuned, 3k)",True,True
2238,True,False,0.0097,0.0395440290001261,False,False,"Laya (fine-tuned, 3k)",False,False
2239,True,False,0.9905,0.042838205000180096,True,True,"Laya (fine-tuned, 3k)",True,True
2240,False,False,0.0168,0.045026907999954346,False,False,"Laya (fine-tuned, 3k)",True,True
2241,True,False,0.9895,0.04339666399982889,True,True,"Laya (fine-tuned, 3k)",True,True
2242,False,False,0.0153,0.0393329089999952,False,False,"Laya (fine-tuned, 3k)",True,True
2243,True,False,0.9902,0.0412566140000763,True,True,"Laya (fine-tuned, 3k)",True,True
2244,True,False,0.9914,0.05218631699995058,True,True,"Laya (fine-tuned, 3k)",True,True
2245,False,False,0.0136,0.05051732499987338,False,False,"Laya (fine-tuned, 3k)",True,True
2246,True,False,0.99,0.04414826200013522,True,True,"Laya (fine-tuned, 3k)",True,True
2247,True,False,0.9896,0.03917949500009854,True,True,"Laya (fine-tuned, 3k)",True,True
2248,True,False,0.9883,0.0377183299999615,True,True,"Laya (fine-tuned, 3k)",True,True
2249,True,False,0.9908,0.040199024999992616,True,True,"Laya (fine-tuned, 3k)",True,True
2250,True,False,0.8608,0.04211875400005738,True,True,"Laya (fine-tuned, 3k)",True,True
2251,False,False,0.0125,0.041752590999976746,False,False,"Laya (fine-tuned, 3k)",True,True
2252,True,False,0.9897,0.04845432100000835,True,True,"Laya (fine-tuned, 3k)",True,True
2253,True,False,0.9888,0.03975827899989781,True,True,"Laya (fine-tuned, 3k)",True,True
2254,True,False,0.9886,0.03860181000004559,True,True,"Laya (fine-tuned, 3k)",True,True
2255,True,False,0.9896,0.042167297000105464,True,True,"Laya (fine-tuned, 3k)",True,True
2256,True,False,0.0091,0.03996003199995357,False,False,"Laya (fine-tuned, 3k)",False,False
2257,True,False,0.9923,0.039361941000152,True,True,"Laya (fine-tuned, 3k)",True,True
2258,False,False,0.0101,0.04788092700005109,False,False,"Laya (fine-tuned, 3k)",True,True
2259,True,False,0.991,0.04317169899991313,True,True,"Laya (fine-tuned, 3k)",True,True
2260,True,False,0.9894,0.03730399200003376,True,True,"Laya (fine-tuned, 3k)",True,True
2261,False,False,0.0122,0.04400575499994375,False,False,"Laya (fine-tuned, 3k)",True,True
2262,False,False,0.0094,0.041189253000084136,False,False,"Laya (fine-tuned, 3k)",True,True
2263,True,False,0.9901,0.04190219200017964,True,True,"Laya (fine-tuned, 3k)",True,True
2264,False,False,0.0182,0.04549553700007891,False,False,"Laya (fine-tuned, 3k)",True,True
2265,False,False,0.0158,0.04243145000009463,False,False,"Laya (fine-tuned, 3k)",True,True
2266,True,False,0.9884,0.04006978799998251,True,True,"Laya (fine-tuned, 3k)",True,True
2267,False,False,0.0074,0.040923700000121244,False,False,"Laya (fine-tuned, 3k)",True,True
2268,True,False,0.9889,0.05056216299999505,True,True,"Laya (fine-tuned, 3k)",True,True
2269,True,False,0.9889,0.04819494200000918,True,True,"Laya (fine-tuned, 3k)",True,True
2270,True,True,0.9889,0.0436030020000544,True,True,"Laya (fine-tuned, 3k)",True,True
2271,True,False,0.9863,0.03889328600007502,True,True,"Laya (fine-tuned, 3k)",True,True
2272,False,False,0.0135,0.039631236999866815,False,False,"Laya (fine-tuned, 3k)",True,True
2273,False,False,0.0092,0.04382802299983268,False,False,"Laya (fine-tuned, 3k)",True,True
2274,True,False,0.9889,0.04080596199992215,True,True,"Laya (fine-tuned, 3k)",True,True
2275,False,False,0.9867,0.04119010799990974,True,True,"Laya (fine-tuned, 3k)",False,False
2276,False,False,0.012,0.04549010499999895,False,False,"Laya (fine-tuned, 3k)",True,True
2277,False,False,0.0263,0.03977527300003203,False,False,"Laya (fine-tuned, 3k)",True,True
2278,True,False,0.9895,0.03949834299987742,True,True,"Laya (fine-tuned, 3k)",True,True
2279,True,False,0.9905,0.040836823000063305,True,True,"Laya (fine-tuned, 3k)",True,True
2280,False,False,0.0111,0.0393536110000241,False,False,"Laya (fine-tuned, 3k)",True,True
2281,False,False,0.9661,0.03862916699995367,True,True,"Laya (fine-tuned, 3k)",False,False
2282,False,False,0.0114,0.04108772100016722,False,False,"Laya (fine-tuned, 3k)",True,True
2283,False,False,0.0142,0.03923745799988865,False,False,"Laya (fine-tuned, 3k)",True,True
2284,True,False,0.9884,0.040351944999883926,True,True,"Laya (fine-tuned, 3k)",True,True
2285,True,False,0.9897,0.0430850720001672,True,True,"Laya (fine-tuned, 3k)",True,True
2286,True,False,0.9893,0.03912786899991261,True,True,"Laya (fine-tuned, 3k)",True,True
2287,True,False,0.9892,0.04080215299995871,True,True,"Laya (fine-tuned, 3k)",True,True
2288,False,False,0.0094,0.04575002299998232,False,False,"Laya (fine-tuned, 3k)",True,True
2289,False,False,0.0098,0.04057131799982017,False,False,"Laya (fine-tuned, 3k)",True,True
2290,True,False,0.9911,0.04123743500008459,True,True,"Laya (fine-tuned, 3k)",True,True
2291,False,False,0.0165,0.04888201000017034,False,False,"Laya (fine-tuned, 3k)",True,True
2292,True,False,0.9868,0.03992164100009177,True,True,"Laya (fine-tuned, 3k)",True,True
2293,True,False,0.9897,0.055066746999955285,True,True,"Laya (fine-tuned, 3k)",True,True
2294,True,False,0.9886,0.041361569999935455,True,True,"Laya (fine-tuned, 3k)",True,True
2295,True,False,0.9901,0.03934153799991691,True,True,"Laya (fine-tuned, 3k)",True,True
2296,False,False,0.0132,0.03860701400003563,False,False,"Laya (fine-tuned, 3k)",True,True
2297,True,False,0.9909,0.04346009399978357,True,True,"Laya (fine-tuned, 3k)",True,True
2298,True,False,0.9902,0.03862065399994208,True,True,"Laya (fine-tuned, 3k)",True,True
2299,False,False,0.0202,0.0386380160000499,False,False,"Laya (fine-tuned, 3k)",True,True
2300,False,False,0.0081,0.043393803999833835,False,False,"Laya (fine-tuned, 3k)",True,True
2301,True,False,0.9886,0.0399577020000379,True,True,"Laya (fine-tuned, 3k)",True,True
2302,True,False,0.9874,0.039411939000046914,True,True,"Laya (fine-tuned, 3k)",True,True
2303,True,False,0.9888,0.04569158399999651,True,True,"Laya (fine-tuned, 3k)",True,True
2304,True,False,0.9875,0.03862115399988397,True,True,"Laya (fine-tuned, 3k)",True,True
2305,True,False,0.9898,0.04059545600011916,True,True,"Laya (fine-tuned, 3k)",True,True
2306,True,False,0.9888,0.04351394800005437,True,True,"Laya (fine-tuned, 3k)",True,True
2307,False,False,0.0117,0.04076833399994939,False,False,"Laya (fine-tuned, 3k)",True,True
2308,False,False,0.0674,0.03982743700021274,False,False,"Laya (fine-tuned, 3k)",True,True
2309,False,False,0.01,0.04214362700008678,False,False,"Laya (fine-tuned, 3k)",True,True
2310,False,False,0.6369,0.03944949300012013,True,True,"Laya (fine-tuned, 3k)",False,False
2311,False,False,0.0127,0.03582920799999556,False,False,"Laya (fine-tuned, 3k)",True,True
2312,True,False,0.9902,0.0441846969999915,True,True,"Laya (fine-tuned, 3k)",True,True
2313,True,False,0.9911,0.03938462700011769,True,True,"Laya (fine-tuned, 3k)",True,True
2314,True,False,0.9888,0.038169132999883004,True,True,"Laya (fine-tuned, 3k)",True,True
2315,True,False,0.9864,0.04754819000004318,True,True,"Laya (fine-tuned, 3k)",True,True
2316,False,False,0.0145,0.03974044700021295,False,False,"Laya (fine-tuned, 3k)",True,True
2317,False,False,0.0089,0.041677786000036576,False,False,"Laya (fine-tuned, 3k)",True,True
2318,True,False,0.9894,0.053415639000149895,True,True,"Laya (fine-tuned, 3k)",True,True
2319,False,False,0.0099,0.03995448699993176,False,False,"Laya (fine-tuned, 3k)",True,True
2320,False,False,0.0157,0.03961740399995506,False,False,"Laya (fine-tuned, 3k)",True,True
2321,False,False,0.0071,0.04570861800016246,False,False,"Laya (fine-tuned, 3k)",True,True
2322,False,False,0.0185,0.040190274999986286,False,False,"Laya (fine-tuned, 3k)",True,True
2323,True,False,0.0135,0.0406676709999374,False,False,"Laya (fine-tuned, 3k)",False,False
2324,True,False,0.9903,0.04335106900020946,True,True,"Laya (fine-tuned, 3k)",True,True
2325,True,False,0.9902,0.04062636600019687,True,True,"Laya (fine-tuned, 3k)",True,True
2326,True,False,0.99,0.04055175500002406,True,True,"Laya (fine-tuned, 3k)",True,True
2327,False,False,0.9898,0.0448649300001307,True,True,"Laya (fine-tuned, 3k)",False,False
2328,False,False,0.0121,0.03982972099993276,False,False,"Laya (fine-tuned, 3k)",True,True
2329,True,False,0.989,0.038505672999917806,True,True,"Laya (fine-tuned, 3k)",True,True
2330,True,False,0.9887,0.04159303700021155,True,True,"Laya (fine-tuned, 3k)",True,True
2331,False,False,0.0184,0.041332989000011366,False,False,"Laya (fine-tuned, 3k)",True,True
2332,True,False,0.9903,0.041309984000008626,True,True,"Laya (fine-tuned, 3k)",True,True
2333,False,False,0.0118,0.0437202079999679,False,False,"Laya (fine-tuned, 3k)",True,True
2334,False,False,0.9923,0.040057454000134385,True,True,"Laya (fine-tuned, 3k)",False,False
2335,True,False,0.9877,0.04068439999991824,True,True,"Laya (fine-tuned, 3k)",True,True
2336,False,False,0.0105,0.04437746299981882,False,False,"Laya (fine-tuned, 3k)",True,True
2337,True,False,0.9896,0.04018361900011769,True,True,"Laya (fine-tuned, 3k)",True,True
2338,False,False,0.9853,0.039465984999878856,True,True,"Laya (fine-tuned, 3k)",False,False
2339,False,False,0.0154,0.049024523000070985,False,False,"Laya (fine-tuned, 3k)",True,True
2340,True,False,0.9896,0.0374852899999496,True,True,"Laya (fine-tuned, 3k)",True,True
2341,False,False,0.0121,0.03791026200019587,False,False,"Laya (fine-tuned, 3k)",True,True
2342,False,False,0.0087,0.05273296199993638,False,False,"Laya (fine-tuned, 3k)",True,True
2343,True,False,0.9906,0.038131011999894326,True,True,"Laya (fine-tuned, 3k)",True,True
2344,True,False,0.9894,0.03784080999980688,True,True,"Laya (fine-tuned, 3k)",True,True
2345,False,False,0.9889,0.04174273900002845,True,True,"Laya (fine-tuned, 3k)",False,False
2346,True,False,0.9886,0.03868110799999158,True,True,"Laya (fine-tuned, 3k)",True,True
2347,True,False,0.9563,0.04043433899983029,True,True,"Laya (fine-tuned, 3k)",True,True
2348,True,False,0.9886,0.0406932460000462,True,True,"Laya (fine-tuned, 3k)",True,True
2349,False,False,0.9883,0.038613825000084034,True,True,"Laya (fine-tuned, 3k)",False,False
2350,True,False,0.9894,0.03900226899986592,True,True,"Laya (fine-tuned, 3k)",True,True
2351,True,False,0.991,0.04343888700009302,True,True,"Laya (fine-tuned, 3k)",True,True
2352,False,False,0.0165,0.0389144859998396,False,False,"Laya (fine-tuned, 3k)",True,True
2353,False,False,0.0188,0.039256325999986075,False,False,"Laya (fine-tuned, 3k)",True,True
2354,False,False,0.011,0.04208524899991062,False,False,"Laya (fine-tuned, 3k)",True,True
2355,True,False,0.9908,0.03848820899997918,True,True,"Laya (fine-tuned, 3k)",True,True
2356,True,False,0.3615,0.04221899399999529,False,False,"Laya (fine-tuned, 3k)",False,False
2357,True,False,0.9898,0.041239021999899705,True,True,"Laya (fine-tuned, 3k)",True,True
2358,True,False,0.9909,0.03938472999993792,True,True,"Laya (fine-tuned, 3k)",True,True
2359,False,False,0.0097,0.039025023000021974,False,False,"Laya (fine-tuned, 3k)",True,True
2360,True,False,0.9904,0.047141337999846655,True,True,"Laya (fine-tuned, 3k)",True,True
2361,False,False,0.0149,0.0429752400000325,False,False,"Laya (fine-tuned, 3k)",True,True
2362,False,False,0.0088,0.041382174000091254,False,False,"Laya (fine-tuned, 3k)",True,True
2363,False,False,0.017,0.05168900300009227,False,False,"Laya (fine-tuned, 3k)",True,True
2364,True,False,0.9889,0.0398473110001305,True,True,"Laya (fine-tuned, 3k)",True,True
2365,True,False,0.9897,0.040048574999900666,True,True,"Laya (fine-tuned, 3k)",True,True
2366,True,False,0.989,0.04523214999994707,True,True,"Laya (fine-tuned, 3k)",True,True
2367,False,False,0.9874,0.0517788270001347,True,True,"Laya (fine-tuned, 3k)",False,False
2368,True,False,0.9891,0.042067926000072475,True,True,"Laya (fine-tuned, 3k)",True,True
2369,True,False,0.9884,0.04151370199997473,True,True,"Laya (fine-tuned, 3k)",True,True
2370,True,False,0.99,0.0389167460000408,True,True,"Laya (fine-tuned, 3k)",True,True
2371,True,False,0.9893,0.04264291999993475,True,True,"Laya (fine-tuned, 3k)",True,True
2372,True,False,0.9896,0.041853705999983504,True,True,"Laya (fine-tuned, 3k)",True,True
2373,True,False,0.9884,0.039647282000032646,True,True,"Laya (fine-tuned, 3k)",True,True
2374,True,False,0.9888,0.03971278299991354,True,True,"Laya (fine-tuned, 3k)",True,True
2375,True,False,0.621,0.040639776000034544,True,True,"Laya (fine-tuned, 3k)",True,True
2376,True,False,0.9901,0.04014823600005002,True,True,"Laya (fine-tuned, 3k)",True,True
2377,True,False,0.9893,0.03946538200011673,True,True,"Laya (fine-tuned, 3k)",True,True
2378,True,False,0.9879,0.04209125900001709,True,True,"Laya (fine-tuned, 3k)",True,True
2379,False,False,0.0119,0.03875376599989977,False,False,"Laya (fine-tuned, 3k)",True,True
2380,True,False,0.9894,0.03917354800000794,True,True,"Laya (fine-tuned, 3k)",True,True
2381,True,False,0.9896,0.042115757999908965,True,True,"Laya (fine-tuned, 3k)",True,True
2382,True,False,0.0164,0.03946229600001061,False,False,"Laya (fine-tuned, 3k)",False,False
2383,False,False,0.9662,0.040943462999848634,True,True,"Laya (fine-tuned, 3k)",False,False
2384,True,False,0.9867,0.04547766800010322,True,True,"Laya (fine-tuned, 3k)",True,True
2385,False,False,0.2533,0.040172873000074105,False,False,"Laya (fine-tuned, 3k)",True,True
2386,True,False,0.99,0.04317930799993519,True,True,"Laya (fine-tuned, 3k)",True,True
2387,False,False,0.0111,0.047026589000097374,False,False,"Laya (fine-tuned, 3k)",True,True
2388,True,False,0.6121,0.039004653999882066,True,True,"Laya (fine-tuned, 3k)",True,True
2389,False,False,0.9888,0.04048672599992642,True,True,"Laya (fine-tuned, 3k)",False,False
2390,False,False,0.9886,0.04194837800014284,True,True,"Laya (fine-tuned, 3k)",False,False
2391,True,False,0.991,0.051300207999929626,True,True,"Laya (fine-tuned, 3k)",True,True
2392,True,False,0.9901,0.041316098000152124,True,True,"Laya (fine-tuned, 3k)",True,True
2393,True,False,0.9898,0.043264863000104015,True,True,"Laya (fine-tuned, 3k)",True,True
2394,True,False,0.9798,0.039584918000173275,True,True,"Laya (fine-tuned, 3k)",True,True
2395,True,False,0.99,0.040667398000096,True,True,"Laya (fine-tuned, 3k)",True,True
2396,True,False,0.991,0.042909110999971745,True,True,"Laya (fine-tuned, 3k)",True,True
2397,True,False,0.9897,0.03944119600009799,True,True,"Laya (fine-tuned, 3k)",True,True
2398,True,False,0.9894,0.04119986799992148,True,True,"Laya (fine-tuned, 3k)",True,True
2399,True,False,0.9893,0.041793328000039764,True,True,"Laya (fine-tuned, 3k)",True,True
2400,False,False,0.9903,0.03924978700001702,True,True,"Laya (fine-tuned, 3k)",False,False
2401,True,False,0.9897,0.04124246600008519,True,True,"Laya (fine-tuned, 3k)",True,True
2402,False,False,0.9885,0.0423254590000397,True,True,"Laya (fine-tuned, 3k)",False,False
2403,True,False,0.9891,0.04059280700016643,True,True,"Laya (fine-tuned, 3k)",True,True
2404,True,False,0.0347,0.04098509000004924,False,False,"Laya (fine-tuned, 3k)",False,False
2405,True,False,0.9892,0.04416768200007937,True,True,"Laya (fine-tuned, 3k)",True,True
2406,True,False,0.9839,0.04138874399995984,True,True,"Laya (fine-tuned, 3k)",True,True
2407,True,False,0.0152,0.040934706000143706,False,False,"Laya (fine-tuned, 3k)",False,False
2408,True,False,0.9889,0.04218262799986405,True,True,"Laya (fine-tuned, 3k)",True,True
2409,True,False,0.9899,0.03922419600007743,True,True,"Laya (fine-tuned, 3k)",True,True
2410,True,False,0.9855,0.039599184000053356,True,True,"Laya (fine-tuned, 3k)",True,True
2411,False,False,0.9873,0.050161590000016076,True,True,"Laya (fine-tuned, 3k)",False,False
2412,False,False,0.0185,0.039891296999940096,False,False,"Laya (fine-tuned, 3k)",True,True
2413,True,False,0.9898,0.04042505899997195,True,True,"Laya (fine-tuned, 3k)",True,True
2414,False,False,0.0159,0.041201805999889984,False,False,"Laya (fine-tuned, 3k)",True,True
2415,True,False,0.0127,0.040971096000021134,False,False,"Laya (fine-tuned, 3k)",False,False
2416,True,False,0.9903,0.05301315400015483,True,True,"Laya (fine-tuned, 3k)",True,True
2417,False,False,0.0485,0.04380834199992023,False,False,"Laya (fine-tuned, 3k)",True,True
2418,True,False,0.9891,0.039740435999874535,True,True,"Laya (fine-tuned, 3k)",True,True
2419,True,False,0.9913,0.040022257999908106,True,True,"Laya (fine-tuned, 3k)",True,True
2420,False,False,0.0115,0.04144319900001392,False,False,"Laya (fine-tuned, 3k)",True,True
2421,True,False,0.9896,0.040283271000134846,True,True,"Laya (fine-tuned, 3k)",True,True
2422,True,False,0.9905,0.04005070500011243,True,True,"Laya (fine-tuned, 3k)",True,True
2423,True,False,0.9897,0.04428851900001973,True,True,"Laya (fine-tuned, 3k)",True,True
2424,True,False,0.9884,0.03810264300000199,True,True,"Laya (fine-tuned, 3k)",True,True
2425,False,False,0.0173,0.03717177800012905,False,False,"Laya (fine-tuned, 3k)",True,True
2426,True,False,0.9867,0.04215277100001913,True,True,"Laya (fine-tuned, 3k)",True,True
2427,True,False,0.9894,0.03891038999995544,True,True,"Laya (fine-tuned, 3k)",True,True
2428,True,False,0.9909,0.039496066000083374,True,True,"Laya (fine-tuned, 3k)",True,True
2429,True,False,0.9899,0.04279608100000587,True,True,"Laya (fine-tuned, 3k)",True,True
2430,False,False,0.0144,0.042951754000114306,False,False,"Laya (fine-tuned, 3k)",True,True
2431,True,False,0.9901,0.04467736500009778,True,True,"Laya (fine-tuned, 3k)",True,True
2432,False,False,0.0097,0.04502038500004346,False,False,"Laya (fine-tuned, 3k)",True,True
2433,False,False,0.0098,0.040078329999914786,False,False,"Laya (fine-tuned, 3k)",True,True
2434,True,False,0.0084,0.046285239999861005,False,False,"Laya (fine-tuned, 3k)",False,False
2435,False,False,0.0089,0.04552491000004011,False,False,"Laya (fine-tuned, 3k)",True,True
2436,True,False,0.9897,0.04101677799985737,True,True,"Laya (fine-tuned, 3k)",True,True
2437,True,False,0.9877,0.03983614799994939,True,True,"Laya (fine-tuned, 3k)",True,True
2438,False,False,0.9883,0.046379781000041476,True,True,"Laya (fine-tuned, 3k)",False,False
2439,False,False,0.0112,0.041369734999989305,False,False,"Laya (fine-tuned, 3k)",True,True
2440,False,False,0.0094,0.05348126399985631,False,False,"Laya (fine-tuned, 3k)",True,True
2441,False,False,0.0141,0.04020096499993997,False,False,"Laya (fine-tuned, 3k)",True,True
2442,True,False,0.9897,0.040817906999791376,True,True,"Laya (fine-tuned, 3k)",True,True
2443,False,False,0.013,0.03795694000018557,False,False,"Laya (fine-tuned, 3k)",True,True
2444,False,False,0.0082,0.04637229200011461,False,False,"Laya (fine-tuned, 3k)",True,True
2445,True,False,0.9904,0.042785610999999335,True,True,"Laya (fine-tuned, 3k)",True,True
2446,False,False,0.9869,0.04478436099998362,True,True,"Laya (fine-tuned, 3k)",False,False
2447,False,False,0.01,0.0469667689999369,False,False,"Laya (fine-tuned, 3k)",True,True
2448,True,False,0.9895,0.03955824100012251,True,True,"Laya (fine-tuned, 3k)",True,True
2449,False,False,0.989,0.038609119000057035,True,True,"Laya (fine-tuned, 3k)",False,False
2450,True,False,0.9895,0.04524121899999045,True,True,"Laya (fine-tuned, 3k)",True,True
2451,True,False,0.9892,0.03938091500003793,True,True,"Laya (fine-tuned, 3k)",True,True
2452,False,False,0.9826,0.04207088500015743,True,True,"Laya (fine-tuned, 3k)",False,False
2453,True,False,0.9878,0.04311551299997518,True,True,"Laya (fine-tuned, 3k)",True,True
2454,False,False,0.9885,0.04180149200010419,True,True,"Laya (fine-tuned, 3k)",False,False
2455,True,False,0.9892,0.04016626899988296,True,True,"Laya (fine-tuned, 3k)",True,True
2456,False,False,0.0142,0.04381102000002102,False,False,"Laya (fine-tuned, 3k)",True,True
2457,True,False,0.988,0.040926352999804294,True,True,"Laya (fine-tuned, 3k)",True,True
2458,True,False,0.9892,0.039258166000081474,True,True,"Laya (fine-tuned, 3k)",True,True
2459,True,False,0.8008,0.044759256999896024,True,True,"Laya (fine-tuned, 3k)",True,True
2460,False,False,0.0094,0.04164667300005931,False,False,"Laya (fine-tuned, 3k)",True,True
2461,True,False,0.9897,0.0412453110000115,True,True,"Laya (fine-tuned, 3k)",True,True
2462,False,False,0.0153,0.04429582199986726,False,False,"Laya (fine-tuned, 3k)",True,True
2463,True,False,0.9911,0.04395363499997984,True,True,"Laya (fine-tuned, 3k)",True,True
2464,True,False,0.0107,0.058133778000183156,False,False,"Laya (fine-tuned, 3k)",False,False
2465,True,False,0.011,0.044342732000131946,False,False,"Laya (fine-tuned, 3k)",False,False
2466,True,False,0.9896,0.04146716800005379,True,True,"Laya (fine-tuned, 3k)",True,True
2467,True,False,0.9882,0.03854027299985319,True,True,"Laya (fine-tuned, 3k)",True,True
2468,True,False,0.0119,0.04322313700004088,False,False,"Laya (fine-tuned, 3k)",False,False
2469,False,False,0.9886,0.040244324000013876,True,True,"Laya (fine-tuned, 3k)",False,False
2470,False,False,0.0107,0.037538537000045835,False,False,"Laya (fine-tuned, 3k)",True,True
2471,True,False,0.9902,0.06675487100005739,True,True,"Laya (fine-tuned, 3k)",True,True
2472,True,False,0.9883,0.06484830299996247,True,True,"Laya (fine-tuned, 3k)",True,True
2473,False,False,0.9891,0.059375497000019095,True,True,"Laya (fine-tuned, 3k)",False,False
2474,False,False,0.0096,0.059321634000070844,False,False,"Laya (fine-tuned, 3k)",True,True
2475,True,False,0.9904,0.05465933400000722,True,True,"Laya (fine-tuned, 3k)",True,True
2476,True,False,0.9873,0.05319082799996977,True,True,"Laya (fine-tuned, 3k)",True,True
2477,False,False,0.3985,0.057986271999880046,False,False,"Laya (fine-tuned, 3k)",True,True
2478,False,False,0.9891,0.06214910900007453,True,True,"Laya (fine-tuned, 3k)",False,False
2479,True,False,0.9882,0.05351695599983941,True,True,"Laya (fine-tuned, 3k)",True,True
2480,True,False,0.9917,0.05342829000005622,True,True,"Laya (fine-tuned, 3k)",True,True
2481,True,False,0.9902,0.05336486800001694,True,True,"Laya (fine-tuned, 3k)",True,True
2482,True,False,0.9891,0.05475242500006061,True,True,"Laya (fine-tuned, 3k)",True,True
2483,False,False,0.0133,0.05461437099984323,False,False,"Laya (fine-tuned, 3k)",True,True
2484,True,False,0.9908,0.06414335099998425,True,True,"Laya (fine-tuned, 3k)",True,True
2485,True,False,0.9903,0.05298952599991935,True,True,"Laya (fine-tuned, 3k)",True,True
2486,True,False,0.9904,0.06352894499991635,True,True,"Laya (fine-tuned, 3k)",True,True
2487,True,False,0.99,0.053588189000038255,True,True,"Laya (fine-tuned, 3k)",True,True
2488,True,False,0.9899,0.05419091099997786,True,True,"Laya (fine-tuned, 3k)",True,True
2489,True,False,0.9901,0.04911244300001272,True,True,"Laya (fine-tuned, 3k)",True,True
2490,True,False,0.9854,0.05825743800005512,True,True,"Laya (fine-tuned, 3k)",True,True
2491,False,False,0.9893,0.05154082599983667,True,True,"Laya (fine-tuned, 3k)",False,False
2492,True,False,0.0129,0.05498958899988793,False,False,"Laya (fine-tuned, 3k)",False,False
2493,True,False,0.9888,0.05042103200003112,True,True,"Laya (fine-tuned, 3k)",True,True
2494,True,False,0.9901,0.05114873399998032,True,True,"Laya (fine-tuned, 3k)",True,True
2495,False,False,0.9887,0.048926671000117494,True,True,"Laya (fine-tuned, 3k)",False,False
2496,True,False,0.9881,0.05946519300005093,True,True,"Laya (fine-tuned, 3k)",True,True
2497,True,False,0.9891,0.0485962750001363,True,True,"Laya (fine-tuned, 3k)",True,True
2498,False,False,0.0135,0.05264625099994191,False,False,"Laya (fine-tuned, 3k)",True,True
2499,False,False,0.0122,0.058890360999839686,False,False,"Laya (fine-tuned, 3k)",True,True
2500,True,False,0.9882,0.06573548099981963,True,True,"Laya (fine-tuned, 3k)",True,True
2501,True,False,0.9887,0.05951077999998233,True,True,"Laya (fine-tuned, 3k)",True,True
2502,False,False,0.0124,0.07141994199992041,False,False,"Laya (fine-tuned, 3k)",True,True
2503,False,False,0.0268,0.054698791999953755,False,False,"Laya (fine-tuned, 3k)",True,True
2504,False,False,0.9733,0.054948058000036326,True,True,"Laya (fine-tuned, 3k)",False,False
2505,False,False,0.9744,0.05848714600006133,True,True,"Laya (fine-tuned, 3k)",False,False
2506,False,False,0.009,0.05626227199991263,False,False,"Laya (fine-tuned, 3k)",True,True
2507,False,False,0.9893,0.05094951499995659,True,True,"Laya (fine-tuned, 3k)",False,False
2508,True,False,0.9891,0.06405761499991058,True,True,"Laya (fine-tuned, 3k)",True,True
2509,True,False,0.9858,0.06414151500007392,True,True,"Laya (fine-tuned, 3k)",True,True
2510,True,False,0.9838,0.06466200100021524,True,True,"Laya (fine-tuned, 3k)",True,True
2511,False,False,0.3162,0.06865820999996686,False,False,"Laya (fine-tuned, 3k)",True,True
2512,True,False,0.988,0.06715773900009481,True,True,"Laya (fine-tuned, 3k)",True,True
2513,True,False,0.9906,0.061869593999972494,True,True,"Laya (fine-tuned, 3k)",True,True
2514,True,False,0.9911,0.07148370200002319,True,True,"Laya (fine-tuned, 3k)",True,True
2515,False,False,0.0106,0.0538911010000902,False,False,"Laya (fine-tuned, 3k)",True,True
2516,False,False,0.0089,0.0473539399999936,False,False,"Laya (fine-tuned, 3k)",True,True
2517,True,False,0.9887,0.042104710000103296,True,True,"Laya (fine-tuned, 3k)",True,True
2518,False,False,0.0119,0.0411384880001151,False,False,"Laya (fine-tuned, 3k)",True,True
2519,True,False,0.989,0.04438134399993032,True,True,"Laya (fine-tuned, 3k)",True,True
2520,False,False,0.9892,0.04115531700017527,True,True,"Laya (fine-tuned, 3k)",False,False
2521,False,False,0.0116,0.04094473100008145,False,False,"Laya (fine-tuned, 3k)",True,True
2522,True,False,0.9894,0.056539753000151904,True,True,"Laya (fine-tuned, 3k)",True,True
2523,False,False,0.0122,0.04257129500001611,False,False,"Laya (fine-tuned, 3k)",True,True
2524,True,False,0.9895,0.042688853999834464,True,True,"Laya (fine-tuned, 3k)",True,True
2525,True,False,0.9886,0.039904417000116155,True,True,"Laya (fine-tuned, 3k)",True,True
2526,False,False,0.0184,0.040108323999902495,False,False,"Laya (fine-tuned, 3k)",True,True
2527,False,False,0.0135,0.04189445299994077,False,False,"Laya (fine-tuned, 3k)",True,True
2528,False,False,0.0212,0.040672124000138865,False,False,"Laya (fine-tuned, 3k)",True,True
2529,True,False,0.9898,0.040518362000057095,True,True,"Laya (fine-tuned, 3k)",True,True
2530,False,False,0.9861,0.04581828100003804,True,True,"Laya (fine-tuned, 3k)",False,False
2531,True,False,0.9895,0.042401702999995905,True,True,"Laya (fine-tuned, 3k)",True,True
2532,True,False,0.9898,0.04035339200004273,True,True,"Laya (fine-tuned, 3k)",True,True
2533,False,False,0.0118,0.0485007190000033,False,False,"Laya (fine-tuned, 3k)",True,True
2534,True,False,0.0136,0.04575377700007266,False,False,"Laya (fine-tuned, 3k)",False,False
2535,False,False,0.0107,0.03985520599985648,False,False,"Laya (fine-tuned, 3k)",True,True
2536,False,False,0.9438,0.04637591200003044,True,True,"Laya (fine-tuned, 3k)",False,False
2537,False,False,0.0086,0.04115992299989557,False,False,"Laya (fine-tuned, 3k)",True,True
2538,False,False,0.9799,0.04079368399993655,True,True,"Laya (fine-tuned, 3k)",False,False
2539,False,False,0.9889,0.04411367800003063,True,True,"Laya (fine-tuned, 3k)",False,False
2540,False,False,0.061,0.040781430000151886,False,False,"Laya (fine-tuned, 3k)",True,True
2541,False,False,0.0137,0.04521468999996614,False,False,"Laya (fine-tuned, 3k)",True,True
2542,True,False,0.9885,0.0460344770001484,True,True,"Laya (fine-tuned, 3k)",True,True
2543,True,False,0.9899,0.04080093800007489,True,True,"Laya (fine-tuned, 3k)",True,True
2544,True,False,0.9883,0.04007081899999321,True,True,"Laya (fine-tuned, 3k)",True,True
2545,True,False,0.9892,0.043919281999933446,True,True,"Laya (fine-tuned, 3k)",True,True
2546,True,False,0.9902,0.06897202799996194,True,True,"Laya (fine-tuned, 3k)",True,True
2547,False,False,0.0084,0.051779309999801626,False,False,"Laya (fine-tuned, 3k)",True,True
2548,False,False,0.0151,0.04341878300010649,False,False,"Laya (fine-tuned, 3k)",True,True
2549,True,False,0.9907,0.03881134799985375,True,True,"Laya (fine-tuned, 3k)",True,True
2550,True,False,0.9905,0.04112241899997571,True,True,"Laya (fine-tuned, 3k)",True,True
2551,True,False,0.9885,0.04408804000013333,True,True,"Laya (fine-tuned, 3k)",True,True
2552,True,False,0.9909,0.043620208999982424,True,True,"Laya (fine-tuned, 3k)",True,True
2553,False,False,0.9891,0.041643500999953176,True,True,"Laya (fine-tuned, 3k)",False,False
2554,False,False,0.9896,0.04839267900001687,True,True,"Laya (fine-tuned, 3k)",False,False
2555,True,False,0.9908,0.04584717099987756,True,True,"Laya (fine-tuned, 3k)",True,True
2556,True,False,0.9892,0.04364646299995911,True,True,"Laya (fine-tuned, 3k)",True,True
2557,True,False,0.9887,0.041152165000085006,True,True,"Laya (fine-tuned, 3k)",True,True
2558,True,False,0.9887,0.03795942900001137,True,True,"Laya (fine-tuned, 3k)",True,True
2559,True,False,0.9902,0.040064257000040016,True,True,"Laya (fine-tuned, 3k)",True,True
2560,False,False,0.9901,0.04324365399997987,True,True,"Laya (fine-tuned, 3k)",False,False
2561,False,False,0.014,0.03982254099992133,False,False,"Laya (fine-tuned, 3k)",True,True
2562,True,False,0.9906,0.038410765999969954,True,True,"Laya (fine-tuned, 3k)",True,True
2563,True,False,0.9907,0.040885874999958105,True,True,"Laya (fine-tuned, 3k)",True,True
2564,True,False,0.9883,0.040431736000073215,True,True,"Laya (fine-tuned, 3k)",True,True
2565,False,False,0.0128,0.040762999000207856,False,False,"Laya (fine-tuned, 3k)",True,True
2566,True,False,0.9895,0.042129150999926424,True,True,"Laya (fine-tuned, 3k)",True,True
2567,True,False,0.9717,0.04816608500004804,True,True,"Laya (fine-tuned, 3k)",True,True
2568,True,False,0.9896,0.04542567699991196,True,True,"Laya (fine-tuned, 3k)",True,True
2569,True,False,0.9897,0.06435099299983449,True,True,"Laya (fine-tuned, 3k)",True,True
2570,False,False,0.0121,0.04216671399990446,False,False,"Laya (fine-tuned, 3k)",True,True
2571,False,False,0.0078,0.041463276999820664,False,False,"Laya (fine-tuned, 3k)",True,True
2572,False,False,0.0127,0.044587149000108184,False,False,"Laya (fine-tuned, 3k)",True,True
2573,True,False,0.9895,0.039867893000064214,True,True,"Laya (fine-tuned, 3k)",True,True
2574,True,False,0.9903,0.040050230999895575,True,True,"Laya (fine-tuned, 3k)",True,True
2575,False,False,0.01,0.04671011300001737,False,False,"Laya (fine-tuned, 3k)",True,True
2576,False,False,0.0154,0.042231076000007306,False,False,"Laya (fine-tuned, 3k)",True,True
2577,False,False,0.9904,0.0433996050001042,True,True,"Laya (fine-tuned, 3k)",False,False
2578,True,False,0.9888,0.05303677799997786,True,True,"Laya (fine-tuned, 3k)",True,True
2579,False,False,0.8359,0.04170138399990719,True,True,"Laya (fine-tuned, 3k)",False,False
2580,False,False,0.9877,0.04023629200014511,True,True,"Laya (fine-tuned, 3k)",False,False
2581,True,False,0.99,0.045424443999991126,True,True,"Laya (fine-tuned, 3k)",True,True
2582,True,False,0.9891,0.042458024000097794,True,True,"Laya (fine-tuned, 3k)",True,True
2583,False,False,0.1978,0.04140756600008899,False,False,"Laya (fine-tuned, 3k)",True,True
2584,False,False,0.4238,0.042098169999917445,False,False,"Laya (fine-tuned, 3k)",True,True
2585,False,False,0.9882,0.039114762000053815,True,True,"Laya (fine-tuned, 3k)",False,False
2586,False,False,0.0121,0.039813087999846175,False,False,"Laya (fine-tuned, 3k)",True,True
2587,True,False,0.9888,0.04369933399993897,True,True,"Laya (fine-tuned, 3k)",True,True
2588,True,False,0.9893,0.04030816599993159,True,True,"Laya (fine-tuned, 3k)",True,True
2589,True,False,0.0169,0.03933591500003786,False,False,"Laya (fine-tuned, 3k)",False,False
2590,True,False,0.9893,0.04178038500003822,True,True,"Laya (fine-tuned, 3k)",True,True
2591,False,False,0.0106,0.03809690499997487,False,False,"Laya (fine-tuned, 3k)",True,True
2592,False,False,0.007,0.039630203000115216,False,False,"Laya (fine-tuned, 3k)",True,True
2593,False,False,0.9896,0.056625945999940086,True,True,"Laya (fine-tuned, 3k)",False,False
2594,False,False,0.0088,0.0419794560000355,False,False,"Laya (fine-tuned, 3k)",True,True
2595,False,False,0.0103,0.043285640000021885,False,False,"Laya (fine-tuned, 3k)",True,True
2596,True,False,0.9904,0.04298885299999711,True,True,"Laya (fine-tuned, 3k)",True,True
2597,True,False,0.0159,0.03995936800015443,False,False,"Laya (fine-tuned, 3k)",False,False
2598,True,False,0.9896,0.0396750190000148,True,True,"Laya (fine-tuned, 3k)",True,True
2599,False,False,0.2718,0.04295247600020957,False,False,"Laya (fine-tuned, 3k)",True,True
2600,False,False,0.0088,0.04272895700000845,False,False,"Laya (fine-tuned, 3k)",True,True
2601,False,False,0.9902,0.04027582399999119,True,True,"Laya (fine-tuned, 3k)",False,False
2602,True,False,0.1451,0.047388498999907824,False,False,"Laya (fine-tuned, 3k)",False,False
2603,True,False,0.0082,0.03966207899998153,False,False,"Laya (fine-tuned, 3k)",False,False
2604,True,False,0.9877,0.03998868600001515,True,True,"Laya (fine-tuned, 3k)",True,True
2605,True,False,0.9884,0.044654975999947055,True,True,"Laya (fine-tuned, 3k)",True,True
2606,True,False,0.9882,0.04117851099999825,True,True,"Laya (fine-tuned, 3k)",True,True
2607,False,False,0.013,0.04029289800018887,False,False,"Laya (fine-tuned, 3k)",True,True
2608,True,False,0.9883,0.043864869000117324,True,True,"Laya (fine-tuned, 3k)",True,True
2609,True,False,0.9887,0.0404612930001349,True,True,"Laya (fine-tuned, 3k)",True,True
2610,True,False,0.3282,0.040938496000080704,False,False,"Laya (fine-tuned, 3k)",False,False
2611,True,False,0.0095,0.04175408400010383,False,False,"Laya (fine-tuned, 3k)",False,False
2612,True,False,0.9895,0.039694033999921885,True,True,"Laya (fine-tuned, 3k)",True,True
2613,True,False,0.9905,0.0391993780001485,True,True,"Laya (fine-tuned, 3k)",True,True
2614,True,False,0.9902,0.043529157999955714,True,True,"Laya (fine-tuned, 3k)",True,True
2615,True,False,0.9901,0.0389743420000741,True,True,"Laya (fine-tuned, 3k)",True,True
2616,True,False,0.0116,0.038565321000078256,False,False,"Laya (fine-tuned, 3k)",False,False
2617,True,False,0.9887,0.055927647000089564,True,True,"Laya (fine-tuned, 3k)",True,True
2618,False,False,0.0128,0.04103314100007083,False,False,"Laya (fine-tuned, 3k)",True,True
2619,True,False,0.9899,0.04279899299990575,True,True,"Laya (fine-tuned, 3k)",True,True
2620,False,False,0.0109,0.04652870199993231,False,False,"Laya (fine-tuned, 3k)",True,True
2621,False,False,0.9871,0.04339078199996038,True,True,"Laya (fine-tuned, 3k)",False,False
2622,True,False,0.9897,0.04256975699991017,True,True,"Laya (fine-tuned, 3k)",True,True
2623,False,False,0.9866,0.04597275800006173,True,True,"Laya (fine-tuned, 3k)",False,False
2624,False,False,0.5595,0.04151618400010193,True,True,"Laya (fine-tuned, 3k)",False,False
2625,False,False,0.9862,0.046628378999912456,True,True,"Laya (fine-tuned, 3k)",False,False
2626,True,False,0.0109,0.04430452600013268,False,False,"Laya (fine-tuned, 3k)",False,False
2627,False,False,0.0103,0.03976862700005768,False,False,"Laya (fine-tuned, 3k)",True,True
2628,True,False,0.9876,0.03937373799999477,True,True,"Laya (fine-tuned, 3k)",True,True
2629,True,False,0.9894,0.04163647999985187,True,True,"Laya (fine-tuned, 3k)",True,True
2630,True,False,0.9898,0.039715166999940266,True,True,"Laya (fine-tuned, 3k)",True,True
2631,True,False,0.9909,0.03986487399993166,True,True,"Laya (fine-tuned, 3k)",True,True
2632,True,False,0.9887,0.044342516000142496,True,True,"Laya (fine-tuned, 3k)",True,True
2633,True,False,0.9894,0.039831614999911835,True,True,"Laya (fine-tuned, 3k)",True,True
2634,False,False,0.9835,0.04185271400001511,True,True,"Laya (fine-tuned, 3k)",False,False
2635,True,False,0.9862,0.04463390499995512,True,True,"Laya (fine-tuned, 3k)",True,True
2636,True,False,0.0116,0.040577321000000666,False,False,"Laya (fine-tuned, 3k)",False,False
2637,False,False,0.0101,0.039379595999889716,False,False,"Laya (fine-tuned, 3k)",True,True
2638,True,False,0.0151,0.04490627299992411,False,False,"Laya (fine-tuned, 3k)",False,False
2639,True,False,0.9905,0.04030613700001595,True,True,"Laya (fine-tuned, 3k)",True,True
2640,False,False,0.0261,0.03989223700000366,False,False,"Laya (fine-tuned, 3k)",True,True
2641,False,False,0.0096,0.05749453800012816,False,False,"Laya (fine-tuned, 3k)",True,True
2642,False,False,0.3797,0.0433387139999013,False,False,"Laya (fine-tuned, 3k)",True,True
2643,False,False,0.9884,0.041793691000066246,True,True,"Laya (fine-tuned, 3k)",False,False
2644,True,False,0.989,0.04672072200014554,True,True,"Laya (fine-tuned, 3k)",True,True
2645,True,False,0.9893,0.04048371499993664,True,True,"Laya (fine-tuned, 3k)",True,True
2646,True,False,0.9912,0.041271370000004026,True,True,"Laya (fine-tuned, 3k)",True,True
2647,True,False,0.9904,0.04658773000005567,True,True,"Laya (fine-tuned, 3k)",True,True
2648,False,False,0.0125,0.047365531999957966,False,False,"Laya (fine-tuned, 3k)",True,True
2649,False,False,0.0152,0.03881619399999181,False,False,"Laya (fine-tuned, 3k)",True,True
2650,False,False,0.0111,0.042898702999991656,False,False,"Laya (fine-tuned, 3k)",True,True
2651,False,False,0.0131,0.039280967999957284,False,False,"Laya (fine-tuned, 3k)",True,True
2652,True,False,0.5587,0.03957807999995566,True,True,"Laya (fine-tuned, 3k)",True,True
2653,True,False,0.9906,0.04232821100004003,True,True,"Laya (fine-tuned, 3k)",True,True
2654,True,False,0.9903,0.037755887000002986,True,True,"Laya (fine-tuned, 3k)",True,True
2655,True,False,0.1989,0.038319968999985576,False,False,"Laya (fine-tuned, 3k)",False,False
2656,True,False,0.9888,0.04268232499998703,True,True,"Laya (fine-tuned, 3k)",True,True
2657,False,False,0.0116,0.04151123299993742,False,False,"Laya (fine-tuned, 3k)",True,True
2658,True,False,0.9879,0.0402771470000971,True,True,"Laya (fine-tuned, 3k)",True,True
2659,True,False,0.9879,0.043309535000162214,True,True,"Laya (fine-tuned, 3k)",True,True
2660,False,False,0.0111,0.04065272799994091,False,False,"Laya (fine-tuned, 3k)",True,True
2661,False,False,0.9898,0.04312655800003995,True,True,"Laya (fine-tuned, 3k)",False,False
2662,True,False,0.0136,0.04377659299984771,False,False,"Laya (fine-tuned, 3k)",False,False
2663,False,False,0.9889,0.0422537019999254,True,True,"Laya (fine-tuned, 3k)",False,False
2664,True,False,0.9878,0.041513288000032844,True,True,"Laya (fine-tuned, 3k)",True,True
2665,False,False,0.9885,0.0629764420000356,True,True,"Laya (fine-tuned, 3k)",False,False
2666,True,False,0.988,0.04112390999989657,True,True,"Laya (fine-tuned, 3k)",True,True
2667,True,False,0.9869,0.03908157000000756,True,True,"Laya (fine-tuned, 3k)",True,True
2668,True,False,0.0202,0.0427174300000388,False,False,"Laya (fine-tuned, 3k)",False,False
2669,True,False,0.9894,0.0419060140000056,True,True,"Laya (fine-tuned, 3k)",True,True
2670,True,False,0.99,0.04700912699991022,True,True,"Laya (fine-tuned, 3k)",True,True
2671,False,False,0.013,0.04674493900006382,False,False,"Laya (fine-tuned, 3k)",True,True
2672,True,False,0.9883,0.04022837399998025,True,True,"Laya (fine-tuned, 3k)",True,True
2673,True,False,0.9885,0.04113623600005667,True,True,"Laya (fine-tuned, 3k)",True,True
2674,True,False,0.9911,0.044169181000143,True,True,"Laya (fine-tuned, 3k)",True,True
2675,True,False,0.0772,0.04076492599983794,False,False,"Laya (fine-tuned, 3k)",False,False
2676,False,False,0.0078,0.04004118499983633,False,False,"Laya (fine-tuned, 3k)",True,True
2677,False,False,0.0118,0.041794471000002886,False,False,"Laya (fine-tuned, 3k)",True,True
2678,True,False,0.9887,0.04021201699993071,True,True,"Laya (fine-tuned, 3k)",True,True
2679,True,False,0.9893,0.04013840700008586,True,True,"Laya (fine-tuned, 3k)",True,True
2680,False,False,0.0173,0.044211232999941785,False,False,"Laya (fine-tuned, 3k)",True,True
2681,False,False,0.0128,0.03959381200002099,False,False,"Laya (fine-tuned, 3k)",True,True
2682,True,False,0.9899,0.04073535199995604,True,True,"Laya (fine-tuned, 3k)",True,True
2683,True,False,0.9859,0.04270342799986793,True,True,"Laya (fine-tuned, 3k)",True,True
2684,False,False,0.9456,0.03923454400000992,True,True,"Laya (fine-tuned, 3k)",False,False
2685,True,False,0.9885,0.039477329999954236,True,True,"Laya (fine-tuned, 3k)",True,True
2686,False,False,0.0134,0.04246855499991398,False,False,"Laya (fine-tuned, 3k)",True,True
2687,True,False,0.9895,0.040656678999994256,True,True,"Laya (fine-tuned, 3k)",True,True
2688,False,False,0.0183,0.03898539500005427,False,False,"Laya (fine-tuned, 3k)",True,True
2689,True,False,0.0109,0.048617698999805725,False,False,"Laya (fine-tuned, 3k)",False,False
2690,False,False,0.0089,0.044399013999964154,False,False,"Laya (fine-tuned, 3k)",True,True
2691,False,False,0.9882,0.044305811999947764,True,True,"Laya (fine-tuned, 3k)",False,False
2692,True,False,0.9893,0.045520699999997305,True,True,"Laya (fine-tuned, 3k)",True,True
2693,True,False,0.9898,0.04256897000004756,True,True,"Laya (fine-tuned, 3k)",True,True
2694,False,False,0.9898,0.04007588900003611,True,True,"Laya (fine-tuned, 3k)",False,False
2695,True,False,0.9886,0.04930602199988243,True,True,"Laya (fine-tuned, 3k)",True,True
2696,True,False,0.9875,0.04032095599995955,True,True,"Laya (fine-tuned, 3k)",True,True
2697,True,False,0.9903,0.039664285000071686,True,True,"Laya (fine-tuned, 3k)",True,True
2698,False,False,0.0488,0.04114000499998838,False,False,"Laya (fine-tuned, 3k)",True,True
2699,False,False,0.9883,0.039843878000056066,True,True,"Laya (fine-tuned, 3k)",False,False
2700,False,False,0.009,0.03948511399994459,False,False,"Laya (fine-tuned, 3k)",True,True
2701,True,False,0.9895,0.03955099900008463,True,True,"Laya (fine-tuned, 3k)",True,True
2702,False,False,0.011,0.03970559000003959,False,False,"Laya (fine-tuned, 3k)",True,True
2703,False,False,0.9892,0.039079311000023154,True,True,"Laya (fine-tuned, 3k)",False,False
2704,True,False,0.9893,0.04112540400001308,True,True,"Laya (fine-tuned, 3k)",True,True
2705,True,False,0.9894,0.03941536000002088,True,True,"Laya (fine-tuned, 3k)",True,True
2706,True,False,0.9889,0.0422604609998416,True,True,"Laya (fine-tuned, 3k)",True,True
2707,True,False,0.9872,0.04069974200001525,True,True,"Laya (fine-tuned, 3k)",True,True
2708,True,False,0.9881,0.04040472600013345,True,True,"Laya (fine-tuned, 3k)",True,True
2709,True,False,0.9898,0.03952831700007664,True,True,"Laya (fine-tuned, 3k)",True,True
2710,False,False,0.9808,0.03996516500001235,True,True,"Laya (fine-tuned, 3k)",False,False
2711,False,False,0.791,0.038419840999949884,True,True,"Laya (fine-tuned, 3k)",False,False
2712,True,False,0.9902,0.037428583999826515,True,True,"Laya (fine-tuned, 3k)",True,True
2713,True,False,0.9898,0.041248607999932574,True,True,"Laya (fine-tuned, 3k)",True,True
2714,True,False,0.987,0.053044085000010455,True,True,"Laya (fine-tuned, 3k)",True,True
2715,True,False,0.9882,0.03952194499993311,True,True,"Laya (fine-tuned, 3k)",True,True
2716,False,False,0.0098,0.04352927600007206,False,False,"Laya (fine-tuned, 3k)",True,True
2717,True,False,0.9908,0.03965064099998017,True,True,"Laya (fine-tuned, 3k)",True,True
2718,False,False,0.0105,0.04135854199989808,False,False,"Laya (fine-tuned, 3k)",True,True
2719,True,False,0.9906,0.04824423599984584,True,True,"Laya (fine-tuned, 3k)",True,True
2720,True,False,0.9898,0.03717609199998151,True,True,"Laya (fine-tuned, 3k)",True,True
2721,True,False,0.9914,0.03683419200001481,True,True,"Laya (fine-tuned, 3k)",True,True
2722,True,False,0.9866,0.04604170900006466,True,True,"Laya (fine-tuned, 3k)",True,True
2723,True,False,0.0085,0.039794321000044874,False,False,"Laya (fine-tuned, 3k)",False,False
2724,False,False,0.99,0.03890067999986968,True,True,"Laya (fine-tuned, 3k)",False,False
2725,True,False,0.9891,0.039400026000066646,True,True,"Laya (fine-tuned, 3k)",True,True
2726,False,False,0.99,0.0383635560001494,True,True,"Laya (fine-tuned, 3k)",False,False
2727,False,False,0.0151,0.039123753000012584,False,False,"Laya (fine-tuned, 3k)",True,True
2728,True,False,0.9901,0.04339237099998172,True,True,"Laya (fine-tuned, 3k)",True,True
2729,False,False,0.3273,0.037946791999956986,False,False,"Laya (fine-tuned, 3k)",True,True
2730,True,False,0.9904,0.04107524400001239,True,True,"Laya (fine-tuned, 3k)",True,True
2731,True,False,0.9883,0.0405682699999943,True,True,"Laya (fine-tuned, 3k)",True,True
2732,False,False,0.041,0.03974257900017619,False,False,"Laya (fine-tuned, 3k)",True,True
2733,False,False,0.9889,0.04250982399980785,True,True,"Laya (fine-tuned, 3k)",False,False
2734,True,False,0.9881,0.044775371000014275,True,True,"Laya (fine-tuned, 3k)",True,True
2735,False,False,0.0138,0.04162481999992451,False,False,"Laya (fine-tuned, 3k)",True,True
2736,True,False,0.989,0.03900273399995058,True,True,"Laya (fine-tuned, 3k)",True,True
2737,False,False,0.016,0.04472567700008767,False,False,"Laya (fine-tuned, 3k)",True,True
2738,False,False,0.0177,0.03822427699992659,False,False,"Laya (fine-tuned, 3k)",True,True
2739,False,False,0.0089,0.05367883000008078,False,False,"Laya (fine-tuned, 3k)",True,True
2740,True,False,0.9883,0.04247023200014155,True,True,"Laya (fine-tuned, 3k)",True,True
2741,True,False,0.5631,0.04176443900018967,True,True,"Laya (fine-tuned, 3k)",True,True
2742,False,False,0.0093,0.04376729999989948,False,False,"Laya (fine-tuned, 3k)",True,True
2743,True,False,0.9894,0.0471450829998048,True,True,"Laya (fine-tuned, 3k)",True,True
2744,False,False,0.0144,0.03799312099999952,False,False,"Laya (fine-tuned, 3k)",True,True
2745,True,False,0.99,0.03916240499984269,True,True,"Laya (fine-tuned, 3k)",True,True
2746,True,False,0.9905,0.040496839000070395,True,True,"Laya (fine-tuned, 3k)",True,True
2747,True,False,0.9887,0.04121895399998721,True,True,"Laya (fine-tuned, 3k)",True,True
2748,True,False,0.9896,0.06544008500009113,True,True,"Laya (fine-tuned, 3k)",True,True
2749,True,False,0.9902,0.06940564500018809,True,True,"Laya (fine-tuned, 3k)",True,True
2750,True,False,0.989,0.055301749999898675,True,True,"Laya (fine-tuned, 3k)",True,True
2751,False,False,0.0161,0.052762776999998096,False,False,"Laya (fine-tuned, 3k)",True,True
2752,False,False,0.0091,0.05665041099996415,False,False,"Laya (fine-tuned, 3k)",True,True
2753,True,False,0.9899,0.057573059000105786,True,True,"Laya (fine-tuned, 3k)",True,True
2754,False,False,0.0087,0.04930384599992976,False,False,"Laya (fine-tuned, 3k)",True,True
2755,False,False,0.99,0.059183803999985685,True,True,"Laya (fine-tuned, 3k)",False,False
2756,True,False,0.9905,0.05207763199996407,True,True,"Laya (fine-tuned, 3k)",True,True
2757,False,False,0.9889,0.05460042599997905,True,True,"Laya (fine-tuned, 3k)",False,False
2758,True,False,0.9891,0.05169729499993991,True,True,"Laya (fine-tuned, 3k)",True,True
2759,True,False,0.9895,0.062119748999975855,True,True,"Laya (fine-tuned, 3k)",True,True
2760,True,False,0.9885,0.058688856999879135,True,True,"Laya (fine-tuned, 3k)",True,True
2761,True,False,0.9903,0.0644709809998858,True,True,"Laya (fine-tuned, 3k)",True,True
2762,True,False,0.9915,0.04945186399982049,True,True,"Laya (fine-tuned, 3k)",True,True
2763,True,False,0.9905,0.0500022149999495,True,True,"Laya (fine-tuned, 3k)",True,True
2764,True,False,0.9875,0.05575038500001028,True,True,"Laya (fine-tuned, 3k)",True,True
2765,True,False,0.9896,0.05624952999983179,True,True,"Laya (fine-tuned, 3k)",True,True
2766,True,False,0.9897,0.05196665500011477,True,True,"Laya (fine-tuned, 3k)",True,True
2767,True,False,0.0221,0.057623507000016616,False,False,"Laya (fine-tuned, 3k)",False,False
2768,True,False,0.9901,0.04961636300004102,True,True,"Laya (fine-tuned, 3k)",True,True
2769,True,False,0.9893,0.053978348000100596,True,True,"Laya (fine-tuned, 3k)",True,True
2770,True,False,0.9897,0.04717846399989867,True,True,"Laya (fine-tuned, 3k)",True,True
2771,False,False,0.0104,0.053966342999956396,False,False,"Laya (fine-tuned, 3k)",True,True
2772,True,False,0.9901,0.04749753300006887,True,True,"Laya (fine-tuned, 3k)",True,True
2773,False,False,0.7753,0.0546256860000085,True,True,"Laya (fine-tuned, 3k)",False,False
2774,False,False,0.021,0.04943692799997734,False,False,"Laya (fine-tuned, 3k)",True,True
2775,True,False,0.9899,0.0525011209999775,True,True,"Laya (fine-tuned, 3k)",True,True
2776,False,False,0.0543,0.04986699400001271,False,False,"Laya (fine-tuned, 3k)",True,True
2777,True,False,0.9899,0.0607377850001285,True,True,"Laya (fine-tuned, 3k)",True,True
2778,True,False,0.9864,0.06081773300002169,True,True,"Laya (fine-tuned, 3k)",True,True
2779,False,False,0.0088,0.08353094699987196,False,False,"Laya (fine-tuned, 3k)",True,True
2780,False,False,0.0129,0.05751467400000365,False,False,"Laya (fine-tuned, 3k)",True,True
2781,False,False,0.0088,0.05734894700003679,False,False,"Laya (fine-tuned, 3k)",True,True
2782,False,False,0.0132,0.05228332399997271,False,False,"Laya (fine-tuned, 3k)",True,True
2783,False,False,0.5367,0.06217822700000397,True,True,"Laya (fine-tuned, 3k)",False,False
2784,True,False,0.9874,0.055272793000085585,True,True,"Laya (fine-tuned, 3k)",True,True
2785,True,False,0.9901,0.052277552000077776,True,True,"Laya (fine-tuned, 3k)",True,True
2786,True,False,0.9915,0.05064179200007857,True,True,"Laya (fine-tuned, 3k)",True,True
2787,True,False,0.9906,0.06142563399998835,True,True,"Laya (fine-tuned, 3k)",True,True
2788,True,False,0.9897,0.06448999200006256,True,True,"Laya (fine-tuned, 3k)",True,True
2789,True,False,0.9889,0.06782549299987295,True,True,"Laya (fine-tuned, 3k)",True,True
2790,True,False,0.9856,0.06805984499987972,True,True,"Laya (fine-tuned, 3k)",True,True
2791,False,False,0.0184,0.06541304899997158,False,False,"Laya (fine-tuned, 3k)",True,True
2792,True,False,0.9883,0.060898098000052414,True,True,"Laya (fine-tuned, 3k)",True,True
2793,True,False,0.9906,0.07035887600000024,True,True,"Laya (fine-tuned, 3k)",True,True
2794,True,False,0.9886,0.039228623000099105,True,True,"Laya (fine-tuned, 3k)",True,True
2795,False,False,0.0133,0.0416714680000041,False,False,"Laya (fine-tuned, 3k)",True,True
2796,True,False,0.9888,0.049301137999918865,True,True,"Laya (fine-tuned, 3k)",True,True
2797,False,False,0.0126,0.055010762000165414,False,False,"Laya (fine-tuned, 3k)",True,True
2798,True,False,0.9904,0.045029584999838335,True,True,"Laya (fine-tuned, 3k)",True,True
2799,False,False,0.0128,0.03940285700014101,False,False,"Laya (fine-tuned, 3k)",True,True
2800,True,False,0.9891,0.04034651300003134,True,True,"Laya (fine-tuned, 3k)",True,True
2801,True,False,0.991,0.042994059999955425,True,True,"Laya (fine-tuned, 3k)",True,True
2802,True,False,0.1831,0.039612973999965106,False,False,"Laya (fine-tuned, 3k)",False,False
2803,False,False,0.9892,0.03923557300004177,True,True,"Laya (fine-tuned, 3k)",False,False
2804,True,False,0.9902,0.04195273000004818,True,True,"Laya (fine-tuned, 3k)",True,True
2805,True,False,0.9897,0.043179145000067365,True,True,"Laya (fine-tuned, 3k)",True,True
2806,True,False,0.9866,0.04012349599997833,True,True,"Laya (fine-tuned, 3k)",True,True
2807,False,False,0.0106,0.04236612499994408,False,False,"Laya (fine-tuned, 3k)",True,True
2808,True,False,0.9902,0.03840393200016479,True,True,"Laya (fine-tuned, 3k)",True,True
2809,True,False,0.9901,0.03771522100009861,True,True,"Laya (fine-tuned, 3k)",True,True
2810,True,False,0.9914,0.04062297999985276,True,True,"Laya (fine-tuned, 3k)",True,True
2811,False,False,0.9893,0.03744828999992933,True,True,"Laya (fine-tuned, 3k)",False,False
2812,True,False,0.9908,0.041383004000181245,True,True,"Laya (fine-tuned, 3k)",True,True
2813,False,False,0.0098,0.04548460000000887,False,False,"Laya (fine-tuned, 3k)",True,True
2814,False,False,0.0181,0.04024825100009366,False,False,"Laya (fine-tuned, 3k)",True,True
2815,False,False,0.6014,0.03998307599999862,True,True,"Laya (fine-tuned, 3k)",False,False
2816,True,False,0.9837,0.042542678000017986,True,True,"Laya (fine-tuned, 3k)",True,True
2817,True,False,0.014,0.03934180299984291,False,False,"Laya (fine-tuned, 3k)",False,False
2818,True,False,0.9884,0.04080637999982173,True,True,"Laya (fine-tuned, 3k)",True,True
2819,True,False,0.9796,0.04368822299989006,True,True,"Laya (fine-tuned, 3k)",True,True
2820,True,False,0.989,0.04893696799990721,True,True,"Laya (fine-tuned, 3k)",True,True
2821,True,False,0.9891,0.05028320800010988,True,True,"Laya (fine-tuned, 3k)",True,True
2822,False,False,0.0415,0.04422259100010706,False,False,"Laya (fine-tuned, 3k)",True,True
2823,False,False,0.9878,0.03926975400008814,True,True,"Laya (fine-tuned, 3k)",False,False
2824,True,False,0.9906,0.039622581000003265,True,True,"Laya (fine-tuned, 3k)",True,True
2825,True,False,0.9917,0.04218424300006518,True,True,"Laya (fine-tuned, 3k)",True,True
2826,False,False,0.01,0.03847064699994007,False,False,"Laya (fine-tuned, 3k)",True,True
2827,False,False,0.017,0.03922714999998789,False,False,"Laya (fine-tuned, 3k)",True,True
2828,False,False,0.0117,0.042492739000181246,False,False,"Laya (fine-tuned, 3k)",True,True
2829,True,False,0.9885,0.04102721499998552,True,True,"Laya (fine-tuned, 3k)",True,True
2830,True,False,0.9891,0.03873493800006145,True,True,"Laya (fine-tuned, 3k)",True,True
2831,True,False,0.988,0.04420082599995112,True,True,"Laya (fine-tuned, 3k)",True,True
2832,False,False,0.9893,0.037878781000017625,True,True,"Laya (fine-tuned, 3k)",False,False
2833,True,False,0.9876,0.03921121700000185,True,True,"Laya (fine-tuned, 3k)",True,True
2834,False,False,0.9809,0.041490715000009004,True,True,"Laya (fine-tuned, 3k)",False,False
2835,True,False,0.9883,0.03856255899995631,True,True,"Laya (fine-tuned, 3k)",True,True
2836,False,False,0.0171,0.03905225700009396,False,False,"Laya (fine-tuned, 3k)",True,True
2837,False,False,0.0115,0.041021325999963665,False,False,"Laya (fine-tuned, 3k)",True,True
2838,False,False,0.9877,0.03957209500003955,True,True,"Laya (fine-tuned, 3k)",False,False
2839,True,False,0.9781,0.03860267599998224,True,True,"Laya (fine-tuned, 3k)",True,True
2840,True,False,0.991,0.04204787999992732,True,True,"Laya (fine-tuned, 3k)",True,True
2841,True,False,0.9898,0.039573902999791244,True,True,"Laya (fine-tuned, 3k)",True,True
2842,False,False,0.0078,0.03868201099999169,False,False,"Laya (fine-tuned, 3k)",True,True
2843,False,False,0.0099,0.043190740000000005,False,False,"Laya (fine-tuned, 3k)",True,True
2844,True,False,0.9897,0.04804621099992801,True,True,"Laya (fine-tuned, 3k)",True,True
2845,True,False,0.9891,0.04017303799992078,True,True,"Laya (fine-tuned, 3k)",True,True
2846,True,True,0.9906,0.05870840500006125,True,True,"Laya (fine-tuned, 3k)",True,True
2847,True,False,0.9872,0.042182286000070235,True,True,"Laya (fine-tuned, 3k)",True,True
2848,True,False,0.9899,0.041072616000064954,True,True,"Laya (fine-tuned, 3k)",True,True
2849,False,False,0.9897,0.04383534000021427,True,True,"Laya (fine-tuned, 3k)",False,False
2850,True,False,0.9895,0.03878663900013635,True,True,"Laya (fine-tuned, 3k)",True,True
2851,False,False,0.0485,0.03843271999994613,False,False,"Laya (fine-tuned, 3k)",True,True
2852,False,False,0.0136,0.04372006199992029,False,False,"Laya (fine-tuned, 3k)",True,True
2853,False,False,0.0114,0.040404413999795,False,False,"Laya (fine-tuned, 3k)",True,True
2854,True,False,0.9875,0.03953638999996656,True,True,"Laya (fine-tuned, 3k)",True,True
2855,False,False,0.0145,0.039094556000009106,False,False,"Laya (fine-tuned, 3k)",True,True
2856,False,False,0.0095,0.037141497999982676,False,False,"Laya (fine-tuned, 3k)",True,True
2857,False,False,0.0192,0.03773894999994809,False,False,"Laya (fine-tuned, 3k)",True,True
2858,False,False,0.9906,0.04075620899993737,True,True,"Laya (fine-tuned, 3k)",False,False
2859,True,False,0.9905,0.039439130000118894,True,True,"Laya (fine-tuned, 3k)",True,True
2860,True,False,0.0371,0.0409033470000395,False,False,"Laya (fine-tuned, 3k)",False,False
2861,False,False,0.0104,0.043688058999805435,False,False,"Laya (fine-tuned, 3k)",True,True
2862,True,False,0.9871,0.039202287000080105,True,True,"Laya (fine-tuned, 3k)",True,True
2863,False,False,0.0108,0.0378579019998142,False,False,"Laya (fine-tuned, 3k)",True,True
2864,True,False,0.9899,0.042763013000012506,True,True,"Laya (fine-tuned, 3k)",True,True
2865,True,False,0.9879,0.0409777050001594,True,True,"Laya (fine-tuned, 3k)",True,True
2866,True,False,0.9896,0.04160893099992791,True,True,"Laya (fine-tuned, 3k)",True,True
2867,False,False,0.0118,0.051096215999905326,False,False,"Laya (fine-tuned, 3k)",True,True
2868,False,False,0.0095,0.042837517999942065,False,False,"Laya (fine-tuned, 3k)",True,True
2869,False,False,0.9898,0.041860357999894404,True,True,"Laya (fine-tuned, 3k)",False,False
2870,False,False,0.9885,0.043724959999963176,True,True,"Laya (fine-tuned, 3k)",False,False
2871,False,False,0.0105,0.05650815299986789,False,False,"Laya (fine-tuned, 3k)",True,True
2872,True,False,0.9896,0.04207231700002012,True,True,"Laya (fine-tuned, 3k)",True,True
2873,True,False,0.9888,0.04092166099985661,True,True,"Laya (fine-tuned, 3k)",True,True
2874,True,False,0.9867,0.037468461000116804,True,True,"Laya (fine-tuned, 3k)",True,True
2875,False,False,0.9746,0.03922771299994565,True,True,"Laya (fine-tuned, 3k)",False,False
2876,True,False,0.9907,0.04278916499993102,True,True,"Laya (fine-tuned, 3k)",True,True
2877,True,False,0.9896,0.04157197700010329,True,True,"Laya (fine-tuned, 3k)",True,True
2878,True,False,0.9886,0.04083812500016393,True,True,"Laya (fine-tuned, 3k)",True,True
2879,False,False,0.9761,0.04069678699988799,True,True,"Laya (fine-tuned, 3k)",False,False
2880,True,False,0.9916,0.03932075399984569,True,True,"Laya (fine-tuned, 3k)",True,True
2881,True,False,0.9895,0.03914906599993628,True,True,"Laya (fine-tuned, 3k)",True,True
2882,True,False,0.9899,0.04319136100002652,True,True,"Laya (fine-tuned, 3k)",True,True
2883,False,False,0.0085,0.03944727900011458,False,False,"Laya (fine-tuned, 3k)",True,True
2884,False,False,0.0123,0.03797917299993969,False,False,"Laya (fine-tuned, 3k)",True,True
2885,True,False,0.9896,0.04098084899987953,True,True,"Laya (fine-tuned, 3k)",True,True
2886,True,False,0.0435,0.03863363699997535,False,False,"Laya (fine-tuned, 3k)",False,False
2887,True,False,0.9892,0.03828993199999786,True,True,"Laya (fine-tuned, 3k)",True,True
2888,True,False,0.9896,0.04134503500017672,True,True,"Laya (fine-tuned, 3k)",True,True
2889,False,False,0.0125,0.03984706599999299,False,False,"Laya (fine-tuned, 3k)",True,True
2890,True,False,0.9894,0.038964125000120475,True,True,"Laya (fine-tuned, 3k)",True,True
2891,False,False,0.0119,0.05037153600005695,False,False,"Laya (fine-tuned, 3k)",True,True
2892,True,False,0.9919,0.03960675200005426,True,True,"Laya (fine-tuned, 3k)",True,True
2893,True,False,0.9864,0.041111129999990226,True,True,"Laya (fine-tuned, 3k)",True,True
2894,True,False,0.989,0.0427484749998257,True,True,"Laya (fine-tuned, 3k)",True,True
2895,True,False,0.9904,0.04246937499988235,True,True,"Laya (fine-tuned, 3k)",True,True
2896,False,False,0.0162,0.05051394699989942,False,False,"Laya (fine-tuned, 3k)",True,True
2897,True,False,0.9894,0.04163831400001072,True,True,"Laya (fine-tuned, 3k)",True,True
2898,True,False,0.9898,0.03935019300001841,True,True,"Laya (fine-tuned, 3k)",True,True
2899,True,False,0.9892,0.03871447599999556,True,True,"Laya (fine-tuned, 3k)",True,True
2900,True,False,0.9887,0.042978572000038184,True,True,"Laya (fine-tuned, 3k)",True,True
2901,True,False,0.9899,0.041022430000111854,True,True,"Laya (fine-tuned, 3k)",True,True
2902,True,False,0.9907,0.03966239999999743,True,True,"Laya (fine-tuned, 3k)",True,True
2903,False,False,0.0105,0.040376638999987335,False,False,"Laya (fine-tuned, 3k)",True,True
2904,False,True,0.9898,0.043919478000134404,True,True,"Laya (fine-tuned, 3k)",False,False
2905,True,False,0.9702,0.041616288999875906,True,True,"Laya (fine-tuned, 3k)",True,True
2906,True,False,0.2378,0.04361365999989175,False,False,"Laya (fine-tuned, 3k)",False,False
2907,False,False,0.0111,0.03942885099991145,False,False,"Laya (fine-tuned, 3k)",True,True
2908,False,False,0.0125,0.039596525999968435,False,False,"Laya (fine-tuned, 3k)",True,True
2909,True,False,0.9898,0.04323174699993615,True,True,"Laya (fine-tuned, 3k)",True,True
2910,False,False,0.0101,0.0407161210000595,False,False,"Laya (fine-tuned, 3k)",True,True
2911,True,False,0.9884,0.0406885400000192,True,True,"Laya (fine-tuned, 3k)",True,True
2912,True,False,0.9907,0.04330541799981802,True,True,"Laya (fine-tuned, 3k)",True,True
2913,True,False,0.9864,0.0399385580001308,True,True,"Laya (fine-tuned, 3k)",True,True
2914,True,False,0.9899,0.039360816999987946,True,True,"Laya (fine-tuned, 3k)",True,True
2915,True,False,0.9904,0.05071142799988593,True,True,"Laya (fine-tuned, 3k)",True,True
2916,True,False,0.9902,0.03949204400009876,True,True,"Laya (fine-tuned, 3k)",True,True
2917,True,False,0.9871,0.04280366300008609,True,True,"Laya (fine-tuned, 3k)",True,True
2918,False,False,0.9897,0.043520722000039314,True,True,"Laya (fine-tuned, 3k)",False,False
2919,True,False,0.9912,0.03980177800008278,True,True,"Laya (fine-tuned, 3k)",True,True
2920,False,False,0.0119,0.05231142999991789,False,False,"Laya (fine-tuned, 3k)",True,True
2921,True,False,0.9898,0.04044044900001609,True,True,"Laya (fine-tuned, 3k)",True,True
2922,True,False,0.9892,0.03806641699998181,True,True,"Laya (fine-tuned, 3k)",True,True
2923,True,False,0.9898,0.037939221999977235,True,True,"Laya (fine-tuned, 3k)",True,True
2924,True,False,0.9909,0.04232639600013499,True,True,"Laya (fine-tuned, 3k)",True,True
2925,False,False,0.9897,0.038256871999919895,True,True,"Laya (fine-tuned, 3k)",False,False
2926,True,False,0.9908,0.037676323999903616,True,True,"Laya (fine-tuned, 3k)",True,True
2927,True,False,0.9896,0.03970414099990194,True,True,"Laya (fine-tuned, 3k)",True,True
2928,True,False,0.9899,0.03970080599992798,True,True,"Laya (fine-tuned, 3k)",True,True
2929,True,False,0.9888,0.03940595099993516,True,True,"Laya (fine-tuned, 3k)",True,True
2930,True,False,0.9903,0.04057602200009569,True,True,"Laya (fine-tuned, 3k)",True,True
2931,True,False,0.989,0.041727671999979066,True,True,"Laya (fine-tuned, 3k)",True,True
2932,False,False,0.0089,0.04334043199992266,False,False,"Laya (fine-tuned, 3k)",True,True
2933,True,False,0.9904,0.04156925000006595,True,True,"Laya (fine-tuned, 3k)",True,True
2934,False,False,0.0096,0.04098162700006469,False,False,"Laya (fine-tuned, 3k)",True,True
2935,False,False,0.0138,0.039627633000009155,False,False,"Laya (fine-tuned, 3k)",True,True
2936,True,False,0.9886,0.042030488000136756,True,True,"Laya (fine-tuned, 3k)",True,True
2937,True,False,0.0131,0.039121665000038774,False,False,"Laya (fine-tuned, 3k)",False,False
2938,True,False,0.9904,0.03961626199998136,True,True,"Laya (fine-tuned, 3k)",True,True
2939,True,False,0.987,0.05089988000008816,True,True,"Laya (fine-tuned, 3k)",True,True
2940,True,False,0.0094,0.04038524300017343,False,False,"Laya (fine-tuned, 3k)",False,False
2941,True,False,0.99,0.040075155999829803,True,True,"Laya (fine-tuned, 3k)",True,True
2942,False,False,0.0092,0.04284918100006507,False,False,"Laya (fine-tuned, 3k)",True,True
2943,True,False,0.9903,0.040652859000147146,True,True,"Laya (fine-tuned, 3k)",True,True
2944,True,False,0.9905,0.040799657000206935,True,True,"Laya (fine-tuned, 3k)",True,True
2945,False,False,0.6727,0.05268947399986246,True,True,"Laya (fine-tuned, 3k)",False,False
2946,False,False,0.012,0.039109796000047936,False,False,"Laya (fine-tuned, 3k)",True,True
2947,True,False,0.9897,0.03996695399996497,True,True,"Laya (fine-tuned, 3k)",True,True
2948,True,False,0.9895,0.04352236999989145,True,True,"Laya (fine-tuned, 3k)",True,True
2949,True,False,0.991,0.03953450700009853,True,True,"Laya (fine-tuned, 3k)",True,True
2950,False,False,0.0158,0.038850905000117564,False,False,"Laya (fine-tuned, 3k)",True,True
2951,True,False,0.9906,0.041003800999988016,True,True,"Laya (fine-tuned, 3k)",True,True
2952,True,False,0.9914,0.03927699199994095,True,True,"Laya (fine-tuned, 3k)",True,True
2953,False,False,0.0159,0.040778143000125056,False,False,"Laya (fine-tuned, 3k)",True,True
2954,True,False,0.9901,0.04150381699992067,True,True,"Laya (fine-tuned, 3k)",True,True
2955,True,False,0.0169,0.04056775099979859,False,False,"Laya (fine-tuned, 3k)",False,False
2956,False,False,0.0155,0.04370492600014586,False,False,"Laya (fine-tuned, 3k)",True,True
2957,True,False,0.99,0.04305536099991514,True,True,"Laya (fine-tuned, 3k)",True,True
2958,False,False,0.0177,0.04010076899999149,False,False,"Laya (fine-tuned, 3k)",True,True
2959,True,False,0.9897,0.04017757899987373,True,True,"Laya (fine-tuned, 3k)",True,True
2960,True,False,0.0151,0.04322028899991892,False,False,"Laya (fine-tuned, 3k)",False,False
2961,False,False,0.9894,0.039068536000058884,True,True,"Laya (fine-tuned, 3k)",False,False
2962,False,False,0.0166,0.04093102799993176,False,False,"Laya (fine-tuned, 3k)",True,True
2963,True,False,0.3244,0.0509437020000405,False,False,"Laya (fine-tuned, 3k)",False,False
2964,True,False,0.9898,0.040451594999922236,True,True,"Laya (fine-tuned, 3k)",True,True
2965,True,False,0.012,0.04109853800014207,False,False,"Laya (fine-tuned, 3k)",False,False
2966,True,False,0.9891,0.04297733600014908,True,True,"Laya (fine-tuned, 3k)",True,True
2967,True,False,0.9901,0.040433601999893654,True,True,"Laya (fine-tuned, 3k)",True,True
2968,False,False,0.0105,0.038742863999914334,False,False,"Laya (fine-tuned, 3k)",True,True
2969,True,False,0.9899,0.055491786999937176,True,True,"Laya (fine-tuned, 3k)",True,True
2970,True,False,0.9879,0.040957780000098865,True,True,"Laya (fine-tuned, 3k)",True,True
2971,False,False,0.3286,0.04093842599991149,False,False,"Laya (fine-tuned, 3k)",True,True
2972,False,False,0.0154,0.043568616999891674,False,False,"Laya (fine-tuned, 3k)",True,True
2973,True,False,0.9905,0.0402311909999753,True,True,"Laya (fine-tuned, 3k)",True,True
2974,True,False,0.9905,0.039358622000008836,True,True,"Laya (fine-tuned, 3k)",True,True
2975,True,False,0.9899,0.041889255999876696,True,True,"Laya (fine-tuned, 3k)",True,True
2976,True,False,0.9909,0.03978447199983748,True,True,"Laya (fine-tuned, 3k)",True,True
2977,True,False,0.9893,0.0395940010000686,True,True,"Laya (fine-tuned, 3k)",True,True
2978,True,False,0.9901,0.04133465000018077,True,True,"Laya (fine-tuned, 3k)",True,True
2979,True,False,0.9907,0.03868836000015108,True,True,"Laya (fine-tuned, 3k)",True,True
2980,True,False,0.0105,0.03881378699998095,False,False,"Laya (fine-tuned, 3k)",False,False
2981,True,False,0.0123,0.04165609200003928,False,False,"Laya (fine-tuned, 3k)",False,False
2982,True,False,0.9902,0.039838415000076566,True,True,"Laya (fine-tuned, 3k)",True,True
2983,False,False,0.7411,0.03965151099987452,True,True,"Laya (fine-tuned, 3k)",False,False
2984,True,False,0.988,0.04187449799997012,True,True,"Laya (fine-tuned, 3k)",True,True
2985,False,False,0.0091,0.03915977699989526,False,False,"Laya (fine-tuned, 3k)",True,True
2986,False,False,0.0141,0.042205869999861534,False,False,"Laya (fine-tuned, 3k)",True,True
2987,False,False,0.9889,0.04745329699994727,True,True,"Laya (fine-tuned, 3k)",False,False
2988,True,False,0.9908,0.04110507699988375,True,True,"Laya (fine-tuned, 3k)",True,True
2989,True,False,0.9917,0.03988057400010803,True,True,"Laya (fine-tuned, 3k)",True,True
2990,True,False,0.9895,0.04720466000003398,True,True,"Laya (fine-tuned, 3k)",True,True
2991,True,False,0.9895,0.04174904600017726,True,True,"Laya (fine-tuned, 3k)",True,True
2992,True,False,0.0164,0.03994854600000508,False,False,"Laya (fine-tuned, 3k)",False,False
2993,False,False,0.0154,0.04311193700004878,False,False,"Laya (fine-tuned, 3k)",True,True
2994,False,False,0.0101,0.055730923000055554,False,False,"Laya (fine-tuned, 3k)",True,True
2995,True,False,0.9897,0.04098111700000118,True,True,"Laya (fine-tuned, 3k)",True,True
2996,False,False,0.0087,0.04620086700015236,False,False,"Laya (fine-tuned, 3k)",True,True
2997,True,False,0.9901,0.039047659000061685,True,True,"Laya (fine-tuned, 3k)",True,True
2998,False,False,0.0116,0.03838940100013133,False,False,"Laya (fine-tuned, 3k)",True,True
2999,True,False,0.9886,0.040959329999850524,True,True,"Laya (fine-tuned, 3k)",True,True
3000,False,False,0.0101,0.03895668299992394,False,False,"Laya (fine-tuned, 3k)",True,True
3001,True,False,0.0136,0.03901033700003609,False,False,"Laya (fine-tuned, 3k)",False,False
3002,True,False,0.9913,0.041396861000066565,True,True,"Laya (fine-tuned, 3k)",True,True
3003,False,False,0.0127,0.042527766000148404,False,False,"Laya (fine-tuned, 3k)",True,True
3004,False,False,0.9705,0.040106629999854704,True,True,"Laya (fine-tuned, 3k)",False,False
3005,True,False,0.987,0.04202760499993019,True,True,"Laya (fine-tuned, 3k)",True,True
3006,True,False,0.0086,0.0398047559999668,False,False,"Laya (fine-tuned, 3k)",False,False
3007,False,False,0.9893,0.04001893100007692,True,True,"Laya (fine-tuned, 3k)",False,False
3008,True,False,0.0086,0.04185199700009434,False,False,"Laya (fine-tuned, 3k)",False,False
3009,True,False,0.9897,0.038160735000019486,True,True,"Laya (fine-tuned, 3k)",True,True
3010,True,False,0.9898,0.044871956999941176,True,True,"Laya (fine-tuned, 3k)",True,True
3011,True,False,0.9903,0.047629136000068684,True,True,"Laya (fine-tuned, 3k)",True,True
3012,True,False,0.9866,0.041120456000044214,True,True,"Laya (fine-tuned, 3k)",True,True
3013,False,False,0.9897,0.03974436799990144,True,True,"Laya (fine-tuned, 3k)",False,False
3014,True,False,0.9869,0.044162785000025906,True,True,"Laya (fine-tuned, 3k)",True,True
3015,False,False,0.9902,0.04263776299990241,True,True,"Laya (fine-tuned, 3k)",False,False
3016,True,False,0.9873,0.04225027100005718,True,True,"Laya (fine-tuned, 3k)",True,True
3017,False,False,0.0125,0.04175953200001459,False,False,"Laya (fine-tuned, 3k)",True,True
3018,True,False,0.9907,0.04961937200005195,True,True,"Laya (fine-tuned, 3k)",True,True
3019,False,False,0.9893,0.04062861400007023,True,True,"Laya (fine-tuned, 3k)",False,False
3020,True,False,0.9888,0.040323508000028596,True,True,"Laya (fine-tuned, 3k)",True,True
3021,False,False,0.0266,0.039807582999856095,False,False,"Laya (fine-tuned, 3k)",True,True
3022,True,True,0.988,0.042236602000002677,True,True,"Laya (fine-tuned, 3k)",True,True
3023,True,False,0.0188,0.044591518000061114,False,False,"Laya (fine-tuned, 3k)",False,False
3024,True,False,0.0152,0.039213890000155516,False,False,"Laya (fine-tuned, 3k)",False,False
3025,False,False,0.01,0.038956599999892205,False,False,"Laya (fine-tuned, 3k)",True,True
3026,False,False,0.9886,0.0398912810001093,True,True,"Laya (fine-tuned, 3k)",False,False
3027,True,False,0.9898,0.037990812000089136,True,True,"Laya (fine-tuned, 3k)",True,True
3028,False,False,0.99,0.03845912600013435,True,True,"Laya (fine-tuned, 3k)",False,False
3029,True,False,0.9875,0.04012103000013667,True,True,"Laya (fine-tuned, 3k)",True,True
3030,True,False,0.9899,0.03825288300004104,True,True,"Laya (fine-tuned, 3k)",True,True
3031,True,False,0.9884,0.05293481199987582,True,True,"Laya (fine-tuned, 3k)",True,True
3032,False,False,0.9898,0.06963672699998824,True,True,"Laya (fine-tuned, 3k)",False,False
3033,False,False,0.0089,0.0667947209999511,False,False,"Laya (fine-tuned, 3k)",True,True
3034,False,False,0.0119,0.057998547999886796,False,False,"Laya (fine-tuned, 3k)",True,True
3035,False,False,0.0107,0.060470543000064936,False,False,"Laya (fine-tuned, 3k)",True,True
3036,False,False,0.012,0.05467966400010482,False,False,"Laya (fine-tuned, 3k)",True,True
3037,True,False,0.9893,0.05105537200006438,True,True,"Laya (fine-tuned, 3k)",True,True
3038,False,False,0.0141,0.051591976000054274,False,False,"Laya (fine-tuned, 3k)",True,True
3039,False,False,0.9894,0.057208242000115206,True,True,"Laya (fine-tuned, 3k)",False,False
3040,False,False,0.0084,0.056659270000182005,False,False,"Laya (fine-tuned, 3k)",True,True
3041,False,False,0.0106,0.05481448799991995,False,False,"Laya (fine-tuned, 3k)",True,True
3042,True,False,0.9901,0.05116792700005135,True,True,"Laya (fine-tuned, 3k)",True,True
3043,True,False,0.9909,0.05418190399996092,True,True,"Laya (fine-tuned, 3k)",True,True
3044,True,False,0.9865,0.05110485199998038,True,True,"Laya (fine-tuned, 3k)",True,True
3045,True,False,0.0163,0.053082070000073145,False,False,"Laya (fine-tuned, 3k)",False,False
3046,True,False,0.9893,0.049592587999995885,True,True,"Laya (fine-tuned, 3k)",True,True
3047,False,False,0.0137,0.053179506999867954,False,False,"Laya (fine-tuned, 3k)",True,True
3048,True,False,0.9895,0.05387062699992384,True,True,"Laya (fine-tuned, 3k)",True,True
3049,False,False,0.991,0.051413310000043566,True,True,"Laya (fine-tuned, 3k)",False,False
3050,True,False,0.989,0.04850596200003565,True,True,"Laya (fine-tuned, 3k)",True,True
3051,False,False,0.9847,0.052282977000004394,True,True,"Laya (fine-tuned, 3k)",False,False
3052,True,False,0.9898,0.05380535599988434,True,True,"Laya (fine-tuned, 3k)",True,True
3053,True,False,0.9896,0.052096656999992774,True,True,"Laya (fine-tuned, 3k)",True,True
3054,True,False,0.9895,0.051856696999948326,True,True,"Laya (fine-tuned, 3k)",True,True
3055,True,False,0.99,0.054208908999953564,True,True,"Laya (fine-tuned, 3k)",True,True
3056,False,False,0.9916,0.049598356999922544,True,True,"Laya (fine-tuned, 3k)",False,False
3057,True,False,0.9898,0.050646999000036885,True,True,"Laya (fine-tuned, 3k)",True,True
3058,True,False,0.9899,0.04985363199989479,True,True,"Laya (fine-tuned, 3k)",True,True
3059,True,False,0.988,0.05313081000008424,True,True,"Laya (fine-tuned, 3k)",True,True
3060,True,False,0.9879,0.0580091290000837,True,True,"Laya (fine-tuned, 3k)",True,True
3061,False,False,0.009,0.06701831600003061,False,False,"Laya (fine-tuned, 3k)",True,True
3062,False,False,0.0122,0.057998838999992586,False,False,"Laya (fine-tuned, 3k)",True,True
3063,True,False,0.9905,0.06202326099992206,True,True,"Laya (fine-tuned, 3k)",True,True
3064,True,False,0.9907,0.05757991499990567,True,True,"Laya (fine-tuned, 3k)",True,True
3065,True,False,0.9894,0.06234999499997684,True,True,"Laya (fine-tuned, 3k)",True,True
3066,True,False,0.9784,0.05349804899992705,True,True,"Laya (fine-tuned, 3k)",True,True
3067,False,False,0.0121,0.05966348199990534,False,False,"Laya (fine-tuned, 3k)",True,True
3068,False,False,0.9895,0.053006290999974226,True,True,"Laya (fine-tuned, 3k)",False,False
3069,True,False,0.9901,0.05848595099996601,True,True,"Laya (fine-tuned, 3k)",True,True
3070,True,False,0.9887,0.05443208599990612,True,True,"Laya (fine-tuned, 3k)",True,True
3071,True,False,0.9911,0.0686747159998049,True,True,"Laya (fine-tuned, 3k)",True,True
3072,False,False,0.0131,0.06515849800007345,False,False,"Laya (fine-tuned, 3k)",True,True
3073,True,False,0.9896,0.06188031599981514,True,True,"Laya (fine-tuned, 3k)",True,True
3074,False,False,0.011,0.06507379699996818,False,False,"Laya (fine-tuned, 3k)",True,True
3075,True,False,0.9902,0.06553218400017613,True,True,"Laya (fine-tuned, 3k)",True,True
3076,True,False,0.9892,0.05881857300005322,True,True,"Laya (fine-tuned, 3k)",True,True
3077,True,False,0.9903,0.06741078899995046,True,True,"Laya (fine-tuned, 3k)",True,True
3078,True,False,0.9649,0.05976340599977448,True,True,"Laya (fine-tuned, 3k)",True,True
3079,True,False,0.9895,0.04355104600017512,True,True,"Laya (fine-tuned, 3k)",True,True
3080,False,False,0.0116,0.0386235299999953,False,False,"Laya (fine-tuned, 3k)",True,True
3081,False,False,0.0118,0.03951777499992204,False,False,"Laya (fine-tuned, 3k)",True,True
3082,True,False,0.9903,0.04116151800008083,True,True,"Laya (fine-tuned, 3k)",True,True
3083,True,False,0.9895,0.0384499340000275,True,True,"Laya (fine-tuned, 3k)",True,True
3084,False,False,0.99,0.03790320799998881,True,True,"Laya (fine-tuned, 3k)",False,False
3085,False,False,0.0134,0.04186211599994749,False,False,"Laya (fine-tuned, 3k)",True,True
3086,False,False,0.0097,0.038714903000027334,False,False,"Laya (fine-tuned, 3k)",True,True
3087,False,False,0.0144,0.045693693999965035,False,False,"Laya (fine-tuned, 3k)",True,True
3088,True,False,0.9778,0.040059714000108215,True,True,"Laya (fine-tuned, 3k)",True,True
3089,False,False,0.0164,0.040952698999944914,False,False,"Laya (fine-tuned, 3k)",True,True
3090,False,False,0.0092,0.04036139499999081,False,False,"Laya (fine-tuned, 3k)",True,True
3091,False,False,0.0101,0.04565638400003991,False,False,"Laya (fine-tuned, 3k)",True,True
3092,True,False,0.9895,0.038385310999956346,True,True,"Laya (fine-tuned, 3k)",True,True
3093,False,False,0.0129,0.04082243199991353,False,False,"Laya (fine-tuned, 3k)",True,True
3094,True,False,0.9887,0.04461613400007991,True,True,"Laya (fine-tuned, 3k)",True,True
3095,False,False,0.0097,0.03890850200014029,False,False,"Laya (fine-tuned, 3k)",True,True
3096,True,False,0.9893,0.03972151100015253,True,True,"Laya (fine-tuned, 3k)",True,True
3097,True,False,0.99,0.04156423899985384,True,True,"Laya (fine-tuned, 3k)",True,True
3098,True,False,0.9897,0.04081369999994422,True,True,"Laya (fine-tuned, 3k)",True,True
3099,False,False,0.0124,0.03907819500000187,False,False,"Laya (fine-tuned, 3k)",True,True
3100,True,False,0.9908,0.041425136000043494,True,True,"Laya (fine-tuned, 3k)",True,True
3101,True,False,0.9895,0.039305136999928436,True,True,"Laya (fine-tuned, 3k)",True,True
3102,True,False,0.99,0.04995199399991179,True,True,"Laya (fine-tuned, 3k)",True,True
3103,False,False,0.0117,0.045087166000030265,False,False,"Laya (fine-tuned, 3k)",True,True
3104,True,False,0.9895,0.03843751899989911,True,True,"Laya (fine-tuned, 3k)",True,True
3105,True,False,0.988,0.03856434600015746,True,True,"Laya (fine-tuned, 3k)",True,True
3106,True,False,0.9901,0.04109059799998249,True,True,"Laya (fine-tuned, 3k)",True,True
3107,False,False,0.0154,0.039136796999855505,False,False,"Laya (fine-tuned, 3k)",True,True
3108,True,False,0.9892,0.03895140300005551,True,True,"Laya (fine-tuned, 3k)",True,True
3109,True,False,0.9893,0.04109412100001464,True,True,"Laya (fine-tuned, 3k)",True,True
3110,True,False,0.9886,0.0398339670000496,True,True,"Laya (fine-tuned, 3k)",True,True
3111,False,False,0.0237,0.048665739999933066,False,False,"Laya (fine-tuned, 3k)",True,True
3112,False,False,0.0108,0.041072429999985616,False,False,"Laya (fine-tuned, 3k)",True,True
3113,False,False,0.989,0.042535798000017166,True,True,"Laya (fine-tuned, 3k)",False,False
3114,True,False,0.9906,0.041257980999944266,True,True,"Laya (fine-tuned, 3k)",True,True
3115,True,False,0.9899,0.04359482699987893,True,True,"Laya (fine-tuned, 3k)",True,True
3116,True,False,0.9883,0.03965594100009184,True,True,"Laya (fine-tuned, 3k)",True,True
3117,True,False,0.9892,0.038474391999898216,True,True,"Laya (fine-tuned, 3k)",True,True
3118,True,False,0.9891,0.043559223000102065,True,True,"Laya (fine-tuned, 3k)",True,True
3119,True,False,0.9902,0.038633572999970056,True,True,"Laya (fine-tuned, 3k)",True,True
3120,False,False,0.9879,0.038954741999987164,True,True,"Laya (fine-tuned, 3k)",False,False
3121,False,False,0.0138,0.04051116699997692,False,False,"Laya (fine-tuned, 3k)",True,True
3122,False,False,0.0143,0.042413914000007935,False,False,"Laya (fine-tuned, 3k)",True,True
3123,True,False,0.9904,0.03912645499985956,True,True,"Laya (fine-tuned, 3k)",True,True
3124,True,False,0.9886,0.041134480999971856,True,True,"Laya (fine-tuned, 3k)",True,True
3125,True,False,0.9899,0.0393921140000657,True,True,"Laya (fine-tuned, 3k)",True,True
3126,False,False,0.0073,0.03897826000002169,False,False,"Laya (fine-tuned, 3k)",True,True
3127,True,False,0.1768,0.0563062930000342,False,False,"Laya (fine-tuned, 3k)",False,False
3128,True,False,0.9898,0.039126769000176864,True,True,"Laya (fine-tuned, 3k)",True,True
3129,False,False,0.0206,0.0398122209999201,False,False,"Laya (fine-tuned, 3k)",True,True
3130,False,False,0.986,0.043928088000029675,True,True,"Laya (fine-tuned, 3k)",False,False
3131,True,False,0.9877,0.040292685999929745,True,True,"Laya (fine-tuned, 3k)",True,True
3132,True,False,0.9901,0.03924320000010084,True,True,"Laya (fine-tuned, 3k)",True,True
3133,False,False,0.0126,0.043474230999891006,False,False,"Laya (fine-tuned, 3k)",True,True
3134,True,False,0.9895,0.03881953900008739,True,True,"Laya (fine-tuned, 3k)",True,True
3135,True,False,0.9899,0.045064094000053956,True,True,"Laya (fine-tuned, 3k)",True,True
3136,True,False,0.9901,0.03916380099985872,True,True,"Laya (fine-tuned, 3k)",True,True
3137,False,False,0.9892,0.04038203300001442,True,True,"Laya (fine-tuned, 3k)",False,False
3138,False,False,0.0079,0.04076275500005977,False,False,"Laya (fine-tuned, 3k)",True,True
3139,True,False,0.9885,0.04367719100014256,True,True,"Laya (fine-tuned, 3k)",True,True
3140,True,False,0.9901,0.039425725000000966,True,True,"Laya (fine-tuned, 3k)",True,True
3141,True,False,0.9888,0.03851005000001351,True,True,"Laya (fine-tuned, 3k)",True,True
3142,False,False,0.0129,0.04021850100002666,False,False,"Laya (fine-tuned, 3k)",True,True
3143,True,False,0.9909,0.04021399599992037,True,True,"Laya (fine-tuned, 3k)",True,True
3144,False,False,0.0124,0.04000856000016029,False,False,"Laya (fine-tuned, 3k)",True,True
3145,True,False,0.989,0.04095994800013614,True,True,"Laya (fine-tuned, 3k)",True,True
3146,True,False,0.9872,0.04205600499994944,True,True,"Laya (fine-tuned, 3k)",True,True
3147,True,False,0.989,0.04101441099987824,True,True,"Laya (fine-tuned, 3k)",True,True
3148,True,False,0.9912,0.04029031000004579,True,True,"Laya (fine-tuned, 3k)",True,True
3149,True,False,0.9887,0.03883052400010456,True,True,"Laya (fine-tuned, 3k)",True,True
3150,True,False,0.9902,0.039100349999898754,True,True,"Laya (fine-tuned, 3k)",True,True
3151,True,False,0.9899,0.040498988000081226,True,True,"Laya (fine-tuned, 3k)",True,True
3152,False,False,0.9895,0.05169928999998774,True,True,"Laya (fine-tuned, 3k)",False,False
3153,True,False,0.9905,0.03940512500003024,True,True,"Laya (fine-tuned, 3k)",True,True
3154,True,True,0.988,0.04555097900015426,True,True,"Laya (fine-tuned, 3k)",True,True
3155,False,False,0.0202,0.03951635599992187,False,False,"Laya (fine-tuned, 3k)",True,True
3156,False,False,0.0757,0.04062206300000071,False,False,"Laya (fine-tuned, 3k)",True,True
3157,True,False,0.99,0.041551262999973915,True,True,"Laya (fine-tuned, 3k)",True,True
3158,False,False,0.0123,0.0416734020000149,False,False,"Laya (fine-tuned, 3k)",True,True
3159,True,False,0.99,0.04722850300004211,True,True,"Laya (fine-tuned, 3k)",True,True
3160,False,False,0.0148,0.0431063369999265,False,False,"Laya (fine-tuned, 3k)",True,True
3161,True,False,0.9893,0.04253106999999545,True,True,"Laya (fine-tuned, 3k)",True,True
3162,True,False,0.9894,0.041390910000018266,True,True,"Laya (fine-tuned, 3k)",True,True
3163,True,False,0.989,0.04354662900004769,True,True,"Laya (fine-tuned, 3k)",True,True
3164,True,False,0.016,0.041381698999884975,False,False,"Laya (fine-tuned, 3k)",False,False
3165,True,False,0.9882,0.03838361300017823,True,True,"Laya (fine-tuned, 3k)",True,True
3166,False,False,0.0164,0.04331414600005701,False,False,"Laya (fine-tuned, 3k)",True,True
3167,True,False,0.0111,0.03996873400001277,False,False,"Laya (fine-tuned, 3k)",False,False
3168,True,False,0.9893,0.041480284000044776,True,True,"Laya (fine-tuned, 3k)",True,True
3169,False,False,0.9887,0.042313788000001296,True,True,"Laya (fine-tuned, 3k)",False,False
3170,False,False,0.0088,0.041855106999946656,False,False,"Laya (fine-tuned, 3k)",True,True
3171,True,False,0.9879,0.038413845999912155,True,True,"Laya (fine-tuned, 3k)",True,True
3172,False,False,0.9845,0.043947978000005605,True,True,"Laya (fine-tuned, 3k)",False,False
3173,True,False,0.9884,0.040045601999963765,True,True,"Laya (fine-tuned, 3k)",True,True
3174,True,False,0.9894,0.0391891649999252,True,True,"Laya (fine-tuned, 3k)",True,True
3175,True,False,0.9897,0.043942441999888615,True,True,"Laya (fine-tuned, 3k)",True,True
3176,True,False,0.9883,0.054596300999946834,True,True,"Laya (fine-tuned, 3k)",True,True
3177,True,False,0.9895,0.041754343000093286,True,True,"Laya (fine-tuned, 3k)",True,True
3178,True,False,0.9718,0.044172595999953046,True,True,"Laya (fine-tuned, 3k)",True,True
3179,True,False,0.9847,0.03943191899998055,True,True,"Laya (fine-tuned, 3k)",True,True
3180,False,False,0.0105,0.04002785399984532,False,False,"Laya (fine-tuned, 3k)",True,True
3181,True,False,0.9891,0.03995382000016434,True,True,"Laya (fine-tuned, 3k)",True,True
3182,False,False,0.9899,0.04153473400015173,True,True,"Laya (fine-tuned, 3k)",False,False
3183,True,False,0.9884,0.045732813000086026,True,True,"Laya (fine-tuned, 3k)",True,True
3184,True,False,0.9907,0.043370448999894506,True,True,"Laya (fine-tuned, 3k)",True,True
3185,False,False,0.9653,0.041337726000165276,True,True,"Laya (fine-tuned, 3k)",False,False
3186,True,False,0.9671,0.04134794900005545,True,True,"Laya (fine-tuned, 3k)",True,True
3187,True,False,0.9899,0.04309977999992043,True,True,"Laya (fine-tuned, 3k)",True,True
3188,False,False,0.9693,0.0412908939999852,True,True,"Laya (fine-tuned, 3k)",False,False
3189,False,False,0.0126,0.039021183000159,False,False,"Laya (fine-tuned, 3k)",True,True
3190,False,True,0.0089,0.045391510999934326,False,False,"Laya (fine-tuned, 3k)",True,True
3191,False,False,0.0137,0.0392425390000426,False,False,"Laya (fine-tuned, 3k)",True,True
3192,True,False,0.9897,0.03840225800013286,True,True,"Laya (fine-tuned, 3k)",True,True
3193,False,False,0.0129,0.04379659100004574,False,False,"Laya (fine-tuned, 3k)",True,True
3194,False,False,0.012,0.03999457099985193,False,False,"Laya (fine-tuned, 3k)",True,True
3195,False,False,0.012,0.03951395099988986,False,False,"Laya (fine-tuned, 3k)",True,True
3196,False,False,0.009,0.044661860999895,False,False,"Laya (fine-tuned, 3k)",True,True
3197,True,False,0.9899,0.04083064699989336,True,True,"Laya (fine-tuned, 3k)",True,True
3198,True,False,0.9894,0.04074996599979386,True,True,"Laya (fine-tuned, 3k)",True,True
3199,True,False,0.9899,0.04261594400009017,True,True,"Laya (fine-tuned, 3k)",True,True
3200,True,False,0.9898,0.04766490000019985,True,True,"Laya (fine-tuned, 3k)",True,True
3201,True,False,0.9896,0.04375057399988691,True,True,"Laya (fine-tuned, 3k)",True,True
3202,False,False,0.0114,0.04216596900005243,False,False,"Laya (fine-tuned, 3k)",True,True
3203,False,False,0.9889,0.03957200400009242,True,True,"Laya (fine-tuned, 3k)",False,False
3204,False,False,0.0177,0.03955410599996867,False,False,"Laya (fine-tuned, 3k)",True,True
3205,True,False,0.9892,0.03974059600000146,True,True,"Laya (fine-tuned, 3k)",True,True
3206,True,False,0.9901,0.046965345999979036,True,True,"Laya (fine-tuned, 3k)",True,True
3207,False,False,0.0296,0.03915959200003272,False,False,"Laya (fine-tuned, 3k)",True,True
3208,True,False,0.9893,0.04424540699983481,True,True,"Laya (fine-tuned, 3k)",True,True
3209,True,False,0.9883,0.04191615800004911,True,True,"Laya (fine-tuned, 3k)",True,True
3210,True,False,0.1727,0.04266617700000097,False,False,"Laya (fine-tuned, 3k)",False,False
3211,True,False,0.988,0.04363899300005869,True,True,"Laya (fine-tuned, 3k)",True,True
3212,False,False,0.8877,0.04230801800008521,True,True,"Laya (fine-tuned, 3k)",False,False
3213,False,False,0.0124,0.04067774699979054,False,False,"Laya (fine-tuned, 3k)",True,True
3214,True,False,0.9893,0.04239017099985176,True,True,"Laya (fine-tuned, 3k)",True,True
3215,True,False,0.9886,0.03989234799996666,True,True,"Laya (fine-tuned, 3k)",True,True
3216,False,False,0.0143,0.038295265999977346,False,False,"Laya (fine-tuned, 3k)",True,True
3217,True,False,0.9906,0.04546777299992755,True,True,"Laya (fine-tuned, 3k)",True,True
3218,True,False,0.9886,0.04050213300001815,True,True,"Laya (fine-tuned, 3k)",True,True
3219,True,False,0.9912,0.04214655600003425,True,True,"Laya (fine-tuned, 3k)",True,True
3220,False,False,0.0084,0.04726295599994046,False,False,"Laya (fine-tuned, 3k)",True,True
3221,False,False,0.008,0.04115882599990073,False,False,"Laya (fine-tuned, 3k)",True,True
3222,True,False,0.9826,0.039376062999963324,True,True,"Laya (fine-tuned, 3k)",True,True
3223,False,False,0.9891,0.03874119199986126,True,True,"Laya (fine-tuned, 3k)",False,False
3224,False,False,0.014,0.04156804299987016,False,False,"Laya (fine-tuned, 3k)",True,True
3225,True,False,0.9901,0.06106343300007211,True,True,"Laya (fine-tuned, 3k)",True,True
3226,False,False,0.0142,0.06303835700009586,False,False,"Laya (fine-tuned, 3k)",True,True
3227,True,False,0.0145,0.043492891999903804,False,False,"Laya (fine-tuned, 3k)",False,False
3228,True,False,0.9885,0.04181141899994145,True,True,"Laya (fine-tuned, 3k)",True,True
3229,True,False,0.9897,0.05076260900000307,True,True,"Laya (fine-tuned, 3k)",True,True
3230,True,False,0.9893,0.0395573969999532,True,True,"Laya (fine-tuned, 3k)",True,True
3231,True,False,0.0108,0.0423507170000903,False,False,"Laya (fine-tuned, 3k)",False,False
3232,True,False,0.558,0.04633306200003062,True,True,"Laya (fine-tuned, 3k)",True,True
3233,True,False,0.4254,0.0411920840001585,False,False,"Laya (fine-tuned, 3k)",False,False
3234,False,False,0.0141,0.03908178599999701,False,False,"Laya (fine-tuned, 3k)",True,True
3235,False,False,0.0187,0.040690622000056464,False,False,"Laya (fine-tuned, 3k)",True,True
3236,True,False,0.9886,0.03902214000004278,True,True,"Laya (fine-tuned, 3k)",True,True
3237,True,False,0.9894,0.03925771500007613,True,True,"Laya (fine-tuned, 3k)",True,True
3238,True,False,0.9885,0.04477593599995089,True,True,"Laya (fine-tuned, 3k)",True,True
3239,True,False,0.9906,0.04256699799998387,True,True,"Laya (fine-tuned, 3k)",True,True
3240,True,False,0.9864,0.04150434600001063,True,True,"Laya (fine-tuned, 3k)",True,True
3241,True,False,0.9886,0.04182358699995348,True,True,"Laya (fine-tuned, 3k)",True,True
3242,True,False,0.9902,0.039353422000203864,True,True,"Laya (fine-tuned, 3k)",True,True
3243,True,False,0.9898,0.04369477199998073,True,True,"Laya (fine-tuned, 3k)",True,True
3244,False,False,0.0137,0.04363636000016413,False,False,"Laya (fine-tuned, 3k)",True,True
3245,True,False,0.9874,0.04611759800013715,True,True,"Laya (fine-tuned, 3k)",True,True
3246,True,False,0.9873,0.04635201399992184,True,True,"Laya (fine-tuned, 3k)",True,True
3247,True,False,0.9886,0.04266623900002742,True,True,"Laya (fine-tuned, 3k)",True,True
3248,False,False,0.9916,0.05492563300003894,True,True,"Laya (fine-tuned, 3k)",False,False
3249,True,False,0.9846,0.040335538000135784,True,True,"Laya (fine-tuned, 3k)",True,True
3250,True,False,0.9912,0.04335385300009875,True,True,"Laya (fine-tuned, 3k)",True,True
3251,True,False,0.9892,0.0402832719998969,True,True,"Laya (fine-tuned, 3k)",True,True
3252,True,False,0.9888,0.04431635099990672,True,True,"Laya (fine-tuned, 3k)",True,True
3253,True,False,0.9893,0.04215729999987161,True,True,"Laya (fine-tuned, 3k)",True,True
3254,True,False,0.9893,0.04138369599991165,True,True,"Laya (fine-tuned, 3k)",True,True
3255,False,False,0.0114,0.04223639100018772,False,False,"Laya (fine-tuned, 3k)",True,True
3256,False,False,0.9886,0.04588302399997701,True,True,"Laya (fine-tuned, 3k)",False,False
3257,True,False,0.9911,0.04174382900009732,True,True,"Laya (fine-tuned, 3k)",True,True
3258,False,False,0.9894,0.04023419999998623,True,True,"Laya (fine-tuned, 3k)",False,False
3259,False,False,0.0133,0.04206161799993424,False,False,"Laya (fine-tuned, 3k)",True,True
3260,False,False,0.0125,0.040771095999843965,False,False,"Laya (fine-tuned, 3k)",True,True
3261,True,False,0.9875,0.04171762100008891,True,True,"Laya (fine-tuned, 3k)",True,True
3262,False,False,0.0159,0.046342879000121684,False,False,"Laya (fine-tuned, 3k)",True,True
3263,True,False,0.9892,0.041416321999804495,True,True,"Laya (fine-tuned, 3k)",True,True
3264,True,False,0.9884,0.0399996609999107,True,True,"Laya (fine-tuned, 3k)",True,True
3265,True,False,0.9894,0.04578349099983825,True,True,"Laya (fine-tuned, 3k)",True,True
3266,True,False,0.9892,0.040357237000080204,True,True,"Laya (fine-tuned, 3k)",True,True
3267,True,False,0.9893,0.04012004200012598,True,True,"Laya (fine-tuned, 3k)",True,True
3268,True,False,0.5032,0.043753893000030075,True,True,"Laya (fine-tuned, 3k)",True,True
3269,False,False,0.0151,0.03954681999994136,False,False,"Laya (fine-tuned, 3k)",True,True
0,False,False,0.0619269385933876,0.1352748496250058,False,False,Phi-4-mini (zero-shot),True,True
1,True,False,0.9688602089881896,0.1352748496250058,True,True,Phi-4-mini (zero-shot),True,True
2,True,False,0.9968277812004088,0.1352748496250058,True,True,Phi-4-mini (zero-shot),True,True
3,True,False,0.999030590057373,0.1352748496250058,True,True,Phi-4-mini (zero-shot),True,True
4,True,False,0.969791829586029,0.1352748496250058,True,True,Phi-4-mini (zero-shot),True,True
5,False,False,4.833983257412911e-05,0.1352748496250058,False,False,Phi-4-mini (zero-shot),True,True
6,True,False,0.1778521388769149,0.1352748496250058,False,True,Phi-4-mini (zero-shot),False,True
7,True,False,0.971578061580658,0.1352748496250058,True,True,Phi-4-mini (zero-shot),True,True
8,True,False,0.0109938671812415,0.0957563006249984,False,False,Phi-4-mini (zero-shot),False,False
9,True,False,0.984096884727478,0.0957563006249984,True,True,Phi-4-mini (zero-shot),True,True
10,True,False,0.8670542240142822,0.0957563006249984,True,True,Phi-4-mini (zero-shot),True,True
11,False,False,0.0008561551803722,0.0957563006249984,False,False,Phi-4-mini (zero-shot),True,True
12,True,False,0.001868120743893,0.0957563006249984,False,False,Phi-4-mini (zero-shot),False,False
13,True,False,0.6993041634559631,0.0957563006249984,True,True,Phi-4-mini (zero-shot),True,True
14,True,False,0.9958024621009828,0.0957563006249984,True,True,Phi-4-mini (zero-shot),True,True
15,True,False,0.919677436351776,0.0957563006249984,True,True,Phi-4-mini (zero-shot),True,True
16,True,False,0.0113363703712821,0.1079222031249997,False,False,Phi-4-mini (zero-shot),False,False
17,True,False,0.99524587392807,0.096154290749979,True,True,Phi-4-mini (zero-shot),True,True
18,True,False,0.4767319560050964,0.096154290749979,False,True,Phi-4-mini (zero-shot),False,True
19,True,False,0.9996200799942015,0.096154290749979,True,True,Phi-4-mini (zero-shot),True,True
20,False,False,0.1403611004352569,0.096154290749979,False,True,Phi-4-mini (zero-shot),True,False
21,True,False,0.2942767739295959,0.1079222031249997,False,True,Phi-4-mini (zero-shot),False,True
22,True,False,0.1366313397884369,0.096154290749979,False,True,Phi-4-mini (zero-shot),False,True
23,True,False,0.9949401617050172,0.096154290749979,True,True,Phi-4-mini (zero-shot),True,True
24,True,False,0.7549735903739929,0.096154290749979,True,True,Phi-4-mini (zero-shot),True,True
25,True,False,0.9893497824668884,0.096154290749979,True,True,Phi-4-mini (zero-shot),True,True
26,True,False,0.0637391209602356,0.1031003967499941,False,False,Phi-4-mini (zero-shot),False,False
27,False,False,0.0191304050385952,0.1031003967499941,False,False,Phi-4-mini (zero-shot),True,True
28,True,False,0.8222125768661499,0.1031003967499941,True,True,Phi-4-mini (zero-shot),True,True
29,True,False,0.912456214427948,0.1031003967499941,True,True,Phi-4-mini (zero-shot),True,True
30,True,False,0.9969250559806824,0.1079222031249997,True,True,Phi-4-mini (zero-shot),True,True
31,True,False,0.9591530561447144,0.1031003967499941,True,True,Phi-4-mini (zero-shot),True,True
32,False,False,0.0005705070798285,0.1031003967499941,False,False,Phi-4-mini (zero-shot),True,True
33,True,False,0.0488774627447128,0.1031003967499941,False,False,Phi-4-mini (zero-shot),False,False
34,True,False,0.5314050316810608,0.1031003967499941,True,True,Phi-4-mini (zero-shot),True,True
35,True,False,0.6725249290466309,0.1242501563750124,True,True,Phi-4-mini (zero-shot),True,True
36,False,False,0.0014554675435647,0.1242501563750124,False,False,Phi-4-mini (zero-shot),True,True
37,True,False,0.9883134365081788,0.1242501563750124,True,True,Phi-4-mini (zero-shot),True,True
38,False,False,0.0284474194049835,0.1242501563750124,False,False,Phi-4-mini (zero-shot),True,True
39,False,False,0.1192293614149093,0.1242501563750124,False,True,Phi-4-mini (zero-shot),True,False
40,True,False,0.9996317625045776,0.1242501563750124,True,True,Phi-4-mini (zero-shot),True,True
41,False,False,0.0003801352577283,0.1242501563750124,False,False,Phi-4-mini (zero-shot),True,True
42,True,False,0.9450109601020812,0.1242501563750124,True,True,Phi-4-mini (zero-shot),True,True
43,False,False,7.968668069224805e-05,0.0996210272499809,False,False,Phi-4-mini (zero-shot),True,True
44,True,False,0.9933083057403564,0.1079222031249997,True,True,Phi-4-mini (zero-shot),True,True
45,True,False,0.9974502921104432,0.0996210272499809,True,True,Phi-4-mini (zero-shot),True,True
46,True,False,0.999619960784912,0.0996210272499809,True,True,Phi-4-mini (zero-shot),True,True
47,True,False,0.9978176355361938,0.0996210272499809,True,True,Phi-4-mini (zero-shot),True,True
48,True,False,0.9988307356834412,0.0996210272499809,True,True,Phi-4-mini (zero-shot),True,True
49,True,False,0.1128412261605262,0.0996210272499809,False,True,Phi-4-mini (zero-shot),False,True
50,True,False,0.9972854852676392,0.0996210272499809,True,True,Phi-4-mini (zero-shot),True,True
51,True,False,0.9919393658638,0.0996210272499809,True,True,Phi-4-mini (zero-shot),True,True
52,False,False,0.0080661717802286,0.1801134718749892,False,False,Phi-4-mini (zero-shot),True,True
53,True,False,0.8311569690704346,0.1801134718749892,True,True,Phi-4-mini (zero-shot),True,True
54,False,False,0.0136433541774749,0.1801134718749892,False,False,Phi-4-mini (zero-shot),True,True
55,False,True,0.080384537577629,0.1801134718749892,False,False,Phi-4-mini (zero-shot),True,True
56,True,False,0.9659166932106018,0.1801134718749892,True,True,Phi-4-mini (zero-shot),True,True
57,True,False,0.1520558595657348,0.1079222031249997,False,True,Phi-4-mini (zero-shot),False,True
58,False,False,0.5545976758003235,0.1079222031249997,True,True,Phi-4-mini (zero-shot),False,False
59,True,False,0.9997547268867492,0.1801134718749892,True,True,Phi-4-mini (zero-shot),True,True
60,False,False,0.0032736870925873,0.1801134718749892,False,False,Phi-4-mini (zero-shot),True,True
61,False,False,0.3999361395835876,0.1801134718749892,False,True,Phi-4-mini (zero-shot),True,False
62,False,False,0.0460486449301242,0.0869060357499904,False,False,Phi-4-mini (zero-shot),True,True
63,True,False,0.9998804330825806,0.0869060357499904,True,True,Phi-4-mini (zero-shot),True,True
64,True,False,0.8933417797088623,0.0869060357499904,True,True,Phi-4-mini (zero-shot),True,True
65,True,False,0.5545628070831299,0.0869060357499904,True,True,Phi-4-mini (zero-shot),True,True
66,True,False,0.2337733209133148,0.1079222031249997,False,True,Phi-4-mini (zero-shot),False,True
67,False,False,0.0012069437652826,0.0869060357499904,False,False,Phi-4-mini (zero-shot),True,True
68,False,False,0.0362348407506942,0.0869060357499904,False,False,Phi-4-mini (zero-shot),True,True
69,True,False,0.9626775979995728,0.1079222031249997,True,True,Phi-4-mini (zero-shot),True,True
70,True,False,0.6002835631370544,0.0869060357499904,True,True,Phi-4-mini (zero-shot),True,True
71,True,False,0.5775502920150757,0.0869060357499904,True,True,Phi-4-mini (zero-shot),True,True
72,False,False,0.0015983019256964,0.0942069111250134,False,False,Phi-4-mini (zero-shot),True,True
73,True,False,0.3850178122520447,0.0942069111250134,False,True,Phi-4-mini (zero-shot),False,True
74,True,False,0.9996540546417236,0.0942069111250134,True,True,Phi-4-mini (zero-shot),True,True
75,True,False,0.9669205546379088,0.0942069111250134,True,True,Phi-4-mini (zero-shot),True,True
76,False,False,0.0047572944313287,0.0942069111250134,False,False,Phi-4-mini (zero-shot),True,True
77,False,False,0.2394139170646667,0.0942069111250134,False,True,Phi-4-mini (zero-shot),True,False
78,True,False,0.9989678859710692,0.0942069111250134,True,True,Phi-4-mini (zero-shot),True,True
79,False,False,0.0362494960427284,0.0942069111250134,False,False,Phi-4-mini (zero-shot),True,True
80,False,False,0.0803859457373619,0.0876193918749947,False,False,Phi-4-mini (zero-shot),True,True
81,True,False,0.9995695948600768,0.1068664510000019,True,True,Phi-4-mini (zero-shot),True,True
82,False,False,0.022990733385086,0.1068664510000019,False,False,Phi-4-mini (zero-shot),True,True
83,True,False,0.4689055681228637,0.1068664510000019,False,True,Phi-4-mini (zero-shot),False,True
84,False,False,0.7931585311889648,0.1068664510000019,True,True,Phi-4-mini (zero-shot),False,False
85,True,False,0.585166871547699,0.1068664510000019,True,True,Phi-4-mini (zero-shot),True,True
86,True,False,0.1919955164194107,0.1068664510000019,False,True,Phi-4-mini (zero-shot),False,True
87,True,False,0.9926551580429076,0.1068664510000019,True,True,Phi-4-mini (zero-shot),True,True
88,True,False,0.9974494576454164,0.1068664510000019,True,True,Phi-4-mini (zero-shot),True,True
89,True,False,0.9944463968276978,0.0876193918749947,True,True,Phi-4-mini (zero-shot),True,True
90,True,False,0.3849916160106659,0.0950107416250034,False,True,Phi-4-mini (zero-shot),False,True
91,True,False,0.3850846588611603,0.0950107416250034,False,True,Phi-4-mini (zero-shot),False,True
92,True,False,0.9960556030273438,0.0950107416250034,True,True,Phi-4-mini (zero-shot),True,True
93,True,False,0.9991959929466248,0.0950107416250034,True,True,Phi-4-mini (zero-shot),True,True
94,True,False,0.5699957013130188,0.0950107416250034,True,True,Phi-4-mini (zero-shot),True,True
95,False,False,0.8741015791893005,0.0950107416250034,True,True,Phi-4-mini (zero-shot),False,False
96,True,False,0.9997040629386902,0.0950107416250034,True,True,Phi-4-mini (zero-shot),True,True
97,True,False,0.0803865045309066,0.0950107416250034,False,False,Phi-4-mini (zero-shot),False,False
98,False,False,0.2569820284843445,0.1479403936249923,False,True,Phi-4-mini (zero-shot),True,False
99,False,False,0.0827575549483299,0.1479403936249923,False,False,Phi-4-mini (zero-shot),True,True
100,True,False,0.99991774559021,0.0876193918749947,True,True,Phi-4-mini (zero-shot),True,True
101,False,False,0.2121242582798004,0.0876193918749947,False,True,Phi-4-mini (zero-shot),True,False
102,True,False,0.9916862845420836,0.1479403936249923,True,True,Phi-4-mini (zero-shot),True,True
103,False,False,0.0066940169781446,0.1479403936249923,False,False,Phi-4-mini (zero-shot),True,True
104,True,False,0.8962850570678711,0.1479403936249923,True,True,Phi-4-mini (zero-shot),True,True
105,True,False,0.8558681011199951,0.1479403936249923,True,True,Phi-4-mini (zero-shot),True,True
106,False,False,0.0010010726982727,0.1479403936249923,False,False,Phi-4-mini (zero-shot),True,True
107,False,False,0.0039466363377869,0.0876193918749947,False,False,Phi-4-mini (zero-shot),True,True
108,False,False,0.2814742624759674,0.1479403936249923,False,True,Phi-4-mini (zero-shot),True,False
109,False,False,0.0012450758367776,0.1104716022499872,False,False,Phi-4-mini (zero-shot),True,True
110,True,False,0.9955332279205322,0.1104716022499872,True,True,Phi-4-mini (zero-shot),True,True
111,True,False,0.8355050086975098,0.1104716022499872,True,True,Phi-4-mini (zero-shot),True,True
112,False,False,0.0007798237493261,0.1104716022499872,False,False,Phi-4-mini (zero-shot),True,True
113,True,False,0.9958018660545348,0.1104716022499872,True,True,Phi-4-mini (zero-shot),True,True
114,True,False,0.9997040629386902,0.1104716022499872,True,True,Phi-4-mini (zero-shot),True,True
115,True,False,0.9970192909240724,0.0876193918749947,True,True,Phi-4-mini (zero-shot),True,True
116,True,False,0.6514258980751038,0.1104716022499872,True,True,Phi-4-mini (zero-shot),True,True
117,True,False,0.8634631037712097,0.1104716022499872,True,True,Phi-4-mini (zero-shot),True,True
118,False,False,0.000144314893987,0.1100321377499824,False,False,Phi-4-mini (zero-shot),True,True
119,True,False,0.0179919376969337,0.1100321377499824,False,False,Phi-4-mini (zero-shot),False,False
120,True,False,0.9553282260894777,0.1100321377499824,True,True,Phi-4-mini (zero-shot),True,True
121,True,False,0.9905890226364136,0.1100321377499824,True,True,Phi-4-mini (zero-shot),True,True
122,False,False,0.0758771672844886,0.1100321377499824,False,False,Phi-4-mini (zero-shot),True,True
123,False,False,0.0005035582580603,0.0876193918749947,False,False,Phi-4-mini (zero-shot),True,True
124,True,False,0.7249197363853455,0.1100321377499824,True,True,Phi-4-mini (zero-shot),True,True
125,False,False,0.0474462062120437,0.0876193918749947,False,False,Phi-4-mini (zero-shot),True,True
126,False,False,0.0009700069786049,0.1100321377499824,False,False,Phi-4-mini (zero-shot),True,True
127,False,False,0.010657618753612,0.1100321377499824,False,False,Phi-4-mini (zero-shot),True,True
128,True,False,0.8355128765106201,0.1642147616250042,True,True,Phi-4-mini (zero-shot),True,True
129,False,False,0.0154356202110648,0.1642147616250042,False,False,Phi-4-mini (zero-shot),True,True
130,True,False,0.9992207288742064,0.1642147616250042,True,True,Phi-4-mini (zero-shot),True,True
131,True,False,0.9688603281974792,0.1642147616250042,True,True,Phi-4-mini (zero-shot),True,True
132,False,False,0.0164126977324485,0.1642147616250042,False,False,Phi-4-mini (zero-shot),True,True
133,False,False,0.0519086942076683,0.1642147616250042,False,False,Phi-4-mini (zero-shot),True,True
134,False,False,0.0004732223751489,0.1642147616250042,False,False,Phi-4-mini (zero-shot),True,True
135,True,False,0.999117076396942,0.1642147616250042,True,True,Phi-4-mini (zero-shot),True,True
136,True,False,0.994090735912323,0.1785716846250125,True,True,Phi-4-mini (zero-shot),True,True
137,False,False,0.1260021328926086,0.1785716846250125,False,True,Phi-4-mini (zero-shot),True,False
138,True,False,0.999595582485199,0.1785716846250125,True,True,Phi-4-mini (zero-shot),True,True
139,False,False,0.9994643330574036,0.1785716846250125,True,True,Phi-4-mini (zero-shot),False,False
140,False,False,0.9073443412780762,0.1284106511250087,True,True,Phi-4-mini (zero-shot),False,False
141,False,False,0.000197210771148,0.1284106511250087,False,False,Phi-4-mini (zero-shot),True,True
142,True,False,0.9997468590736388,0.1785716846250125,True,True,Phi-4-mini (zero-shot),True,True
143,True,False,0.999836564064026,0.1785716846250125,True,True,Phi-4-mini (zero-shot),True,True
144,False,False,8.755775343161076e-05,0.1785716846250125,False,False,Phi-4-mini (zero-shot),True,True
145,True,False,0.1872632652521133,0.1785716846250125,False,True,Phi-4-mini (zero-shot),False,True
146,True,False,0.9381327033042908,0.1296247681250122,True,True,Phi-4-mini (zero-shot),True,True
147,True,False,0.9825628995895386,0.1296247681250122,True,True,Phi-4-mini (zero-shot),True,True
148,False,False,0.0384784676134586,0.1296247681250122,False,False,Phi-4-mini (zero-shot),True,True
149,True,False,0.9997547268867492,0.1296247681250122,True,True,Phi-4-mini (zero-shot),True,True
150,False,False,0.0001443000364815,0.1296247681250122,False,False,Phi-4-mini (zero-shot),True,True
151,True,False,0.9984992742538452,0.1296247681250122,True,True,Phi-4-mini (zero-shot),True,True
152,True,False,0.9985899329185486,0.1296247681250122,True,True,Phi-4-mini (zero-shot),True,True
153,False,False,0.0043328674510121,0.1296247681250122,False,False,Phi-4-mini (zero-shot),True,True
154,False,False,0.0293306894600391,0.1142199378749921,False,False,Phi-4-mini (zero-shot),True,True
155,True,False,7.723841554252431e-05,0.1142199378749921,False,False,Phi-4-mini (zero-shot),False,False
156,False,False,0.0149667570367455,0.1142199378749921,False,False,Phi-4-mini (zero-shot),True,True
157,True,False,0.9603729248046876,0.1142199378749921,True,True,Phi-4-mini (zero-shot),True,True
158,True,False,0.9928801655769348,0.1142199378749921,True,True,Phi-4-mini (zero-shot),True,True
159,True,False,0.0140681760385632,0.1142199378749921,False,False,Phi-4-mini (zero-shot),False,False
160,True,False,0.9553297162055968,0.1142199378749921,True,True,Phi-4-mini (zero-shot),True,True
161,True,False,0.9883146286010742,0.1142199378749921,True,True,Phi-4-mini (zero-shot),True,True
162,True,False,0.8962634205818176,0.1067077071250253,True,True,Phi-4-mini (zero-shot),True,True
163,True,False,0.6077077388763428,0.1067077071250253,True,True,Phi-4-mini (zero-shot),True,True
164,False,False,0.0185514260083436,0.1067077071250253,False,False,Phi-4-mini (zero-shot),True,True
165,False,False,0.7932004332542419,0.1067077071250253,True,True,Phi-4-mini (zero-shot),False,False
166,True,False,0.328113853931427,0.1067077071250253,False,True,Phi-4-mini (zero-shot),False,True
167,False,False,0.0154346348717808,0.1067077071250253,False,False,Phi-4-mini (zero-shot),True,True
168,False,False,0.0003683807735797,0.1067077071250253,False,False,Phi-4-mini (zero-shot),True,True
169,False,False,0.0073502222076058,0.1067077071250253,False,False,Phi-4-mini (zero-shot),True,True
170,False,False,0.0009699995280243,0.1284106511250087,False,False,Phi-4-mini (zero-shot),True,True
171,False,False,7.032927533145994e-05,0.1265859426249846,False,False,Phi-4-mini (zero-shot),True,True
172,True,False,0.9850446581840516,0.1265859426249846,True,True,Phi-4-mini (zero-shot),True,True
173,False,False,0.0008561094291508,0.1265859426249846,False,False,Phi-4-mini (zero-shot),True,True
174,True,False,0.8439423441886902,0.1265859426249846,True,True,Phi-4-mini (zero-shot),True,True
175,True,False,0.314169704914093,0.1265859426249846,False,True,Phi-4-mini (zero-shot),False,True
176,False,False,0.003485808847472,0.1265859426249846,False,False,Phi-4-mini (zero-shot),True,True
177,True,False,0.7608166337013245,0.1265859426249846,True,True,Phi-4-mini (zero-shot),True,True
178,False,False,0.0007324464968405,0.1265859426249846,False,False,Phi-4-mini (zero-shot),True,True
179,False,False,0.0016490857815369,0.1284106511250087,False,False,Phi-4-mini (zero-shot),True,True
180,True,False,0.5699330568313599,0.0777123582499825,True,True,Phi-4-mini (zero-shot),True,True
181,False,False,0.0145244216546416,0.0777123582499825,False,False,Phi-4-mini (zero-shot),True,True
182,True,False,0.9124678373336792,0.0777123582499825,True,True,Phi-4-mini (zero-shot),True,True
183,True,False,0.2227377891540527,0.0777123582499825,False,True,Phi-4-mini (zero-shot),False,True
184,False,False,0.0113407326862216,0.0777123582499825,False,False,Phi-4-mini (zero-shot),True,True
185,True,False,0.9989352822303772,0.0777123582499825,True,True,Phi-4-mini (zero-shot),True,True
186,True,False,0.9914264678955078,0.0777123582499825,True,True,Phi-4-mini (zero-shot),True,True
187,True,False,0.9859375357627868,0.0777123582499825,True,True,Phi-4-mini (zero-shot),True,True
188,True,False,0.8933534026145935,0.1975114541249922,True,True,Phi-4-mini (zero-shot),True,True
189,True,False,0.9344176054000854,0.1975114541249922,True,True,Phi-4-mini (zero-shot),True,True
190,True,False,0.0050616762600839,0.1975114541249922,False,False,Phi-4-mini (zero-shot),False,False
191,True,False,0.1259609758853912,0.1284106511250087,False,True,Phi-4-mini (zero-shot),False,True
192,True,False,0.5699180364608765,0.1975114541249922,True,True,Phi-4-mini (zero-shot),True,True
193,True,False,0.9983519315719604,0.1975114541249922,True,True,Phi-4-mini (zero-shot),True,True
194,True,False,0.5235545039176941,0.1975114541249922,True,True,Phi-4-mini (zero-shot),True,True
195,True,True,0.8439745306968689,0.1975114541249922,True,True,Phi-4-mini (zero-shot),True,True
196,False,False,0.0015027440385892,0.1975114541249922,False,False,Phi-4-mini (zero-shot),True,True
197,False,False,0.0223040655255317,0.1915517233749994,False,False,Phi-4-mini (zero-shot),True,True
198,False,False,0.0408644005656242,0.1284106511250087,False,False,Phi-4-mini (zero-shot),True,True
199,True,False,0.999836564064026,0.1915517233749994,True,True,Phi-4-mini (zero-shot),True,True
200,True,True,0.4610802829265594,0.1915517233749994,False,True,Phi-4-mini (zero-shot),False,True
201,True,False,0.507862389087677,0.1915517233749994,True,True,Phi-4-mini (zero-shot),True,True
202,True,False,0.0159134976565837,0.1915517233749994,False,False,Phi-4-mini (zero-shot),False,False
203,False,False,0.129444420337677,0.1915517233749994,False,True,Phi-4-mini (zero-shot),True,False
204,True,False,0.9836017489433287,0.1915517233749994,True,True,Phi-4-mini (zero-shot),True,True
205,True,False,0.9940906167030334,0.1915517233749994,True,True,Phi-4-mini (zero-shot),True,True
206,False,False,0.0341376401484012,0.1092456161249799,False,False,Phi-4-mini (zero-shot),True,True
207,True,False,0.9944456815719604,0.1092456161249799,True,True,Phi-4-mini (zero-shot),True,True
208,False,False,0.0015015139942988,0.1092456161249799,False,False,Phi-4-mini (zero-shot),True,True
209,False,False,0.0021831567864865,0.1092456161249799,False,False,Phi-4-mini (zero-shot),True,True
210,True,False,0.9984024167060852,0.1092456161249799,True,True,Phi-4-mini (zero-shot),True,True
211,False,False,0.0408617071807384,0.1092456161249799,False,False,Phi-4-mini (zero-shot),True,True
212,False,False,0.0014108205214142,0.1092456161249799,False,False,Phi-4-mini (zero-shot),True,True
213,True,False,0.9902926683425904,0.1284106511250087,True,True,Phi-4-mini (zero-shot),True,True
214,False,False,0.0293213482946157,0.1092456161249799,False,False,Phi-4-mini (zero-shot),True,True
215,True,False,0.998675525188446,0.1053088902500007,True,True,Phi-4-mini (zero-shot),True,True
216,False,False,0.8559132218360901,0.1284106511250087,True,True,Phi-4-mini (zero-shot),False,False
217,True,False,0.9987162351608276,0.1053088902500007,True,True,Phi-4-mini (zero-shot),True,True
218,True,False,0.9974493384361268,0.1053088902500007,True,True,Phi-4-mini (zero-shot),True,True
219,True,False,0.9978846907615662,0.1053088902500007,True,True,Phi-4-mini (zero-shot),True,True
220,False,False,0.0396507494151592,0.1053088902500007,False,False,Phi-4-mini (zero-shot),True,True
221,False,False,0.0109945312142372,0.1053088902500007,False,False,Phi-4-mini (zero-shot),True,True
222,False,False,0.009127845056355,0.1053088902500007,False,False,Phi-4-mini (zero-shot),True,True
223,False,False,0.0026325252838432,0.1053088902500007,False,False,Phi-4-mini (zero-shot),True,True
224,True,False,0.3142395913600921,0.1394303103749905,False,True,Phi-4-mini (zero-shot),False,True
225,False,False,0.136643037199974,0.1394303103749905,False,True,Phi-4-mini (zero-shot),True,False
226,True,False,0.9994966983795166,0.1394303103749905,True,True,Phi-4-mini (zero-shot),True,True
227,True,False,0.087589755654335,0.1394303103749905,False,False,Phi-4-mini (zero-shot),False,False
228,True,False,0.9019479751586914,0.1394303103749905,True,True,Phi-4-mini (zero-shot),True,True
229,False,False,0.3416485786437988,0.097201208874992,False,True,Phi-4-mini (zero-shot),True,False
230,True,False,0.9944456815719604,0.1394303103749905,True,True,Phi-4-mini (zero-shot),True,True
231,True,False,0.8439357876777649,0.1394303103749905,True,True,Phi-4-mini (zero-shot),True,True
232,True,False,0.8872649073600769,0.1394303103749905,True,True,Phi-4-mini (zero-shot),True,True
233,False,False,0.0222922544926404,0.1546093351250022,False,False,Phi-4-mini (zero-shot),True,True
234,True,False,0.9481641054153442,0.1546093351250022,True,True,Phi-4-mini (zero-shot),True,True
235,False,False,0.0009403093135915,0.1546093351250022,False,False,Phi-4-mini (zero-shot),True,True
236,False,False,0.6860217452049255,0.097201208874992,True,True,Phi-4-mini (zero-shot),False,False
237,True,False,0.0006267927819862,0.1546093351250022,False,False,Phi-4-mini (zero-shot),False,False
238,True,False,0.0284452028572559,0.097201208874992,False,False,Phi-4-mini (zero-shot),False,False
239,False,False,0.0106589458882808,0.1546093351250022,False,False,Phi-4-mini (zero-shot),True,True
240,True,False,0.9962943196296692,0.1546093351250022,True,True,Phi-4-mini (zero-shot),True,True
241,True,False,0.9982996582984924,0.1546093351250022,True,True,Phi-4-mini (zero-shot),True,True
242,False,False,0.9939042925834656,0.1546093351250022,True,True,Phi-4-mini (zero-shot),False,False
243,False,False,0.0001740452571539,0.1150955186249973,False,False,Phi-4-mini (zero-shot),True,True
244,True,False,0.7491187453269958,0.1150955186249973,True,True,Phi-4-mini (zero-shot),True,True
245,True,False,0.9344099164009094,0.1150955186249973,True,True,Phi-4-mini (zero-shot),True,True
246,False,False,0.0007557310746051,0.1150955186249973,False,False,Phi-4-mini (zero-shot),True,True
247,True,False,0.1160076558589935,0.097201208874992,False,True,Phi-4-mini (zero-shot),False,True
248,True,False,0.0566828101873397,0.1150955186249973,False,False,Phi-4-mini (zero-shot),False,False
249,True,False,0.9996850490570068,0.1150955186249973,True,True,Phi-4-mini (zero-shot),True,True
250,True,False,0.9566500782966614,0.1150955186249973,True,True,Phi-4-mini (zero-shot),True,True
251,True,False,0.985055685043335,0.1150955186249973,True,True,Phi-4-mini (zero-shot),True,True
252,True,False,0.9886707067489624,0.097201208874992,True,True,Phi-4-mini (zero-shot),True,True
253,True,False,0.9998766183853148,0.1034149962500237,True,True,Phi-4-mini (zero-shot),True,True
254,True,False,0.0009405028540641,0.097201208874992,False,False,Phi-4-mini (zero-shot),False,False
255,True,False,0.1067262291908264,0.1034149962500237,False,True,Phi-4-mini (zero-shot),False,True
256,True,False,0.9962931275367736,0.1034149962500237,True,True,Phi-4-mini (zero-shot),True,True
257,True,False,0.2568902373313904,0.1034149962500237,False,True,Phi-4-mini (zero-shot),False,True
258,False,False,0.000940291385632,0.097201208874992,False,False,Phi-4-mini (zero-shot),True,True
259,False,False,0.0055568004027009,0.097201208874992,False,False,Phi-4-mini (zero-shot),True,True
260,False,False,0.0047568250447511,0.1034149962500237,False,False,Phi-4-mini (zero-shot),True,True
261,True,False,0.989348530769348,0.0775811561249923,True,True,Phi-4-mini (zero-shot),True,True
262,True,False,0.9989352822303772,0.0775811561249923,True,True,Phi-4-mini (zero-shot),True,True
263,True,False,0.996517777442932,0.1034149962500237,True,True,Phi-4-mini (zero-shot),True,True
264,True,False,0.1689399480819702,0.0775811561249923,False,True,Phi-4-mini (zero-shot),False,True
265,True,False,0.9916875958442688,0.1034149962500237,True,True,Phi-4-mini (zero-shot),True,True
266,True,False,0.999267876148224,0.1034149962500237,True,True,Phi-4-mini (zero-shot),True,True
267,True,False,0.9984514713287354,0.1335598848749839,True,True,Phi-4-mini (zero-shot),True,True
268,False,False,0.0259670037776231,0.1335598848749839,False,False,Phi-4-mini (zero-shot),True,True
269,False,False,0.8933330178260803,0.1335598848749839,True,True,Phi-4-mini (zero-shot),False,False
270,True,False,0.9966236352920532,0.0775811561249923,True,True,Phi-4-mini (zero-shot),True,True
271,False,False,0.0037081828340888,0.1335598848749839,False,False,Phi-4-mini (zero-shot),True,True
272,False,False,0.0311582218855619,0.1335598848749839,False,False,Phi-4-mini (zero-shot),True,True
273,True,False,0.9993929862976074,0.1335598848749839,True,True,Phi-4-mini (zero-shot),True,True
274,True,False,0.9968283772468568,0.1335598848749839,True,True,Phi-4-mini (zero-shot),True,True
275,False,False,0.0876004248857498,0.1335598848749839,False,False,Phi-4-mini (zero-shot),True,True
276,False,True,0.2394618690013885,0.1906920298750094,False,True,Phi-4-mini (zero-shot),True,False
277,False,False,0.0029824504163116,0.0775811561249923,False,False,Phi-4-mini (zero-shot),True,True
278,True,False,0.4225874543190002,0.1906920298750094,False,True,Phi-4-mini (zero-shot),False,True
279,True,False,0.9924236536026,0.1468092186250089,True,True,Phi-4-mini (zero-shot),True,True
280,True,False,0.9961769580841064,0.1906920298750094,True,True,Phi-4-mini (zero-shot),True,True
281,True,False,0.7549622654914856,0.1906920298750094,True,True,Phi-4-mini (zero-shot),True,True
282,False,False,0.0080640045925974,0.1906920298750094,False,False,Phi-4-mini (zero-shot),True,True
283,True,False,0.0396466813981533,0.1906920298750094,False,False,Phi-4-mini (zero-shot),False,False
284,False,False,0.008580470457673,0.0775811561249923,False,False,Phi-4-mini (zero-shot),True,True
285,True,False,0.9992448091506958,0.0775811561249923,True,True,Phi-4-mini (zero-shot),True,True
286,True,False,0.975580632686615,0.1906920298750094,True,True,Phi-4-mini (zero-shot),True,True
287,True,False,0.9539822340011596,0.1906920298750094,True,True,Phi-4-mini (zero-shot),True,True
288,True,False,0.9688602089881896,0.0775811561249923,True,True,Phi-4-mini (zero-shot),True,True
289,False,False,0.0474437996745109,0.1529232922499943,False,False,Phi-4-mini (zero-shot),True,True
290,False,False,0.0007099193753674,0.1468092186250089,False,False,Phi-4-mini (zero-shot),True,True
291,False,False,0.0781089216470718,0.1529232922499943,False,False,Phi-4-mini (zero-shot),True,True
292,True,False,0.9937115907669068,0.1529232922499943,True,True,Phi-4-mini (zero-shot),True,True
293,False,False,0.0005196316633373,0.1529232922499943,False,False,Phi-4-mini (zero-shot),True,True
294,False,False,0.9859389066696168,0.1529232922499943,True,True,Phi-4-mini (zero-shot),False,False
295,True,False,0.9949413537979126,0.1529232922499943,True,True,Phi-4-mini (zero-shot),True,True
296,True,False,0.9958023428916932,0.1529232922499943,True,True,Phi-4-mini (zero-shot),True,True
297,True,False,0.1067196801304817,0.1087976591250026,False,True,Phi-4-mini (zero-shot),False,True
298,False,False,0.001367968507111,0.1529232922499943,False,False,Phi-4-mini (zero-shot),True,True
299,True,False,0.9939035773277284,0.1081722653750034,True,True,Phi-4-mini (zero-shot),True,True
300,False,False,0.0006669107242487,0.1081722653750034,False,False,Phi-4-mini (zero-shot),True,True
301,False,False,0.4149710834026336,0.1081722653750034,False,True,Phi-4-mini (zero-shot),True,False
302,False,False,0.004201044794172,0.1081722653750034,False,False,Phi-4-mini (zero-shot),True,True
303,True,False,0.9989354014396667,0.1081722653750034,True,True,Phi-4-mini (zero-shot),True,True
304,False,False,0.0019888188689947,0.1081722653750034,False,False,Phi-4-mini (zero-shot),True,True
305,True,False,0.0758878663182258,0.1081722653750034,False,False,Phi-4-mini (zero-shot),False,False
306,True,False,0.7371847629547119,0.1081722653750034,True,True,Phi-4-mini (zero-shot),True,True
307,True,False,0.9996540546417236,0.1468092186250089,True,True,Phi-4-mini (zero-shot),True,True
308,False,False,9.612002031644806e-05,0.1511774994999939,False,False,Phi-4-mini (zero-shot),True,True
309,True,False,0.9992448091506958,0.1511774994999939,True,True,Phi-4-mini (zero-shot),True,True
310,True,False,0.984095573425293,0.1511774994999939,True,True,Phi-4-mini (zero-shot),True,True
311,False,False,0.0025517279282212,0.1511774994999939,False,False,Phi-4-mini (zero-shot),True,True
312,False,False,0.0002614374679978,0.1087976591250026,False,False,Phi-4-mini (zero-shot),True,True
313,True,False,0.8634281158447266,0.1087976591250026,True,True,Phi-4-mini (zero-shot),True,True
314,True,False,0.9969250559806824,0.1511774994999939,True,True,Phi-4-mini (zero-shot),True,True
315,True,False,0.0006880845176056,0.1511774994999939,False,False,Phi-4-mini (zero-shot),False,False
316,False,False,0.001455373247154,0.1511774994999939,False,False,Phi-4-mini (zero-shot),True,True
317,True,False,0.2337623834609985,0.1511774994999939,False,True,Phi-4-mini (zero-shot),False,True
318,True,False,0.9890190958976746,0.1001595373749921,True,True,Phi-4-mini (zero-shot),True,True
319,True,False,0.9416766166687012,0.1001595373749921,True,True,Phi-4-mini (zero-shot),True,True
320,True,False,0.3487465381622314,0.1001595373749921,False,True,Phi-4-mini (zero-shot),False,True
321,True,False,0.9972001314163208,0.1001595373749921,True,True,Phi-4-mini (zero-shot),True,True
322,True,False,0.9924246072769164,0.1001595373749921,True,True,Phi-4-mini (zero-shot),True,True
323,True,False,0.6792933344841003,0.1001595373749921,True,True,Phi-4-mini (zero-shot),True,True
324,True,False,0.843926727771759,0.1001595373749921,True,True,Phi-4-mini (zero-shot),True,True
325,True,False,0.7186977863311768,0.1001595373749921,True,True,Phi-4-mini (zero-shot),True,True
326,False,False,0.0618979185819625,0.1116428291250031,False,False,Phi-4-mini (zero-shot),True,True
327,False,False,0.0293242819607257,0.1116428291250031,False,False,Phi-4-mini (zero-shot),True,True
328,True,False,0.9998148083686828,0.1116428291250031,True,True,Phi-4-mini (zero-shot),True,True
329,True,False,0.9961762428283693,0.1116428291250031,True,True,Phi-4-mini (zero-shot),True,True
330,True,False,0.999738872051239,0.1087976591250026,True,True,Phi-4-mini (zero-shot),True,True
331,True,False,0.5157275795936584,0.1116428291250031,True,True,Phi-4-mini (zero-shot),True,True
332,True,False,0.9706937074661256,0.1116428291250031,True,True,Phi-4-mini (zero-shot),True,True
333,True,False,0.9994474053382874,0.1087976591250026,True,True,Phi-4-mini (zero-shot),True,True
334,False,False,0.0275960285216569,0.1087976591250026,False,False,Phi-4-mini (zero-shot),True,True
335,False,False,0.2451902031898498,0.1116428291250031,False,True,Phi-4-mini (zero-shot),True,False
336,True,False,0.7186298370361328,0.1116428291250031,True,True,Phi-4-mini (zero-shot),True,True
337,True,False,0.9820203185081482,0.1353882264999981,True,True,Phi-4-mini (zero-shot),True,True
338,True,False,0.0433827377855777,0.1353882264999981,False,False,Phi-4-mini (zero-shot),False,False
339,False,False,0.0737491473555564,0.1353882264999981,False,False,Phi-4-mini (zero-shot),True,True
340,True,False,0.9924241304397584,0.1353882264999981,True,True,Phi-4-mini (zero-shot),True,True
341,False,False,7.723634917056188e-05,0.1353882264999981,False,False,Phi-4-mini (zero-shot),True,True
342,True,False,0.0064927712082862,0.1087976591250026,False,False,Phi-4-mini (zero-shot),False,False
343,True,False,0.8775017857551575,0.1353882264999981,True,True,Phi-4-mini (zero-shot),True,True
344,True,False,0.3924623429775238,0.1353882264999981,False,True,Phi-4-mini (zero-shot),False,True
345,True,False,0.9956696033477784,0.1353882264999981,True,True,Phi-4-mini (zero-shot),True,True
346,True,False,0.5546165108680725,0.1776131775000067,True,True,Phi-4-mini (zero-shot),True,True
347,True,False,0.884074866771698,0.1776131775000067,True,True,Phi-4-mini (zero-shot),True,True
348,True,False,0.9998511075973512,0.1776131775000067,True,True,Phi-4-mini (zero-shot),True,True
349,True,False,0.3925123810768127,0.1776131775000067,False,True,Phi-4-mini (zero-shot),False,True
350,False,False,0.035152867436409,0.1087976591250026,False,False,Phi-4-mini (zero-shot),True,True
351,False,False,0.0103311957791447,0.1776131775000067,False,False,Phi-4-mini (zero-shot),True,True
352,True,False,0.1097553446888923,0.1776131775000067,False,True,Phi-4-mini (zero-shot),False,True
353,True,False,0.0550316646695137,0.1776131775000067,False,False,Phi-4-mini (zero-shot),False,False
354,False,False,0.0060995505191385,0.078930126000003,False,False,Phi-4-mini (zero-shot),True,True
355,False,False,0.0001686990726739,0.1776131775000067,False,False,Phi-4-mini (zero-shot),True,True
356,True,False,0.9511553645133972,0.1817715939999971,True,True,Phi-4-mini (zero-shot),True,True
357,False,False,0.0003053908294532,0.078930126000003,False,False,Phi-4-mini (zero-shot),True,True
358,True,False,0.8840627670288086,0.1817715939999971,True,True,Phi-4-mini (zero-shot),True,True
359,False,False,0.0028020886238664,0.1817715939999971,False,False,Phi-4-mini (zero-shot),True,True
360,True,False,0.8670766949653625,0.1817715939999971,True,True,Phi-4-mini (zero-shot),True,True
361,True,False,0.994448184967041,0.1817715939999971,True,True,Phi-4-mini (zero-shot),True,True
362,True,False,0.0185510776937007,0.1817715939999971,False,False,Phi-4-mini (zero-shot),False,False
363,False,False,0.0094153638929128,0.078930126000003,False,False,Phi-4-mini (zero-shot),True,True
364,True,False,0.7827559113502502,0.1817715939999971,True,True,Phi-4-mini (zero-shot),True,True
365,False,False,0.0003800903214141,0.1817715939999971,False,False,Phi-4-mini (zero-shot),True,True
366,True,False,0.2511049807071686,0.078930126000003,False,True,Phi-4-mini (zero-shot),False,True
367,False,False,0.002183447824791,0.1054558348750163,False,False,Phi-4-mini (zero-shot),True,True
368,True,False,0.9997965693473816,0.1054558348750163,True,True,Phi-4-mini (zero-shot),True,True
369,False,False,0.7123275399208069,0.078930126000003,True,True,Phi-4-mini (zero-shot),False,False
370,False,False,0.1778655350208282,0.1054558348750163,False,True,Phi-4-mini (zero-shot),True,False
371,True,False,0.9953925609588624,0.1054558348750163,True,True,Phi-4-mini (zero-shot),True,True
372,True,False,0.9989996552467346,0.1054558348750163,True,True,Phi-4-mini (zero-shot),True,True
373,False,False,0.000444391160272,0.1054558348750163,False,False,Phi-4-mini (zero-shot),True,True
374,True,False,0.9998313188552856,0.1054558348750163,True,True,Phi-4-mini (zero-shot),True,True
375,True,False,0.2174173444509506,0.1054558348750163,False,True,Phi-4-mini (zero-shot),False,True
376,True,False,0.9959306120872498,0.1781963267499975,True,True,Phi-4-mini (zero-shot),True,True
377,True,False,0.9967280626296996,0.1781963267499975,True,True,Phi-4-mini (zero-shot),True,True
378,True,False,0.9879493713378906,0.1781963267499975,True,True,Phi-4-mini (zero-shot),True,True
379,True,False,0.9926550388336182,0.1781963267499975,True,True,Phi-4-mini (zero-shot),True,True
380,True,False,0.9399213194847108,0.1781963267499975,True,True,Phi-4-mini (zero-shot),True,True
381,True,False,0.9688650369644164,0.078930126000003,True,True,Phi-4-mini (zero-shot),True,True
382,True,False,0.3703508079051971,0.1781963267499975,False,True,Phi-4-mini (zero-shot),False,True
383,True,False,0.9994643330574036,0.1781963267499975,True,True,Phi-4-mini (zero-shot),True,True
384,True,False,0.0284497383981943,0.1781963267499975,False,False,Phi-4-mini (zero-shot),False,False
385,True,False,0.9996850490570068,0.0867022456249912,True,True,Phi-4-mini (zero-shot),True,True
386,True,False,0.9965169429779052,0.0867022456249912,True,True,Phi-4-mini (zero-shot),True,True
387,False,False,0.0251894239336252,0.078930126000003,False,False,Phi-4-mini (zero-shot),True,True
388,True,False,0.0059126382693648,0.078930126000003,False,False,Phi-4-mini (zero-shot),False,False
389,True,False,0.9984025359153748,0.0867022456249912,True,True,Phi-4-mini (zero-shot),True,True
390,True,False,0.8775010108947754,0.0867022456249912,True,True,Phi-4-mini (zero-shot),True,True
391,True,False,0.9937117099761964,0.0867022456249912,True,True,Phi-4-mini (zero-shot),True,True
392,True,False,0.9496764540672302,0.0867022456249912,True,True,Phi-4-mini (zero-shot),True,True
393,False,False,0.2690021991729736,0.0867022456249912,False,True,Phi-4-mini (zero-shot),True,False
394,False,False,0.8775070905685425,0.0867022456249912,True,True,Phi-4-mini (zero-shot),False,False
395,False,False,0.6514484286308289,0.0925487621250056,True,True,Phi-4-mini (zero-shot),False,False
396,False,False,0.0001313858665525,0.0868791518749958,False,False,Phi-4-mini (zero-shot),True,True
397,False,False,0.0203385856002569,0.0925487621250056,False,False,Phi-4-mini (zero-shot),True,True
398,True,False,0.002252850215882,0.0925487621250056,False,False,Phi-4-mini (zero-shot),False,False
399,True,False,0.9994115829467772,0.0925487621250056,True,True,Phi-4-mini (zero-shot),True,True
400,True,False,0.1919582337141037,0.0925487621250056,False,True,Phi-4-mini (zero-shot),False,True
401,False,False,0.0088507672771811,0.0868791518749958,False,False,Phi-4-mini (zero-shot),True,True
402,True,False,0.9626757502555848,0.0925487621250056,True,True,Phi-4-mini (zero-shot),True,True
403,False,False,0.0088539803400635,0.0868791518749958,False,False,Phi-4-mini (zero-shot),True,True
404,False,False,0.000417500414187,0.0925487621250056,False,False,Phi-4-mini (zero-shot),True,True
405,False,False,0.0116906063631176,0.0925487621250056,False,False,Phi-4-mini (zero-shot),True,True
406,True,False,0.896298885345459,0.1276032425000153,True,True,Phi-4-mini (zero-shot),True,True
407,True,False,0.996925413608551,0.1276032425000153,True,True,Phi-4-mini (zero-shot),True,True
408,True,False,0.9998089671134948,0.1276032425000153,True,True,Phi-4-mini (zero-shot),True,True
409,True,False,0.999117076396942,0.1276032425000153,True,True,Phi-4-mini (zero-shot),True,True
410,True,False,0.6792393922805786,0.1276032425000153,True,True,Phi-4-mini (zero-shot),True,True
411,False,False,0.0222952477633953,0.1276032425000153,False,False,Phi-4-mini (zero-shot),True,True
412,True,False,0.9919393658638,0.1276032425000153,True,True,Phi-4-mini (zero-shot),True,True
413,False,False,0.0362356379628181,0.1276032425000153,False,False,Phi-4-mini (zero-shot),True,True
414,False,False,7.969549915287644e-05,0.1107314996250181,False,False,Phi-4-mini (zero-shot),True,True
415,False,False,0.0010008704848587,0.1107314996250181,False,False,Phi-4-mini (zero-shot),True,True
416,False,False,0.0032742097973823,0.1107314996250181,False,False,Phi-4-mini (zero-shot),True,True
417,True,False,0.9989013671875,0.1107314996250181,True,True,Phi-4-mini (zero-shot),True,True
418,True,False,0.9539761543273926,0.1468092186250089,True,True,Phi-4-mini (zero-shot),True,True
419,True,False,0.9975277781486512,0.0868791518749958,True,True,Phi-4-mini (zero-shot),True,True
420,False,False,0.0009114331915043,0.1107314996250181,False,False,Phi-4-mini (zero-shot),True,True
421,True,False,0.1778465509414672,0.1107314996250181,False,True,Phi-4-mini (zero-shot),False,True
422,False,False,0.003826402593404,0.0868791518749958,False,False,Phi-4-mini (zero-shot),True,True
423,False,False,0.0083201518282294,0.1107314996250181,False,False,Phi-4-mini (zero-shot),True,True
424,True,False,0.9987553358078004,0.0868791518749958,True,True,Phi-4-mini (zero-shot),True,True
425,False,False,0.5312996506690979,0.1107314996250181,True,True,Phi-4-mini (zero-shot),False,False
426,False,False,0.0023974971845746,0.0988609613750099,False,False,Phi-4-mini (zero-shot),True,True
427,False,False,0.0534299500286579,0.0988609613750099,False,False,Phi-4-mini (zero-shot),True,True
428,True,False,0.9939029812812804,0.0988609613750099,True,True,Phi-4-mini (zero-shot),True,True
429,True,False,0.0229937322437763,0.0988609613750099,False,False,Phi-4-mini (zero-shot),False,False
430,True,False,0.7719355225563049,0.0988609613750099,True,True,Phi-4-mini (zero-shot),True,True
431,True,False,0.7311358451843262,0.0868791518749958,True,True,Phi-4-mini (zero-shot),True,True
432,True,False,0.0433825775980949,0.0988609613750099,False,False,Phi-4-mini (zero-shot),False,False
433,False,False,0.0016493118600919,0.0988609613750099,False,False,Phi-4-mini (zero-shot),True,True
434,False,False,0.0284561682492494,0.0988609613750099,False,False,Phi-4-mini (zero-shot),True,True
435,False,False,0.99774831533432,0.1270424968750205,True,True,Phi-4-mini (zero-shot),False,False
436,False,False,0.001598393311724,0.0868791518749958,False,False,Phi-4-mini (zero-shot),True,True
437,True,False,0.6927499771118164,0.1298142410000053,True,True,Phi-4-mini (zero-shot),True,True
438,True,False,0.9926567673683168,0.1270424968750205,True,True,Phi-4-mini (zero-shot),True,True
439,True,False,0.9983516931533812,0.1270424968750205,True,True,Phi-4-mini (zero-shot),True,True
440,False,False,0.0362277813255786,0.1270424968750205,False,False,Phi-4-mini (zero-shot),True,True
441,True,False,0.1688821166753769,0.1270424968750205,False,True,Phi-4-mini (zero-shot),False,True
442,True,False,0.9960552453994752,0.1270424968750205,True,True,Phi-4-mini (zero-shot),True,True
443,True,False,0.999582827091217,0.1270424968750205,True,True,Phi-4-mini (zero-shot),True,True
444,True,False,0.9715676307678224,0.1270424968750205,True,True,Phi-4-mini (zero-shot),True,True
445,True,False,0.9659032821655272,0.1010543396250227,True,True,Phi-4-mini (zero-shot),True,True
446,False,False,0.6078359484672546,0.1010543396250227,True,True,Phi-4-mini (zero-shot),False,False
447,True,False,0.9997305274009703,0.1010543396250227,True,True,Phi-4-mini (zero-shot),True,True
448,True,False,0.001649362151511,0.1010543396250227,False,False,Phi-4-mini (zero-shot),False,False
449,False,False,0.2393757253885269,0.1298142410000053,False,True,Phi-4-mini (zero-shot),True,False
450,False,False,0.0185539256781339,0.1010543396250227,False,False,Phi-4-mini (zero-shot),True,True
451,True,False,0.9967280626296996,0.1010543396250227,True,True,Phi-4-mini (zero-shot),True,True
452,False,False,0.0408615581691265,0.1010543396250227,False,False,Phi-4-mini (zero-shot),True,True
453,True,False,0.6443492770195007,0.1298142410000053,True,True,Phi-4-mini (zero-shot),True,True
454,True,False,0.6792892217636108,0.1010543396250227,True,True,Phi-4-mini (zero-shot),True,True
455,True,False,0.5468024611473083,0.0950307798750031,True,True,Phi-4-mini (zero-shot),True,True
456,False,False,0.0534147061407566,0.0950307798750031,False,False,Phi-4-mini (zero-shot),True,True
457,True,False,0.9854997992515564,0.1298142410000053,True,True,Phi-4-mini (zero-shot),True,True
458,True,False,0.5622544288635254,0.1298142410000053,True,True,Phi-4-mini (zero-shot),True,True
459,True,False,0.9777162671089172,0.0950307798750031,True,True,Phi-4-mini (zero-shot),True,True
460,True,False,0.008580632507801,0.0950307798750031,False,False,Phi-4-mini (zero-shot),False,False
461,True,False,0.9019536972045898,0.1298142410000053,True,True,Phi-4-mini (zero-shot),True,True
462,True,False,0.9947803616523744,0.0950307798750031,True,True,Phi-4-mini (zero-shot),True,True
463,False,False,0.0203422345221042,0.0950307798750031,False,False,Phi-4-mini (zero-shot),True,True
464,False,False,0.0017012925818562,0.1298142410000053,False,False,Phi-4-mini (zero-shot),True,True
465,True,False,0.2942633032798767,0.0950307798750031,False,True,Phi-4-mini (zero-shot),False,True
466,True,False,0.8775087594985962,0.0950307798750031,True,True,Phi-4-mini (zero-shot),True,True
467,False,False,0.0025540688075125,0.0864020651249859,False,False,Phi-4-mini (zero-shot),True,True
468,True,False,0.9988666772842408,0.0864020651249859,True,True,Phi-4-mini (zero-shot),True,True
469,True,False,0.9992207288742064,0.0864020651249859,True,True,Phi-4-mini (zero-shot),True,True
470,True,False,0.4688314497470855,0.0864020651249859,False,True,Phi-4-mini (zero-shot),False,True
471,True,False,0.0321117304265499,0.0864020651249859,False,False,Phi-4-mini (zero-shot),False,False
472,True,False,0.8176370859146118,0.0864020651249859,True,True,Phi-4-mini (zero-shot),True,True
473,True,False,0.7431992888450623,0.1298142410000053,True,True,Phi-4-mini (zero-shot),True,True
474,True,False,0.0331183336675167,0.0864020651249859,False,False,Phi-4-mini (zero-shot),False,False
475,True,False,0.4923521280288696,0.0952168823750128,False,True,Phi-4-mini (zero-shot),False,True
476,False,False,0.4302399158477783,0.0864020651249859,False,True,Phi-4-mini (zero-shot),True,False
477,True,False,0.8032467365264893,0.1261046082499888,True,True,Phi-4-mini (zero-shot),True,True
478,False,False,0.9914231896400452,0.0952168823750128,True,True,Phi-4-mini (zero-shot),False,False
479,False,False,0.0004174223577138,0.1261046082499888,False,False,Phi-4-mini (zero-shot),True,True
480,False,False,0.009130984544754,0.1261046082499888,False,False,Phi-4-mini (zero-shot),True,True
481,False,False,0.0433776676654815,0.1261046082499888,False,False,Phi-4-mini (zero-shot),True,True
482,True,False,0.2569368481636047,0.1261046082499888,False,True,Phi-4-mini (zero-shot),False,True
483,False,False,0.00030542811146,0.1261046082499888,False,False,Phi-4-mini (zero-shot),True,True
484,True,False,0.5156970620155334,0.0952168823750128,True,True,Phi-4-mini (zero-shot),True,True
485,True,False,0.9992904663085938,0.1261046082499888,True,True,Phi-4-mini (zero-shot),True,True
486,False,False,0.0656205043196678,0.1261046082499888,False,False,Phi-4-mini (zero-shot),True,True
487,True,False,0.9989678859710692,0.0944281257499994,True,True,Phi-4-mini (zero-shot),True,True
488,False,False,0.0259693190455436,0.0944281257499994,False,False,Phi-4-mini (zero-shot),True,True
489,False,False,0.269003689289093,0.0944281257499994,False,True,Phi-4-mini (zero-shot),True,False
490,False,False,0.0004879798507317,0.0952168823750128,False,False,Phi-4-mini (zero-shot),True,True
491,True,False,0.9965180158615112,0.0952168823750128,True,True,Phi-4-mini (zero-shot),True,True
492,True,False,0.9381389021873474,0.0952168823750128,True,True,Phi-4-mini (zero-shot),True,True
493,False,False,0.003173443255946,0.0944281257499994,False,False,Phi-4-mini (zero-shot),True,True
494,True,False,0.93442302942276,0.0944281257499994,True,True,Phi-4-mini (zero-shot),True,True
495,True,False,0.955332100391388,0.0944281257499994,True,True,Phi-4-mini (zero-shot),True,True
496,True,False,0.7719013094902039,0.0944281257499994,True,True,Phi-4-mini (zero-shot),True,True
497,True,False,0.9983519315719604,0.0944281257499994,True,True,Phi-4-mini (zero-shot),True,True
498,False,False,0.0038257772102952,0.125087855875023,False,False,Phi-4-mini (zero-shot),True,True
499,False,False,0.0059133558534085,0.125087855875023,False,False,Phi-4-mini (zero-shot),True,True
500,False,False,0.0083209071308374,0.125087855875023,False,False,Phi-4-mini (zero-shot),True,True
501,True,False,0.9732463955879213,0.125087855875023,True,True,Phi-4-mini (zero-shot),True,True
502,True,False,0.9994643330574036,0.125087855875023,True,True,Phi-4-mini (zero-shot),True,True
503,True,False,0.0041997684165835,0.125087855875023,False,False,Phi-4-mini (zero-shot),False,False
504,False,False,0.0656146630644798,0.125087855875023,False,False,Phi-4-mini (zero-shot),True,True
505,True,False,0.9989678859710692,0.125087855875023,True,True,Phi-4-mini (zero-shot),True,True
506,False,False,0.0053872060962021,0.1297867945000064,False,False,Phi-4-mini (zero-shot),True,True
507,False,False,0.0046125138178467,0.1297867945000064,False,False,Phi-4-mini (zero-shot),True,True
508,False,False,0.1259861886501312,0.1297867945000064,False,True,Phi-4-mini (zero-shot),True,False
509,False,False,0.003826213767752,0.0952168823750128,False,False,Phi-4-mini (zero-shot),True,True
510,True,False,0.9284361600875854,0.1297867945000064,True,True,Phi-4-mini (zero-shot),True,True
511,False,False,0.0039469511248171,0.1297867945000064,False,False,Phi-4-mini (zero-shot),True,True
512,False,False,0.0006462894962169,0.1297867945000064,False,False,Phi-4-mini (zero-shot),True,True
513,True,False,0.9950959086418152,0.0952168823750128,True,True,Phi-4-mini (zero-shot),True,True
514,True,False,0.9648606777191162,0.1297867945000064,True,True,Phi-4-mini (zero-shot),True,True
515,False,False,0.0003354409418534,0.1297867945000064,False,False,Phi-4-mini (zero-shot),True,True
516,False,False,0.0128243044018745,0.104756226125005,False,False,Phi-4-mini (zero-shot),True,True
517,False,False,0.0073482189327478,0.0959223492499887,False,False,Phi-4-mini (zero-shot),True,True
518,True,False,0.9937114715576172,0.104756226125005,True,True,Phi-4-mini (zero-shot),True,True
519,True,False,0.8312099575996399,0.104756226125005,True,True,Phi-4-mini (zero-shot),True,True
520,False,False,0.1330209821462631,0.104756226125005,False,True,Phi-4-mini (zero-shot),True,False
521,True,False,0.9996750354766846,0.104756226125005,True,True,Phi-4-mini (zero-shot),True,True
522,True,False,0.3998949229717254,0.104756226125005,False,True,Phi-4-mini (zero-shot),False,True
523,True,False,0.9344125390052797,0.104756226125005,True,True,Phi-4-mini (zero-shot),True,True
524,True,False,0.9989351630210876,0.104756226125005,True,True,Phi-4-mini (zero-shot),True,True
525,False,False,0.0017016294877976,0.0949195866249965,False,False,Phi-4-mini (zero-shot),True,True
526,False,False,0.0001972258178284,0.0949195866249965,False,False,Phi-4-mini (zero-shot),True,True
527,True,False,0.9995121955871582,0.0949195866249965,True,True,Phi-4-mini (zero-shot),True,True
528,True,False,0.1561576724052429,0.0949195866249965,False,True,Phi-4-mini (zero-shot),False,True
529,True,False,0.9980127811431884,0.0949195866249965,True,True,Phi-4-mini (zero-shot),True,True
530,False,False,0.00116997375153,0.0959223492499887,False,False,Phi-4-mini (zero-shot),True,True
531,False,False,0.1520883291959762,0.0949195866249965,False,True,Phi-4-mini (zero-shot),True,False
532,False,False,0.0097111910581588,0.0949195866249965,False,False,Phi-4-mini (zero-shot),True,True
533,False,False,0.5235021710395813,0.0949195866249965,True,True,Phi-4-mini (zero-shot),False,False
534,True,False,0.2692152857780456,0.1017767865000109,False,True,Phi-4-mini (zero-shot),False,True
535,True,False,0.0408620089292526,0.1017767865000109,False,False,Phi-4-mini (zero-shot),False,False
536,False,False,0.1520632207393646,0.1017767865000109,False,True,Phi-4-mini (zero-shot),True,False
537,True,False,0.9867815375328064,0.0959223492499887,True,True,Phi-4-mini (zero-shot),True,True
538,True,False,0.3630988895893097,0.0959223492499887,False,True,Phi-4-mini (zero-shot),False,True
539,True,False,0.9986754059791564,0.1017767865000109,True,True,Phi-4-mini (zero-shot),True,True
540,True,False,0.0583592541515827,0.1017767865000109,False,False,Phi-4-mini (zero-shot),False,False
541,True,False,0.0236969739198684,0.1017767865000109,False,False,Phi-4-mini (zero-shot),False,False
542,True,False,0.9953919649124146,0.0959223492499887,True,True,Phi-4-mini (zero-shot),True,True
543,False,False,0.0001911553263198,0.1017767865000109,False,False,Phi-4-mini (zero-shot),True,True
544,True,False,0.99617600440979,0.1017767865000109,True,True,Phi-4-mini (zero-shot),True,True
545,True,False,0.0209738723933696,0.0813504177500021,False,False,Phi-4-mini (zero-shot),False,False
546,True,False,0.0259611178189516,0.0813504177500021,False,False,Phi-4-mini (zero-shot),False,False
547,True,False,0.9883143901824952,0.0813504177500021,True,True,Phi-4-mini (zero-shot),True,True
548,False,False,0.0007098273490555,0.0813504177500021,False,False,Phi-4-mini (zero-shot),True,True
549,True,False,0.9970197081565856,0.0959223492499887,True,True,Phi-4-mini (zero-shot),True,True
550,False,False,0.0026325352955609,0.0813504177500021,False,False,Phi-4-mini (zero-shot),True,True
551,False,False,0.0005034449859522,0.0813504177500021,False,False,Phi-4-mini (zero-shot),True,True
552,False,False,0.0716239139437675,0.0813504177500021,False,False,Phi-4-mini (zero-shot),True,True
553,True,False,0.9976035952568054,0.0813504177500021,True,True,Phi-4-mini (zero-shot),True,True
554,True,False,0.9949400424957277,0.0959223492499887,True,True,Phi-4-mini (zero-shot),True,True
555,False,False,0.0927259549498558,0.1767458365000038,False,False,Phi-4-mini (zero-shot),True,True
556,True,False,0.99390310049057,0.1767458365000038,True,True,Phi-4-mini (zero-shot),True,True
557,True,False,0.9969248175621032,0.1767458365000038,True,True,Phi-4-mini (zero-shot),True,True
558,True,False,0.9987159967422484,0.1767458365000038,True,True,Phi-4-mini (zero-shot),True,True
559,False,False,0.8903370499610901,0.0959223492499887,True,True,Phi-4-mini (zero-shot),False,False
560,False,False,0.0222974922508001,0.1767458365000038,False,False,Phi-4-mini (zero-shot),True,True
561,True,True,0.0275960285216569,0.1767458365000038,False,False,Phi-4-mini (zero-shot),False,False
562,False,False,0.0010658031096681,0.1767458365000038,False,False,Phi-4-mini (zero-shot),True,True
563,False,False,0.0066950316540896,0.1068032248749943,False,False,Phi-4-mini (zero-shot),True,True
564,False,False,0.0040709413588047,0.1767458365000038,False,False,Phi-4-mini (zero-shot),True,True
565,False,False,0.0002696004230529,0.0990647667499899,False,False,Phi-4-mini (zero-shot),True,True
566,False,False,0.0050626755692064,0.1068032248749943,False,False,Phi-4-mini (zero-shot),True,True
567,False,False,0.0013255828525871,0.0990647667499899,False,False,Phi-4-mini (zero-shot),True,True
568,False,False,0.0006669234135188,0.0990647667499899,False,False,Phi-4-mini (zero-shot),True,True
569,False,False,0.3416845798492431,0.1068032248749943,False,True,Phi-4-mini (zero-shot),True,False
570,True,False,0.0023239406291395,0.0990647667499899,False,False,Phi-4-mini (zero-shot),False,False
571,False,False,0.043374665081501,0.0990647667499899,False,False,Phi-4-mini (zero-shot),True,True
572,True,False,0.8267325758934021,0.0990647667499899,True,True,Phi-4-mini (zero-shot),True,True
573,True,False,0.2069322317838668,0.0990647667499899,False,True,Phi-4-mini (zero-shot),False,True
574,True,False,0.5158028602600098,0.1068032248749943,True,True,Phi-4-mini (zero-shot),True,True
575,True,False,0.7718939185142517,0.0990647667499899,True,True,Phi-4-mini (zero-shot),True,True
576,True,False,0.8840674161911011,0.1289318179999838,True,True,Phi-4-mini (zero-shot),True,True
577,True,False,0.9840983748435974,0.1289318179999838,True,True,Phi-4-mini (zero-shot),True,True
578,False,False,0.6513964533805847,0.1289318179999838,True,True,Phi-4-mini (zero-shot),False,False
579,True,False,0.1920014321804046,0.1289318179999838,False,True,Phi-4-mini (zero-shot),False,True
580,False,False,0.0128259463235735,0.1289318179999838,False,False,Phi-4-mini (zero-shot),True,True
581,False,False,0.9987938404083252,0.1289318179999838,True,True,Phi-4-mini (zero-shot),False,False
582,True,False,0.987570345401764,0.1289318179999838,True,True,Phi-4-mini (zero-shot),True,True
583,True,False,0.9930980801582336,0.1289318179999838,True,True,Phi-4-mini (zero-shot),True,True
584,True,False,0.0618908181786537,0.1210351733750201,False,False,Phi-4-mini (zero-shot),False,False
585,False,False,0.0080643706023693,0.1210351733750201,False,False,Phi-4-mini (zero-shot),True,True
586,True,False,0.7311252951622009,0.1210351733750201,True,True,Phi-4-mini (zero-shot),True,True
587,True,False,0.0049077337607741,0.1068032248749943,False,False,Phi-4-mini (zero-shot),False,False
588,False,False,0.0169194173067808,0.1210351733750201,False,False,Phi-4-mini (zero-shot),True,True
589,True,False,0.9979497790336608,0.1210351733750201,True,True,Phi-4-mini (zero-shot),True,True
590,True,False,0.9989016056060792,0.1210351733750201,True,True,Phi-4-mini (zero-shot),True,True
591,False,False,0.0059134233742952,0.1210351733750201,False,False,Phi-4-mini (zero-shot),True,True
592,False,False,0.036238569766283,0.1210351733750201,False,False,Phi-4-mini (zero-shot),True,True
593,False,False,0.1968967616558075,0.1623711658749869,False,True,Phi-4-mini (zero-shot),True,False
594,True,False,0.9973692893981934,0.1623711658749869,True,True,Phi-4-mini (zero-shot),True,True
595,False,False,0.0601129420101642,0.1623711658749869,False,False,Phi-4-mini (zero-shot),True,True
596,True,False,0.637140154838562,0.1623711658749869,True,True,Phi-4-mini (zero-shot),True,True
597,True,False,0.7311418056488037,0.1623711658749869,True,True,Phi-4-mini (zero-shot),True,True
598,True,False,0.9362943172454834,0.1623711658749869,True,True,Phi-4-mini (zero-shot),True,True
599,True,False,0.9450111389160156,0.1623711658749869,True,True,Phi-4-mini (zero-shot),True,True
600,True,False,0.7123252153396606,0.1623711658749869,True,True,Phi-4-mini (zero-shot),True,True
601,True,False,0.9830886721611024,0.0999417867500085,True,True,Phi-4-mini (zero-shot),True,True
602,False,False,0.0001398631429765,0.0999417867500085,False,False,Phi-4-mini (zero-shot),True,True
603,True,False,0.6860316395759583,0.0999417867500085,True,True,Phi-4-mini (zero-shot),True,True
604,False,False,0.0695721060037612,0.0999417867500085,False,False,Phi-4-mini (zero-shot),True,True
605,False,False,0.6993274092674255,0.1068032248749943,True,True,Phi-4-mini (zero-shot),False,False
606,True,False,0.9724180698394777,0.0999417867500085,True,True,Phi-4-mini (zero-shot),True,True
607,True,False,0.9959304928779602,0.0999417867500085,True,True,Phi-4-mini (zero-shot),True,True
608,True,False,0.9914235472679138,0.0999417867500085,True,True,Phi-4-mini (zero-shot),True,True
609,False,False,0.0140688121318817,0.0999417867500085,False,False,Phi-4-mini (zero-shot),True,True
610,True,False,0.9496772289276124,0.0936472414999798,True,True,Phi-4-mini (zero-shot),True,True
611,True,False,0.5775586366653442,0.0936472414999798,True,True,Phi-4-mini (zero-shot),True,True
612,True,False,0.7123213410377502,0.0936472414999798,True,True,Phi-4-mini (zero-shot),True,True
613,True,False,0.0164098665118217,0.0936472414999798,False,False,Phi-4-mini (zero-shot),False,False
614,False,False,0.0062915715388953,0.0936472414999798,False,False,Phi-4-mini (zero-shot),True,True
615,True,False,0.9990890026092528,0.0936472414999798,True,True,Phi-4-mini (zero-shot),True,True
616,True,False,0.9659141302108764,0.0936472414999798,True,True,Phi-4-mini (zero-shot),True,True
617,True,False,0.6724451780319214,0.0936472414999798,True,True,Phi-4-mini (zero-shot),True,True
618,True,False,0.0981123894453048,0.1033525562500017,False,False,Phi-4-mini (zero-shot),False,False
619,True,False,0.5927817225456238,0.1033525562500017,True,True,Phi-4-mini (zero-shot),True,True
620,False,False,0.0637498199939727,0.1033525562500017,False,False,Phi-4-mini (zero-shot),True,True
621,True,False,0.999267876148224,0.1033525562500017,True,True,Phi-4-mini (zero-shot),True,True
622,True,False,0.7187000513076782,0.1068032248749943,True,True,Phi-4-mini (zero-shot),True,True
623,True,False,0.8775251507759094,0.1033525562500017,True,True,Phi-4-mini (zero-shot),True,True
624,True,False,0.7931634783744812,0.1068032248749943,True,True,Phi-4-mini (zero-shot),True,True
625,True,False,0.8397657871246338,0.1033525562500017,True,True,Phi-4-mini (zero-shot),True,True
626,True,False,0.445597380399704,0.1033525562500017,False,True,Phi-4-mini (zero-shot),False,True
627,True,False,0.2878444492816925,0.1033525562500017,False,True,Phi-4-mini (zero-shot),False,True
628,True,False,0.9344155192375184,0.1238503742499972,True,True,Phi-4-mini (zero-shot),True,True
629,False,False,0.090116761624813,0.1238503742499972,False,False,Phi-4-mini (zero-shot),True,True
630,False,False,0.4225902855396271,0.0974483702500066,False,True,Phi-4-mini (zero-shot),True,False
631,True,False,0.0237017385661602,0.1238503742499972,False,False,Phi-4-mini (zero-shot),False,False
632,True,False,0.9958017468452454,0.1238503742499972,True,True,Phi-4-mini (zero-shot),True,True
633,False,False,0.0373449847102165,0.1238503742499972,False,False,Phi-4-mini (zero-shot),True,True
634,False,False,0.0164138674736022,0.1238503742499972,False,False,Phi-4-mini (zero-shot),True,True
635,True,False,0.2878725826740265,0.1238503742499972,False,True,Phi-4-mini (zero-shot),False,True
636,True,False,0.9173136949539183,0.0974483702500066,True,True,Phi-4-mini (zero-shot),True,True
637,True,False,0.9984024167060852,0.1238503742499972,True,True,Phi-4-mini (zero-shot),True,True
638,False,False,0.0004730726359412,0.0974483702500066,False,False,Phi-4-mini (zero-shot),True,True
639,False,False,0.0953800752758979,0.0946508758749757,False,False,Phi-4-mini (zero-shot),True,True
640,True,False,0.9748284220695496,0.0946508758749757,True,True,Phi-4-mini (zero-shot),True,True
641,False,False,0.0094166090711951,0.0946508758749757,False,False,Phi-4-mini (zero-shot),True,True
642,True,False,0.3209268748760223,0.0946508758749757,False,True,Phi-4-mini (zero-shot),False,True
643,True,False,0.1441996842622757,0.0946508758749757,False,True,Phi-4-mini (zero-shot),False,True
644,False,False,0.0004309036303311,0.0946508758749757,False,False,Phi-4-mini (zero-shot),True,True
645,True,False,0.9196552038192748,0.0946508758749757,True,True,Phi-4-mini (zero-shot),True,True
646,True,False,0.754971444606781,0.0974483702500066,True,True,Phi-4-mini (zero-shot),True,True
647,False,False,0.0002869842865038,0.0946508758749757,False,False,Phi-4-mini (zero-shot),True,True
648,True,False,0.9996079802513124,0.1201428134999957,True,True,Phi-4-mini (zero-shot),True,True
649,True,False,0.9997220635414124,0.1201428134999957,True,True,Phi-4-mini (zero-shot),True,True
650,True,False,0.9019490480422974,0.1201428134999957,True,True,Phi-4-mini (zero-shot),True,True
651,False,False,9.613174188416453e-05,0.1201428134999957,False,False,Phi-4-mini (zero-shot),True,True
652,True,False,0.9994472861289978,0.1201428134999957,True,True,Phi-4-mini (zero-shot),True,True
653,False,False,0.0035949277225881,0.1201428134999957,False,False,Phi-4-mini (zero-shot),True,True
654,True,False,0.3998739123344421,0.1201428134999957,False,True,Phi-4-mini (zero-shot),False,True
655,True,False,0.995392918586731,0.1201428134999957,True,True,Phi-4-mini (zero-shot),True,True
656,True,False,0.9863643050193788,0.1468092186250089,True,True,Phi-4-mini (zero-shot),True,True
657,False,False,0.0006880426080897,0.1016501657499873,False,False,Phi-4-mini (zero-shot),True,True
658,True,False,0.9984517097473145,0.1016501657499873,True,True,Phi-4-mini (zero-shot),True,True
659,True,False,0.9995418787002563,0.1016501657499873,True,True,Phi-4-mini (zero-shot),True,True
660,True,False,0.99651837348938,0.1016501657499873,True,True,Phi-4-mini (zero-shot),True,True
661,True,False,0.0071258540265262,0.1016501657499873,False,False,Phi-4-mini (zero-shot),False,False
662,False,False,0.0113356858491897,0.1016501657499873,False,False,Phi-4-mini (zero-shot),True,True
663,True,False,0.9987553358078004,0.1016501657499873,True,True,Phi-4-mini (zero-shot),True,True
664,True,False,0.9964074492454528,0.1016501657499873,True,True,Phi-4-mini (zero-shot),True,True
665,False,False,0.0037092398852109,0.1231501494999918,False,False,Phi-4-mini (zero-shot),True,True
666,True,False,0.0851510390639305,0.1231501494999918,False,False,Phi-4-mini (zero-shot),False,False
667,False,False,0.0015981193864718,0.1231501494999918,False,False,Phi-4-mini (zero-shot),True,True
668,True,False,0.9921854138374328,0.1231501494999918,True,True,Phi-4-mini (zero-shot),True,True
669,True,False,0.9971996545791626,0.1231501494999918,True,True,Phi-4-mini (zero-shot),True,True
670,True,False,0.9993539452552797,0.1231501494999918,True,True,Phi-4-mini (zero-shot),True,True
671,True,False,0.0716142728924751,0.1231501494999918,False,False,Phi-4-mini (zero-shot),False,False
672,True,False,0.0781053528189659,0.1231501494999918,False,False,Phi-4-mini (zero-shot),False,False
673,True,False,0.9969252943992616,0.0946051600000146,True,True,Phi-4-mini (zero-shot),True,True
674,False,False,0.02230173535645,0.0946051600000146,False,False,Phi-4-mini (zero-shot),True,True
675,True,False,0.0373319573700428,0.0946051600000146,False,False,Phi-4-mini (zero-shot),False,False
676,False,False,0.0275984853506088,0.0946051600000146,False,False,Phi-4-mini (zero-shot),True,True
677,False,False,0.0019881073385477,0.0946051600000146,False,False,Phi-4-mini (zero-shot),True,True
678,False,False,0.0049077896401286,0.0946051600000146,False,False,Phi-4-mini (zero-shot),True,True
679,False,False,0.0057325293309986,0.0946051600000146,False,False,Phi-4-mini (zero-shot),True,True
680,True,False,0.9926550388336182,0.0946051600000146,True,True,Phi-4-mini (zero-shot),True,True
681,True,False,0.9830875992774964,0.1249541688750071,True,True,Phi-4-mini (zero-shot),True,True
682,True,False,0.9933087825775146,0.0974483702500066,True,True,Phi-4-mini (zero-shot),True,True
683,True,False,0.9344351291656494,0.1249541688750071,True,True,Phi-4-mini (zero-shot),True,True
684,False,False,0.0028024190105497,0.1249541688750071,False,False,Phi-4-mini (zero-shot),True,True
685,True,False,0.2690382003784179,0.1249541688750071,False,True,Phi-4-mini (zero-shot),False,True
686,False,False,0.0384773388504982,0.0974483702500066,False,False,Phi-4-mini (zero-shot),True,True
687,False,False,0.2121657133102417,0.1249541688750071,False,True,Phi-4-mini (zero-shot),True,False
688,True,False,0.9950968623161316,0.1249541688750071,True,True,Phi-4-mini (zero-shot),True,True
689,True,False,0.9914255142211914,0.1249541688750071,True,True,Phi-4-mini (zero-shot),True,True
690,False,False,0.0179943647235631,0.1249541688750071,False,False,Phi-4-mini (zero-shot),True,True
691,True,False,0.9998028874397278,0.1049624032499991,True,True,Phi-4-mini (zero-shot),True,True
692,True,False,0.9996540546417236,0.1049624032499991,True,True,Phi-4-mini (zero-shot),True,True
693,True,False,0.9845818877220154,0.1049624032499991,True,True,Phi-4-mini (zero-shot),True,True
694,True,False,0.6443510055541992,0.1049624032499991,True,True,Phi-4-mini (zero-shot),True,True
695,False,False,0.0049066534265875,0.1049624032499991,False,False,Phi-4-mini (zero-shot),True,True
696,True,False,0.9433701634407043,0.1049624032499991,True,True,Phi-4-mini (zero-shot),True,True
697,False,False,0.0009116208530031,0.1049624032499991,False,False,Phi-4-mini (zero-shot),True,True
698,False,False,0.0001488776470068,0.1049624032499991,False,False,Phi-4-mini (zero-shot),True,True
699,True,False,0.9946154952049256,0.0974483702500066,True,True,Phi-4-mini (zero-shot),True,True
700,True,False,0.4845449030399322,0.1159850663750035,False,True,Phi-4-mini (zero-shot),False,True
701,True,False,0.3703223168849945,0.1159850663750035,False,True,Phi-4-mini (zero-shot),False,True
702,False,False,0.0044695041142404,0.1159850663750035,False,False,Phi-4-mini (zero-shot),True,True
703,True,False,0.9911569356918336,0.1159850663750035,True,True,Phi-4-mini (zero-shot),True,True
704,True,False,0.9976775050163268,0.1159850663750035,True,True,Phi-4-mini (zero-shot),True,True
705,False,False,0.1128507778048515,0.1159850663750035,False,True,Phi-4-mini (zero-shot),True,False
706,True,False,0.9996540546417236,0.0974483702500066,True,True,Phi-4-mini (zero-shot),True,True
707,False,False,0.0023971411865204,0.1159850663750035,False,False,Phi-4-mini (zero-shot),True,True
708,False,False,0.0601370818912982,0.1159850663750035,False,False,Phi-4-mini (zero-shot),True,True
709,False,False,0.0013673797948285,0.0931470350000012,False,False,Phi-4-mini (zero-shot),True,True
710,True,False,0.2121446877717971,0.1051160743749903,False,True,Phi-4-mini (zero-shot),False,True
711,True,False,0.909924864768982,0.1051160743749903,True,True,Phi-4-mini (zero-shot),True,True
712,False,False,0.0446938946843147,0.0931470350000012,False,False,Phi-4-mini (zero-shot),True,True
713,True,False,0.6792318820953369,0.1051160743749903,True,True,Phi-4-mini (zero-shot),True,True
714,True,False,0.0474532805383205,0.1051160743749903,False,False,Phi-4-mini (zero-shot),False,False
715,True,False,0.4151239097118377,0.1051160743749903,False,True,Phi-4-mini (zero-shot),False,True
716,True,False,0.0953688845038414,0.1051160743749903,False,False,Phi-4-mini (zero-shot),False,False
717,True,False,0.8706866502761841,0.1051160743749903,True,True,Phi-4-mini (zero-shot),True,True
718,True,False,0.3277649581432342,0.1051160743749903,False,True,Phi-4-mini (zero-shot),False,True
719,True,False,0.8559090495109558,0.1243550158749826,True,True,Phi-4-mini (zero-shot),True,True
720,False,False,0.0003921973111573,0.1243550158749826,False,False,Phi-4-mini (zero-shot),True,True
721,True,False,0.9875725507736206,0.1243550158749826,True,True,Phi-4-mini (zero-shot),True,True
722,True,False,0.9879499673843384,0.1243550158749826,True,True,Phi-4-mini (zero-shot),True,True
723,False,False,0.0953856706619262,0.1243550158749826,False,False,Phi-4-mini (zero-shot),True,True
724,True,False,0.9902955889701844,0.1243550158749826,True,True,Phi-4-mini (zero-shot),True,True
725,True,False,0.7982556223869324,0.1243550158749826,True,True,Phi-4-mini (zero-shot),True,True
726,True,False,0.3277985751628876,0.1243550158749826,False,True,Phi-4-mini (zero-shot),False,True
727,False,False,0.0016491861315444,0.0955663409999942,False,False,Phi-4-mini (zero-shot),True,True
728,False,False,0.0004585576243698,0.0955663409999942,False,False,Phi-4-mini (zero-shot),True,True
729,True,False,0.9196758270263672,0.0955663409999942,True,True,Phi-4-mini (zero-shot),True,True
730,False,False,0.0244302712380886,0.0931470350000012,False,False,Phi-4-mini (zero-shot),True,True
731,True,False,0.0088486587628722,0.0955663409999942,False,False,Phi-4-mini (zero-shot),False,False
732,True,False,0.9953912496566772,0.0931470350000012,True,True,Phi-4-mini (zero-shot),True,True
733,True,False,0.9099208116531372,0.0955663409999942,True,True,Phi-4-mini (zero-shot),True,True
734,True,False,0.0021833810023963,0.0955663409999942,False,False,Phi-4-mini (zero-shot),False,False
735,True,False,0.9978177547454834,0.0955663409999942,True,True,Phi-4-mini (zero-shot),True,True
736,False,False,0.009711081162095,0.0955663409999942,False,False,Phi-4-mini (zero-shot),True,True
737,False,False,0.0021839379332959,0.1759359364999966,False,False,Phi-4-mini (zero-shot),True,True
738,True,False,0.9989996552467346,0.1759359364999966,True,True,Phi-4-mini (zero-shot),True,True
739,True,False,0.995802104473114,0.1759359364999966,True,True,Phi-4-mini (zero-shot),True,True
740,False,False,0.0619063302874565,0.1759359364999966,False,False,Phi-4-mini (zero-shot),True,True
741,True,False,0.998299777507782,0.1759359364999966,True,True,Phi-4-mini (zero-shot),True,True
742,True,False,0.9924236536026,0.1759359364999966,True,True,Phi-4-mini (zero-shot),True,True
743,True,False,0.5156818628311157,0.1759359364999966,True,True,Phi-4-mini (zero-shot),True,True
744,True,False,0.1097352206707,0.1759359364999966,False,True,Phi-4-mini (zero-shot),False,True
745,True,False,0.9987937211990356,0.0939184223749975,True,True,Phi-4-mini (zero-shot),True,True
746,False,False,0.0618932582437992,0.0939184223749975,False,False,Phi-4-mini (zero-shot),True,True
747,False,False,0.1097340956330299,0.0939184223749975,False,True,Phi-4-mini (zero-shot),True,False
748,False,False,0.0016487403772771,0.0939184223749975,False,False,Phi-4-mini (zero-shot),True,True
749,True,False,0.909926414489746,0.0939184223749975,True,True,Phi-4-mini (zero-shot),True,True
750,True,False,0.6860324740409851,0.0939184223749975,True,True,Phi-4-mini (zero-shot),True,True
751,True,False,0.0341058298945426,0.0939184223749975,False,False,Phi-4-mini (zero-shot),False,False
752,False,False,0.0085817035287618,0.0931470350000012,False,False,Phi-4-mini (zero-shot),True,True
753,True,False,0.5001535415649414,0.0939184223749975,False,True,Phi-4-mini (zero-shot),False,True
754,False,False,0.1404587030410766,0.0824486758749856,False,True,Phi-4-mini (zero-shot),True,False
755,True,False,0.9890156388282776,0.0824486758749856,True,True,Phi-4-mini (zero-shot),True,True
756,True,False,0.9988665580749512,0.0824486758749856,True,True,Phi-4-mini (zero-shot),True,True
757,True,False,0.5776005387306213,0.0931470350000012,True,True,Phi-4-mini (zero-shot),True,True
758,False,False,0.0180030632764101,0.0824486758749856,False,False,Phi-4-mini (zero-shot),True,True
759,True,False,0.9802848100662231,0.0824486758749856,True,True,Phi-4-mini (zero-shot),True,True
760,True,False,0.1689576208591461,0.0931470350000012,False,True,Phi-4-mini (zero-shot),False,True
761,False,False,0.0003251226444263,0.0824486758749856,False,False,Phi-4-mini (zero-shot),True,True
762,False,False,0.0008044691057875,0.0824486758749856,False,False,Phi-4-mini (zero-shot),True,True
763,True,False,0.0010324906324967,0.0824486758749856,False,False,Phi-4-mini (zero-shot),False,False
764,True,False,0.999373733997345,0.115271963500021,True,True,Phi-4-mini (zero-shot),True,True
765,True,False,0.4073776006698608,0.115271963500021,False,True,Phi-4-mini (zero-shot),False,True
766,True,False,0.934434711933136,0.115271963500021,True,True,Phi-4-mini (zero-shot),True,True
767,True,False,0.2337938100099563,0.115271963500021,False,True,Phi-4-mini (zero-shot),False,True
768,True,False,0.9989013671875,0.115271963500021,True,True,Phi-4-mini (zero-shot),True,True
769,True,False,0.7827461957931519,0.115271963500021,True,True,Phi-4-mini (zero-shot),True,True
770,False,False,0.0149875245988368,0.115271963500021,False,False,Phi-4-mini (zero-shot),True,True
771,True,False,0.9879484176635742,0.115271963500021,True,True,Phi-4-mini (zero-shot),True,True
772,True,False,0.9999152421951294,0.0909090681249722,True,True,Phi-4-mini (zero-shot),True,True
773,True,False,0.8840713500976562,0.0909090681249722,True,True,Phi-4-mini (zero-shot),True,True
774,False,False,0.1225876212120056,0.0909090681249722,False,True,Phi-4-mini (zero-shot),True,False
775,False,False,0.0408620089292526,0.0909090681249722,False,False,Phi-4-mini (zero-shot),True,True
776,False,False,0.2628876864910126,0.0909090681249722,False,True,Phi-4-mini (zero-shot),True,False
777,True,False,0.926314413547516,0.0931470350000012,True,True,Phi-4-mini (zero-shot),True,True
778,True,False,0.8903217315673828,0.0916426873749998,True,True,Phi-4-mini (zero-shot),True,True
779,True,False,0.672438383102417,0.0909090681249722,True,True,Phi-4-mini (zero-shot),True,True
780,True,False,0.3849654495716095,0.0909090681249722,False,True,Phi-4-mini (zero-shot),False,True
781,True,False,0.9989014863967896,0.0909090681249722,True,True,Phi-4-mini (zero-shot),True,True
782,False,False,0.0001687016483629,0.1216484587500019,False,False,Phi-4-mini (zero-shot),True,True
783,False,False,0.0018680283101275,0.1216484587500019,False,False,Phi-4-mini (zero-shot),True,True
784,False,False,0.9755826592445374,0.1216484587500019,True,True,Phi-4-mini (zero-shot),False,False
785,True,False,0.061918519437313,0.0916426873749998,False,False,Phi-4-mini (zero-shot),False,False
786,False,False,0.0059134010225534,0.1216484587500019,False,False,Phi-4-mini (zero-shot),True,True
787,False,False,0.0022526015527546,0.1216484587500019,False,False,Phi-4-mini (zero-shot),True,True
788,True,False,0.2173985242843628,0.1216484587500019,False,True,Phi-4-mini (zero-shot),False,True
789,False,False,0.0005885995342396,0.1216484587500019,False,False,Phi-4-mini (zero-shot),True,True
790,False,False,8.221255120588467e-05,0.1216484587500019,False,False,Phi-4-mini (zero-shot),True,True
791,True,False,0.9993929862976074,0.0916426873749998,True,True,Phi-4-mini (zero-shot),True,True
792,True,False,0.9219558238983154,0.1052882096250016,True,True,Phi-4-mini (zero-shot),True,True
793,True,False,0.979673147201538,0.1052882096250016,True,True,Phi-4-mini (zero-shot),True,True
794,False,False,0.0050628869794309,0.1052882096250016,False,False,Phi-4-mini (zero-shot),True,True
795,True,False,0.9985454082489014,0.1052882096250016,True,True,Phi-4-mini (zero-shot),True,True
796,True,False,0.99265456199646,0.1052882096250016,True,True,Phi-4-mini (zero-shot),True,True
797,False,False,3.883792305714451e-05,0.0916426873749998,False,False,Phi-4-mini (zero-shot),True,True
798,True,False,0.7549594640731812,0.0916426873749998,True,True,Phi-4-mini (zero-shot),True,True
799,True,False,0.6656687259674072,0.1052882096250016,True,True,Phi-4-mini (zero-shot),True,True
800,False,False,0.0073489150963723,0.1052882096250016,False,False,Phi-4-mini (zero-shot),True,True
801,True,False,0.9996850490570068,0.1052882096250016,True,True,Phi-4-mini (zero-shot),True,True
802,True,False,0.8808122873306274,0.1018586398749903,True,True,Phi-4-mini (zero-shot),True,True
803,True,False,0.1160135194659233,0.1018586398749903,False,True,Phi-4-mini (zero-shot),False,True
804,False,False,0.0005529283662326,0.1018586398749903,False,False,Phi-4-mini (zero-shot),True,True
805,True,False,0.7826988101005554,0.0916426873749998,True,True,Phi-4-mini (zero-shot),True,True
806,True,False,0.8670498132705688,0.1018586398749903,True,True,Phi-4-mini (zero-shot),True,True
807,False,False,0.0003354882646817,0.1018586398749903,False,False,Phi-4-mini (zero-shot),True,True
808,True,False,0.9124663472175598,0.1018586398749903,True,True,Phi-4-mini (zero-shot),True,True
809,True,False,0.0088589703664183,0.1018586398749903,False,False,Phi-4-mini (zero-shot),False,False
810,True,False,0.991424798965454,0.1018586398749903,True,True,Phi-4-mini (zero-shot),True,True
811,True,False,0.9450222253799438,0.1300696778750136,True,True,Phi-4-mini (zero-shot),True,True
812,True,False,0.9988306164741516,0.0916426873749998,True,True,Phi-4-mini (zero-shot),True,True
813,True,False,0.9967272281646729,0.1300696778750136,True,True,Phi-4-mini (zero-shot),True,True
814,True,False,0.9890159964561462,0.0916426873749998,True,True,Phi-4-mini (zero-shot),True,True
815,False,False,0.001755095552653,0.1300696778750136,False,False,Phi-4-mini (zero-shot),True,True
816,False,False,0.5699508190155029,0.1300696778750136,True,True,Phi-4-mini (zero-shot),False,False
817,True,False,0.9980130195617676,0.095389606624991,True,True,Phi-4-mini (zero-shot),True,True
818,True,False,0.0066957166418433,0.1300696778750136,False,False,Phi-4-mini (zero-shot),False,False
819,True,False,0.0408599153161048,0.1300696778750136,False,False,Phi-4-mini (zero-shot),False,False
820,True,False,0.9953908920288086,0.1300696778750136,True,True,Phi-4-mini (zero-shot),True,True
821,True,False,0.7311508059501648,0.1300696778750136,True,True,Phi-4-mini (zero-shot),True,True
822,False,False,0.6372036933898926,0.095389606624991,True,True,Phi-4-mini (zero-shot),False,False
823,True,False,0.0179902538657188,0.1063255840000181,False,False,Phi-4-mini (zero-shot),False,False
824,False,False,0.0004585576243698,0.1063255840000181,False,False,Phi-4-mini (zero-shot),True,True
825,True,False,0.9976770281791688,0.1063255840000181,True,True,Phi-4-mini (zero-shot),True,True
826,True,False,0.9974493384361268,0.095389606624991,True,True,Phi-4-mini (zero-shot),True,True
827,True,False,0.4533828794956207,0.1063255840000181,False,True,Phi-4-mini (zero-shot),False,True
828,False,False,0.0244429148733615,0.1063255840000181,False,False,Phi-4-mini (zero-shot),True,True
829,True,False,0.999713122844696,0.1063255840000181,True,True,Phi-4-mini (zero-shot),True,True
830,True,False,0.9748257994651794,0.1063255840000181,True,True,Phi-4-mini (zero-shot),True,True
831,False,False,0.9697903394699096,0.1063255840000181,True,True,Phi-4-mini (zero-shot),False,False
832,False,False,0.0006668624118901,0.1435342053750048,False,False,Phi-4-mini (zero-shot),True,True
833,True,False,0.9921877384185792,0.1435342053750048,True,True,Phi-4-mini (zero-shot),True,True
834,True,False,0.9980738162994384,0.1435342053750048,True,True,Phi-4-mini (zero-shot),True,True
835,True,False,0.9921863079071044,0.1435342053750048,True,True,Phi-4-mini (zero-shot),True,True
836,True,False,0.0503457635641098,0.1435342053750048,False,False,Phi-4-mini (zero-shot),False,False
837,True,False,0.9324684143066406,0.1435342053750048,True,True,Phi-4-mini (zero-shot),True,True
838,False,False,0.0008833992760628,0.1435342053750048,False,False,Phi-4-mini (zero-shot),True,True
839,False,False,0.0601222068071365,0.1435342053750048,False,False,Phi-4-mini (zero-shot),True,True
840,False,False,0.0015496284468099,0.1058894437500157,False,False,Phi-4-mini (zero-shot),True,True
841,True,False,0.9992903470993042,0.095389606624991,True,True,Phi-4-mini (zero-shot),True,True
842,True,False,0.996055006980896,0.1058894437500157,True,True,Phi-4-mini (zero-shot),True,True
843,True,False,0.9896740913391112,0.1058894437500157,True,True,Phi-4-mini (zero-shot),True,True
844,True,False,0.0236976779997348,0.1058894437500157,False,False,Phi-4-mini (zero-shot),False,False
845,True,False,0.6928523182868958,0.1058894437500157,True,True,Phi-4-mini (zero-shot),True,True
846,True,False,0.9591790437698364,0.1058894437500157,True,True,Phi-4-mini (zero-shot),True,True
847,True,False,0.3558238744735718,0.1058894437500157,False,True,Phi-4-mini (zero-shot),False,True
848,False,False,0.0012453699018806,0.1058894437500157,False,False,Phi-4-mini (zero-shot),True,True
849,False,False,0.1192477792501449,0.1029194302500116,False,True,Phi-4-mini (zero-shot),True,False
850,False,False,0.1294169127941131,0.1029194302500116,False,True,Phi-4-mini (zero-shot),True,False
851,False,False,0.0033773437608033,0.1029194302500116,False,False,Phi-4-mini (zero-shot),True,True
852,False,False,0.0373341552913188,0.1029194302500116,False,False,Phi-4-mini (zero-shot),True,True
853,False,False,0.034112486988306,0.1029194302500116,False,False,Phi-4-mini (zero-shot),True,True
854,True,False,0.9591646790504456,0.1029194302500116,True,True,Phi-4-mini (zero-shot),True,True
855,True,False,0.982559859752655,0.1029194302500116,True,True,Phi-4-mini (zero-shot),True,True
856,False,False,0.010016294196248,0.1029194302500116,False,False,Phi-4-mini (zero-shot),True,True
857,True,False,0.9902938604354858,0.1180191842500164,True,True,Phi-4-mini (zero-shot),True,True
858,False,False,0.0007099356153048,0.095389606624991,False,False,Phi-4-mini (zero-shot),True,True
859,True,False,0.9525910019874572,0.1180191842500164,True,True,Phi-4-mini (zero-shot),True,True
860,False,False,0.005062349140644,0.1180191842500164,False,False,Phi-4-mini (zero-shot),True,True
861,False,False,0.0094163250178098,0.1180191842500164,False,False,Phi-4-mini (zero-shot),True,True
862,False,False,0.006293527316302,0.1180191842500164,False,False,Phi-4-mini (zero-shot),True,True
863,True,False,0.997019588947296,0.1180191842500164,True,True,Phi-4-mini (zero-shot),True,True
864,False,False,0.0209824908524751,0.1180191842500164,False,False,Phi-4-mini (zero-shot),True,True
865,True,False,0.8397714495658875,0.1180191842500164,True,True,Phi-4-mini (zero-shot),True,True
866,False,False,0.0006074112607166,0.0931566818750013,False,False,Phi-4-mini (zero-shot),True,True
867,False,False,0.2689991891384125,0.095389606624991,False,True,Phi-4-mini (zero-shot),True,False
868,True,False,0.989676296710968,0.0931566818750013,True,True,Phi-4-mini (zero-shot),True,True
869,False,False,0.0052218292839825,0.0931566818750013,False,False,Phi-4-mini (zero-shot),True,True
870,True,False,0.9715707302093506,0.0931566818750013,True,True,Phi-4-mini (zero-shot),True,True
871,False,False,0.0259617939591407,0.0931566818750013,False,False,Phi-4-mini (zero-shot),True,True
872,True,False,0.0534276291728019,0.0931566818750013,False,False,Phi-4-mini (zero-shot),False,False
873,False,False,0.009418424218893,0.095389606624991,False,False,Phi-4-mini (zero-shot),True,True
874,True,False,0.0284452028572559,0.0931566818750013,False,False,Phi-4-mini (zero-shot),False,False
875,True,False,0.9930981993675232,0.0931566818750013,True,True,Phi-4-mini (zero-shot),True,True
876,False,False,0.0033775749616324,0.1007203080000067,False,False,Phi-4-mini (zero-shot),True,True
877,True,False,0.4688580632209778,0.1007203080000067,False,True,Phi-4-mini (zero-shot),False,True
878,False,False,0.0061008692719042,0.1007203080000067,False,False,Phi-4-mini (zero-shot),True,True
879,False,False,0.0015495105180889,0.1007203080000067,False,False,Phi-4-mini (zero-shot),True,True
880,True,False,0.3141212165355682,0.1007203080000067,False,True,Phi-4-mini (zero-shot),False,True
881,True,False,0.705830991268158,0.1007203080000067,True,True,Phi-4-mini (zero-shot),True,True
882,True,False,0.9984025359153748,0.1007203080000067,True,True,Phi-4-mini (zero-shot),True,True
883,False,False,0.0004045802634209,0.095389606624991,False,False,Phi-4-mini (zero-shot),True,True
884,False,False,0.0421086475253105,0.1007203080000067,False,False,Phi-4-mini (zero-shot),True,True
885,False,False,0.0007099112262949,0.0946026452499779,False,False,Phi-4-mini (zero-shot),True,True
886,True,False,0.6724569201469421,0.0946026452499779,True,True,Phi-4-mini (zero-shot),True,True
887,False,False,0.0827503055334091,0.0946026452499779,False,False,Phi-4-mini (zero-shot),True,True
888,True,False,0.6298990845680237,0.1101691758750007,True,True,Phi-4-mini (zero-shot),True,True
889,True,False,0.9960557222366332,0.1101691758750007,True,True,Phi-4-mini (zero-shot),True,True
890,False,False,0.0154305212199687,0.0946026452499779,False,False,Phi-4-mini (zero-shot),True,True
891,False,False,0.05666995793581,0.0946026452499779,False,False,Phi-4-mini (zero-shot),True,True
892,True,False,0.9983522891998292,0.1101691758750007,True,True,Phi-4-mini (zero-shot),True,True
893,True,False,0.0695726051926612,0.0946026452499779,False,False,Phi-4-mini (zero-shot),False,False
894,False,False,0.0053860615007579,0.0946026452499779,False,False,Phi-4-mini (zero-shot),True,True
895,True,False,0.9867815375328064,0.0946026452499779,True,True,Phi-4-mini (zero-shot),True,True
896,False,False,0.0049070818349719,0.1101691758750007,False,False,Phi-4-mini (zero-shot),True,True
897,False,False,0.0007796305580995,0.1562597922499833,False,False,Phi-4-mini (zero-shot),True,True
898,True,False,0.9777206778526306,0.1562597922499833,True,True,Phi-4-mini (zero-shot),True,True
899,False,False,0.0695602595806121,0.1562597922499833,False,False,Phi-4-mini (zero-shot),True,True
900,True,False,0.5699498653411865,0.1562597922499833,True,True,Phi-4-mini (zero-shot),True,True
901,True,False,0.8903217315673828,0.1562597922499833,True,True,Phi-4-mini (zero-shot),True,True
902,True,False,0.0503472276031971,0.1562597922499833,False,False,Phi-4-mini (zero-shot),False,False
903,False,False,0.0267742872238159,0.1562597922499833,False,False,Phi-4-mini (zero-shot),True,True
904,True,False,0.998968243598938,0.1562597922499833,True,True,Phi-4-mini (zero-shot),True,True
905,True,False,0.4456840753555298,0.1101691758750007,False,True,Phi-4-mini (zero-shot),False,True
906,False,False,0.0675702393054962,0.0867125203749878,False,False,Phi-4-mini (zero-shot),True,True
907,False,False,0.0002454995701555,0.0867125203749878,False,False,Phi-4-mini (zero-shot),True,True
908,True,False,0.9966236352920532,0.0867125203749878,True,True,Phi-4-mini (zero-shot),True,True
909,True,False,0.980286180973053,0.1101691758750007,True,True,Phi-4-mini (zero-shot),True,True
910,False,False,0.0637386590242385,0.0867125203749878,False,False,Phi-4-mini (zero-shot),True,True
911,True,False,0.9871834516525269,0.0867125203749878,True,True,Phi-4-mini (zero-shot),True,True
912,False,False,0.0321069881319999,0.0867125203749878,False,False,Phi-4-mini (zero-shot),True,True
913,False,False,0.0116895483806729,0.0867125203749878,False,False,Phi-4-mini (zero-shot),True,True
914,True,False,0.8559067249298096,0.0867125203749878,True,True,Phi-4-mini (zero-shot),True,True
915,True,False,0.2227443903684616,0.1075916297499759,False,True,Phi-4-mini (zero-shot),False,True
916,True,False,0.9921865463256836,0.1101691758750007,True,True,Phi-4-mini (zero-shot),True,True
917,False,False,0.000368383625755,0.1075916297499759,False,False,Phi-4-mini (zero-shot),True,True
918,True,False,0.0695605054497718,0.1075916297499759,False,False,Phi-4-mini (zero-shot),False,False
919,True,False,0.996293604373932,0.1075916297499759,True,True,Phi-4-mini (zero-shot),True,True
920,False,False,0.0103318188339471,0.1075916297499759,False,False,Phi-4-mini (zero-shot),True,True
921,True,False,0.0037087185773998,0.1075916297499759,False,False,Phi-4-mini (zero-shot),False,False
922,True,False,0.5001382827758789,0.1101691758750007,False,True,Phi-4-mini (zero-shot),False,True
923,True,False,0.9626783728599548,0.1075916297499759,True,True,Phi-4-mini (zero-shot),True,True
924,False,False,0.0052304561249911,0.1137551001249903,False,False,Phi-4-mini (zero-shot),True,True
925,False,False,0.1603420227766037,0.1075916297499759,False,True,Phi-4-mini (zero-shot),True,False
926,True,False,0.9980734586715698,0.1295884013750026,True,True,Phi-4-mini (zero-shot),True,True
927,True,False,0.7123337984085083,0.1295884013750026,True,True,Phi-4-mini (zero-shot),True,True
928,True,False,0.9987157583236694,0.1137551001249903,True,True,Phi-4-mini (zero-shot),True,True
929,True,False,0.8740906715393066,0.1137551001249903,True,True,Phi-4-mini (zero-shot),True,True
930,True,False,0.9984022974967957,0.1295884013750026,True,True,Phi-4-mini (zero-shot),True,True
931,False,False,0.0055576022714376,0.1295884013750026,False,False,Phi-4-mini (zero-shot),True,True
932,False,False,0.9324676990509032,0.1295884013750026,True,True,Phi-4-mini (zero-shot),False,False
933,True,False,0.4845172464847564,0.1137551001249903,False,True,Phi-4-mini (zero-shot),False,True
934,True,False,0.999738872051239,0.1295884013750026,True,True,Phi-4-mini (zero-shot),True,True
935,True,False,0.0113366693258285,0.1295884013750026,False,False,Phi-4-mini (zero-shot),False,False
936,False,False,0.0032766012009233,0.1137551001249903,False,False,Phi-4-mini (zero-shot),True,True
937,False,False,6.40327634755522e-05,0.1295884013750026,False,False,Phi-4-mini (zero-shot),True,True
938,True,False,0.0827074721455574,0.1800350413749925,False,False,Phi-4-mini (zero-shot),False,False
939,True,False,0.9995272159576416,0.1800350413749925,True,True,Phi-4-mini (zero-shot),True,True
940,True,False,0.99566912651062,0.1137551001249903,True,True,Phi-4-mini (zero-shot),True,True
941,True,True,0.8670991063117981,0.1800350413749925,True,True,Phi-4-mini (zero-shot),True,True
942,False,False,0.0023239674046635,0.1800350413749925,False,False,Phi-4-mini (zero-shot),True,True
943,False,False,0.9724203944206238,0.1137551001249903,True,True,Phi-4-mini (zero-shot),False,False
944,True,False,0.6002432703971863,0.1800350413749925,True,True,Phi-4-mini (zero-shot),True,True
945,True,False,0.8597061038017273,0.1137551001249903,True,True,Phi-4-mini (zero-shot),True,True
946,True,False,0.4766862392425537,0.1251638585000023,False,True,Phi-4-mini (zero-shot),False,True
947,True,False,0.0179897136986255,0.1800350413749925,False,False,Phi-4-mini (zero-shot),False,False
948,True,False,0.9978850483894348,0.1800350413749925,True,True,Phi-4-mini (zero-shot),True,True
949,True,False,0.9926580786705016,0.1800350413749925,True,True,Phi-4-mini (zero-shot),True,True
950,True,False,0.9715689420700072,0.0970573866249822,True,True,Phi-4-mini (zero-shot),True,True
951,True,False,0.2282485514879226,0.0970573866249822,False,True,Phi-4-mini (zero-shot),False,True
952,False,False,0.0009112456464208,0.0970573866249822,False,False,Phi-4-mini (zero-shot),True,True
953,False,False,0.0078178411349654,0.0970573866249822,False,False,Phi-4-mini (zero-shot),True,True
954,False,False,6.403936276910827e-05,0.0970573866249822,False,False,Phi-4-mini (zero-shot),True,True
955,False,False,0.0085806641727685,0.0970573866249822,False,False,Phi-4-mini (zero-shot),True,True
956,True,False,0.966918647289276,0.0970573866249822,True,True,Phi-4-mini (zero-shot),True,True
957,True,False,0.9124541282653807,0.0970573866249822,True,True,Phi-4-mini (zero-shot),True,True
958,True,False,0.9648635983467102,0.1119239796249758,True,True,Phi-4-mini (zero-shot),True,True
959,True,False,0.0050623104907572,0.1119239796249758,False,False,Phi-4-mini (zero-shot),False,False
960,True,False,0.943357527256012,0.1119239796249758,True,True,Phi-4-mini (zero-shot),True,True
961,True,False,0.9755827784538268,0.1251638585000023,True,True,Phi-4-mini (zero-shot),True,True
962,False,False,0.0091273616999387,0.1119239796249758,False,False,Phi-4-mini (zero-shot),True,True
963,True,False,0.9840999841690063,0.1119239796249758,True,True,Phi-4-mini (zero-shot),True,True
964,True,False,0.9808783531188964,0.1119239796249758,True,True,Phi-4-mini (zero-shot),True,True
965,True,False,0.4845792055130005,0.1119239796249758,False,True,Phi-4-mini (zero-shot),False,True
966,True,False,0.9933078289031982,0.1251638585000023,True,True,Phi-4-mini (zero-shot),True,True
967,True,False,0.4767204821109772,0.1119239796249758,False,True,Phi-4-mini (zero-shot),False,True
968,True,False,0.98409765958786,0.1805474282500085,True,True,Phi-4-mini (zero-shot),True,True
969,True,False,0.6443990468978882,0.1805474282500085,True,True,Phi-4-mini (zero-shot),True,True
970,True,True,0.9896743893623352,0.1805474282500085,True,True,Phi-4-mini (zero-shot),True,True
971,True,False,0.6442933082580566,0.1805474282500085,True,True,Phi-4-mini (zero-shot),True,True
972,False,False,3.2200685382122174e-05,0.1251638585000023,False,False,Phi-4-mini (zero-shot),True,True
973,True,False,0.9740522503852844,0.1805474282500085,True,True,Phi-4-mini (zero-shot),True,True
974,True,False,0.9433610439300536,0.1805474282500085,True,True,Phi-4-mini (zero-shot),True,True
975,True,False,0.9988306164741516,0.1805474282500085,True,True,Phi-4-mini (zero-shot),True,True
976,False,False,0.0259790662676095,0.1805474282500085,False,False,Phi-4-mini (zero-shot),True,True
977,True,False,0.8962783813476562,0.1258838715000081,True,True,Phi-4-mini (zero-shot),True,True
978,True,False,0.8222041726112366,0.1258838715000081,True,True,Phi-4-mini (zero-shot),True,True
979,False,False,0.0311642121523618,0.1258838715000081,False,False,Phi-4-mini (zero-shot),True,True
980,False,False,0.1294427067041397,0.1258838715000081,False,True,Phi-4-mini (zero-shot),True,False
981,True,False,0.6654419898986816,0.1258838715000081,True,True,Phi-4-mini (zero-shot),True,True
982,True,False,0.9987554550170898,0.1251638585000023,True,True,Phi-4-mini (zero-shot),True,True
983,False,False,0.0001124304399127,0.1251638585000023,False,False,Phi-4-mini (zero-shot),True,True
984,False,False,0.0004584020352922,0.1258838715000081,False,False,Phi-4-mini (zero-shot),True,True
985,False,False,0.0737118944525718,0.1251638585000023,False,False,Phi-4-mini (zero-shot),True,True
986,True,False,0.9830889105796814,0.1258838715000081,True,True,Phi-4-mini (zero-shot),True,True
987,True,False,0.904662013053894,0.1258838715000081,True,True,Phi-4-mini (zero-shot),True,True
988,True,False,0.986367404460907,0.1213603666250264,True,True,Phi-4-mini (zero-shot),True,True
989,False,False,0.000570522272028,0.1213603666250264,False,False,Phi-4-mini (zero-shot),True,True
990,True,False,0.9615424871444702,0.1213603666250264,True,True,Phi-4-mini (zero-shot),True,True
991,True,False,0.9770255088806152,0.1251638585000023,True,True,Phi-4-mini (zero-shot),True,True
992,False,False,0.0034870016388595,0.1213603666250264,False,False,Phi-4-mini (zero-shot),True,True
993,True,False,0.0109889330342412,0.1213603666250264,False,False,Phi-4-mini (zero-shot),False,False
994,False,False,0.0164116509258747,0.1213603666250264,False,False,Phi-4-mini (zero-shot),True,True
995,False,False,0.6654860973358154,0.1213603666250264,True,True,Phi-4-mini (zero-shot),False,False
996,False,False,0.0060989721678197,0.1213603666250264,False,False,Phi-4-mini (zero-shot),True,True
997,True,False,0.8741536140441895,0.1136373060000011,True,True,Phi-4-mini (zero-shot),True,True
998,False,False,0.1225822865962982,0.102042527750001,False,True,Phi-4-mini (zero-shot),True,False
999,True,False,0.9990893602371216,0.102042527750001,True,True,Phi-4-mini (zero-shot),True,True
1000,True,False,0.974824070930481,0.102042527750001,True,True,Phi-4-mini (zero-shot),True,True
1001,False,False,0.0518771708011627,0.102042527750001,False,False,Phi-4-mini (zero-shot),True,True
1002,False,False,0.0275943893939256,0.102042527750001,False,False,Phi-4-mini (zero-shot),True,True
1003,True,False,0.8741103410720825,0.102042527750001,True,True,Phi-4-mini (zero-shot),True,True
1004,True,False,0.8933221101760864,0.102042527750001,True,True,Phi-4-mini (zero-shot),True,True
1005,False,False,0.065638281404972,0.102042527750001,False,False,Phi-4-mini (zero-shot),True,True
1006,True,False,0.9981330037117004,0.1136373060000011,True,True,Phi-4-mini (zero-shot),True,True
1007,True,False,0.9982461929321288,0.1671977850000132,True,True,Phi-4-mini (zero-shot),True,True
1008,True,False,0.4379296004772186,0.1671977850000132,False,True,Phi-4-mini (zero-shot),False,True
1009,True,False,0.1037741675972938,0.1136373060000011,False,True,Phi-4-mini (zero-shot),False,True
1010,False,False,0.9975278973579408,0.1136373060000011,True,True,Phi-4-mini (zero-shot),False,False
1011,True,False,0.0341128669679164,0.1671977850000132,False,False,Phi-4-mini (zero-shot),False,False
1012,False,False,0.2878506779670715,0.1671977850000132,False,True,Phi-4-mini (zero-shot),True,False
1013,True,False,0.3208711743354797,0.1671977850000132,False,True,Phi-4-mini (zero-shot),False,True
1014,True,False,0.9825596809387208,0.1671977850000132,True,True,Phi-4-mini (zero-shot),True,True
1015,True,False,0.7491301894187927,0.1136373060000011,True,True,Phi-4-mini (zero-shot),True,True
1016,True,False,0.21738101541996,0.1136373060000011,False,True,Phi-4-mini (zero-shot),False,True
1017,False,False,0.7827118039131165,0.1671977850000132,True,True,Phi-4-mini (zero-shot),False,False
1018,True,False,0.9304896593093872,0.1671977850000132,True,True,Phi-4-mini (zero-shot),True,True
1019,False,False,0.0002234649291494,0.1244799260000206,False,False,Phi-4-mini (zero-shot),True,True
1020,False,False,0.0203490015119314,0.1244799260000206,False,False,Phi-4-mini (zero-shot),True,True
1021,True,False,0.9399223923683168,0.1244799260000206,True,True,Phi-4-mini (zero-shot),True,True
1022,True,False,0.9968275427818298,0.1244799260000206,True,True,Phi-4-mini (zero-shot),True,True
1023,True,False,0.9996647834777832,0.1244799260000206,True,True,Phi-4-mini (zero-shot),True,True
1024,False,False,0.0351522229611873,0.1244799260000206,False,False,Phi-4-mini (zero-shot),True,True
1025,True,False,0.9982996582984924,0.1244799260000206,True,True,Phi-4-mini (zero-shot),True,True
1026,False,False,0.0004583758127409,0.1244799260000206,False,False,Phi-4-mini (zero-shot),True,True
1027,False,False,0.0601459182798862,0.1136373060000011,False,False,Phi-4-mini (zero-shot),True,True
1028,True,False,0.9981903433799744,0.103820974125,True,True,Phi-4-mini (zero-shot),True,True
1029,False,False,0.3776240348815918,0.103820974125,False,True,Phi-4-mini (zero-shot),True,False
1030,True,False,0.2568603754043579,0.103820974125,False,True,Phi-4-mini (zero-shot),False,True
1031,True,False,0.1645547449588775,0.103820974125,False,True,Phi-4-mini (zero-shot),False,True
1032,True,False,0.9944456815719604,0.103820974125,True,True,Phi-4-mini (zero-shot),True,True
1033,True,False,0.9990304708480836,0.103820974125,True,True,Phi-4-mini (zero-shot),True,True
1034,True,False,0.9579269886016846,0.103820974125,True,True,Phi-4-mini (zero-shot),True,True
1035,True,False,0.9615521430969238,0.1136373060000011,True,True,Phi-4-mini (zero-shot),True,True
1036,False,False,0.961558759212494,0.103820974125,True,True,Phi-4-mini (zero-shot),False,False
1037,True,False,0.1259563565254211,0.1683790854999927,False,True,Phi-4-mini (zero-shot),False,True
1038,True,False,0.9450038075447084,0.1160243904999873,True,True,Phi-4-mini (zero-shot),True,True
1039,True,False,0.0601196214556694,0.1683790854999927,False,False,Phi-4-mini (zero-shot),False,False
1040,False,False,0.1778493523597717,0.1683790854999927,False,True,Phi-4-mini (zero-shot),True,False
1041,False,False,0.0037084787618368,0.1683790854999927,False,False,Phi-4-mini (zero-shot),True,True
1042,False,False,0.9196529388427734,0.1683790854999927,True,True,Phi-4-mini (zero-shot),False,False
1043,True,False,0.6077523231506348,0.1683790854999927,True,True,Phi-4-mini (zero-shot),True,True
1044,True,False,0.3416391313076019,0.1683790854999927,False,True,Phi-4-mini (zero-shot),False,True
1045,True,False,0.9974493384361268,0.1683790854999927,True,True,Phi-4-mini (zero-shot),True,True
1046,True,False,0.2282835096120834,0.1023755542500168,False,True,Phi-4-mini (zero-shot),False,True
1047,True,False,0.9073334336280824,0.1023755542500168,True,True,Phi-4-mini (zero-shot),True,True
1048,False,False,0.0012849736958742,0.1023755542500168,False,False,Phi-4-mini (zero-shot),True,True
1049,False,False,0.0006465605692937,0.1023755542500168,False,False,Phi-4-mini (zero-shot),True,True
1050,True,False,0.7879661917686462,0.1023755542500168,True,True,Phi-4-mini (zero-shot),True,True
1051,True,False,0.7123048901557922,0.1160243904999873,True,True,Phi-4-mini (zero-shot),True,True
1052,False,False,0.0284542720764875,0.1023755542500168,False,False,Phi-4-mini (zero-shot),True,True
1053,False,False,0.0019278354011476,0.1160243904999873,False,False,Phi-4-mini (zero-shot),True,True
1054,True,False,0.996828019618988,0.1160243904999873,True,True,Phi-4-mini (zero-shot),True,True
1055,True,False,0.9825592041015624,0.1023755542500168,True,True,Phi-4-mini (zero-shot),True,True
1056,True,False,0.995391845703125,0.1023755542500168,True,True,Phi-4-mini (zero-shot),True,True
1057,True,False,0.2878600656986236,0.1123730083749876,False,True,Phi-4-mini (zero-shot),False,True
1058,True,False,0.8903266787528992,0.1123730083749876,True,True,Phi-4-mini (zero-shot),True,True
1059,True,False,0.9859387874603271,0.1123730083749876,True,True,Phi-4-mini (zero-shot),True,True
1060,False,False,6.209193088579923e-05,0.1123730083749876,False,False,Phi-4-mini (zero-shot),True,True
1061,True,False,0.8903090953826904,0.1123730083749876,True,True,Phi-4-mini (zero-shot),True,True
1062,False,False,0.0164069719612598,0.1123730083749876,False,False,Phi-4-mini (zero-shot),True,True
1063,True,False,0.6723611354827881,0.1123730083749876,True,True,Phi-4-mini (zero-shot),True,True
1064,True,False,0.9991706609725952,0.1123730083749876,True,True,Phi-4-mini (zero-shot),True,True
1065,True,False,0.9992446899414062,0.0906280028750075,True,True,Phi-4-mini (zero-shot),True,True
1066,True,False,0.9977485537528992,0.0906280028750075,True,True,Phi-4-mini (zero-shot),True,True
1067,False,False,0.0216264706104993,0.0906280028750075,False,False,Phi-4-mini (zero-shot),True,True
1068,True,False,0.6860160231590271,0.0906280028750075,True,True,Phi-4-mini (zero-shot),True,True
1069,True,False,0.4766424596309662,0.0906280028750075,False,True,Phi-4-mini (zero-shot),False,True
1070,True,False,0.9978850483894348,0.0906280028750075,True,True,Phi-4-mini (zero-shot),True,True
1071,False,False,0.0002165803889511,0.0906280028750075,False,False,Phi-4-mini (zero-shot),True,True
1072,False,False,0.0007098814239725,0.1160243904999873,False,False,Phi-4-mini (zero-shot),True,True
1073,True,False,0.9935141801834106,0.0906280028750075,True,True,Phi-4-mini (zero-shot),True,True
1074,True,False,0.0005035755457356,0.1336339288749854,False,False,Phi-4-mini (zero-shot),False,False
1075,False,False,0.005387635435909,0.1336339288749854,False,False,Phi-4-mini (zero-shot),True,True
1076,True,False,0.6723762154579163,0.1336339288749854,True,True,Phi-4-mini (zero-shot),True,True
1077,True,False,0.9924282431602478,0.1336339288749854,True,True,Phi-4-mini (zero-shot),True,True
1078,False,False,0.0302401930093765,0.1336339288749854,False,False,Phi-4-mini (zero-shot),True,True
1079,True,False,0.9976772665977478,0.1336339288749854,True,True,Phi-4-mini (zero-shot),True,True
1080,True,False,0.9993333220481871,0.1336339288749854,True,True,Phi-4-mini (zero-shot),True,True
1081,True,False,0.8634334206581116,0.1336339288749854,True,True,Phi-4-mini (zero-shot),True,True
1082,False,False,0.0005359051283448,0.1255307360000017,False,False,Phi-4-mini (zero-shot),True,True
1083,True,False,0.969790816307068,0.1255307360000017,True,True,Phi-4-mini (zero-shot),True,True
1084,True,False,0.9990304708480836,0.1255307360000017,True,True,Phi-4-mini (zero-shot),True,True
1085,True,False,0.8706346154212952,0.1255307360000017,True,True,Phi-4-mini (zero-shot),True,True
1086,True,False,0.8558741807937622,0.1255307360000017,True,True,Phi-4-mini (zero-shot),True,True
1087,False,False,0.0695545747876167,0.1255307360000017,False,False,Phi-4-mini (zero-shot),True,True
1088,True,False,0.999312162399292,0.1160243904999873,True,True,Phi-4-mini (zero-shot),True,True
1089,False,False,0.0052214134484529,0.1255307360000017,False,False,Phi-4-mini (zero-shot),True,True
1090,True,False,0.9525831341743468,0.1255307360000017,True,True,Phi-4-mini (zero-shot),True,True
1091,False,False,0.0007560306694358,0.1794713089999788,False,False,Phi-4-mini (zero-shot),True,True
1092,False,False,0.030238963663578,0.1794713089999788,False,False,Phi-4-mini (zero-shot),True,True
1093,False,False,0.1441963911056518,0.1794713089999788,False,True,Phi-4-mini (zero-shot),True,False
1094,True,False,0.9993539452552797,0.1794713089999788,True,True,Phi-4-mini (zero-shot),True,True
1095,True,False,0.9993929862976074,0.1794713089999788,True,True,Phi-4-mini (zero-shot),True,True
1096,True,False,0.9993333220481871,0.1794713089999788,True,True,Phi-4-mini (zero-shot),True,True
1097,True,True,0.407480776309967,0.1794713089999788,False,True,Phi-4-mini (zero-shot),False,True
1098,True,False,0.999060332775116,0.1794713089999788,True,True,Phi-4-mini (zero-shot),True,True
1099,True,False,0.3346242904663086,0.1206633928750022,False,True,Phi-4-mini (zero-shot),False,True
1100,False,False,0.7879751920700073,0.1206633928750022,True,True,Phi-4-mini (zero-shot),False,False
1101,False,False,0.3209210634231567,0.1206633928750022,False,True,Phi-4-mini (zero-shot),True,False
1102,False,False,0.6514536142349243,0.1206633928750022,True,True,Phi-4-mini (zero-shot),False,False
1103,False,False,0.0071249627508223,0.1206633928750022,False,False,Phi-4-mini (zero-shot),True,True
1104,False,False,0.0534382425248622,0.1206633928750022,False,False,Phi-4-mini (zero-shot),True,True
1105,True,False,0.8933301568031311,0.1206633928750022,True,True,Phi-4-mini (zero-shot),True,True
1106,False,False,0.0267634578049182,0.1206633928750022,False,False,Phi-4-mini (zero-shot),True,True
1107,True,False,0.2509780526161194,0.1018537326249884,False,True,Phi-4-mini (zero-shot),False,True
1108,True,False,0.003708662232384,0.1018537326249884,False,False,Phi-4-mini (zero-shot),False,False
1109,True,False,0.9989681243896484,0.1160243904999873,True,True,Phi-4-mini (zero-shot),True,True
1110,True,False,0.9994643330574036,0.1018537326249884,True,True,Phi-4-mini (zero-shot),True,True
1111,False,False,0.5312853455543518,0.1018537326249884,True,True,Phi-4-mini (zero-shot),False,False
1112,True,False,0.982016623020172,0.1018537326249884,True,True,Phi-4-mini (zero-shot),True,True
1113,True,False,0.6514475345611572,0.1018537326249884,True,True,Phi-4-mini (zero-shot),True,True
1114,True,False,0.9911540150642396,0.1018537326249884,True,True,Phi-4-mini (zero-shot),True,True
1115,True,False,0.8267653584480286,0.1018537326249884,True,True,Phi-4-mini (zero-shot),True,True
1116,True,False,0.999643087387085,0.1160243904999873,True,True,Phi-4-mini (zero-shot),True,True
1117,True,False,0.998451828956604,0.0882064133750191,True,True,Phi-4-mini (zero-shot),True,True
1118,False,False,0.3416905999183655,0.0882064133750191,False,True,Phi-4-mini (zero-shot),True,False
1119,True,False,0.4844858050346374,0.0882064133750191,False,True,Phi-4-mini (zero-shot),False,True
1120,False,False,0.0311654787510633,0.0882064133750191,False,False,Phi-4-mini (zero-shot),True,True
1121,False,False,0.0078192027285695,0.0882064133750191,False,False,Phi-4-mini (zero-shot),True,True
1122,True,False,0.3703392744064331,0.0882064133750191,False,True,Phi-4-mini (zero-shot),False,True
1123,True,False,0.993711233139038,0.0882064133750191,True,True,Phi-4-mini (zero-shot),True,True
1124,True,False,0.6298449039459229,0.0882064133750191,True,True,Phi-4-mini (zero-shot),True,True
1125,False,False,0.0953744798898696,0.1140471469999937,False,False,Phi-4-mini (zero-shot),True,True
1126,False,False,0.0302243139594793,0.0947785404999876,False,False,Phi-4-mini (zero-shot),True,True
1127,True,False,0.9975281357765198,0.1140471469999937,True,True,Phi-4-mini (zero-shot),True,True
1128,True,False,0.9967275857925416,0.0947785404999876,True,True,Phi-4-mini (zero-shot),True,True
1129,True,False,0.9983522891998292,0.0947785404999876,True,True,Phi-4-mini (zero-shot),True,True
1130,True,False,0.9911547899246216,0.0947785404999876,True,True,Phi-4-mini (zero-shot),True,True
1131,True,False,0.5622290372848511,0.0947785404999876,True,True,Phi-4-mini (zero-shot),True,True
1132,False,False,0.1192413792014122,0.0947785404999876,False,True,Phi-4-mini (zero-shot),True,False
1133,True,False,0.9996647834777832,0.0947785404999876,True,True,Phi-4-mini (zero-shot),True,True
1134,False,False,0.0002379091456532,0.0947785404999876,False,False,Phi-4-mini (zero-shot),True,True
1135,True,False,0.0601103492081165,0.0856077990000017,False,False,Phi-4-mini (zero-shot),False,False
1136,True,False,0.8479982614517212,0.0856077990000017,True,True,Phi-4-mini (zero-shot),True,True
1137,True,False,0.9987552165985109,0.0856077990000017,True,True,Phi-4-mini (zero-shot),True,True
1138,True,False,0.9998148083686828,0.0856077990000017,True,True,Phi-4-mini (zero-shot),True,True
1139,True,False,0.9989352822303772,0.0856077990000017,True,True,Phi-4-mini (zero-shot),True,True
1140,True,False,0.771922767162323,0.0856077990000017,True,True,Phi-4-mini (zero-shot),True,True
1141,False,False,0.001367291319184,0.0856077990000017,False,False,Phi-4-mini (zero-shot),True,True
1142,True,False,0.9993738532066344,0.0856077990000017,True,True,Phi-4-mini (zero-shot),True,True
1143,True,False,0.9867814183235168,0.1023662879999847,True,True,Phi-4-mini (zero-shot),True,True
1144,True,False,0.5775995850563049,0.1023662879999847,True,True,Phi-4-mini (zero-shot),True,True
1145,True,False,0.0875998064875602,0.1023662879999847,False,False,Phi-4-mini (zero-shot),False,False
1146,False,False,0.0179949030280113,0.1023662879999847,False,False,Phi-4-mini (zero-shot),True,True
1147,False,False,0.0015981558244675,0.1023662879999847,False,False,Phi-4-mini (zero-shot),True,True
1148,True,False,0.7663462162017822,0.1023662879999847,True,True,Phi-4-mini (zero-shot),True,True
1149,True,False,0.6298457384109497,0.1023662879999847,True,True,Phi-4-mini (zero-shot),True,True
1150,False,False,0.0003460575535427,0.1140471469999937,False,False,Phi-4-mini (zero-shot),True,True
1151,True,False,0.9149234890937804,0.1023662879999847,True,True,Phi-4-mini (zero-shot),True,True
1152,True,False,0.6859995722770691,0.0972099873750096,True,True,Phi-4-mini (zero-shot),True,True
1153,False,False,7.726110197836533e-05,0.0972099873750096,False,False,Phi-4-mini (zero-shot),True,True
1154,True,False,0.1160209476947784,0.0972099873750096,False,True,Phi-4-mini (zero-shot),False,True
1155,True,False,0.9965168237686156,0.0972099873750096,True,True,Phi-4-mini (zero-shot),True,True
1156,True,False,0.9993122816085817,0.0972099873750096,True,True,Phi-4-mini (zero-shot),True,True
1157,False,False,0.0011698935413733,0.0972099873750096,False,False,Phi-4-mini (zero-shot),True,True
1158,True,False,0.9196560978889464,0.0972099873750096,True,True,Phi-4-mini (zero-shot),True,True
1159,True,False,0.9990602135658264,0.0972099873750096,True,True,Phi-4-mini (zero-shot),True,True
1160,False,False,0.9971110820770264,0.1226573186250163,True,True,Phi-4-mini (zero-shot),False,False
1161,True,False,0.9988666772842408,0.1140471469999937,True,True,Phi-4-mini (zero-shot),True,True
1162,True,False,0.1920108944177627,0.1226573186250163,False,True,Phi-4-mini (zero-shot),False,True
1163,True,False,0.9935141801834106,0.1226573186250163,True,True,Phi-4-mini (zero-shot),True,True
1164,True,False,0.00885193888098,0.1140471469999937,False,False,Phi-4-mini (zero-shot),False,False
1165,True,False,0.985501766204834,0.1226573186250163,True,True,Phi-4-mini (zero-shot),True,True
1166,True,False,0.9921850562095642,0.1226573186250163,True,True,Phi-4-mini (zero-shot),True,True
1167,True,False,0.3923914134502411,0.1226573186250163,False,True,Phi-4-mini (zero-shot),False,True
1168,True,False,0.0759322866797447,0.1226573186250163,False,False,Phi-4-mini (zero-shot),False,False
1169,True,False,0.9998148083686828,0.1226573186250163,True,True,Phi-4-mini (zero-shot),True,True
1170,True,False,0.9124636054039,0.0735800446250039,True,True,Phi-4-mini (zero-shot),True,True
1171,False,False,0.0331099070608615,0.0735800446250039,False,False,Phi-4-mini (zero-shot),True,True
1172,False,False,0.0550245195627212,0.0735800446250039,False,False,Phi-4-mini (zero-shot),True,True
1173,True,False,0.9955320358276368,0.0735800446250039,True,True,Phi-4-mini (zero-shot),True,True
1174,False,False,0.8872298002243042,0.1140471469999937,True,True,Phi-4-mini (zero-shot),False,False
1175,True,False,0.9755805134773254,0.0735800446250039,True,True,Phi-4-mini (zero-shot),True,True
1176,True,False,0.9994118213653564,0.0735800446250039,True,True,Phi-4-mini (zero-shot),True,True
1177,False,False,0.9841002225875854,0.0735800446250039,True,True,Phi-4-mini (zero-shot),False,False
1178,True,False,0.1160010024905204,0.0735800446250039,False,True,Phi-4-mini (zero-shot),False,True
1179,True,False,0.9996200799942015,0.1619789477500148,True,True,Phi-4-mini (zero-shot),True,True
1180,True,False,0.2069848179817199,0.1619789477500148,False,True,Phi-4-mini (zero-shot),False,True
1181,True,False,0.9867801070213318,0.1619789477500148,True,True,Phi-4-mini (zero-shot),True,True
1182,True,False,0.2942941784858703,0.1619789477500148,False,True,Phi-4-mini (zero-shot),False,True
1183,True,False,0.979674756526947,0.1619789477500148,True,True,Phi-4-mini (zero-shot),True,True
1184,True,False,0.9993334412574768,0.1619789477500148,True,True,Phi-4-mini (zero-shot),True,True
1185,True,False,0.9998644590377808,0.1619789477500148,True,True,Phi-4-mini (zero-shot),True,True
1186,True,False,0.9971110820770264,0.1619789477500148,True,True,Phi-4-mini (zero-shot),True,True
1187,False,False,0.0007323598838411,0.1288826633749806,False,False,Phi-4-mini (zero-shot),True,True
1188,True,False,0.9591684341430664,0.1288826633749806,True,True,Phi-4-mini (zero-shot),True,True
1189,False,False,0.0009405924938619,0.1288826633749806,False,False,Phi-4-mini (zero-shot),True,True
1190,False,False,0.0136419171467423,0.1140471469999937,False,False,Phi-4-mini (zero-shot),True,True
1191,True,False,0.5234916806221008,0.1288826633749806,True,True,Phi-4-mini (zero-shot),True,True
1192,True,False,0.6514025330543518,0.1140471469999937,True,True,Phi-4-mini (zero-shot),True,True
1193,True,False,0.8840814828872681,0.1288826633749806,True,True,Phi-4-mini (zero-shot),True,True
1194,True,False,0.5545119047164917,0.1288826633749806,True,True,Phi-4-mini (zero-shot),True,True
1195,False,False,0.0132265547290444,0.1288826633749806,False,False,Phi-4-mini (zero-shot),True,True
1196,True,False,0.0716216340661048,0.0970207476250095,False,False,Phi-4-mini (zero-shot),False,False
1197,True,False,0.9867794513702391,0.1288826633749806,True,True,Phi-4-mini (zero-shot),True,True
1198,True,False,0.5000553131103516,0.1275400167500038,False,True,Phi-4-mini (zero-shot),False,True
1199,True,False,0.972420871257782,0.1275400167500038,True,True,Phi-4-mini (zero-shot),True,True
1200,True,False,0.6724627614021301,0.0970207476250095,True,True,Phi-4-mini (zero-shot),True,True
1201,True,False,0.9987934827804564,0.0970207476250095,True,True,Phi-4-mini (zero-shot),True,True
1202,True,False,0.9893507361412048,0.1275400167500038,True,True,Phi-4-mini (zero-shot),True,True
1203,True,False,0.1689051389694214,0.1275400167500038,False,True,Phi-4-mini (zero-shot),False,True
1204,False,False,0.0851358771324157,0.1275400167500038,False,False,Phi-4-mini (zero-shot),True,True
1205,False,False,0.0026323851197957,0.1275400167500038,False,False,Phi-4-mini (zero-shot),True,True
1206,True,False,0.0583871454000473,0.1275400167500038,False,False,Phi-4-mini (zero-shot),False,False
1207,False,False,0.9947815537452698,0.1275400167500038,True,True,Phi-4-mini (zero-shot),False,False
1208,True,False,0.9697892069816588,0.0732072813749766,True,True,Phi-4-mini (zero-shot),True,True
1209,True,False,0.924167275428772,0.0732072813749766,True,True,Phi-4-mini (zero-shot),True,True
1210,False,False,0.0216315537691116,0.0732072813749766,False,False,Phi-4-mini (zero-shot),True,True
1211,False,False,0.0005359623464755,0.0732072813749766,False,False,Phi-4-mini (zero-shot),True,True
1212,False,False,0.1259689629077911,0.0732072813749766,False,True,Phi-4-mini (zero-shot),True,False
1213,True,False,0.9972856044769288,0.0732072813749766,True,True,Phi-4-mini (zero-shot),True,True
1214,True,False,0.9928796887397766,0.0732072813749766,True,True,Phi-4-mini (zero-shot),True,True
1215,True,False,0.9988669157028198,0.0732072813749766,True,True,Phi-4-mini (zero-shot),True,True
1216,True,False,0.6860480308532715,0.1493607318749923,True,True,Phi-4-mini (zero-shot),True,True
1217,True,False,0.9879496097564696,0.0970207476250095,True,True,Phi-4-mini (zero-shot),True,True
1218,False,False,0.0293203741312026,0.1493607318749923,False,False,Phi-4-mini (zero-shot),True,True
1219,True,False,0.9924249649047852,0.1493607318749923,True,True,Phi-4-mini (zero-shot),True,True
1220,False,False,0.0244330000132322,0.1493607318749923,False,False,Phi-4-mini (zero-shot),True,True
1221,False,False,0.0012452939990907,0.1493607318749923,False,False,Phi-4-mini (zero-shot),True,True
1222,True,False,0.9924236536026,0.0970207476250095,True,True,Phi-4-mini (zero-shot),True,True
1223,True,False,0.5852057933807373,0.1493607318749923,True,True,Phi-4-mini (zero-shot),True,True
1224,True,False,0.9893486499786376,0.1493607318749923,True,True,Phi-4-mini (zero-shot),True,True
1225,True,False,0.98360013961792,0.1493607318749923,True,True,Phi-4-mini (zero-shot),True,True
1226,False,False,0.0042005502618849,0.0970207476250095,False,False,Phi-4-mini (zero-shot),True,True
1227,True,False,0.9987553358078004,0.1005992544999969,True,True,Phi-4-mini (zero-shot),True,True
1228,False,False,0.0737277865409851,0.1005992544999969,False,False,Phi-4-mini (zero-shot),True,True
1229,True,False,0.9986751675605774,0.1005992544999969,True,True,Phi-4-mini (zero-shot),True,True
1230,False,False,0.0002165853366022,0.1005992544999969,False,False,Phi-4-mini (zero-shot),True,True
1231,True,False,0.9959302544593812,0.1005992544999969,True,True,Phi-4-mini (zero-shot),True,True
1232,True,False,0.5469262599945068,0.1005992544999969,True,True,Phi-4-mini (zero-shot),True,True
1233,False,False,0.2751905918121338,0.1005992544999969,False,True,Phi-4-mini (zero-shot),True,False
1234,False,False,0.0023973602801561,0.1005992544999969,False,False,Phi-4-mini (zero-shot),True,True
1235,False,False,0.0803876370191574,0.0952652039999861,False,False,Phi-4-mini (zero-shot),True,True
1236,False,False,0.0001686791219981,0.0952652039999861,False,False,Phi-4-mini (zero-shot),True,True
1237,False,False,0.0006880793371237,0.0952652039999861,False,False,Phi-4-mini (zero-shot),True,True
1238,True,False,0.0875860974192619,0.0952652039999861,False,False,Phi-4-mini (zero-shot),False,False
1239,False,False,0.0038266354240477,0.0952652039999861,False,False,Phi-4-mini (zero-shot),True,True
1240,False,False,0.4922386407852173,0.0952652039999861,False,True,Phi-4-mini (zero-shot),True,False
1241,False,False,0.0244351811707019,0.0970207476250095,False,False,Phi-4-mini (zero-shot),True,True
1242,True,False,0.9875727891921996,0.0952652039999861,True,True,Phi-4-mini (zero-shot),True,True
1243,False,False,0.0191382821649312,0.0952652039999861,False,False,Phi-4-mini (zero-shot),True,True
1244,False,False,0.0311571843922138,0.1077673983749889,False,False,Phi-4-mini (zero-shot),True,True
1245,True,False,0.9985455274581908,0.0970207476250095,True,True,Phi-4-mini (zero-shot),True,True
1246,True,False,0.9073750376701356,0.1144219058750053,True,True,Phi-4-mini (zero-shot),True,True
1247,True,False,0.622561514377594,0.1077673983749889,True,True,Phi-4-mini (zero-shot),True,True
1248,False,False,0.0637311562895774,0.1077673983749889,False,False,Phi-4-mini (zero-shot),True,True
1249,True,False,0.9996850490570068,0.1077673983749889,True,True,Phi-4-mini (zero-shot),True,True
1250,True,False,0.998793601989746,0.1077673983749889,True,True,Phi-4-mini (zero-shot),True,True
1251,True,False,0.9978846907615662,0.1077673983749889,True,True,Phi-4-mini (zero-shot),True,True
1252,True,False,0.4768118560314178,0.1077673983749889,False,True,Phi-4-mini (zero-shot),False,True
1253,False,False,0.0026329159736633,0.1077673983749889,False,False,Phi-4-mini (zero-shot),True,True
1254,True,False,0.9994117021560668,0.1144219058750053,True,True,Phi-4-mini (zero-shot),True,True
1255,True,False,0.0460454635322093,0.1144219058750053,False,False,Phi-4-mini (zero-shot),False,False
1256,False,False,0.0049071935936808,0.1144219058750053,False,False,Phi-4-mini (zero-shot),True,True
1257,False,False,0.6723922491073608,0.1709411509999938,True,True,Phi-4-mini (zero-shot),False,False
1258,True,False,0.9997766613960266,0.1709411509999938,True,True,Phi-4-mini (zero-shot),True,True
1259,True,False,0.863422691822052,0.1709411509999938,True,True,Phi-4-mini (zero-shot),True,True
1260,False,False,0.0044705057516694,0.1709411509999938,False,False,Phi-4-mini (zero-shot),True,True
1261,True,False,0.945007622241974,0.1144219058750053,True,True,Phi-4-mini (zero-shot),True,True
1262,True,False,0.4302071630954742,0.1709411509999938,False,True,Phi-4-mini (zero-shot),False,True
1263,True,False,0.997019350528717,0.1709411509999938,True,True,Phi-4-mini (zero-shot),True,True
1264,False,False,0.0060998280532658,0.1709411509999938,False,False,Phi-4-mini (zero-shot),True,True
1265,False,False,0.1225478202104568,0.1709411509999938,False,True,Phi-4-mini (zero-shot),True,False
1266,False,False,0.017998544499278,0.1256972693749958,False,False,Phi-4-mini (zero-shot),True,True
1267,True,False,0.334673523902893,0.1256972693749958,False,True,Phi-4-mini (zero-shot),False,True
1268,False,False,0.0004730834334623,0.1256972693749958,False,False,Phi-4-mini (zero-shot),True,True
1269,False,False,0.3924077749252319,0.1256972693749958,False,True,Phi-4-mini (zero-shot),True,False
1270,False,False,0.8933523297309875,0.1144219058750053,True,True,Phi-4-mini (zero-shot),False,False
1271,True,False,0.9980736970901488,0.1256972693749958,True,True,Phi-4-mini (zero-shot),True,True
1272,False,False,0.0003921644238289,0.1256972693749958,False,False,Phi-4-mini (zero-shot),True,True
1273,True,False,0.6513972878456116,0.1144219058750053,True,True,Phi-4-mini (zero-shot),True,True
1274,False,False,0.0044695381075143,0.1256972693749958,False,False,Phi-4-mini (zero-shot),True,True
1275,False,False,0.006492746528238,0.1256972693749958,False,False,Phi-4-mini (zero-shot),True,True
1276,True,False,0.9637967348098756,0.1144219058750053,True,True,Phi-4-mini (zero-shot),True,True
1277,True,False,0.9991443157196044,0.1061326243749931,True,True,Phi-4-mini (zero-shot),True,True
1278,True,False,0.0737442001700401,0.1061326243749931,False,False,Phi-4-mini (zero-shot),False,False
1279,True,False,0.8933301568031311,0.1061326243749931,True,True,Phi-4-mini (zero-shot),True,True
1280,True,False,0.9971994161605836,0.1061326243749931,True,True,Phi-4-mini (zero-shot),True,True
1281,False,False,0.0013260727282613,0.1061326243749931,False,False,Phi-4-mini (zero-shot),True,True
1282,True,False,0.4610594511032104,0.1061326243749931,False,True,Phi-4-mini (zero-shot),False,True
1283,True,False,0.9669201970100404,0.1061326243749931,True,True,Phi-4-mini (zero-shot),True,True
1284,False,False,0.5157409310340881,0.1061326243749931,True,True,Phi-4-mini (zero-shot),False,False
1285,False,False,0.3703792989253998,0.1201399511250258,False,True,Phi-4-mini (zero-shot),True,False
1286,True,False,0.8903288245201111,0.1201399511250258,True,True,Phi-4-mini (zero-shot),True,True
1287,True,False,0.8903347849845886,0.1201399511250258,True,True,Phi-4-mini (zero-shot),True,True
1288,False,False,0.0017017264617606,0.1201399511250258,False,False,Phi-4-mini (zero-shot),True,True
1289,False,False,0.0069087571464478,0.093946891249999,False,False,Phi-4-mini (zero-shot),True,True
1290,True,False,0.0384879261255264,0.1201399511250258,False,False,Phi-4-mini (zero-shot),False,False
1291,True,False,0.629875123500824,0.1201399511250258,True,True,Phi-4-mini (zero-shot),True,True
1292,False,False,0.002183489035815,0.1201399511250258,False,False,Phi-4-mini (zero-shot),True,True
1293,True,False,0.2628943026065826,0.1201399511250258,False,True,Phi-4-mini (zero-shot),False,True
1294,True,False,0.9919393658638,0.1448214058750068,True,True,Phi-4-mini (zero-shot),True,True
1295,True,False,0.9944459199905396,0.1448214058750068,True,True,Phi-4-mini (zero-shot),True,True
1296,False,False,0.0071224812418222,0.1448214058750068,False,False,Phi-4-mini (zero-shot),True,True
1297,True,False,0.9995694756507874,0.1448214058750068,True,True,Phi-4-mini (zero-shot),True,True
1298,True,False,0.9953906536102296,0.1448214058750068,True,True,Phi-4-mini (zero-shot),True,True
1299,True,False,0.9802895188331604,0.093946891249999,True,True,Phi-4-mini (zero-shot),True,True
1300,True,False,0.6927126049995422,0.1448214058750068,True,True,Phi-4-mini (zero-shot),True,True
1301,True,False,0.9669204354286194,0.1448214058750068,True,True,Phi-4-mini (zero-shot),True,True
1302,False,False,0.0351522229611873,0.1448214058750068,False,False,Phi-4-mini (zero-shot),True,True
1303,False,False,0.0222939997911453,0.1270936687500068,False,False,Phi-4-mini (zero-shot),True,True
1304,True,False,0.0600987188518047,0.1270936687500068,False,False,Phi-4-mini (zero-shot),False,False
1305,False,False,0.1192630231380462,0.1270936687500068,False,True,Phi-4-mini (zero-shot),True,False
1306,True,False,0.9899892807006836,0.1270936687500068,True,True,Phi-4-mini (zero-shot),True,True
1307,False,False,0.0010651899501681,0.1270936687500068,False,False,Phi-4-mini (zero-shot),True,True
1308,True,False,0.9979496598243712,0.1270936687500068,True,True,Phi-4-mini (zero-shot),True,True
1309,True,False,0.9993333220481871,0.1270936687500068,True,True,Phi-4-mini (zero-shot),True,True
1310,True,False,0.0038254426326602,0.1270936687500068,False,False,Phi-4-mini (zero-shot),False,False
1311,True,False,0.0145076690241694,0.1062256326250121,False,False,Phi-4-mini (zero-shot),False,False
1312,True,False,0.99728524684906,0.1062256326250121,True,True,Phi-4-mini (zero-shot),True,True
1313,True,False,0.9921858310699464,0.1062256326250121,True,True,Phi-4-mini (zero-shot),True,True
1314,True,False,0.9991705417633056,0.1062256326250121,True,True,Phi-4-mini (zero-shot),True,True
1315,True,False,0.9679181575775146,0.1062256326250121,True,True,Phi-4-mini (zero-shot),True,True
1316,False,False,0.0018107969081029,0.093946891249999,False,False,Phi-4-mini (zero-shot),True,True
1317,True,False,0.9344301819801332,0.1062256326250121,True,True,Phi-4-mini (zero-shot),True,True
1318,False,False,0.0758865252137184,0.093946891249999,False,False,Phi-4-mini (zero-shot),True,True
1319,True,False,0.98028302192688,0.1062256326250121,True,True,Phi-4-mini (zero-shot),True,True
1320,True,False,0.9997040629386902,0.1062256326250121,True,True,Phi-4-mini (zero-shot),True,True
1321,True,False,0.9988665580749512,0.1030945331250166,True,True,Phi-4-mini (zero-shot),True,True
1322,True,False,0.99992036819458,0.1030945331250166,True,True,Phi-4-mini (zero-shot),True,True
1323,True,False,0.8670502305030823,0.093946891249999,True,True,Phi-4-mini (zero-shot),True,True
1324,True,False,0.5699639320373535,0.1030945331250166,True,True,Phi-4-mini (zero-shot),True,True
1325,False,False,0.0229924470186233,0.1030945331250166,False,False,Phi-4-mini (zero-shot),True,True
1326,False,False,0.256944864988327,0.1030945331250166,False,True,Phi-4-mini (zero-shot),True,False
1327,True,False,0.4845277667045593,0.1030945331250166,False,True,Phi-4-mini (zero-shot),False,True
1328,False,False,0.0008831838495098,0.1030945331250166,False,False,Phi-4-mini (zero-shot),True,True
1329,True,False,0.9989017248153688,0.1030945331250166,True,True,Phi-4-mini (zero-shot),True,True
1330,True,False,0.9960557222366332,0.127744894375013,True,True,Phi-4-mini (zero-shot),True,True
1331,False,False,0.0447000861167907,0.127744894375013,False,False,Phi-4-mini (zero-shot),True,True
1332,True,False,0.1871814429759979,0.093946891249999,False,True,Phi-4-mini (zero-shot),False,True
1333,False,False,0.0001273562083952,0.093946891249999,False,False,Phi-4-mini (zero-shot),True,True
1334,False,False,0.0031732618808746,0.127744894375013,False,False,Phi-4-mini (zero-shot),True,True
1335,True,False,0.7372106313705444,0.127744894375013,True,True,Phi-4-mini (zero-shot),True,True
1336,True,False,0.0737267434597015,0.093946891249999,False,False,Phi-4-mini (zero-shot),False,False
1337,True,False,0.29428231716156,0.127744894375013,False,True,Phi-4-mini (zero-shot),False,True
1338,True,False,0.8311778903007507,0.127744894375013,True,True,Phi-4-mini (zero-shot),True,True
1339,True,False,0.951172173023224,0.127744894375013,True,True,Phi-4-mini (zero-shot),True,True
1340,True,False,0.967906653881073,0.1153570710000053,True,True,Phi-4-mini (zero-shot),True,True
1341,False,False,0.01856629550457,0.127744894375013,False,False,Phi-4-mini (zero-shot),True,True
1342,True,False,0.9830871820449828,0.132650254500021,True,True,Phi-4-mini (zero-shot),True,True
1343,True,False,0.4844591617584228,0.132650254500021,False,True,Phi-4-mini (zero-shot),False,True
1344,False,False,0.5467986464500427,0.132650254500021,True,True,Phi-4-mini (zero-shot),False,False
1345,False,False,0.0010325654875487,0.132650254500021,False,False,Phi-4-mini (zero-shot),True,True
1346,True,False,0.9659180641174316,0.1153570710000053,True,True,Phi-4-mini (zero-shot),True,True
1347,True,False,0.222737118601799,0.1153570710000053,False,True,Phi-4-mini (zero-shot),False,True
1348,True,False,0.9997305274009703,0.132650254500021,True,True,Phi-4-mini (zero-shot),True,True
1349,True,False,0.9996079802513124,0.132650254500021,True,True,Phi-4-mini (zero-shot),True,True
1350,False,False,0.0078175449743866,0.132650254500021,False,False,Phi-4-mini (zero-shot),True,True
1351,True,False,0.999713122844696,0.132650254500021,True,True,Phi-4-mini (zero-shot),True,True
1352,True,False,0.0675769746303558,0.0849514987500015,False,False,Phi-4-mini (zero-shot),False,False
1353,False,False,0.000216610947973,0.1153570710000053,False,False,Phi-4-mini (zero-shot),True,True
1354,True,False,0.3417498171329498,0.0849514987500015,False,True,Phi-4-mini (zero-shot),False,True
1355,True,False,0.9997695088386536,0.1153570710000053,True,True,Phi-4-mini (zero-shot),True,True
1356,False,False,0.0029825863894075,0.0849514987500015,False,False,Phi-4-mini (zero-shot),True,True
1357,True,False,0.8808286786079407,0.1153570710000053,True,True,Phi-4-mini (zero-shot),True,True
1358,False,False,0.3702609837055206,0.0849514987500015,False,True,Phi-4-mini (zero-shot),True,False
1359,False,False,0.8032244443893433,0.1153570710000053,True,True,Phi-4-mini (zero-shot),False,False
1360,False,False,0.2121331989765167,0.1153570710000053,False,True,Phi-4-mini (zero-shot),True,False
1361,True,False,0.672382116317749,0.0849514987500015,True,True,Phi-4-mini (zero-shot),True,True
1362,True,False,0.9976771473884584,0.0849514987500015,True,True,Phi-4-mini (zero-shot),True,True
1363,False,False,0.0004583722911775,0.083275063000002,False,False,Phi-4-mini (zero-shot),True,True
1364,False,False,0.0002533340593799,0.0849514987500015,False,False,Phi-4-mini (zero-shot),True,True
1365,False,False,0.017999218776822,0.0849514987500015,False,False,Phi-4-mini (zero-shot),True,True
1366,False,False,0.0029825863894075,0.1424049764999893,False,False,Phi-4-mini (zero-shot),True,True
1367,True,False,0.9996850490570068,0.1424049764999893,True,True,Phi-4-mini (zero-shot),True,True
1368,False,False,0.0005706811207346,0.1424049764999893,False,False,Phi-4-mini (zero-shot),True,True
1369,True,False,0.3208836615085602,0.1424049764999893,False,True,Phi-4-mini (zero-shot),False,True
1370,False,False,0.1872110366821289,0.1424049764999893,False,True,Phi-4-mini (zero-shot),True,False
1371,True,False,6.816250242991373e-05,0.1424049764999893,False,False,Phi-4-mini (zero-shot),False,False
1372,False,False,0.0018110247328877,0.1424049764999893,False,False,Phi-4-mini (zero-shot),True,True
1373,True,False,0.9993929862976074,0.1424049764999893,True,True,Phi-4-mini (zero-shot),True,True
1374,True,False,0.4456624388694763,0.1037962610000136,False,True,Phi-4-mini (zero-shot),False,True
1375,True,False,0.9992903470993042,0.1037962610000136,True,True,Phi-4-mini (zero-shot),True,True
1376,True,False,0.8355212807655334,0.1037962610000136,True,True,Phi-4-mini (zero-shot),True,True
1377,False,False,0.0057325293309986,0.083275063000002,False,False,Phi-4-mini (zero-shot),True,True
1378,True,False,0.9790390133857728,0.1037962610000136,True,True,Phi-4-mini (zero-shot),True,True
1379,True,False,0.998715877532959,0.1037962610000136,True,True,Phi-4-mini (zero-shot),True,True
1380,True,False,0.1160100027918815,0.1037962610000136,False,True,Phi-4-mini (zero-shot),False,True
1381,False,False,0.0100178066641092,0.1037962610000136,False,False,Phi-4-mini (zero-shot),True,True
1382,False,False,0.0025514948647469,0.1037962610000136,False,False,Phi-4-mini (zero-shot),True,True
1383,True,False,0.9916894435882568,0.144501471500007,True,True,Phi-4-mini (zero-shot),True,True
1384,False,False,0.1067389622330665,0.144501471500007,False,True,Phi-4-mini (zero-shot),True,False
1385,True,False,0.9928820133209229,0.144501471500007,True,True,Phi-4-mini (zero-shot),True,True
1386,True,False,0.998190462589264,0.144501471500007,True,True,Phi-4-mini (zero-shot),True,True
1387,False,False,0.9481663703918456,0.144501471500007,True,True,Phi-4-mini (zero-shot),False,False
1388,False,False,0.9770320653915404,0.144501471500007,True,True,Phi-4-mini (zero-shot),False,False
1389,True,False,0.0927278846502304,0.144501471500007,False,False,Phi-4-mini (zero-shot),False,False
1390,False,False,0.0052224043756723,0.083275063000002,False,False,Phi-4-mini (zero-shot),True,True
1391,False,False,0.0016488156979903,0.144501471500007,False,False,Phi-4-mini (zero-shot),True,True
1392,True,False,0.9732449054718018,0.083275063000002,True,True,Phi-4-mini (zero-shot),True,True
1393,False,False,0.0062928115949034,0.1761267421250067,False,False,Phi-4-mini (zero-shot),True,True
1394,True,False,0.7718884944915771,0.1761267421250067,True,True,Phi-4-mini (zero-shot),True,True
1395,False,False,0.0035951051395386,0.1761267421250067,False,False,Phi-4-mini (zero-shot),True,True
1396,True,False,0.9985452890396118,0.083275063000002,True,True,Phi-4-mini (zero-shot),True,True
1397,True,False,0.9896767735481262,0.1761267421250067,True,True,Phi-4-mini (zero-shot),True,True
1398,True,True,0.999117076396942,0.1761267421250067,True,True,Phi-4-mini (zero-shot),True,True
1399,False,False,0.0421086475253105,0.1761267421250067,False,False,Phi-4-mini (zero-shot),True,True
1400,True,False,0.9615431427955629,0.1761267421250067,True,True,Phi-4-mini (zero-shot),True,True
1401,False,False,0.0362372398376464,0.083275063000002,False,False,Phi-4-mini (zero-shot),True,True
1402,False,False,0.029325695708394,0.1761267421250067,False,False,Phi-4-mini (zero-shot),True,True
1403,False,False,0.0007554747280664,0.1075624803749804,False,False,Phi-4-mini (zero-shot),True,True
1404,True,False,0.9980126619338988,0.1075624803749804,True,True,Phi-4-mini (zero-shot),True,True
1405,False,False,0.0073492489755153,0.1075624803749804,False,False,Phi-4-mini (zero-shot),True,True
1406,True,False,0.9911564588546752,0.083275063000002,True,True,Phi-4-mini (zero-shot),True,True
1407,True,False,0.2509658634662628,0.1075624803749804,False,True,Phi-4-mini (zero-shot),False,True
1408,True,False,0.7880254983901978,0.1075624803749804,True,True,Phi-4-mini (zero-shot),True,True
1409,True,False,0.999713122844696,0.1468092186250089,True,True,Phi-4-mini (zero-shot),True,True
1410,True,False,0.6077395081520081,0.1075624803749804,True,True,Phi-4-mini (zero-shot),True,True
1411,False,False,0.001284665428102,0.1075624803749804,False,False,Phi-4-mini (zero-shot),True,True
1412,True,False,0.1067978963255882,0.1075624803749804,False,True,Phi-4-mini (zero-shot),False,True
1413,True,False,0.8081175088882446,0.1194179532500072,True,True,Phi-4-mini (zero-shot),True,True
1414,True,False,0.4456652402877807,0.1194179532500072,False,True,Phi-4-mini (zero-shot),False,True
1415,False,False,0.0132235195487737,0.1194179532500072,False,False,Phi-4-mini (zero-shot),True,True
1416,True,False,0.9875691533088684,0.1194179532500072,True,True,Phi-4-mini (zero-shot),True,True
1417,True,False,0.9830875992774964,0.1194179532500072,True,True,Phi-4-mini (zero-shot),True,True
1418,True,False,0.9961769580841064,0.1194179532500072,True,True,Phi-4-mini (zero-shot),True,True
1419,True,False,0.9928795695304872,0.1194179532500072,True,True,Phi-4-mini (zero-shot),True,True
1420,True,False,0.2453667372465133,0.1194179532500072,False,True,Phi-4-mini (zero-shot),False,True
1421,False,False,0.0020512589253485,0.1506149023749969,False,False,Phi-4-mini (zero-shot),True,True
1422,False,False,0.0362379029393196,0.1506149023749969,False,False,Phi-4-mini (zero-shot),True,True
1423,False,False,0.6927037239074707,0.083275063000002,True,True,Phi-4-mini (zero-shot),False,False
1424,True,False,0.9591591954231262,0.1506149023749969,True,True,Phi-4-mini (zero-shot),True,True
1425,True,False,0.9566522240638732,0.1506149023749969,True,True,Phi-4-mini (zero-shot),True,True
1426,True,False,0.8741037249565125,0.1506149023749969,True,True,Phi-4-mini (zero-shot),True,True
1427,False,False,6.20575956418179e-05,0.1506149023749969,False,False,Phi-4-mini (zero-shot),True,True
1428,True,False,0.9886702299118042,0.1468092186250089,True,True,Phi-4-mini (zero-shot),True,True
1429,True,False,0.2690584361553192,0.1506149023749969,False,True,Phi-4-mini (zero-shot),False,True
1430,False,False,0.0011340831406414,0.1666647482499996,False,False,Phi-4-mini (zero-shot),True,True
1431,True,False,0.7773322463035583,0.1506149023749969,True,True,Phi-4-mini (zero-shot),True,True
1432,True,False,0.3278002738952636,0.1317219873750161,False,True,Phi-4-mini (zero-shot),False,True
1433,True,False,0.5623164176940918,0.1317219873750161,True,True,Phi-4-mini (zero-shot),True,True
1434,True,False,0.4923616647720337,0.1317219873750161,False,True,Phi-4-mini (zero-shot),False,True
1435,False,False,0.0002099247212754,0.1317219873750161,False,False,Phi-4-mini (zero-shot),True,True
1436,True,False,0.994616448879242,0.1317219873750161,True,True,Phi-4-mini (zero-shot),True,True
1437,True,False,0.0100192064419388,0.1317219873750161,False,False,Phi-4-mini (zero-shot),False,False
1438,False,False,0.0028020355384796,0.1317219873750161,False,False,Phi-4-mini (zero-shot),True,True
1439,False,False,0.022294333204627,0.1317219873750161,False,False,Phi-4-mini (zero-shot),True,True
1440,True,False,0.9850448966026306,0.1227943291249857,True,True,Phi-4-mini (zero-shot),True,True
1441,True,False,0.9980734586715698,0.1227943291249857,True,True,Phi-4-mini (zero-shot),True,True
1442,False,False,0.0001355652493657,0.1227943291249857,False,False,Phi-4-mini (zero-shot),True,True
1443,True,False,0.969794511795044,0.1227943291249857,True,True,Phi-4-mini (zero-shot),True,True
1444,True,False,0.6860143542289734,0.1227943291249857,True,True,Phi-4-mini (zero-shot),True,True
1445,True,False,0.569927453994751,0.1227943291249857,True,True,Phi-4-mini (zero-shot),True,True
1446,False,False,0.0046114977449178,0.1227943291249857,False,False,Phi-4-mini (zero-shot),True,True
1447,True,False,0.9591661095619202,0.1227943291249857,True,True,Phi-4-mini (zero-shot),True,True
1448,True,False,0.7607506513595581,0.1666647482499996,True,True,Phi-4-mini (zero-shot),True,True
1449,False,False,0.0002235365391243,0.0999446672500141,False,False,Phi-4-mini (zero-shot),True,True
1450,True,False,0.0953767746686935,0.0999446672500141,False,False,Phi-4-mini (zero-shot),False,False
1451,False,False,0.0737152844667434,0.0999446672500141,False,False,Phi-4-mini (zero-shot),True,True
1452,True,False,0.1366439312696457,0.0999446672500141,False,True,Phi-4-mini (zero-shot),False,True
1453,False,False,0.0251890495419502,0.0999446672500141,False,False,Phi-4-mini (zero-shot),True,True
1454,True,False,0.0302214045077562,0.0999446672500141,False,False,Phi-4-mini (zero-shot),False,False
1455,False,False,0.0043330648913979,0.0999446672500141,False,False,Phi-4-mini (zero-shot),True,True
1456,False,False,0.0013253808720037,0.0999446672500141,False,False,Phi-4-mini (zero-shot),True,True
1457,False,False,0.0136417113244533,0.1256232228749922,False,False,Phi-4-mini (zero-shot),True,True
1458,True,False,0.9989997744560242,0.1666647482499996,True,True,Phi-4-mini (zero-shot),True,True
1459,False,False,0.0001634952495805,0.1256232228749922,False,False,Phi-4-mini (zero-shot),True,True
1460,False,False,0.0010326756164431,0.1256232228749922,False,False,Phi-4-mini (zero-shot),True,True
1461,True,False,0.9706992506980896,0.1256232228749922,True,True,Phi-4-mini (zero-shot),True,True
1462,True,False,0.2629468142986297,0.1256232228749922,False,True,Phi-4-mini (zero-shot),False,True
1463,False,False,0.0003460668085608,0.1256232228749922,False,False,Phi-4-mini (zero-shot),True,True
1464,True,False,0.9196639657020568,0.1666647482499996,True,True,Phi-4-mini (zero-shot),True,True
1465,True,False,0.981459140777588,0.1256232228749922,True,True,Phi-4-mini (zero-shot),True,True
1466,True,False,0.2751829922199249,0.1256232228749922,False,True,Phi-4-mini (zero-shot),False,True
1467,False,False,0.0002960541751235,0.1251470727499963,False,False,Phi-4-mini (zero-shot),True,True
1468,True,False,0.6298243999481201,0.1666647482499996,True,True,Phi-4-mini (zero-shot),True,True
1469,True,False,0.99692565202713,0.1666647482499996,True,True,Phi-4-mini (zero-shot),True,True
1470,False,False,0.0737356022000312,0.1251470727499963,False,False,Phi-4-mini (zero-shot),True,True
1471,False,False,0.0408609583973884,0.1666647482499996,False,False,Phi-4-mini (zero-shot),True,True
1472,True,False,0.9466042518615724,0.1468092186250089,True,True,Phi-4-mini (zero-shot),True,True
1473,True,False,0.9553259015083312,0.1251470727499963,True,True,Phi-4-mini (zero-shot),True,True
1474,False,False,0.0030762704554945,0.1251470727499963,False,False,Phi-4-mini (zero-shot),True,True
1475,True,False,0.995802104473114,0.1251470727499963,True,True,Phi-4-mini (zero-shot),True,True
1476,True,False,0.9996947050094604,0.1251470727499963,True,True,Phi-4-mini (zero-shot),True,True
1477,False,False,0.001170013914816,0.1251470727499963,False,False,Phi-4-mini (zero-shot),True,True
1478,True,False,0.9979496598243712,0.1666647482499996,True,True,Phi-4-mini (zero-shot),True,True
1479,True,False,0.999841570854187,0.1214657103749914,True,True,Phi-4-mini (zero-shot),True,True
1480,True,False,0.9994117021560668,0.1214657103749914,True,True,Phi-4-mini (zero-shot),True,True
1481,True,False,0.8596808314323425,0.1251470727499963,True,True,Phi-4-mini (zero-shot),True,True
1482,False,False,0.0203386601060628,0.1241990313750136,False,False,Phi-4-mini (zero-shot),True,True
1483,True,False,0.2751654982566833,0.1241990313750136,False,True,Phi-4-mini (zero-shot),False,True
1484,True,False,0.907338559627533,0.1241990313750136,True,True,Phi-4-mini (zero-shot),True,True
1485,True,False,0.6298199892044067,0.1214657103749914,True,True,Phi-4-mini (zero-shot),True,True
1486,True,False,0.0330948904156684,0.1241990313750136,False,False,Phi-4-mini (zero-shot),False,False
1487,True,False,0.9946170449256896,0.1241990313750136,True,True,Phi-4-mini (zero-shot),True,True
1488,True,False,0.0293328613042831,0.1241990313750136,False,False,Phi-4-mini (zero-shot),False,False
1489,False,False,0.0827424973249435,0.1241990313750136,False,False,Phi-4-mini (zero-shot),True,True
1490,False,False,0.9047229290008544,0.1241990313750136,True,True,Phi-4-mini (zero-shot),False,False
1491,False,False,0.8841010332107544,0.1028321918749952,True,True,Phi-4-mini (zero-shot),False,False
1492,True,False,0.9965170621871948,0.1214657103749914,True,True,Phi-4-mini (zero-shot),True,True
1493,True,False,0.0302307978272438,0.1028321918749952,False,False,Phi-4-mini (zero-shot),False,False
1494,False,False,0.001245180144906,0.1028321918749952,False,False,Phi-4-mini (zero-shot),True,True
1495,True,False,0.9908753633499146,0.1028321918749952,True,True,Phi-4-mini (zero-shot),True,True
1496,True,False,0.9219553470611572,0.1028321918749952,True,True,Phi-4-mini (zero-shot),True,True
1497,True,False,0.9241797924041748,0.1028321918749952,True,True,Phi-4-mini (zero-shot),True,True
1498,True,False,0.9763244390487672,0.1214657103749914,True,True,Phi-4-mini (zero-shot),True,True
1499,True,False,0.0064917621202766,0.1028321918749952,False,False,Phi-4-mini (zero-shot),False,False
1500,True,False,0.9958023428916932,0.1028321918749952,True,True,Phi-4-mini (zero-shot),True,True
1501,True,False,0.9996947050094604,0.1016996272500136,True,True,Phi-4-mini (zero-shot),True,True
1502,False,False,0.0004443843499757,0.1016996272500136,False,False,Phi-4-mini (zero-shot),True,True
1503,False,False,0.0174507889896631,0.1016996272500136,False,False,Phi-4-mini (zero-shot),True,True
1504,True,False,0.996517300605774,0.1016996272500136,True,True,Phi-4-mini (zero-shot),True,True
1505,True,False,0.9972853660583496,0.1016996272500136,True,True,Phi-4-mini (zero-shot),True,True
1506,False,False,0.0003572307177819,0.1016996272500136,False,False,Phi-4-mini (zero-shot),True,True
1507,False,False,0.6443098783493042,0.1214657103749914,True,True,Phi-4-mini (zero-shot),False,False
1508,False,False,0.0031735394150018,0.1016996272500136,False,False,Phi-4-mini (zero-shot),True,True
1509,True,False,0.546840250492096,0.1016996272500136,True,True,Phi-4-mini (zero-shot),True,True
1510,True,False,0.9802846908569336,0.0865189673749853,True,True,Phi-4-mini (zero-shot),True,True
1511,True,False,0.9802866578102112,0.0865189673749853,True,True,Phi-4-mini (zero-shot),True,True
1512,True,False,0.9603726267814636,0.0865189673749853,True,True,Phi-4-mini (zero-shot),True,True
1513,True,False,0.26906219124794,0.0865189673749853,False,True,Phi-4-mini (zero-shot),False,True
1514,False,False,0.972417950630188,0.0865189673749853,True,True,Phi-4-mini (zero-shot),False,False
1515,True,False,0.9966241121292114,0.0865189673749853,True,True,Phi-4-mini (zero-shot),True,True
1516,True,False,0.3998757302761078,0.1214657103749914,False,True,Phi-4-mini (zero-shot),False,True
1517,False,False,0.001368161290884,0.0865189673749853,False,False,Phi-4-mini (zero-shot),True,True
1518,False,False,0.0003801004495471,0.0865189673749853,False,False,Phi-4-mini (zero-shot),True,True
1519,True,False,0.9802885055541992,0.1186299240000039,True,True,Phi-4-mini (zero-shot),True,True
1520,False,False,0.0236998852342367,0.1186299240000039,False,False,Phi-4-mini (zero-shot),True,True
1521,True,False,0.9993929862976074,0.1186299240000039,True,True,Phi-4-mini (zero-shot),True,True
1522,False,False,0.0014107614988461,0.1186299240000039,False,False,Phi-4-mini (zero-shot),True,True
1523,False,False,0.0002780914073809,0.1186299240000039,False,False,Phi-4-mini (zero-shot),True,True
1524,True,False,0.9971996545791626,0.1186299240000039,True,True,Phi-4-mini (zero-shot),True,True
1525,True,False,0.9777215123176576,0.1186299240000039,True,True,Phi-4-mini (zero-shot),True,True
1526,True,False,0.936292290687561,0.1214657103749914,True,True,Phi-4-mini (zero-shot),True,True
1527,True,False,0.6370784640312195,0.1186299240000039,True,True,Phi-4-mini (zero-shot),True,True
1528,True,False,0.798248827457428,0.0852597656250111,True,True,Phi-4-mini (zero-shot),True,True
1529,True,False,0.9971994161605836,0.0852597656250111,True,True,Phi-4-mini (zero-shot),True,True
1530,False,False,0.0014555229572579,0.0852597656250111,False,False,Phi-4-mini (zero-shot),True,True
1531,True,False,0.0460548475384712,0.0852597656250111,False,False,Phi-4-mini (zero-shot),False,False
1532,False,False,0.0803746655583381,0.0852597656250111,False,False,Phi-4-mini (zero-shot),True,True
1533,False,False,0.3208670020103454,0.0852597656250111,False,True,Phi-4-mini (zero-shot),True,False
1534,False,False,0.003708662232384,0.0852597656250111,False,False,Phi-4-mini (zero-shot),True,True
1535,True,False,0.997817873954773,0.0852597656250111,True,True,Phi-4-mini (zero-shot),True,True
1536,True,False,0.1008986979722976,0.1249368065000169,False,True,Phi-4-mini (zero-shot),False,True
1537,False,False,0.0044701835140585,0.1249368065000169,False,False,Phi-4-mini (zero-shot),True,True
1538,True,False,0.9968277812004088,0.1249368065000169,True,True,Phi-4-mini (zero-shot),True,True
1539,True,False,0.8267850279808044,0.1249368065000169,True,True,Phi-4-mini (zero-shot),True,True
1540,True,False,0.0534314960241317,0.1249368065000169,False,False,Phi-4-mini (zero-shot),False,False
1541,True,False,0.0017556771636009,0.1249368065000169,False,False,Phi-4-mini (zero-shot),False,False
1542,True,False,0.2174322605133056,0.1249368065000169,False,True,Phi-4-mini (zero-shot),False,True
1543,False,False,0.0244334526360034,0.1249368065000169,False,False,Phi-4-mini (zero-shot),True,True
1544,True,False,0.9899875521659852,0.1317548600000009,True,True,Phi-4-mini (zero-shot),True,True
1545,True,False,0.2751761376857757,0.1000271732499982,False,True,Phi-4-mini (zero-shot),False,True
1546,False,False,0.0025518152397125,0.1317548600000009,False,False,Phi-4-mini (zero-shot),True,True
1547,True,False,0.3924205005168915,0.1317548600000009,False,True,Phi-4-mini (zero-shot),False,True
1548,True,False,0.5156922936439514,0.1317548600000009,True,True,Phi-4-mini (zero-shot),True,True
1549,False,False,0.0010653564240783,0.1317548600000009,False,False,Phi-4-mini (zero-shot),True,True
1550,False,False,0.0037087327800691,0.1317548600000009,False,False,Phi-4-mini (zero-shot),True,True
1551,True,False,0.0781177133321762,0.1317548600000009,False,False,Phi-4-mini (zero-shot),False,False
1552,True,False,0.99115389585495,0.1317548600000009,True,True,Phi-4-mini (zero-shot),True,True
1553,False,False,0.3630468249320984,0.1084854301250004,False,True,Phi-4-mini (zero-shot),True,False
1554,True,False,0.0030762120150029,0.1084854301250004,False,False,Phi-4-mini (zero-shot),False,False
1555,True,False,0.992425799369812,0.1000271732499982,True,True,Phi-4-mini (zero-shot),True,True
1556,False,False,0.4226172864437103,0.1084854301250004,False,True,Phi-4-mini (zero-shot),True,False
1557,False,False,6.608137482544407e-05,0.1084854301250004,False,False,Phi-4-mini (zero-shot),True,True
1558,False,False,0.8596862554550171,0.1084854301250004,True,True,Phi-4-mini (zero-shot),False,False
1559,True,False,0.7879770994186401,0.1084854301250004,True,True,Phi-4-mini (zero-shot),True,True
1560,True,False,0.9263191223144532,0.1084854301250004,True,True,Phi-4-mini (zero-shot),True,True
1561,True,False,0.6298502087593079,0.1084854301250004,True,True,Phi-4-mini (zero-shot),True,True
1562,False,False,0.0446982979774475,0.1289439206250051,False,False,Phi-4-mini (zero-shot),True,True
1563,True,False,0.999713122844696,0.1289439206250051,True,True,Phi-4-mini (zero-shot),True,True
1564,True,False,0.9977485537528992,0.1289439206250051,True,True,Phi-4-mini (zero-shot),True,True
1565,True,False,0.0518629066646099,0.1289439206250051,False,False,Phi-4-mini (zero-shot),False,False
1566,False,False,0.0028047333471477,0.1289439206250051,False,False,Phi-4-mini (zero-shot),True,True
1567,True,False,0.0078200604766607,0.1289439206250051,False,False,Phi-4-mini (zero-shot),False,False
1568,True,False,0.7123127579689026,0.1289439206250051,True,True,Phi-4-mini (zero-shot),True,True
1569,True,False,0.9961757659912108,0.1289439206250051,True,True,Phi-4-mini (zero-shot),True,True
1570,False,False,0.0071239373646676,0.1000271732499982,False,False,Phi-4-mini (zero-shot),True,True
1571,False,False,0.0040713129565119,0.1102400233750131,False,False,Phi-4-mini (zero-shot),True,True
1572,False,False,0.0128301493823528,0.1102400233750131,False,False,Phi-4-mini (zero-shot),True,True
1573,True,False,0.9987553358078004,0.1102400233750131,True,True,Phi-4-mini (zero-shot),True,True
1574,False,False,0.9241982102394104,0.1102400233750131,True,True,Phi-4-mini (zero-shot),False,False
1575,True,False,0.997199773788452,0.1102400233750131,True,True,Phi-4-mini (zero-shot),True,True
1576,False,False,0.0021163476631045,0.1102400233750131,False,False,Phi-4-mini (zero-shot),True,True
1577,True,False,0.7880420684814453,0.1102400233750131,True,True,Phi-4-mini (zero-shot),True,True
1578,True,False,0.9755818843841552,0.1102400233750131,True,True,Phi-4-mini (zero-shot),True,True
1579,False,False,0.0028910101391375,0.0956445404999897,False,False,Phi-4-mini (zero-shot),True,True
1580,True,False,0.9976772665977478,0.0956445404999897,True,True,Phi-4-mini (zero-shot),True,True
1581,True,False,0.9946163296699524,0.0956445404999897,True,True,Phi-4-mini (zero-shot),True,True
1582,True,False,0.4302633106708526,0.0956445404999897,False,True,Phi-4-mini (zero-shot),False,True
1583,False,False,0.0001234200026374,0.0956445404999897,False,False,Phi-4-mini (zero-shot),True,True
1584,True,False,0.0804093554615974,0.0956445404999897,False,False,Phi-4-mini (zero-shot),False,False
1585,True,False,0.9902936220169068,0.1000271732499982,True,True,Phi-4-mini (zero-shot),True,True
1586,True,False,0.9955320358276368,0.0956445404999897,True,True,Phi-4-mini (zero-shot),True,True
1587,False,False,0.010330687277019,0.0956445404999897,False,False,Phi-4-mini (zero-shot),True,True
1588,False,False,0.0002532278012949,0.0946262278749827,False,False,Phi-4-mini (zero-shot),True,True
1589,True,False,0.0018107763025909,0.0946262278749827,False,False,Phi-4-mini (zero-shot),False,False
1590,True,False,0.4689141511917114,0.1000271732499982,False,True,Phi-4-mini (zero-shot),False,True
1591,True,False,0.9890143275260924,0.0946262278749827,True,True,Phi-4-mini (zero-shot),True,True
1592,False,False,0.1645479351282119,0.0946262278749827,False,True,Phi-4-mini (zero-shot),True,False
1593,True,False,0.0132291940972208,0.0946262278749827,False,False,Phi-4-mini (zero-shot),False,False
1594,False,False,0.013226106762886,0.0946262278749827,False,False,Phi-4-mini (zero-shot),True,True
1595,True,False,0.9985899329185486,0.0946262278749827,True,True,Phi-4-mini (zero-shot),True,True
1596,True,False,0.9046785235404968,0.1000271732499982,True,True,Phi-4-mini (zero-shot),True,True
1597,False,False,0.0311543084681034,0.0946262278749827,False,False,Phi-4-mini (zero-shot),True,True
1598,False,False,0.1366398930549621,0.1186130654999999,False,True,Phi-4-mini (zero-shot),True,False
1599,True,False,0.1872133463621139,0.1186130654999999,False,True,Phi-4-mini (zero-shot),False,True
1600,True,False,0.7664582133293152,0.1186130654999999,True,True,Phi-4-mini (zero-shot),True,True
1601,True,False,0.4844467341899872,0.1000271732499982,False,True,Phi-4-mini (zero-shot),False,True
1602,False,False,0.0025520676281303,0.1186130654999999,False,False,Phi-4-mini (zero-shot),True,True
1603,False,False,0.0001488816196797,0.1000271732499982,False,False,Phi-4-mini (zero-shot),True,True
1604,False,False,0.307439237833023,0.1186130654999999,False,True,Phi-4-mini (zero-shot),True,False
1605,True,False,0.9997546076774596,0.1186130654999999,True,True,Phi-4-mini (zero-shot),True,True
1606,True,False,0.9928805828094482,0.079770636500001,True,True,Phi-4-mini (zero-shot),True,True
1607,True,False,0.987183690071106,0.1186130654999999,True,True,Phi-4-mini (zero-shot),True,True
1608,True,False,0.9989998936653136,0.079770636500001,True,True,Phi-4-mini (zero-shot),True,True
1609,False,False,0.0197237748652696,0.1186130654999999,False,False,Phi-4-mini (zero-shot),True,True
1610,True,False,0.9977491497993468,0.0990668871250193,True,True,Phi-4-mini (zero-shot),True,True
1611,True,False,0.2943290472030639,0.0990668871250193,False,True,Phi-4-mini (zero-shot),False,True
1612,False,False,0.0002234513085568,0.0990668871250193,False,False,Phi-4-mini (zero-shot),True,True
1613,False,False,0.0002099759731208,0.0990668871250193,False,False,Phi-4-mini (zero-shot),True,True
1614,True,False,0.999713122844696,0.0990668871250193,True,True,Phi-4-mini (zero-shot),True,True
1615,False,False,0.0180032663047313,0.079770636500001,False,False,Phi-4-mini (zero-shot),True,True
1616,True,False,0.9998944997787476,0.0990668871250193,True,True,Phi-4-mini (zero-shot),True,True
1617,False,False,0.0028019819874316,0.0990668871250193,False,False,Phi-4-mini (zero-shot),True,True
1618,False,False,0.2751867771148681,0.0990668871250193,False,True,Phi-4-mini (zero-shot),True,False
1619,True,False,0.9969249367713928,0.1541669046249865,True,True,Phi-4-mini (zero-shot),True,True
1620,False,False,0.0149653498083353,0.1541669046249865,False,False,Phi-4-mini (zero-shot),True,True
1621,True,False,0.5313024520874023,0.1541669046249865,True,True,Phi-4-mini (zero-shot),True,True
1622,True,False,0.9974499344825744,0.1541669046249865,True,True,Phi-4-mini (zero-shot),True,True
1623,True,False,0.999738872051239,0.079770636500001,True,True,Phi-4-mini (zero-shot),True,True
1624,True,False,0.0851305276155471,0.1541669046249865,False,False,Phi-4-mini (zero-shot),False,False
1625,True,False,0.0758720859885215,0.1541669046249865,False,False,Phi-4-mini (zero-shot),False,False
1626,False,False,0.009711337275803,0.1541669046249865,False,False,Phi-4-mini (zero-shot),True,True
1627,True,False,0.9511487483978271,0.079770636500001,True,True,Phi-4-mini (zero-shot),True,True
1628,True,False,0.997199296951294,0.1541669046249865,True,True,Phi-4-mini (zero-shot),True,True
1629,True,False,0.2814742624759674,0.0729509778750241,False,True,Phi-4-mini (zero-shot),False,True
1630,True,False,0.9433639049530028,0.079770636500001,True,True,Phi-4-mini (zero-shot),True,True
1631,True,False,0.98145592212677,0.0729509778750241,True,True,Phi-4-mini (zero-shot),True,True
1632,True,False,0.1778621822595596,0.0729509778750241,False,True,Phi-4-mini (zero-shot),False,True
1633,True,False,0.8741427063941956,0.0729509778750241,True,True,Phi-4-mini (zero-shot),True,True
1634,True,False,0.9893524050712584,0.079770636500001,True,True,Phi-4-mini (zero-shot),True,True
1635,True,False,0.9978179931640624,0.0729509778750241,True,True,Phi-4-mini (zero-shot),True,True
1636,True,False,0.1968798786401748,0.079770636500001,False,True,Phi-4-mini (zero-shot),False,True
1637,True,False,0.9381328821182252,0.0729509778750241,True,True,Phi-4-mini (zero-shot),True,True
1638,False,False,0.3776186406612396,0.0729509778750241,False,True,Phi-4-mini (zero-shot),True,False
1639,False,False,5.8305497077526525e-05,0.0729509778750241,False,False,Phi-4-mini (zero-shot),True,True
1640,True,False,0.8872637748718262,0.0960199342500089,True,True,Phi-4-mini (zero-shot),True,True
1641,True,False,0.9996750354766846,0.0960199342500089,True,True,Phi-4-mini (zero-shot),True,True
1642,False,False,0.0927246809005737,0.0960660844999949,False,False,Phi-4-mini (zero-shot),True,True
1643,True,False,0.9173431992530824,0.0960660844999949,True,True,Phi-4-mini (zero-shot),True,True
1644,False,False,0.0003251201414968,0.0960660844999949,False,False,Phi-4-mini (zero-shot),True,True
1645,True,False,0.9993929862976074,0.0960660844999949,True,True,Phi-4-mini (zero-shot),True,True
1646,True,False,0.997368574142456,0.0960660844999949,True,True,Phi-4-mini (zero-shot),True,True
1647,True,False,0.9940912127494812,0.0960660844999949,True,True,Phi-4-mini (zero-shot),True,True
1648,False,False,0.1067509576678276,0.0960660844999949,False,True,Phi-4-mini (zero-shot),True,False
1649,True,False,0.989348530769348,0.0960660844999949,True,True,Phi-4-mini (zero-shot),True,True
1650,False,False,0.8311998248100281,0.1009101133749936,True,True,Phi-4-mini (zero-shot),False,False
1651,True,False,0.0100188292562961,0.1009101133749936,False,False,Phi-4-mini (zero-shot),False,False
1652,False,False,0.003827755106613,0.1009101133749936,False,False,Phi-4-mini (zero-shot),True,True
1653,False,False,0.0012845773017033,0.1009101133749936,False,False,Phi-4-mini (zero-shot),True,True
1654,False,False,0.5157237648963928,0.1009101133749936,True,True,Phi-4-mini (zero-shot),False,False
1655,True,False,0.9981325268745422,0.1009101133749936,True,True,Phi-4-mini (zero-shot),True,True
1656,False,False,0.0100186392664909,0.1009101133749936,False,False,Phi-4-mini (zero-shot),True,True
1657,True,False,0.6860036849975586,0.1009101133749936,True,True,Phi-4-mini (zero-shot),True,True
1658,True,False,0.9241623878479004,0.0960199342500089,True,True,Phi-4-mini (zero-shot),True,True
1659,False,False,0.0003054584085475,0.1746635102500136,False,False,Phi-4-mini (zero-shot),True,True
1660,True,False,0.9875723123550416,0.1746635102500136,True,True,Phi-4-mini (zero-shot),True,True
1661,True,True,0.1442091017961502,0.1746635102500136,False,True,Phi-4-mini (zero-shot),False,True
1662,True,False,0.9911534190177916,0.1746635102500136,True,True,Phi-4-mini (zero-shot),True,True
1663,True,False,0.9993929862976074,0.0960199342500089,True,True,Phi-4-mini (zero-shot),True,True
1664,True,False,0.0758942887187004,0.1746635102500136,False,False,Phi-4-mini (zero-shot),False,False
1665,True,False,0.9919400811195374,0.0960199342500089,True,True,Phi-4-mini (zero-shot),True,True
1666,False,False,0.3208711743354797,0.1746635102500136,False,True,Phi-4-mini (zero-shot),True,False
1667,True,False,0.934403359889984,0.1746635102500136,True,True,Phi-4-mini (zero-shot),True,True
1668,False,False,0.0026348398532718,0.1746635102500136,False,False,Phi-4-mini (zero-shot),True,True
1669,False,False,4.401008118293248e-05,0.0960199342500089,False,False,Phi-4-mini (zero-shot),True,True
1670,True,False,0.921941876411438,0.0960199342500089,True,True,Phi-4-mini (zero-shot),True,True
1671,True,False,0.999762237071991,0.0834821821250102,True,True,Phi-4-mini (zero-shot),True,True
1672,True,False,0.782719612121582,0.0834821821250102,True,True,Phi-4-mini (zero-shot),True,True
1673,False,False,0.0064919348806142,0.0834821821250102,False,False,Phi-4-mini (zero-shot),True,True
1674,False,False,0.0005194217083044,0.0834821821250102,False,False,Phi-4-mini (zero-shot),True,True
1675,False,False,0.0009112595580518,0.0834821821250102,False,False,Phi-4-mini (zero-shot),True,True
1676,True,False,0.0460543408989906,0.1506667154999945,False,False,Phi-4-mini (zero-shot),False,False
1677,True,False,0.982016146183014,0.0960199342500089,True,True,Phi-4-mini (zero-shot),True,True
1678,True,False,0.9937121868133544,0.0834821821250102,True,True,Phi-4-mini (zero-shot),True,True
1679,False,False,0.0017549350159242,0.0834821821250102,False,False,Phi-4-mini (zero-shot),True,True
1680,True,False,0.9986329674720764,0.0834821821250102,True,True,Phi-4-mini (zero-shot),True,True
1681,True,True,0.4767176508903503,0.1798617386250214,False,True,Phi-4-mini (zero-shot),False,True
1682,True,False,0.999089241027832,0.1798617386250214,True,True,Phi-4-mini (zero-shot),True,True
1683,False,False,0.0008300003246404,0.1798617386250214,False,False,Phi-4-mini (zero-shot),True,True
1684,False,False,0.000216610947973,0.1798617386250214,False,False,Phi-4-mini (zero-shot),True,True
1685,False,False,0.8355275392532349,0.1798617386250214,True,True,Phi-4-mini (zero-shot),False,False
1686,False,False,0.0097139058634638,0.1798617386250214,False,False,Phi-4-mini (zero-shot),True,True
1687,True,False,0.2878350615501404,0.1798617386250214,False,True,Phi-4-mini (zero-shot),False,True
1688,True,False,0.9777178764343262,0.1798617386250214,True,True,Phi-4-mini (zero-shot),True,True
1689,True,False,0.9984514713287354,0.1286676720000059,True,True,Phi-4-mini (zero-shot),True,True
1690,False,False,0.0009112422121688,0.1286676720000059,False,False,Phi-4-mini (zero-shot),True,True
1691,False,False,0.0026327755767852,0.1286676720000059,False,False,Phi-4-mini (zero-shot),True,True
1692,True,False,0.0078188180923461,0.1286676720000059,False,False,Phi-4-mini (zero-shot),False,False
1693,True,False,0.4611447155475616,0.1286676720000059,False,True,Phi-4-mini (zero-shot),False,True
1694,True,False,0.9724221229553224,0.1286676720000059,True,True,Phi-4-mini (zero-shot),True,True
1695,True,False,0.9998148083686828,0.1010853129999986,True,True,Phi-4-mini (zero-shot),True,True
1696,True,False,0.998715877532959,0.1286676720000059,True,True,Phi-4-mini (zero-shot),True,True
1697,False,False,0.4303072690963745,0.1286676720000059,False,True,Phi-4-mini (zero-shot),True,False
1698,False,False,0.087597981095314,0.1266336206250002,False,False,Phi-4-mini (zero-shot),True,True
1699,True,False,0.9924236536026,0.1266336206250002,True,True,Phi-4-mini (zero-shot),True,True
1700,True,False,0.9124644994735718,0.1266336206250002,True,True,Phi-4-mini (zero-shot),True,True
1701,False,False,0.0035947503056377,0.1266336206250002,False,False,Phi-4-mini (zero-shot),True,True
1702,True,False,0.9825615882873536,0.1266336206250002,True,True,Phi-4-mini (zero-shot),True,True
1703,True,False,0.5776135921478271,0.1266336206250002,True,True,Phi-4-mini (zero-shot),True,True
1704,True,False,0.0174503326416015,0.1266336206250002,False,False,Phi-4-mini (zero-shot),False,False
1705,True,False,0.0030770311132073,0.1010853129999986,False,False,Phi-4-mini (zero-shot),False,False
1706,True,False,0.8267604112625122,0.1266336206250002,True,True,Phi-4-mini (zero-shot),True,True
1707,False,False,0.0007795473211444,0.1268453264999891,False,False,Phi-4-mini (zero-shot),True,True
1708,False,False,0.2451930046081543,0.1268453264999891,False,True,Phi-4-mini (zero-shot),True,False
1709,True,False,0.9899879097938538,0.1268453264999891,True,True,Phi-4-mini (zero-shot),True,True
1710,False,False,0.5622609853744507,0.1268453264999891,True,True,Phi-4-mini (zero-shot),False,False
1711,False,False,0.2630259394645691,0.1268453264999891,False,True,Phi-4-mini (zero-shot),True,False
1712,False,False,0.0222915913909673,0.1268453264999891,False,False,Phi-4-mini (zero-shot),True,True
1713,True,False,0.9985899329185486,0.1268453264999891,True,True,Phi-4-mini (zero-shot),True,True
1714,False,False,0.0159142147749662,0.1268453264999891,False,False,Phi-4-mini (zero-shot),True,True
1715,False,False,3.764348366530612e-05,0.1249895237500027,False,False,Phi-4-mini (zero-shot),True,True
1716,True,False,0.9995418787002563,0.1506667154999945,True,True,Phi-4-mini (zero-shot),True,True
1717,False,False,0.0116914883255958,0.1249895237500027,False,False,Phi-4-mini (zero-shot),True,True
1718,False,False,0.0284437276422977,0.1249895237500027,False,False,Phi-4-mini (zero-shot),True,True
1719,True,False,0.5698807239532471,0.1249895237500027,True,True,Phi-4-mini (zero-shot),True,True
1720,True,False,0.9978851675987244,0.1010853129999986,True,True,Phi-4-mini (zero-shot),True,True
1721,True,False,0.9984519481658936,0.1249895237500027,True,True,Phi-4-mini (zero-shot),True,True
1722,False,False,0.0015014224918559,0.1249895237500027,False,False,Phi-4-mini (zero-shot),True,True
1723,True,False,0.9591724872589112,0.1249895237500027,True,True,Phi-4-mini (zero-shot),True,True
1724,True,False,0.6724543571472168,0.1249895237500027,True,True,Phi-4-mini (zero-shot),True,True
1725,False,False,0.8903359174728394,0.1682557358749932,True,True,Phi-4-mini (zero-shot),False,False
1726,True,False,0.8903136253356934,0.1682557358749932,True,True,Phi-4-mini (zero-shot),True,True
1727,True,False,0.9830915331840516,0.1682557358749932,True,True,Phi-4-mini (zero-shot),True,True
1728,True,False,0.0047584865242242,0.1682557358749932,False,False,Phi-4-mini (zero-shot),False,False
1729,True,False,0.9992679953575134,0.1010853129999986,True,True,Phi-4-mini (zero-shot),True,True
1730,True,False,0.2878585159778595,0.1682557358749932,False,True,Phi-4-mini (zero-shot),False,True
1731,True,False,0.0927243530750274,0.1682557358749932,False,False,Phi-4-mini (zero-shot),False,False
1732,True,False,0.0259762704372406,0.1682557358749932,False,False,Phi-4-mini (zero-shot),False,False
1733,True,False,0.8991953730583191,0.1682557358749932,True,True,Phi-4-mini (zero-shot),True,True
1734,True,False,0.9937113523483276,0.1073367514999859,True,True,Phi-4-mini (zero-shot),True,True
1735,False,False,0.0420992635190486,0.1073367514999859,False,False,Phi-4-mini (zero-shot),True,True
1736,True,False,0.9919384121894836,0.1010853129999986,True,True,Phi-4-mini (zero-shot),True,True
1737,True,False,0.9993539452552797,0.1073367514999859,True,True,Phi-4-mini (zero-shot),True,True
1738,False,False,0.3776123821735382,0.1073367514999859,False,True,Phi-4-mini (zero-shot),True,False
1739,True,False,0.995245635509491,0.1073367514999859,True,True,Phi-4-mini (zero-shot),True,True
1740,True,False,0.7931366562843323,0.1073367514999859,True,True,Phi-4-mini (zero-shot),True,True
1741,True,False,0.9914239048957824,0.1073367514999859,True,True,Phi-4-mini (zero-shot),True,True
1742,False,False,0.0341095998883247,0.1073367514999859,False,False,Phi-4-mini (zero-shot),True,True
1743,True,False,0.8903299570083618,0.1259474472499846,True,True,Phi-4-mini (zero-shot),True,True
1744,False,False,0.9972858428955078,0.1259474472499846,True,True,Phi-4-mini (zero-shot),False,False
1745,False,False,0.1561672091484069,0.1259474472499846,False,True,Phi-4-mini (zero-shot),True,False
1746,True,False,0.5079358220100403,0.1259474472499846,True,True,Phi-4-mini (zero-shot),True,True
1747,False,False,0.0284482631832361,0.1259474472499846,False,False,Phi-4-mini (zero-shot),True,True
1748,True,False,0.7372032999992371,0.1010853129999986,True,True,Phi-4-mini (zero-shot),True,True
1749,False,False,0.0001234298833878,0.1259474472499846,False,False,Phi-4-mini (zero-shot),True,True
1750,False,False,0.0004881697532255,0.1259474472499846,False,False,Phi-4-mini (zero-shot),True,True
1751,True,False,0.991685390472412,0.1259474472499846,True,True,Phi-4-mini (zero-shot),True,True
1752,False,False,0.0073496936820447,0.1010853129999986,False,False,Phi-4-mini (zero-shot),True,True
1753,True,False,0.99774831533432,0.1019448687499959,True,True,Phi-4-mini (zero-shot),True,True
1754,True,False,0.9566400051116944,0.1019448687499959,True,True,Phi-4-mini (zero-shot),True,True
1755,True,False,0.092727243900299,0.1019448687499959,False,False,Phi-4-mini (zero-shot),False,False
1756,True,False,0.998830497264862,0.1019448687499959,True,True,Phi-4-mini (zero-shot),True,True
1757,True,False,0.0164093114435672,0.1019448687499959,False,False,Phi-4-mini (zero-shot),False,False
1758,True,False,0.966928780078888,0.1019448687499959,True,True,Phi-4-mini (zero-shot),True,True
1759,True,False,0.6517428755760193,0.1010853129999986,True,True,Phi-4-mini (zero-shot),True,True
1760,True,False,0.0534123927354812,0.1019448687499959,False,False,Phi-4-mini (zero-shot),False,False
1761,True,False,0.9960556030273438,0.1019448687499959,True,True,Phi-4-mini (zero-shot),True,True
1762,True,False,0.5078833699226379,0.123178009875005,True,True,Phi-4-mini (zero-shot),True,True
1763,True,False,0.9969250559806824,0.123178009875005,True,True,Phi-4-mini (zero-shot),True,True
1764,True,False,0.3075050413608551,0.1188970035000096,False,True,Phi-4-mini (zero-shot),False,True
1765,True,False,0.9955326318740844,0.123178009875005,True,True,Phi-4-mini (zero-shot),True,True
1766,True,False,0.9946162104606628,0.123178009875005,True,True,Phi-4-mini (zero-shot),True,True
1767,False,False,0.0022532960865646,0.123178009875005,False,False,Phi-4-mini (zero-shot),True,True
1768,True,False,0.992185652256012,0.123178009875005,True,True,Phi-4-mini (zero-shot),True,True
1769,True,False,0.999836564064026,0.123178009875005,True,True,Phi-4-mini (zero-shot),True,True
1770,True,False,0.9893484115600586,0.123178009875005,True,True,Phi-4-mini (zero-shot),True,True
1771,True,False,0.9984025359153748,0.1200121893750179,True,True,Phi-4-mini (zero-shot),True,True
1772,True,False,0.3277372121810913,0.1200121893750179,False,True,Phi-4-mini (zero-shot),False,True
1773,True,False,0.9969249367713928,0.1200121893750179,True,True,Phi-4-mini (zero-shot),True,True
1774,False,False,0.0047582881525158,0.1188970035000096,False,False,Phi-4-mini (zero-shot),True,True
1775,False,False,0.000346093205735,0.1200121893750179,False,False,Phi-4-mini (zero-shot),True,True
1776,True,False,0.8634501099586487,0.1200121893750179,True,True,Phi-4-mini (zero-shot),True,True
1777,False,False,0.0043355342932045,0.1200121893750179,False,False,Phi-4-mini (zero-shot),True,True
1778,False,False,0.0002100184065056,0.1200121893750179,False,False,Phi-4-mini (zero-shot),True,True
1779,True,False,0.4378967583179474,0.1200121893750179,False,True,Phi-4-mini (zero-shot),False,True
1780,True,False,0.9942702054977416,0.1188970035000096,True,True,Phi-4-mini (zero-shot),True,True
1781,False,False,0.0446912944316864,0.1175701711250098,False,False,Phi-4-mini (zero-shot),True,True
1782,True,False,0.9679082036018372,0.1175701711250098,True,True,Phi-4-mini (zero-shot),True,True
1783,False,False,0.0384853854775428,0.1175701711250098,False,False,Phi-4-mini (zero-shot),True,True
1784,True,False,0.1521084755659103,0.1175701711250098,False,True,Phi-4-mini (zero-shot),False,True
1785,True,False,0.9971107244491576,0.1175701711250098,True,True,Phi-4-mini (zero-shot),True,True
1786,True,False,0.9648699164390564,0.1175701711250098,True,True,Phi-4-mini (zero-shot),True,True
1787,True,False,0.0781328231096267,0.1175701711250098,False,False,Phi-4-mini (zero-shot),False,False
1788,False,False,0.0088486252352595,0.1175701711250098,False,False,Phi-4-mini (zero-shot),True,True
1789,False,False,0.0005359419155865,0.1241120526249801,False,False,Phi-4-mini (zero-shot),True,True
1790,False,False,0.0001089251600205,0.1241120526249801,False,False,Phi-4-mini (zero-shot),True,True
1791,True,False,0.9960551261901855,0.1188970035000096,True,True,Phi-4-mini (zero-shot),True,True
1792,True,False,0.8706299066543579,0.1241120526249801,True,True,Phi-4-mini (zero-shot),True,True
1793,True,False,0.0981029495596885,0.1241120526249801,False,False,Phi-4-mini (zero-shot),False,False
1794,True,False,0.6654657125473022,0.1241120526249801,True,True,Phi-4-mini (zero-shot),True,True
1795,False,False,0.0011698177549988,0.1241120526249801,False,False,Phi-4-mini (zero-shot),True,True
1796,False,False,0.6792261004447937,0.1188970035000096,True,True,Phi-4-mini (zero-shot),False,False
1797,True,False,0.999868631362915,0.1188970035000096,True,True,Phi-4-mini (zero-shot),True,True
1798,True,False,0.999268114566803,0.1241120526249801,True,True,Phi-4-mini (zero-shot),True,True
1799,True,False,0.9958017468452454,0.1188970035000096,True,True,Phi-4-mini (zero-shot),True,True
1800,True,False,0.8520139455795288,0.1188970035000096,True,True,Phi-4-mini (zero-shot),True,True
1801,True,False,0.9850475788116456,0.1241120526249801,True,True,Phi-4-mini (zero-shot),True,True
1802,True,False,0.9099438786506652,0.1249873069999978,True,True,Phi-4-mini (zero-shot),True,True
1803,True,False,0.9867786169052124,0.1249873069999978,True,True,Phi-4-mini (zero-shot),True,True
1804,False,False,0.0216204989701509,0.1249873069999978,False,False,Phi-4-mini (zero-shot),True,True
1805,False,False,0.2509680092334747,0.1249873069999978,False,True,Phi-4-mini (zero-shot),True,False
1806,False,False,0.0003251238667871,0.1249873069999978,False,False,Phi-4-mini (zero-shot),True,True
1807,True,False,0.9962937235832214,0.1249873069999978,True,True,Phi-4-mini (zero-shot),True,True
1808,True,False,0.9990602135658264,0.1249873069999978,True,True,Phi-4-mini (zero-shot),True,True
1809,False,False,0.006693510338664,0.1249873069999978,False,False,Phi-4-mini (zero-shot),True,True
1810,True,False,0.971572995185852,0.0912489578749955,True,True,Phi-4-mini (zero-shot),True,True
1811,True,False,0.4000460207462311,0.0912489578749955,False,True,Phi-4-mini (zero-shot),False,True
1812,True,False,0.9988669157028198,0.0912489578749955,True,True,Phi-4-mini (zero-shot),True,True
1813,False,False,0.0015015311073511,0.0912489578749955,False,False,Phi-4-mini (zero-shot),True,True
1814,True,False,0.9983518123626708,0.0912489578749955,True,True,Phi-4-mini (zero-shot),True,True
1815,False,False,0.0311699695885181,0.1284594878749914,False,False,Phi-4-mini (zero-shot),True,True
1816,True,False,0.9890145659446716,0.0912489578749955,True,True,Phi-4-mini (zero-shot),True,True
1817,True,False,0.0302283391356468,0.0912489578749955,False,False,Phi-4-mini (zero-shot),False,False
1818,False,False,0.0012847681064158,0.0912489578749955,False,False,Phi-4-mini (zero-shot),True,True
1819,True,False,0.9697946310043336,0.1284594878749914,True,True,Phi-4-mini (zero-shot),True,True
1820,True,False,0.2943005263805389,0.1212179387499929,False,True,Phi-4-mini (zero-shot),False,True
1821,True,False,0.0259713474661111,0.1212179387499929,False,False,Phi-4-mini (zero-shot),False,False
1822,True,False,0.177917405962944,0.1212179387499929,False,True,Phi-4-mini (zero-shot),False,True
1823,True,False,0.0209719147533178,0.1212179387499929,False,False,Phi-4-mini (zero-shot),False,False
1824,False,False,0.0010653766803443,0.1212179387499929,False,False,Phi-4-mini (zero-shot),True,True
1825,True,False,0.9740459322929382,0.1212179387499929,True,True,Phi-4-mini (zero-shot),True,True
1826,False,False,0.0042004701681435,0.1284594878749914,False,False,Phi-4-mini (zero-shot),True,True
1827,False,False,0.0384841151535511,0.1212179387499929,False,False,Phi-4-mini (zero-shot),True,True
1828,True,False,0.877505898475647,0.1212179387499929,True,True,Phi-4-mini (zero-shot),True,True
1829,True,False,0.9867814183235168,0.1784761306250004,True,True,Phi-4-mini (zero-shot),True,True
1830,True,False,0.999373733997345,0.1784761306250004,True,True,Phi-4-mini (zero-shot),True,True
1831,False,False,0.6584784388542175,0.1784761306250004,True,True,Phi-4-mini (zero-shot),False,False
1832,True,False,0.9928804636001588,0.1784761306250004,True,True,Phi-4-mini (zero-shot),True,True
1833,True,False,0.6993106007575989,0.1784761306250004,True,True,Phi-4-mini (zero-shot),True,True
1834,True,False,0.7312017679214478,0.1784761306250004,True,True,Phi-4-mini (zero-shot),True,True
1835,True,False,0.9996200799942015,0.1784761306250004,True,True,Phi-4-mini (zero-shot),True,True
1836,False,True,0.8903165459632874,0.1784761306250004,True,True,Phi-4-mini (zero-shot),False,False
1837,True,False,0.9850447773933412,0.1274019531250019,True,True,Phi-4-mini (zero-shot),True,True
1838,True,False,0.5699480175971985,0.1274019531250019,True,True,Phi-4-mini (zero-shot),True,True
1839,False,False,0.0005530126509256,0.1274019531250019,False,False,Phi-4-mini (zero-shot),True,True
1840,True,False,0.9970194697380066,0.1284594878749914,True,True,Phi-4-mini (zero-shot),True,True
1841,False,False,0.0018683127127587,0.1274019531250019,False,False,Phi-4-mini (zero-shot),True,True
1842,True,False,5.831150338053703e-05,0.1274019531250019,False,False,Phi-4-mini (zero-shot),False,False
1843,True,False,0.9173153638839722,0.1274019531250019,True,True,Phi-4-mini (zero-shot),True,True
1844,True,False,0.9939033389091492,0.1274019531250019,True,True,Phi-4-mini (zero-shot),True,True
1845,True,False,0.6442854404449463,0.1274019531250019,True,True,Phi-4-mini (zero-shot),True,True
1846,False,False,0.0080694379284977,0.1048300313750019,False,False,Phi-4-mini (zero-shot),True,True
1847,True,False,0.7718764543533325,0.1048300313750019,True,True,Phi-4-mini (zero-shot),True,True
1848,True,False,0.39985191822052,0.1048300313750019,False,True,Phi-4-mini (zero-shot),False,True
1849,False,False,0.0064907539635896,0.1048300313750019,False,False,Phi-4-mini (zero-shot),True,True
1850,False,False,0.9669245481491088,0.1048300313750019,True,True,Phi-4-mini (zero-shot),False,False
1851,True,False,0.839758574962616,0.1048300313750019,True,True,Phi-4-mini (zero-shot),True,True
1852,True,False,0.9998028874397278,0.1048300313750019,True,True,Phi-4-mini (zero-shot),True,True
1853,False,False,0.0023976522497832,0.1048300313750019,False,False,Phi-4-mini (zero-shot),True,True
1854,False,False,0.9284242391586304,0.0869564678749839,True,True,Phi-4-mini (zero-shot),False,False
1855,True,False,0.9263179898262024,0.0869564678749839,True,True,Phi-4-mini (zero-shot),True,True
1856,False,False,0.0362332426011562,0.1284594878749914,False,False,Phi-4-mini (zero-shot),True,True
1857,True,False,0.9899898767471312,0.0869564678749839,True,True,Phi-4-mini (zero-shot),True,True
1858,False,False,0.0059115840122103,0.0869564678749839,False,False,Phi-4-mini (zero-shot),True,True
1859,False,False,0.001549233100377,0.0869564678749839,False,False,Phi-4-mini (zero-shot),True,True
1860,True,False,0.9969248175621032,0.0869564678749839,True,True,Phi-4-mini (zero-shot),True,True
1861,False,False,0.0013671715278178,0.1284594878749914,False,False,Phi-4-mini (zero-shot),True,True
1862,False,False,0.2121083289384842,0.0869564678749839,False,True,Phi-4-mini (zero-shot),True,False
1863,True,False,0.0109918760135769,0.0869564678749839,False,False,Phi-4-mini (zero-shot),False,False
1864,True,False,0.969797432422638,0.1075054669999815,True,True,Phi-4-mini (zero-shot),True,True
1865,True,False,0.9748262763023376,0.1075054669999815,True,True,Phi-4-mini (zero-shot),True,True
1866,False,False,0.000296076759696,0.1284594878749914,False,False,Phi-4-mini (zero-shot),True,True
1867,True,False,0.9173327684402466,0.1075054669999815,True,True,Phi-4-mini (zero-shot),True,True
1868,True,False,0.999373733997345,0.1075054669999815,True,True,Phi-4-mini (zero-shot),True,True
1869,True,False,0.731177806854248,0.1075054669999815,True,True,Phi-4-mini (zero-shot),True,True
1870,False,False,0.0007555409683845,0.1075054669999815,False,False,Phi-4-mini (zero-shot),True,True
1871,True,False,0.1037958115339279,0.1075054669999815,False,True,Phi-4-mini (zero-shot),False,True
1872,True,False,0.0503831729292869,0.1075054669999815,False,False,Phi-4-mini (zero-shot),False,False
1873,True,False,0.6724140644073486,0.1289155837500004,True,True,Phi-4-mini (zero-shot),True,True
1874,True,False,0.9755818843841552,0.1289155837500004,True,True,Phi-4-mini (zero-shot),True,True
1875,False,False,0.0179882328957319,0.1289155837500004,False,False,Phi-4-mini (zero-shot),True,True
1876,False,False,0.0083227967843413,0.1289155837500004,False,False,Phi-4-mini (zero-shot),True,True
1877,True,False,0.7982267737388611,0.1289155837500004,True,True,Phi-4-mini (zero-shot),True,True
1878,True,False,0.5927209258079529,0.1289155837500004,True,True,Phi-4-mini (zero-shot),True,True
1879,True,False,0.0091300876811146,0.1289155837500004,False,False,Phi-4-mini (zero-shot),False,False
1880,True,False,0.9697896838188172,0.1289155837500004,True,True,Phi-4-mini (zero-shot),True,True
1881,False,False,0.0396497324109077,0.0841164927500131,False,False,Phi-4-mini (zero-shot),True,True
1882,False,False,0.0103321308270096,0.0841164927500131,False,False,Phi-4-mini (zero-shot),True,True
1883,False,False,0.0600980706512928,0.0841164927500131,False,False,Phi-4-mini (zero-shot),True,True
1884,True,False,0.8439685106277466,0.0841164927500131,True,True,Phi-4-mini (zero-shot),True,True
1885,True,False,0.8520172834396362,0.0841164927500131,True,True,Phi-4-mini (zero-shot),True,True
1886,False,False,0.0009404132724739,0.0841164927500131,False,False,Phi-4-mini (zero-shot),True,True
1887,True,False,0.9688647985458374,0.0841164927500131,True,True,Phi-4-mini (zero-shot),True,True
1888,True,False,0.0185588598251342,0.1284594878749914,False,False,Phi-4-mini (zero-shot),False,False
1889,True,False,0.9930972456932068,0.0841164927500131,True,True,Phi-4-mini (zero-shot),True,True
1890,True,False,0.9840962886810304,0.1069629817500015,True,True,Phi-4-mini (zero-shot),True,True
1891,False,False,0.0002960395358968,0.1069629817500015,False,False,Phi-4-mini (zero-shot),True,True
1892,True,False,0.6077640652656555,0.1069629817500015,True,True,Phi-4-mini (zero-shot),True,True
1893,False,False,0.0154282031580805,0.1373992471250034,False,False,Phi-4-mini (zero-shot),True,True
1894,True,False,0.0927176177501678,0.1069629817500015,False,False,Phi-4-mini (zero-shot),False,False
1895,False,False,0.0085797235369682,0.1373992471250034,False,False,Phi-4-mini (zero-shot),True,True
1896,True,False,0.9845764636993408,0.1373992471250034,True,True,Phi-4-mini (zero-shot),True,True
1897,True,False,0.9099217057228088,0.1069629817500015,True,True,Phi-4-mini (zero-shot),True,True
1898,True,False,0.9914242625236512,0.1069629817500015,True,True,Phi-4-mini (zero-shot),True,True
1899,False,False,0.4303325414657593,0.1069629817500015,False,True,Phi-4-mini (zero-shot),True,False
1900,False,False,0.0781157910823822,0.1069629817500015,False,False,Phi-4-mini (zero-shot),True,True
1901,True,False,0.9871804118156432,0.1373992471250034,True,True,Phi-4-mini (zero-shot),True,True
1902,False,False,0.0017551422351971,0.1202385083749959,False,False,Phi-4-mini (zero-shot),True,True
1903,True,False,0.9981326460838318,0.1202385083749959,True,True,Phi-4-mini (zero-shot),True,True
1904,False,False,0.0197317413985729,0.1202385083749959,False,False,Phi-4-mini (zero-shot),True,True
1905,False,False,0.0003800642152782,0.1202385083749959,False,False,Phi-4-mini (zero-shot),True,True
1906,True,False,0.9965171813964844,0.1202385083749959,True,True,Phi-4-mini (zero-shot),True,True
1907,False,False,0.0001089388679247,0.1202385083749959,False,False,Phi-4-mini (zero-shot),True,True
1908,True,False,0.9381526112556458,0.1373992471250034,True,True,Phi-4-mini (zero-shot),True,True
1909,True,False,0.008850666694343,0.1202385083749959,False,False,Phi-4-mini (zero-shot),False,False
1910,False,False,0.001245213439688,0.1202385083749959,False,False,Phi-4-mini (zero-shot),True,True
1911,False,False,0.000191175029613,0.1373992471250034,False,False,Phi-4-mini (zero-shot),True,True
1912,True,False,0.1441860347986221,0.1082822871250073,False,True,Phi-4-mini (zero-shot),False,True
1913,True,False,0.07371137291193,0.1373992471250034,False,False,Phi-4-mini (zero-shot),False,False
1914,False,False,0.0695782825350761,0.1082822871250073,False,False,Phi-4-mini (zero-shot),True,True
1915,True,False,0.9219583868980408,0.1082822871250073,True,True,Phi-4-mini (zero-shot),True,True
1916,False,False,0.0004306194896344,0.1082822871250073,False,False,Phi-4-mini (zero-shot),True,True
1917,True,False,0.8520278930664062,0.1082822871250073,True,True,Phi-4-mini (zero-shot),True,True
1918,True,False,0.997199535369873,0.1082822871250073,True,True,Phi-4-mini (zero-shot),True,True
1919,True,False,0.9953912496566772,0.1082822871250073,True,True,Phi-4-mini (zero-shot),True,True
1920,True,False,0.5545694231987,0.1082822871250073,True,True,Phi-4-mini (zero-shot),True,True
1921,True,False,0.5390808582305908,0.1272147186249981,True,True,Phi-4-mini (zero-shot),True,True
1922,True,False,0.9830899238586426,0.1272147186249981,True,True,Phi-4-mini (zero-shot),True,True
1923,True,False,0.9046679735183716,0.1272147186249981,True,True,Phi-4-mini (zero-shot),True,True
1924,False,False,0.0015982715412974,0.1272147186249981,False,False,Phi-4-mini (zero-shot),True,True
1925,False,False,0.0637361630797386,0.1373992471250034,False,False,Phi-4-mini (zero-shot),True,True
1926,True,False,0.9973692893981934,0.1272147186249981,True,True,Phi-4-mini (zero-shot),True,True
1927,True,False,0.9263542294502258,0.1272147186249981,True,True,Phi-4-mini (zero-shot),True,True
1928,True,False,0.9956698417663574,0.1272147186249981,True,True,Phi-4-mini (zero-shot),True,True
1929,True,False,0.9902939796447754,0.124617840875004,True,True,Phi-4-mini (zero-shot),True,True
1930,True,False,0.9984513521194458,0.1272147186249981,True,True,Phi-4-mini (zero-shot),True,True
1931,False,False,0.0159116461873054,0.1705443634999994,False,False,Phi-4-mini (zero-shot),True,True
1932,False,False,0.0003054490953218,0.1705443634999994,False,False,Phi-4-mini (zero-shot),True,True
1933,True,False,0.9980131387710572,0.124617840875004,True,True,Phi-4-mini (zero-shot),True,True
1934,True,False,0.9991443157196044,0.1705443634999994,True,True,Phi-4-mini (zero-shot),True,True
1935,True,False,0.9998148083686828,0.124617840875004,True,True,Phi-4-mini (zero-shot),True,True
1936,True,False,0.2337644100189209,0.124617840875004,False,True,Phi-4-mini (zero-shot),False,True
1937,False,False,0.1330077797174453,0.124617840875004,False,True,Phi-4-mini (zero-shot),True,False
1938,False,False,0.0080691324546933,0.1705443634999994,False,False,Phi-4-mini (zero-shot),True,True
1939,False,False,0.0044698095880448,0.1705443634999994,False,False,Phi-4-mini (zero-shot),True,True
1940,False,False,0.0019885008223354,0.1705443634999994,False,False,Phi-4-mini (zero-shot),True,True
1941,True,False,0.9637863039970398,0.1705443634999994,True,True,Phi-4-mini (zero-shot),True,True
1942,False,False,0.0008045121212489,0.1705443634999994,False,False,Phi-4-mini (zero-shot),True,True
1943,True,False,0.9949400424957277,0.1209599853750091,True,True,Phi-4-mini (zero-shot),True,True
1944,False,False,0.4688780009746551,0.1209599853750091,False,True,Phi-4-mini (zero-shot),True,False
1945,False,False,0.0005194197292439,0.1209599853750091,False,False,Phi-4-mini (zero-shot),True,True
1946,False,False,0.0113364979624748,0.1209599853750091,False,False,Phi-4-mini (zero-shot),True,True
1947,True,False,0.0460451282560825,0.124617840875004,False,False,Phi-4-mini (zero-shot),False,False
1948,False,False,0.9284252524375916,0.1209599853750091,True,True,Phi-4-mini (zero-shot),False,False
1949,False,False,0.341660588979721,0.1209599853750091,False,True,Phi-4-mini (zero-shot),True,False
1950,False,False,0.0003571135748643,0.1209599853750091,False,False,Phi-4-mini (zero-shot),True,True
1951,True,False,0.7827455401420593,0.1209599853750091,True,True,Phi-4-mini (zero-shot),True,True
1952,True,False,0.1128633841872215,0.1082076133749865,False,True,Phi-4-mini (zero-shot),False,True
1953,False,False,0.000115972412459,0.124617840875004,False,False,Phi-4-mini (zero-shot),True,True
1954,True,False,0.6860422492027283,0.1082076133749865,True,True,Phi-4-mini (zero-shot),True,True
1955,False,False,6.403325096471235e-05,0.1082076133749865,False,False,Phi-4-mini (zero-shot),True,True
1956,False,False,0.0185539945960044,0.1082076133749865,False,False,Phi-4-mini (zero-shot),True,True
1957,False,False,0.0059144543483853,0.124617840875004,False,False,Phi-4-mini (zero-shot),True,True
1958,True,False,0.963787853717804,0.1379008462499911,True,True,Phi-4-mini (zero-shot),True,True
1959,False,False,0.0695721060037612,0.1082076133749865,False,False,Phi-4-mini (zero-shot),True,True
1960,True,False,0.985941469669342,0.1082076133749865,True,True,Phi-4-mini (zero-shot),True,True
1961,False,False,0.0002869514573831,0.1082076133749865,False,False,Phi-4-mini (zero-shot),True,True
1962,True,False,0.6226475834846497,0.1082076133749865,True,True,Phi-4-mini (zero-shot),True,True
1963,True,False,0.3417343497276306,0.1065003745000012,False,True,Phi-4-mini (zero-shot),False,True
1964,True,False,0.917328119277954,0.1065003745000012,True,True,Phi-4-mini (zero-shot),True,True
1965,False,False,0.0029817244503647,0.1065003745000012,False,False,Phi-4-mini (zero-shot),True,True
1966,True,False,0.9511508941650392,0.1065003745000012,True,True,Phi-4-mini (zero-shot),True,True
1967,True,False,0.0012069437652826,0.1065003745000012,False,False,Phi-4-mini (zero-shot),False,False
1968,False,False,0.6927077770233154,0.1379008462499911,True,True,Phi-4-mini (zero-shot),False,False
1969,True,False,0.9984515905380248,0.1065003745000012,True,True,Phi-4-mini (zero-shot),True,True
1970,False,False,0.0078202970325946,0.1379008462499911,False,False,Phi-4-mini (zero-shot),True,True
1971,False,False,0.0007795830024406,0.1065003745000012,False,False,Phi-4-mini (zero-shot),True,True
1972,True,False,0.9905894994735718,0.1065003745000012,True,True,Phi-4-mini (zero-shot),True,True
1973,False,False,7.486079266527668e-05,0.1063908981249994,False,False,Phi-4-mini (zero-shot),True,True
1974,True,False,0.4688980281352997,0.1379008462499911,False,True,Phi-4-mini (zero-shot),False,True
1975,True,False,0.4922596216201782,0.1379008462499911,False,True,Phi-4-mini (zero-shot),False,True
1976,False,False,0.001065531047061,0.1063908981249994,False,False,Phi-4-mini (zero-shot),True,True
1977,True,False,0.0259647853672504,0.1063908981249994,False,False,Phi-4-mini (zero-shot),False,False
1978,True,False,0.9591752290725708,0.1063908981249994,True,True,Phi-4-mini (zero-shot),True,True
1979,True,False,0.999783456325531,0.1063908981249994,True,True,Phi-4-mini (zero-shot),True,True
1980,False,False,0.0071226428262889,0.1063908981249994,False,False,Phi-4-mini (zero-shot),True,True
1981,False,False,0.0021841374691575,0.1063908981249994,False,False,Phi-4-mini (zero-shot),True,True
1982,True,False,0.9981330037117004,0.1063908981249994,True,True,Phi-4-mini (zero-shot),True,True
1983,True,False,0.9890182018280028,0.0892600403749952,True,True,Phi-4-mini (zero-shot),True,True
1984,True,False,0.0100179584696888,0.0892600403749952,False,False,Phi-4-mini (zero-shot),False,False
1985,False,False,0.0001635077205719,0.0892600403749952,False,False,Phi-4-mini (zero-shot),True,True
1986,False,False,0.0124423326924443,0.0892600403749952,False,False,Phi-4-mini (zero-shot),True,True
1987,True,False,0.8222364783287048,0.0892600403749952,True,True,Phi-4-mini (zero-shot),True,True
1988,True,False,0.986778736114502,0.0892600403749952,True,True,Phi-4-mini (zero-shot),True,True
1989,True,False,0.992426872253418,0.0892600403749952,True,True,Phi-4-mini (zero-shot),True,True
1990,False,False,0.0460498183965683,0.0892600403749952,False,False,Phi-4-mini (zero-shot),True,True
1991,True,False,0.0116903875023126,0.1270714891250008,False,False,Phi-4-mini (zero-shot),False,False
1992,False,False,0.0017017914215102,0.1270714891250008,False,False,Phi-4-mini (zero-shot),True,True
1993,True,False,0.9840954542160034,0.1270714891250008,True,True,Phi-4-mini (zero-shot),True,True
1994,True,False,0.9950959086418152,0.1379008462499911,True,True,Phi-4-mini (zero-shot),True,True
1995,False,False,0.0002781009534373,0.1270714891250008,False,False,Phi-4-mini (zero-shot),True,True
1996,True,False,0.6792742609977722,0.1270714891250008,True,True,Phi-4-mini (zero-shot),True,True
1997,False,False,0.0503481440246105,0.1270714891250008,False,False,Phi-4-mini (zero-shot),True,True
1998,True,False,0.951150357723236,0.1379008462499911,True,True,Phi-4-mini (zero-shot),True,True
1999,False,False,0.0113405603915452,0.1379008462499911,False,False,Phi-4-mini (zero-shot),True,True
2000,False,False,0.0006072028190828,0.1270714891250008,False,False,Phi-4-mini (zero-shot),True,True
2001,True,False,0.9046646356582642,0.1270714891250008,True,True,Phi-4-mini (zero-shot),True,True
2002,True,False,0.9950973391532898,0.1254035962500097,True,True,Phi-4-mini (zero-shot),True,True
2003,True,False,0.9850473403930664,0.1254035962500097,True,True,Phi-4-mini (zero-shot),True,True
2004,False,False,0.0050630024634301,0.1254035962500097,False,False,Phi-4-mini (zero-shot),True,True
2005,True,False,0.8479962348937988,0.1254035962500097,True,True,Phi-4-mini (zero-shot),True,True
2006,True,False,0.5545458197593689,0.1254035962500097,True,True,Phi-4-mini (zero-shot),True,True
2007,True,False,0.9637964963912964,0.1254035962500097,True,True,Phi-4-mini (zero-shot),True,True
2008,False,False,0.0059126382693648,0.1254035962500097,False,False,Phi-4-mini (zero-shot),True,True
2009,True,False,0.3074254095554352,0.1254035962500097,False,True,Phi-4-mini (zero-shot),False,True
2010,False,False,0.0078189661726355,0.1235723087499991,False,False,Phi-4-mini (zero-shot),True,True
2011,True,False,0.9863685965538024,0.1235723087499991,True,True,Phi-4-mini (zero-shot),True,True
2012,True,False,0.9960556030273438,0.1235723087499991,True,True,Phi-4-mini (zero-shot),True,True
2013,True,False,0.9399293065071106,0.1235723087499991,True,True,Phi-4-mini (zero-shot),True,True
2014,True,False,0.2943044900894165,0.1235723087499991,False,True,Phi-4-mini (zero-shot),False,True
2015,False,False,0.8933297991752625,0.1235723087499991,True,True,Phi-4-mini (zero-shot),False,False
2016,True,False,0.998589813709259,0.1235723087499991,True,True,Phi-4-mini (zero-shot),True,True
2017,True,False,0.4150424003601074,0.1235723087499991,False,True,Phi-4-mini (zero-shot),False,True
2018,True,False,0.9998089671134948,0.1063254003749989,True,True,Phi-4-mini (zero-shot),True,True
2019,True,False,0.9990602135658264,0.1063254003749989,True,True,Phi-4-mini (zero-shot),True,True
2020,True,False,0.9975276589393616,0.1063254003749989,True,True,Phi-4-mini (zero-shot),True,True
2021,False,False,0.002324586501345,0.1063254003749989,False,False,Phi-4-mini (zero-shot),True,True
2022,False,False,0.0023975062649697,0.1063254003749989,False,False,Phi-4-mini (zero-shot),True,True
2023,False,False,0.2018888145685196,0.1063254003749989,False,True,Phi-4-mini (zero-shot),True,False
2024,False,False,5.476666410686448e-05,0.0848041889999962,False,False,Phi-4-mini (zero-shot),True,True
2025,True,False,0.9879496097564696,0.1063254003749989,True,True,Phi-4-mini (zero-shot),True,True
2026,False,False,0.0018682416994124,0.1063254003749989,False,False,Phi-4-mini (zero-shot),True,True
2027,True,False,0.9820196032524108,0.0958250303750105,True,True,Phi-4-mini (zero-shot),True,True
2028,True,False,0.9914237856864928,0.0958250303750105,True,True,Phi-4-mini (zero-shot),True,True
2029,True,False,0.6151791214942932,0.0958250303750105,True,True,Phi-4-mini (zero-shot),True,True
2030,True,False,0.0028016411233693,0.0848041889999962,False,False,Phi-4-mini (zero-shot),False,False
2031,True,False,0.2942608892917633,0.0958250303750105,False,True,Phi-4-mini (zero-shot),False,True
2032,False,False,0.0012072380632162,0.0958250303750105,False,False,Phi-4-mini (zero-shot),True,True
2033,True,False,0.9995417594909668,0.0958250303750105,True,True,Phi-4-mini (zero-shot),True,True
2034,True,False,0.3346939384937286,0.0848041889999962,False,True,Phi-4-mini (zero-shot),False,True
2035,True,False,0.999196231365204,0.0958250303750105,True,True,Phi-4-mini (zero-shot),True,True
2036,True,False,0.6861613988876343,0.0958250303750105,True,True,Phi-4-mini (zero-shot),True,True
2037,True,False,0.972419500350952,0.0941859398749898,True,True,Phi-4-mini (zero-shot),True,True
2038,True,False,0.0006882629822939,0.0941859398749898,False,False,Phi-4-mini (zero-shot),False,False
2039,True,False,0.8519701361656189,0.0941859398749898,True,True,Phi-4-mini (zero-shot),True,True
2040,True,False,0.9989678859710692,0.0941859398749898,True,True,Phi-4-mini (zero-shot),True,True
2041,False,False,2.5875719074974768e-05,0.0941859398749898,False,False,Phi-4-mini (zero-shot),True,True
2042,True,False,0.11924859136343,0.0941859398749898,False,True,Phi-4-mini (zero-shot),False,True
2043,False,False,0.0007795948768034,0.0941859398749898,False,False,Phi-4-mini (zero-shot),True,True
2044,True,False,0.4688628315925598,0.0941859398749898,False,True,Phi-4-mini (zero-shot),False,True
2045,False,False,0.0010007980745285,0.1441194810000183,False,False,Phi-4-mini (zero-shot),True,True
2046,True,False,0.445586085319519,0.0848041889999962,False,True,Phi-4-mini (zero-shot),False,True
2047,True,False,0.8670722246170044,0.0848041889999962,True,True,Phi-4-mini (zero-shot),True,True
2048,True,False,0.9956693649291992,0.0848041889999962,True,True,Phi-4-mini (zero-shot),True,True
2049,True,False,0.6002496480941772,0.1441194810000183,True,True,Phi-4-mini (zero-shot),True,True
2050,False,False,9.613761358195916e-05,0.1441194810000183,False,False,Phi-4-mini (zero-shot),True,True
2051,True,False,0.9942706823349,0.0848041889999962,True,True,Phi-4-mini (zero-shot),True,True
2052,False,False,0.637090802192688,0.1441194810000183,True,True,Phi-4-mini (zero-shot),False,False
2053,True,False,0.9984024167060852,0.1441194810000183,True,True,Phi-4-mini (zero-shot),True,True
2054,True,False,0.9304856061935424,0.1441194810000183,True,True,Phi-4-mini (zero-shot),True,True
2055,True,False,0.9796711802482604,0.1441194810000183,True,True,Phi-4-mini (zero-shot),True,True
2056,False,False,0.0003054339322261,0.0848041889999962,False,False,Phi-4-mini (zero-shot),True,True
2057,True,False,0.996925413608551,0.1441194810000183,True,True,Phi-4-mini (zero-shot),True,True
2058,True,False,0.0321098342537879,0.1197454704999927,False,False,Phi-4-mini (zero-shot),False,False
2059,False,False,0.1366686820983886,0.1097248694999848,False,True,Phi-4-mini (zero-shot),True,False
2060,False,False,0.125935360789299,0.1097248694999848,False,True,Phi-4-mini (zero-shot),True,False
2061,False,False,0.0091272238641977,0.1097248694999848,False,False,Phi-4-mini (zero-shot),True,True
2062,True,False,0.9958018660545348,0.1097248694999848,True,True,Phi-4-mini (zero-shot),True,True
2063,False,False,0.399926096200943,0.1097248694999848,False,True,Phi-4-mini (zero-shot),True,False
2064,True,False,0.9924238920211792,0.1097248694999848,True,True,Phi-4-mini (zero-shot),True,True
2065,True,False,0.994780957698822,0.1097248694999848,True,True,Phi-4-mini (zero-shot),True,True
2066,True,False,0.6860160231590271,0.1097248694999848,True,True,Phi-4-mini (zero-shot),True,True
2067,True,False,0.0384805873036384,0.1792085877499971,False,False,Phi-4-mini (zero-shot),False,False
2068,True,False,0.9099205136299132,0.1792085877499971,True,True,Phi-4-mini (zero-shot),True,True
2069,False,False,0.0005361626972444,0.1792085877499971,False,False,Phi-4-mini (zero-shot),True,True
2070,True,False,0.9995272159576416,0.1792085877499971,True,True,Phi-4-mini (zero-shot),True,True
2071,False,False,0.01543521694839,0.1197454704999927,False,False,Phi-4-mini (zero-shot),True,True
2072,False,False,0.0005034949281252,0.1792085877499971,False,False,Phi-4-mini (zero-shot),True,True
2073,False,False,0.0136416088789701,0.1792085877499971,False,False,Phi-4-mini (zero-shot),True,True
2074,True,True,0.0132331289350986,0.1792085877499971,False,False,Phi-4-mini (zero-shot),False,False
2075,False,False,0.0002960507990792,0.1792085877499971,False,False,Phi-4-mini (zero-shot),True,True
2076,True,False,0.577650785446167,0.0684787099999937,True,True,Phi-4-mini (zero-shot),True,True
2077,False,False,0.629847526550293,0.0684787099999937,True,True,Phi-4-mini (zero-shot),False,False
2078,True,False,0.997111678123474,0.1197454704999927,True,True,Phi-4-mini (zero-shot),True,True
2079,True,False,0.4611220061779022,0.0684787099999937,False,True,Phi-4-mini (zero-shot),False,True
2080,True,False,0.0267728995531797,0.1197454704999927,False,False,Phi-4-mini (zero-shot),False,False
2081,True,False,0.9992449283599854,0.0684787099999937,True,True,Phi-4-mini (zero-shot),True,True
2082,True,False,0.0103316623717546,0.0684787099999937,False,False,Phi-4-mini (zero-shot),False,False
2083,False,False,0.1602927297353744,0.0684787099999937,False,True,Phi-4-mini (zero-shot),True,False
2084,True,False,0.9893534183502196,0.0684787099999937,True,True,Phi-4-mini (zero-shot),True,True
2085,False,False,0.0005194474360905,0.0684787099999937,False,False,Phi-4-mini (zero-shot),True,True
2086,False,False,0.0097118876874446,0.127697188500008,False,False,Phi-4-mini (zero-shot),True,True
2087,False,False,0.0059159575030207,0.127697188500008,False,False,Phi-4-mini (zero-shot),True,True
2088,False,False,0.0006881160079501,0.127697188500008,False,False,Phi-4-mini (zero-shot),True,True
2089,True,False,0.912453830242157,0.127697188500008,True,True,Phi-4-mini (zero-shot),True,True
2090,False,False,0.9381350874900818,0.127697188500008,True,True,Phi-4-mini (zero-shot),False,False
2091,True,False,0.9998766183853148,0.127697188500008,True,True,Phi-4-mini (zero-shot),True,True
2092,True,False,0.3924059569835663,0.127697188500008,False,True,Phi-4-mini (zero-shot),False,True
2093,False,False,0.9971996545791626,0.127697188500008,True,True,Phi-4-mini (zero-shot),False,False
2094,True,False,0.8439639210700989,0.1044939365000061,True,True,Phi-4-mini (zero-shot),True,True
2095,False,False,0.000278103078017,0.1044939365000061,False,False,Phi-4-mini (zero-shot),True,True
2096,True,False,0.9976773858070374,0.1044939365000061,True,True,Phi-4-mini (zero-shot),True,True
2097,True,False,0.6792235374450684,0.1044939365000061,True,True,Phi-4-mini (zero-shot),True,True
2098,True,False,0.9875695109367372,0.1044939365000061,True,True,Phi-4-mini (zero-shot),True,True
2099,True,False,0.476643443107605,0.1044939365000061,False,True,Phi-4-mini (zero-shot),False,True
2100,True,False,0.9911547899246216,0.1044939365000061,True,True,Phi-4-mini (zero-shot),True,True
2101,True,False,0.7982586622238159,0.1044939365000061,True,True,Phi-4-mini (zero-shot),True,True
2102,False,False,0.0094160409644246,0.1327602467499957,False,False,Phi-4-mini (zero-shot),True,True
2103,False,False,0.6859856247901917,0.1197454704999927,True,True,Phi-4-mini (zero-shot),False,False
2104,True,False,0.0601069033145904,0.1327602467499957,False,False,Phi-4-mini (zero-shot),False,False
2105,True,False,0.9978844523429872,0.1327602467499957,True,True,Phi-4-mini (zero-shot),True,True
2106,True,False,0.5001611709594727,0.1327602467499957,False,True,Phi-4-mini (zero-shot),False,True
2107,False,False,0.0057323989458382,0.1197454704999927,False,False,Phi-4-mini (zero-shot),True,True
2108,False,False,0.000296074518701,0.1327602467499957,False,False,Phi-4-mini (zero-shot),True,True
2109,True,False,0.936341404914856,0.1197454704999927,True,True,Phi-4-mini (zero-shot),True,True
2110,True,False,0.9099557399749756,0.1327602467499957,True,True,Phi-4-mini (zero-shot),True,True
2111,True,False,0.9924243688583374,0.1327602467499957,True,True,Phi-4-mini (zero-shot),True,True
2112,False,False,0.0062921680510044,0.1327602467499957,False,False,Phi-4-mini (zero-shot),True,True
2113,True,False,0.999030590057373,0.1197454704999927,True,True,Phi-4-mini (zero-shot),True,True
2114,False,False,0.000179560156539,0.1065687172500133,False,False,Phi-4-mini (zero-shot),True,True
2115,False,False,0.0103336125612258,0.1065687172500133,False,False,Phi-4-mini (zero-shot),True,True
2116,True,False,0.9997219443321228,0.1065687172500133,True,True,Phi-4-mini (zero-shot),True,True
2117,True,False,0.8634073734283447,0.1065687172500133,True,True,Phi-4-mini (zero-shot),True,True
2118,True,False,0.9997132420539856,0.1065687172500133,True,True,Phi-4-mini (zero-shot),True,True
2119,False,False,0.2451654970645904,0.1170749489999991,False,True,Phi-4-mini (zero-shot),True,False
2120,False,False,0.0006465556798502,0.1065687172500133,False,False,Phi-4-mini (zero-shot),True,True
2121,True,False,0.9916861653327942,0.1065687172500133,True,True,Phi-4-mini (zero-shot),True,True
2122,True,False,0.1561375558376312,0.1065687172500133,False,True,Phi-4-mini (zero-shot),False,True
2123,False,False,0.0038257043343037,0.0952978076250019,False,False,Phi-4-mini (zero-shot),True,True
2124,True,False,0.9961758852005004,0.0952978076250019,True,True,Phi-4-mini (zero-shot),True,True
2125,True,False,0.9940897226333618,0.0952978076250019,True,True,Phi-4-mini (zero-shot),True,True
2126,True,False,0.8559104800224304,0.1170749489999991,True,True,Phi-4-mini (zero-shot),True,True
2127,False,False,0.0002454986388329,0.0952978076250019,False,False,Phi-4-mini (zero-shot),True,True
2128,True,False,0.9099401235580444,0.0952978076250019,True,True,Phi-4-mini (zero-shot),True,True
2129,True,False,0.9875707030296326,0.1506667154999945,True,True,Phi-4-mini (zero-shot),True,True
2130,False,False,0.0017013377510011,0.0952978076250019,False,False,Phi-4-mini (zero-shot),True,True
2131,False,False,0.0069051194004714,0.1170749489999991,False,False,Phi-4-mini (zero-shot),True,True
2132,True,False,0.8808439373970032,0.0952978076250019,True,True,Phi-4-mini (zero-shot),True,True
2133,True,False,0.9241589307785034,0.0952978076250019,True,True,Phi-4-mini (zero-shot),True,True
2134,True,False,0.9966237545013428,0.1038610553750061,True,True,Phi-4-mini (zero-shot),True,True
2135,True,False,0.9996750354766846,0.1038610553750061,True,True,Phi-4-mini (zero-shot),True,True
2136,False,False,0.0011698711896315,0.1038610553750061,False,False,Phi-4-mini (zero-shot),True,True
2137,True,False,0.4379286766052246,0.1170749489999991,False,True,Phi-4-mini (zero-shot),False,True
2138,False,False,0.0001911400322569,0.1038610553750061,False,False,Phi-4-mini (zero-shot),True,True
2139,True,False,0.6002451181411743,0.1038610553750061,True,True,Phi-4-mini (zero-shot),True,True
2140,True,False,0.997603714466095,0.1038610553750061,True,True,Phi-4-mini (zero-shot),True,True
2141,False,False,0.0003354306973051,0.1038610553750061,False,False,Phi-4-mini (zero-shot),True,True
2142,True,False,0.8129386901855469,0.1038610553750061,True,True,Phi-4-mini (zero-shot),True,True
2143,False,False,0.0007098679197952,0.1170749489999991,False,False,Phi-4-mini (zero-shot),True,True
2144,False,False,0.0071221305988729,0.1813412576250073,False,False,Phi-4-mini (zero-shot),True,True
2145,True,False,0.6792194247245789,0.1170749489999991,True,True,Phi-4-mini (zero-shot),True,True
2146,False,False,0.0018680852372199,0.1813412576250073,False,False,Phi-4-mini (zero-shot),True,True
2147,False,False,0.0222942512482404,0.1813412576250073,False,False,Phi-4-mini (zero-shot),True,True
2148,True,False,0.9947808384895324,0.1813412576250073,True,True,Phi-4-mini (zero-shot),True,True
2149,False,False,0.2174368202686309,0.1813412576250073,False,True,Phi-4-mini (zero-shot),True,False
2150,False,True,0.0781001299619674,0.1813412576250073,False,False,Phi-4-mini (zero-shot),True,True
2151,True,False,0.8706161975860596,0.1813412576250073,True,True,Phi-4-mini (zero-shot),True,True
2152,True,False,0.9099235534667968,0.1813412576250073,True,True,Phi-4-mini (zero-shot),True,True
2153,True,False,0.8840960264205933,0.1887025051250077,True,True,Phi-4-mini (zero-shot),True,True
2154,True,False,0.9919387698173524,0.1887025051250077,True,True,Phi-4-mini (zero-shot),True,True
2155,False,False,7.488706614822149e-05,0.1170749489999991,False,False,Phi-4-mini (zero-shot),True,True
2156,True,False,0.843917191028595,0.1887025051250077,True,True,Phi-4-mini (zero-shot),True,True
2157,False,False,0.0003685269330162,0.1887025051250077,False,False,Phi-4-mini (zero-shot),True,True
2158,True,False,0.0164099279791116,0.1887025051250077,False,False,Phi-4-mini (zero-shot),False,False
2159,True,False,0.6860193014144897,0.1170749489999991,True,True,Phi-4-mini (zero-shot),True,True
2160,False,False,0.2509780526161194,0.1887025051250077,False,True,Phi-4-mini (zero-shot),True,False
2161,False,False,0.1520848870277404,0.1405127812499955,False,True,Phi-4-mini (zero-shot),True,False
2162,True,False,0.5390713810920715,0.1405127812499955,True,True,Phi-4-mini (zero-shot),True,True
2163,True,False,0.9978850483894348,0.1887025051250077,True,True,Phi-4-mini (zero-shot),True,True
2164,False,False,0.0004584614362102,0.1887025051250077,False,False,Phi-4-mini (zero-shot),True,True
2165,True,False,0.7432342767715454,0.1015439721250004,True,True,Phi-4-mini (zero-shot),True,True
2166,True,False,0.9982995390892028,0.1015439721250004,True,True,Phi-4-mini (zero-shot),True,True
2167,False,False,0.7982998490333557,0.1015439721250004,True,True,Phi-4-mini (zero-shot),False,False
2168,False,False,0.3924250304698944,0.1015439721250004,False,True,Phi-4-mini (zero-shot),True,False
2169,False,False,0.0059136468917131,0.1015439721250004,False,False,Phi-4-mini (zero-shot),True,True
2170,False,False,0.0037091274280101,0.1015439721250004,False,False,Phi-4-mini (zero-shot),True,True
2171,False,False,0.7827714681625366,0.1015439721250004,True,True,Phi-4-mini (zero-shot),False,False
2172,True,False,0.8176034092903137,0.1015439721250004,True,True,Phi-4-mini (zero-shot),True,True
2173,False,False,0.5776675343513489,0.0894892051250053,True,True,Phi-4-mini (zero-shot),False,False
2174,False,False,0.995670199394226,0.0894892051250053,True,True,Phi-4-mini (zero-shot),False,False
2175,False,False,0.0011697865556925,0.0894892051250053,False,False,Phi-4-mini (zero-shot),True,True
2176,False,False,0.050337016582489,0.0894892051250053,False,False,Phi-4-mini (zero-shot),True,True
2177,True,False,0.999060332775116,0.0894892051250053,True,True,Phi-4-mini (zero-shot),True,True
2178,False,False,0.0012454268289729,0.0894892051250053,False,False,Phi-4-mini (zero-shot),True,True
2179,False,False,0.0149674313142895,0.0894892051250053,False,False,Phi-4-mini (zero-shot),True,True
2180,True,False,0.9511550068855286,0.0894892051250053,True,True,Phi-4-mini (zero-shot),True,True
2181,True,False,0.9902938604354858,0.1229876283750002,True,True,Phi-4-mini (zero-shot),True,True
2182,True,False,0.9962937235832214,0.1229876283750002,True,True,Phi-4-mini (zero-shot),True,True
2183,False,False,0.9626906514167786,0.1229876283750002,True,True,Phi-4-mini (zero-shot),False,False
2184,False,False,0.0154320849105715,0.1405127812499955,False,False,Phi-4-mini (zero-shot),True,True
2185,True,False,0.1825154423713684,0.1229876283750002,False,True,Phi-4-mini (zero-shot),False,True
2186,True,False,0.9967271089553832,0.1229876283750002,True,True,Phi-4-mini (zero-shot),True,True
2187,True,False,0.960378885269165,0.1229876283750002,True,True,Phi-4-mini (zero-shot),True,True
2188,True,False,0.9993334412574768,0.1229876283750002,True,True,Phi-4-mini (zero-shot),True,True
2189,True,False,0.217357650399208,0.1405127812499955,False,True,Phi-4-mini (zero-shot),False,True
2190,True,False,0.9998089671134948,0.1229876283750002,True,True,Phi-4-mini (zero-shot),True,True
2191,False,False,0.0053880442865192,0.1049678789999859,False,False,Phi-4-mini (zero-shot),True,True
2192,True,False,0.8670621514320374,0.1049678789999859,True,True,Phi-4-mini (zero-shot),True,True
2193,True,False,0.9219556450843812,0.1049678789999859,True,True,Phi-4-mini (zero-shot),True,True
2194,True,False,0.9890154004096984,0.1049678789999859,True,True,Phi-4-mini (zero-shot),True,True
2195,False,False,0.4074263870716095,0.1405127812499955,False,True,Phi-4-mini (zero-shot),True,False
2196,True,False,0.9971108436584472,0.1049678789999859,True,True,Phi-4-mini (zero-shot),True,True
2197,False,False,0.0209774784743785,0.1049678789999859,False,False,Phi-4-mini (zero-shot),True,True
2198,True,False,0.9987159967422484,0.1049678789999859,True,True,Phi-4-mini (zero-shot),True,True
2199,False,False,0.0804062485694885,0.1405127812499955,False,False,Phi-4-mini (zero-shot),True,True
2200,True,False,0.9995694756507874,0.1049678789999859,True,True,Phi-4-mini (zero-shot),True,True
2201,True,False,0.9993122816085817,0.0921913038750119,True,True,Phi-4-mini (zero-shot),True,True
2202,False,False,0.0073484140448272,0.0921913038750119,False,False,Phi-4-mini (zero-shot),True,True
2203,True,False,0.2281853854656219,0.0921913038750119,False,True,Phi-4-mini (zero-shot),False,True
2204,False,False,0.0069056167267262,0.0921913038750119,False,False,Phi-4-mini (zero-shot),True,True
2205,False,False,0.0012069989461451,0.0921913038750119,False,False,Phi-4-mini (zero-shot),True,True
2206,True,False,0.9933081865310668,0.0921913038750119,True,True,Phi-4-mini (zero-shot),True,True
2207,True,False,0.928429365158081,0.0921913038750119,True,True,Phi-4-mini (zero-shot),True,True
2208,False,False,0.1366605758666992,0.0921913038750119,False,True,Phi-4-mini (zero-shot),True,False
2209,True,False,0.939927339553833,0.1054477077500166,True,True,Phi-4-mini (zero-shot),True,True
2210,False,False,0.5775595903396606,0.1054477077500166,True,True,Phi-4-mini (zero-shot),False,False
2211,True,False,0.8903068900108337,0.1054477077500166,True,True,Phi-4-mini (zero-shot),True,True
2212,True,False,0.7249265313148499,0.1054477077500166,True,True,Phi-4-mini (zero-shot),True,True
2213,True,False,0.999595582485199,0.1054477077500166,True,True,Phi-4-mini (zero-shot),True,True
2214,False,False,0.0002532596699893,0.1054477077500166,False,False,Phi-4-mini (zero-shot),True,True
2215,True,False,0.9933099746704102,0.1054477077500166,True,True,Phi-4-mini (zero-shot),True,True
2216,False,False,0.0237163063138723,0.1405127812499955,False,False,Phi-4-mini (zero-shot),True,True
2217,False,False,0.0003251337911933,0.1054477077500166,False,False,Phi-4-mini (zero-shot),True,True
2218,True,False,0.991425633430481,0.1075522779999857,True,True,Phi-4-mini (zero-shot),True,True
2219,False,False,0.0010009544203057,0.1075522779999857,False,False,Phi-4-mini (zero-shot),True,True
2220,True,False,0.9046916961669922,0.1075522779999857,True,True,Phi-4-mini (zero-shot),True,True
2221,False,False,0.0023240379523485,0.1075522779999857,False,False,Phi-4-mini (zero-shot),True,True
2222,True,False,0.966921329498291,0.1075522779999857,True,True,Phi-4-mini (zero-shot),True,True
2223,False,False,0.0926964357495307,0.1075522779999857,False,False,Phi-4-mini (zero-shot),True,True
2224,True,False,0.9992679953575134,0.1075522779999857,True,True,Phi-4-mini (zero-shot),True,True
2225,True,False,0.9998205304145812,0.1075522779999857,True,True,Phi-4-mini (zero-shot),True,True
2226,True,False,0.228218987584114,0.126878766125003,False,True,Phi-4-mini (zero-shot),False,True
2227,False,False,0.0010013855062425,0.126878766125003,False,False,Phi-4-mini (zero-shot),True,True
2228,True,False,0.9755904674530028,0.126878766125003,True,True,Phi-4-mini (zero-shot),True,True
2229,True,False,0.5001554489135742,0.126878766125003,False,True,Phi-4-mini (zero-shot),False,True
2230,True,False,0.998793601989746,0.126878766125003,True,True,Phi-4-mini (zero-shot),True,True
2231,False,False,0.0012846800964325,0.126878766125003,False,False,Phi-4-mini (zero-shot),True,True
2232,False,False,0.5622873306274414,0.126878766125003,True,True,Phi-4-mini (zero-shot),False,False
2233,False,False,0.001649230136536,0.126878766125003,False,False,Phi-4-mini (zero-shot),True,True
2234,True,False,0.982016623020172,0.0957459647499945,True,True,Phi-4-mini (zero-shot),True,True
2235,False,False,0.0080643706023693,0.0957459647499945,False,False,Phi-4-mini (zero-shot),True,True
2236,False,False,0.3925069272518158,0.0957459647499945,False,True,Phi-4-mini (zero-shot),True,False
2237,True,False,0.6078359484672546,0.0957459647499945,True,True,Phi-4-mini (zero-shot),True,True
2238,True,False,0.3702850043773651,0.0957459647499945,False,True,Phi-4-mini (zero-shot),False,True
2239,True,False,0.992881178855896,0.0957459647499945,True,True,Phi-4-mini (zero-shot),True,True
2240,False,False,0.0022529531270265,0.0957459647499945,False,False,Phi-4-mini (zero-shot),True,True
2241,True,False,0.9867810606956482,0.0957459647499945,True,True,Phi-4-mini (zero-shot),True,True
2242,False,False,0.0009114367421716,0.0939791113750061,False,False,Phi-4-mini (zero-shot),True,True
2243,True,False,0.5157495141029358,0.0939791113750061,True,True,Phi-4-mini (zero-shot),True,True
2244,True,False,0.9989013671875,0.1405127812499955,True,True,Phi-4-mini (zero-shot),True,True
2245,False,False,0.0009701179224066,0.1703458256250059,False,False,Phi-4-mini (zero-shot),True,True
2246,True,False,0.6298199892044067,0.0939791113750061,True,True,Phi-4-mini (zero-shot),True,True
2247,True,False,0.9481613039970398,0.0939791113750061,True,True,Phi-4-mini (zero-shot),True,True
2248,True,False,0.9989995360374452,0.0939791113750061,True,True,Phi-4-mini (zero-shot),True,True
2249,True,False,0.9996541738510132,0.0939791113750061,True,True,Phi-4-mini (zero-shot),True,True
2250,True,False,0.999595582485199,0.1703458256250059,True,True,Phi-4-mini (zero-shot),True,True
2251,False,False,0.010657618753612,0.0939791113750061,False,False,Phi-4-mini (zero-shot),True,True
2252,True,False,0.4610642194747925,0.0939791113750061,False,True,Phi-4-mini (zero-shot),False,True
2253,True,False,0.7606950998306274,0.1073800140000003,True,True,Phi-4-mini (zero-shot),True,True
2254,True,False,0.9899911880493164,0.1703458256250059,True,True,Phi-4-mini (zero-shot),True,True
2255,True,False,0.9836002588272096,0.1073800140000003,True,True,Phi-4-mini (zero-shot),True,True
2256,True,False,0.9980124235153198,0.1073800140000003,True,True,Phi-4-mini (zero-shot),True,True
2257,True,False,0.9883148670196532,0.1073800140000003,True,True,Phi-4-mini (zero-shot),True,True
2258,False,False,0.0373551324009895,0.1073800140000003,False,False,Phi-4-mini (zero-shot),True,True
2259,True,False,0.9591740369796752,0.1073800140000003,True,True,Phi-4-mini (zero-shot),True,True
2260,True,False,0.6724972128868103,0.1703458256250059,True,True,Phi-4-mini (zero-shot),True,True
2261,False,False,0.0001159507301053,0.1073800140000003,False,False,Phi-4-mini (zero-shot),True,True
2262,False,False,0.0059130419977009,0.1073800140000003,False,False,Phi-4-mini (zero-shot),True,True
2263,True,False,0.999868631362915,0.1703458256250059,True,True,Phi-4-mini (zero-shot),True,True
2264,False,False,0.0675882697105407,0.1076572460000022,False,False,Phi-4-mini (zero-shot),True,True
2265,False,False,0.0044700810685753,0.1076572460000022,False,False,Phi-4-mini (zero-shot),True,True
2266,True,False,0.989348530769348,0.1076572460000022,True,True,Phi-4-mini (zero-shot),True,True
2267,False,False,0.0006072653923183,0.1076572460000022,False,False,Phi-4-mini (zero-shot),True,True
2268,True,False,0.9987937211990356,0.1076572460000022,True,True,Phi-4-mini (zero-shot),True,True
2269,True,False,0.7879713773727417,0.1076572460000022,True,True,Phi-4-mini (zero-shot),True,True
2270,True,True,0.8741511702537537,0.1703458256250059,True,True,Phi-4-mini (zero-shot),True,True
2271,True,False,0.5622375011444092,0.1076572460000022,True,True,Phi-4-mini (zero-shot),True,True
2272,False,False,0.0302339307963848,0.1506667154999945,False,False,Phi-4-mini (zero-shot),True,True
2273,False,False,0.0237020011991262,0.1076572460000022,False,False,Phi-4-mini (zero-shot),True,True
2274,True,False,0.6654470562934875,0.1063564110000072,True,True,Phi-4-mini (zero-shot),True,True
2275,False,False,0.014068441465497,0.1703458256250059,False,False,Phi-4-mini (zero-shot),True,True
2276,False,False,0.0001911684521473,0.1063564110000072,False,False,Phi-4-mini (zero-shot),True,True
2277,False,False,0.0033784741535782,0.1063564110000072,False,False,Phi-4-mini (zero-shot),True,True
2278,True,False,0.1778471320867538,0.1703458256250059,False,True,Phi-4-mini (zero-shot),False,True
2279,True,False,0.0169217661023139,0.1063564110000072,False,False,Phi-4-mini (zero-shot),False,False
2280,False,False,0.0174526870250701,0.1063564110000072,False,False,Phi-4-mini (zero-shot),True,True
2281,False,False,0.0284433048218488,0.1063564110000072,False,False,Phi-4-mini (zero-shot),True,True
2282,False,False,0.0005034737405367,0.1063564110000072,False,False,Phi-4-mini (zero-shot),True,True
2283,False,False,0.001648916164413,0.1063564110000072,False,False,Phi-4-mini (zero-shot),True,True
2284,True,False,0.8774964213371277,0.1341422496250004,True,True,Phi-4-mini (zero-shot),True,True
2285,True,False,0.999868631362915,0.1221277301250012,True,True,Phi-4-mini (zero-shot),True,True
2286,True,False,0.9969249367713928,0.1341422496250004,True,True,Phi-4-mini (zero-shot),True,True
2287,True,False,0.4922882914543152,0.1341422496250004,False,True,Phi-4-mini (zero-shot),False,True
2288,False,False,0.0005888643790967,0.1341422496250004,False,False,Phi-4-mini (zero-shot),True,True
2289,False,False,0.8991355895996094,0.1221277301250012,True,True,Phi-4-mini (zero-shot),False,False
2290,True,False,0.9981326460838318,0.1221277301250012,True,True,Phi-4-mini (zero-shot),True,True
2291,False,False,0.0106577789410948,0.1341422496250004,False,False,Phi-4-mini (zero-shot),True,True
2292,True,False,0.9998148083686828,0.1341422496250004,True,True,Phi-4-mini (zero-shot),True,True
2293,True,False,0.9953919649124146,0.1341422496250004,True,True,Phi-4-mini (zero-shot),True,True
2294,True,False,0.0047560846433043,0.1341422496250004,False,False,Phi-4-mini (zero-shot),False,False
2295,True,False,0.9755797386169434,0.1203143753749884,True,True,Phi-4-mini (zero-shot),True,True
2296,False,False,0.0164170712232589,0.1221277301250012,False,False,Phi-4-mini (zero-shot),True,True
2297,True,False,0.9969250559806824,0.1203143753749884,True,True,Phi-4-mini (zero-shot),True,True
2298,True,False,0.8267521858215332,0.1203143753749884,True,True,Phi-4-mini (zero-shot),True,True
2299,False,False,0.0128339659422636,0.1203143753749884,False,False,Phi-4-mini (zero-shot),True,True
2300,False,False,0.0052218292839825,0.1203143753749884,False,False,Phi-4-mini (zero-shot),True,True
2301,True,False,0.9947810769081116,0.1203143753749884,True,True,Phi-4-mini (zero-shot),True,True
2302,True,False,0.7186391353607178,0.1221277301250012,True,True,Phi-4-mini (zero-shot),True,True
2303,True,False,0.0073480512946844,0.1221277301250012,False,False,Phi-4-mini (zero-shot),False,False
2304,True,False,0.9930991530418396,0.1203143753749884,True,True,Phi-4-mini (zero-shot),True,True
2305,True,False,0.050342671573162,0.1203143753749884,False,False,Phi-4-mini (zero-shot),False,False
2306,True,False,0.9825620651245116,0.0765904598750069,True,True,Phi-4-mini (zero-shot),True,True
2307,False,False,0.0025522424839437,0.0765904598750069,False,False,Phi-4-mini (zero-shot),True,True
2308,False,False,0.0145085426047444,0.0765904598750069,False,False,Phi-4-mini (zero-shot),True,True
2309,False,False,0.0002305832167621,0.1221277301250012,False,False,Phi-4-mini (zero-shot),True,True
2310,False,False,0.0474365577101707,0.0765904598750069,False,False,Phi-4-mini (zero-shot),True,True
2311,False,False,0.0059120999649167,0.0765904598750069,False,False,Phi-4-mini (zero-shot),True,True
2312,True,False,0.6792609691619873,0.1221277301250012,True,True,Phi-4-mini (zero-shot),True,True
2313,True,False,0.9867790937423706,0.0765904598750069,True,True,Phi-4-mini (zero-shot),True,True
2314,True,False,0.932470202445984,0.0765904598750069,True,True,Phi-4-mini (zero-shot),True,True
2315,True,False,0.0025518152397125,0.0765904598750069,False,False,Phi-4-mini (zero-shot),False,False
2316,False,False,0.0002696097071748,0.1292815981250044,False,False,Phi-4-mini (zero-shot),True,True
2317,False,False,0.0488790571689605,0.1292815981250044,False,False,Phi-4-mini (zero-shot),True,True
2318,True,False,0.9998877048492432,0.1390635178750017,True,True,Phi-4-mini (zero-shot),True,True
2319,False,False,0.0018109488300979,0.1292815981250044,False,False,Phi-4-mini (zero-shot),True,True
2320,False,False,0.0008561061113141,0.1390635178750017,False,False,Phi-4-mini (zero-shot),True,True
2321,False,False,0.0010656284866854,0.1292815981250044,False,False,Phi-4-mini (zero-shot),True,True
2322,False,False,0.0046113403514027,0.1292815981250044,False,False,Phi-4-mini (zero-shot),True,True
2323,True,False,0.9466138482093812,0.1390635178750017,True,True,Phi-4-mini (zero-shot),True,True
2324,True,False,0.6994284987449646,0.1292815981250044,True,True,Phi-4-mini (zero-shot),True,True
2325,True,False,0.3776859045028686,0.1292815981250044,False,True,Phi-4-mini (zero-shot),False,True
2326,True,False,0.9796742796897888,0.1292815981250044,True,True,Phi-4-mini (zero-shot),True,True
2327,False,False,0.977716624736786,0.0903982377500085,True,True,Phi-4-mini (zero-shot),False,False
2328,False,False,0.0003801207349169,0.0903982377500085,False,False,Phi-4-mini (zero-shot),True,True
2329,True,False,0.7372032999992371,0.0903982377500085,True,True,Phi-4-mini (zero-shot),True,True
2330,True,False,0.9566442966461182,0.0903982377500085,True,True,Phi-4-mini (zero-shot),True,True
2331,False,False,0.0011340053752064,0.0903982377500085,False,False,Phi-4-mini (zero-shot),True,True
2332,True,False,0.9980738162994384,0.0903982377500085,True,True,Phi-4-mini (zero-shot),True,True
2333,False,False,0.3346700966358185,0.0903982377500085,False,True,Phi-4-mini (zero-shot),True,False
2334,False,False,0.0001853274879977,0.0903982377500085,False,False,Phi-4-mini (zero-shot),True,True
2335,True,False,0.9659082293510436,0.1066697800000042,True,True,Phi-4-mini (zero-shot),True,True
2336,False,False,0.0012454078532755,0.1066697800000042,False,False,Phi-4-mini (zero-shot),True,True
2337,True,False,0.6792460083961487,0.1390635178750017,True,True,Phi-4-mini (zero-shot),True,True
2338,False,False,0.0053873290307819,0.1066697800000042,False,False,Phi-4-mini (zero-shot),True,True
2339,False,False,0.0020516805816441,0.1066697800000042,False,False,Phi-4-mini (zero-shot),True,True
2340,True,False,0.9993333220481871,0.1066697800000042,True,True,Phi-4-mini (zero-shot),True,True
2341,False,False,0.0002379554207436,0.1066697800000042,False,False,Phi-4-mini (zero-shot),True,True
2342,False,False,0.0109948208555579,0.1506667154999945,False,False,Phi-4-mini (zero-shot),True,True
2343,True,False,0.9697922468185424,0.1390635178750017,True,True,Phi-4-mini (zero-shot),True,True
2344,True,False,0.999929666519165,0.1066697800000042,True,True,Phi-4-mini (zero-shot),True,True
2345,False,False,0.1779525578022003,0.1066697800000042,False,True,Phi-4-mini (zero-shot),True,False
2346,True,False,0.3852942585945129,0.1281101496250016,False,True,Phi-4-mini (zero-shot),False,True
2347,True,False,0.8991559743881226,0.1281101496250016,True,True,Phi-4-mini (zero-shot),True,True
2348,True,False,0.99835205078125,0.1281101496250016,True,True,Phi-4-mini (zero-shot),True,True
2349,False,False,0.793164849281311,0.1281101496250016,True,True,Phi-4-mini (zero-shot),False,False
2350,True,False,0.9930983185768129,0.1390635178750017,True,True,Phi-4-mini (zero-shot),True,True
2351,True,False,0.9993122816085817,0.1281101496250016,True,True,Phi-4-mini (zero-shot),True,True
2352,False,False,0.0026329460088163,0.1281101496250016,False,False,Phi-4-mini (zero-shot),True,True
2353,False,False,0.0583999380469322,0.1390635178750017,False,False,Phi-4-mini (zero-shot),True,True
2354,False,False,0.0341182723641395,0.1281101496250016,False,False,Phi-4-mini (zero-shot),True,True
2355,True,False,0.9996647834777832,0.1281101496250016,True,True,Phi-4-mini (zero-shot),True,True
2356,True,False,0.2878444492816925,0.0967299347500159,False,True,Phi-4-mini (zero-shot),False,True
2357,True,False,0.9971107244491576,0.0967299347500159,True,True,Phi-4-mini (zero-shot),True,True
2358,True,False,0.9748268127441406,0.0967299347500159,True,True,Phi-4-mini (zero-shot),True,True
2359,False,False,0.0030769724398851,0.0967299347500159,False,False,Phi-4-mini (zero-shot),True,True
2360,True,False,0.9916865229606628,0.1390635178750017,True,True,Phi-4-mini (zero-shot),True,True
2361,False,False,0.010663129389286,0.0967299347500159,False,False,Phi-4-mini (zero-shot),True,True
2362,False,False,0.0503625497221946,0.0967299347500159,False,False,Phi-4-mini (zero-shot),True,True
2363,False,False,0.0012846750905737,0.0967299347500159,False,False,Phi-4-mini (zero-shot),True,True
2364,True,False,0.9956693649291992,0.0967299347500159,True,True,Phi-4-mini (zero-shot),True,True
2365,True,False,0.9994297623634338,0.1257317948750085,True,True,Phi-4-mini (zero-shot),True,True
2366,True,False,0.8872392773628235,0.1681165239999984,True,True,Phi-4-mini (zero-shot),True,True
2367,False,False,0.0026325553189963,0.1257317948750085,False,False,Phi-4-mini (zero-shot),True,True
2368,True,False,0.8706239461898804,0.1257317948750085,True,True,Phi-4-mini (zero-shot),True,True
2369,True,False,0.0293344929814338,0.1257317948750085,False,False,Phi-4-mini (zero-shot),False,False
2370,True,False,0.8840556740760803,0.1257317948750085,True,True,Phi-4-mini (zero-shot),True,True
2371,True,False,0.8634167909622192,0.1257317948750085,True,True,Phi-4-mini (zero-shot),True,True
2372,True,False,0.5312948822975159,0.1257317948750085,True,True,Phi-4-mini (zero-shot),True,True
2373,True,False,0.9933114051818848,0.1257317948750085,True,True,Phi-4-mini (zero-shot),True,True
2374,True,False,0.9992903470993042,0.086682944125016,True,True,Phi-4-mini (zero-shot),True,True
2375,True,False,0.0251891445368528,0.1681165239999984,False,False,Phi-4-mini (zero-shot),False,False
2376,True,False,0.7432116866111755,0.1681165239999984,True,True,Phi-4-mini (zero-shot),True,True
2377,True,False,0.9991441965103148,0.086682944125016,True,True,Phi-4-mini (zero-shot),True,True
2378,True,False,0.9993334412574768,0.086682944125016,True,True,Phi-4-mini (zero-shot),True,True
2379,False,False,0.0025518930051475,0.086682944125016,False,False,Phi-4-mini (zero-shot),True,True
2380,True,False,0.8706260323524475,0.1681165239999984,True,True,Phi-4-mini (zero-shot),True,True
2381,True,False,4.2656251025618985e-05,0.086682944125016,False,False,Phi-4-mini (zero-shot),False,False
2382,True,False,0.0275913197547197,0.086682944125016,False,False,Phi-4-mini (zero-shot),False,False
2383,False,False,0.0216205790638923,0.1681165239999984,False,False,Phi-4-mini (zero-shot),True,True
2384,True,False,0.1441860347986221,0.086682944125016,False,True,Phi-4-mini (zero-shot),False,True
2385,False,False,0.0009403309086337,0.1681165239999984,False,False,Phi-4-mini (zero-shot),True,True
2386,True,False,0.9926562905311584,0.086682944125016,True,True,Phi-4-mini (zero-shot),True,True
2387,False,False,0.0460462979972362,0.1294610683750079,False,False,Phi-4-mini (zero-shot),True,True
2388,True,False,0.999393105506897,0.1294610683750079,True,True,Phi-4-mini (zero-shot),True,True
2389,False,False,0.7607187032699585,0.1681165239999984,True,True,Phi-4-mini (zero-shot),False,False
2390,False,False,0.0128244003280997,0.1681165239999984,False,False,Phi-4-mini (zero-shot),True,True
2391,True,False,0.9994807839393616,0.1294610683750079,True,True,Phi-4-mini (zero-shot),True,True
2392,True,False,0.7880101799964905,0.1065118787499983,True,True,Phi-4-mini (zero-shot),True,True
2393,True,False,0.692741870880127,0.1294610683750079,True,True,Phi-4-mini (zero-shot),True,True
2394,True,False,0.1778839379549026,0.1294610683750079,False,True,Phi-4-mini (zero-shot),False,True
2395,True,False,0.6860045194625854,0.1294610683750079,True,True,Phi-4-mini (zero-shot),True,True
2396,True,False,0.9996079802513124,0.1294610683750079,True,True,Phi-4-mini (zero-shot),True,True
2397,True,False,0.0758819803595542,0.1294610683750079,False,False,Phi-4-mini (zero-shot),False,False
2398,True,False,0.9988665580749512,0.1065118787499983,True,True,Phi-4-mini (zero-shot),True,True
2399,True,False,0.9994117021560668,0.1576864394999972,True,True,Phi-4-mini (zero-shot),True,True
2400,False,False,0.0953718423843383,0.1506667154999945,False,False,Phi-4-mini (zero-shot),True,True
2401,True,False,0.9763176441192628,0.1576864394999972,True,True,Phi-4-mini (zero-shot),True,True
2402,False,False,0.256852388381958,0.1576864394999972,False,True,Phi-4-mini (zero-shot),True,False
2403,True,False,0.2629482746124267,0.1576864394999972,False,True,Phi-4-mini (zero-shot),False,True
2404,True,False,0.0656195729970932,0.1576864394999972,False,False,Phi-4-mini (zero-shot),False,False
2405,True,False,0.9511585831642152,0.1065118787499983,True,True,Phi-4-mini (zero-shot),True,True
2406,True,False,0.997199535369873,0.1576864394999972,True,True,Phi-4-mini (zero-shot),True,True
2407,True,False,0.0024731312878429,0.1576864394999972,False,False,Phi-4-mini (zero-shot),False,False
2408,True,False,0.999117076396942,0.1576864394999972,True,True,Phi-4-mini (zero-shot),True,True
2409,True,False,0.0055572013370692,0.1065118787499983,False,False,Phi-4-mini (zero-shot),False,False
2410,True,False,0.99617600440979,0.1465272798750163,True,True,Phi-4-mini (zero-shot),True,True
2411,False,False,0.0066971131600439,0.1465272798750163,False,False,Phi-4-mini (zero-shot),True,True
2412,False,False,0.8267539143562317,0.1465272798750163,True,True,Phi-4-mini (zero-shot),False,False
2413,True,False,0.0583760254085063,0.1465272798750163,False,False,Phi-4-mini (zero-shot),False,False
2414,False,False,0.0004583793052006,0.1465272798750163,False,False,Phi-4-mini (zero-shot),True,True
2415,True,False,0.979681134223938,0.1465272798750163,True,True,Phi-4-mini (zero-shot),True,True
2416,True,False,0.9991959929466248,0.1465272798750163,True,True,Phi-4-mini (zero-shot),True,True
2417,False,False,0.0474534519016742,0.1465272798750163,False,False,Phi-4-mini (zero-shot),True,True
2418,True,False,0.973248302936554,0.1089850479999938,True,True,Phi-4-mini (zero-shot),True,True
2419,True,False,0.992879331111908,0.1089850479999938,True,True,Phi-4-mini (zero-shot),True,True
2420,False,False,0.0066965548321604,0.1065118787499983,False,False,Phi-4-mini (zero-shot),True,True
2421,True,False,0.9648606777191162,0.1089850479999938,True,True,Phi-4-mini (zero-shot),True,True
2422,True,False,0.407431036233902,0.1089850479999938,False,True,Phi-4-mini (zero-shot),False,True
2423,True,False,0.9993334412574768,0.1065118787499983,True,True,Phi-4-mini (zero-shot),True,True
2424,True,False,0.7187039256095886,0.1065118787499983,True,True,Phi-4-mini (zero-shot),True,True
2425,False,False,0.0005196395795792,0.1089850479999938,False,False,Phi-4-mini (zero-shot),True,True
2426,True,False,0.173332467675209,0.1089850479999938,False,True,Phi-4-mini (zero-shot),False,True
2427,True,False,0.9381357431411744,0.1089850479999938,True,True,Phi-4-mini (zero-shot),True,True
2428,True,False,0.8775055408477783,0.1089850479999938,True,True,Phi-4-mini (zero-shot),True,True
2429,True,False,0.2568997144699096,0.1210325322500125,False,True,Phi-4-mini (zero-shot),False,True
2430,False,False,0.0007097732159309,0.1210325322500125,False,False,Phi-4-mini (zero-shot),True,True
2431,True,False,0.0362448319792747,0.1210325322500125,False,False,Phi-4-mini (zero-shot),False,False
2432,False,False,0.0018110453383997,0.1210325322500125,False,False,Phi-4-mini (zero-shot),True,True
2433,False,False,0.0078216893598437,0.1210325322500125,False,False,Phi-4-mini (zero-shot),True,True
2434,True,False,0.9740464687347412,0.1210325322500125,True,True,Phi-4-mini (zero-shot),True,True
2435,False,False,0.0420986451208591,0.1210325322500125,False,False,Phi-4-mini (zero-shot),True,True
2436,True,False,0.5851641297340393,0.1210325322500125,True,True,Phi-4-mini (zero-shot),True,True
2437,True,False,0.9990891218185424,0.0755404669999961,True,True,Phi-4-mini (zero-shot),True,True
2438,False,False,0.0010007178643718,0.0755404669999961,False,False,Phi-4-mini (zero-shot),True,True
2439,False,False,0.0113381659612059,0.0755404669999961,False,False,Phi-4-mini (zero-shot),True,True
2440,False,False,0.4302155971527099,0.0755404669999961,False,True,Phi-4-mini (zero-shot),True,False
2441,False,False,0.0019884477369487,0.0755404669999961,False,False,Phi-4-mini (zero-shot),True,True
2442,True,False,0.9450047612190248,0.0755404669999961,True,True,Phi-4-mini (zero-shot),True,True
2443,False,False,0.0018680138746276,0.0755404669999961,False,False,Phi-4-mini (zero-shot),True,True
2444,False,False,0.0014553235378116,0.0755404669999961,False,False,Phi-4-mini (zero-shot),True,True
2445,True,False,0.9991441965103148,0.1615774551249842,True,True,Phi-4-mini (zero-shot),True,True
2446,False,False,0.0503532439470291,0.1065118787499983,False,False,Phi-4-mini (zero-shot),True,True
2447,False,False,0.0035949414595961,0.1615774551249842,False,False,Phi-4-mini (zero-shot),True,True
2448,True,False,0.9637848734855652,0.1615774551249842,True,True,Phi-4-mini (zero-shot),True,True
2449,False,False,0.0049082180485129,0.1615774551249842,False,False,Phi-4-mini (zero-shot),True,True
2450,True,False,0.724905252456665,0.1615774551249842,True,True,Phi-4-mini (zero-shot),True,True
2451,True,False,0.9466136693954468,0.1615774551249842,True,True,Phi-4-mini (zero-shot),True,True
2452,False,False,0.5775967836380005,0.1615774551249842,True,True,Phi-4-mini (zero-shot),False,False
2453,True,False,0.9991171956062316,0.1615774551249842,True,True,Phi-4-mini (zero-shot),True,True
2454,False,False,0.0002378737553954,0.1273548246250015,False,False,Phi-4-mini (zero-shot),True,True
2455,True,False,0.3347261846065521,0.1273548246250015,False,True,Phi-4-mini (zero-shot),False,True
2456,False,False,0.008065958507359,0.1273548246250015,False,False,Phi-4-mini (zero-shot),True,True
2457,True,False,0.9603708386421204,0.1273548246250015,True,True,Phi-4-mini (zero-shot),True,True
2458,True,False,0.9863682389259338,0.1010488176249992,True,True,Phi-4-mini (zero-shot),True,True
2459,True,False,0.0433871708810329,0.1273548246250015,False,False,Phi-4-mini (zero-shot),False,False
2460,False,False,0.0005530442576855,0.1273548246250015,False,False,Phi-4-mini (zero-shot),True,True
2461,True,False,0.8670599460601807,0.1273548246250015,True,True,Phi-4-mini (zero-shot),True,True
2462,False,False,0.0010328841162845,0.1273548246250015,False,False,Phi-4-mini (zero-shot),True,True
2463,True,False,0.9706925749778748,0.0854764192499999,True,True,Phi-4-mini (zero-shot),True,True
2464,True,False,0.0550362281501293,0.0854764192499999,False,False,Phi-4-mini (zero-shot),False,False
2465,True,False,0.3702751696109772,0.1010488176249992,False,True,Phi-4-mini (zero-shot),False,True
2466,True,False,0.6442714333534241,0.0854764192499999,True,True,Phi-4-mini (zero-shot),True,True
2467,True,False,0.9566490650177002,0.0854764192499999,True,True,Phi-4-mini (zero-shot),True,True
2468,True,False,0.0851415321230888,0.0854764192499999,False,False,Phi-4-mini (zero-shot),False,False
2469,False,False,0.9990602135658264,0.0854764192499999,True,True,Phi-4-mini (zero-shot),False,False
2470,False,False,0.0251872707158327,0.0854764192499999,False,False,Phi-4-mini (zero-shot),True,True
2471,True,False,0.9344196915626526,0.0854764192499999,True,True,Phi-4-mini (zero-shot),True,True
2472,True,False,0.0106568532064557,0.1010488176249992,False,False,Phi-4-mini (zero-shot),False,False
2473,False,False,0.0011699693277478,0.1565051711250191,False,False,Phi-4-mini (zero-shot),True,True
2474,False,False,6.605793896596879e-05,0.1565051711250191,False,False,Phi-4-mini (zero-shot),True,True
2475,True,False,0.992655634880066,0.1010488176249992,True,True,Phi-4-mini (zero-shot),True,True
2476,True,False,0.3209077417850494,0.1565051711250191,False,True,Phi-4-mini (zero-shot),False,True
2477,False,False,0.000380312121706,0.1565051711250191,False,False,Phi-4-mini (zero-shot),True,True
2478,False,False,0.037340871989727,0.1565051711250191,False,False,Phi-4-mini (zero-shot),True,True
2479,True,False,0.2751905918121338,0.1565051711250191,False,True,Phi-4-mini (zero-shot),False,True
2480,True,False,0.4611693620681762,0.1565051711250191,False,True,Phi-4-mini (zero-shot),False,True
2481,True,False,0.9994297623634338,0.1565051711250191,True,True,Phi-4-mini (zero-shot),True,True
2482,True,False,0.0619114264845848,0.1066014183749928,False,False,Phi-4-mini (zero-shot),False,False
2483,False,False,0.0027160183526575,0.1066014183749928,False,False,Phi-4-mini (zero-shot),True,True
2484,True,False,0.2451429069042205,0.1506667154999945,False,True,Phi-4-mini (zero-shot),False,True
2485,True,False,0.6584861874580383,0.1066014183749928,True,True,Phi-4-mini (zero-shot),True,True
2486,True,False,0.9994807839393616,0.1066014183749928,True,True,Phi-4-mini (zero-shot),True,True
2487,True,False,0.9919407963752748,0.1066014183749928,True,True,Phi-4-mini (zero-shot),True,True
2488,True,False,0.9962946772575378,0.1010488176249992,True,True,Phi-4-mini (zero-shot),True,True
2489,True,False,0.9980130195617676,0.1066014183749928,True,True,Phi-4-mini (zero-shot),True,True
2490,True,False,0.0408694818615913,0.1010488176249992,False,False,Phi-4-mini (zero-shot),False,False
2491,False,False,0.8439353108406067,0.1066014183749928,True,True,Phi-4-mini (zero-shot),False,False
2492,True,False,0.9996200799942015,0.1066014183749928,True,True,Phi-4-mini (zero-shot),True,True
2493,True,False,0.8080938458442688,0.1010488176249992,True,True,Phi-4-mini (zero-shot),True,True
2494,True,False,0.4150359034538269,0.1251030507500274,False,True,Phi-4-mini (zero-shot),False,True
2495,False,False,0.0953632816672325,0.1251030507500274,False,False,Phi-4-mini (zero-shot),True,True
2496,True,False,0.992424488067627,0.1251030507500274,True,True,Phi-4-mini (zero-shot),True,True
2497,True,False,0.9615547060966492,0.1251030507500274,True,True,Phi-4-mini (zero-shot),True,True
2498,False,False,0.0001488822017563,0.1251030507500274,False,False,Phi-4-mini (zero-shot),True,True
2499,False,False,0.0005359930219128,0.1010488176249992,False,False,Phi-4-mini (zero-shot),True,True
2500,True,False,0.9997468590736388,0.1251030507500274,True,True,Phi-4-mini (zero-shot),True,True
2501,True,False,0.7491596341133118,0.1251030507500274,True,True,Phi-4-mini (zero-shot),True,True
2502,False,False,0.0003355138469487,0.1251030507500274,False,False,Phi-4-mini (zero-shot),True,True
2503,False,False,0.0046119005419313,0.1234901884999999,False,False,Phi-4-mini (zero-shot),True,True
2504,False,False,0.0088502317667007,0.1234901884999999,False,False,Phi-4-mini (zero-shot),True,True
2505,False,False,0.1733215451240539,0.1234901884999999,False,True,Phi-4-mini (zero-shot),True,False
2506,False,False,0.0781064480543136,0.1234901884999999,False,False,Phi-4-mini (zero-shot),True,True
2507,False,False,0.0015018113190308,0.1234901884999999,False,False,Phi-4-mini (zero-shot),True,True
2508,True,False,0.0140756387263536,0.1234901884999999,False,False,Phi-4-mini (zero-shot),False,False
2509,True,False,0.6225149035453796,0.1234901884999999,True,True,Phi-4-mini (zero-shot),True,True
2510,True,False,0.9433693289756776,0.1161292253750048,True,True,Phi-4-mini (zero-shot),True,True
2511,False,False,0.3849491477012634,0.1234901884999999,False,True,Phi-4-mini (zero-shot),True,False
2512,True,False,0.946608066558838,0.1002541721250054,True,True,Phi-4-mini (zero-shot),True,True
2513,True,False,0.9937120676040648,0.1002541721250054,True,True,Phi-4-mini (zero-shot),True,True
2514,True,False,0.971571683883667,0.1002541721250054,True,True,Phi-4-mini (zero-shot),True,True
2515,False,False,0.8311907649040222,0.1002541721250054,True,True,Phi-4-mini (zero-shot),False,False
2516,False,False,0.0174576584249734,0.1506667154999945,False,False,Phi-4-mini (zero-shot),True,True
2517,True,False,0.9911543130874634,0.1002541721250054,True,True,Phi-4-mini (zero-shot),True,True
2518,False,False,0.0106574976816773,0.1002541721250054,False,False,Phi-4-mini (zero-shot),True,True
2519,True,False,0.9591651558876038,0.1002541721250054,True,True,Phi-4-mini (zero-shot),True,True
2520,False,False,0.5312948822975159,0.1002541721250054,True,True,Phi-4-mini (zero-shot),False,False
2521,False,False,0.0002695449220482,0.1231082091250073,False,False,Phi-4-mini (zero-shot),True,True
2522,True,False,0.9579194784164428,0.1231082091250073,True,True,Phi-4-mini (zero-shot),True,True
2523,False,False,0.0116934720426797,0.1231082091250073,False,False,Phi-4-mini (zero-shot),True,True
2524,True,False,0.8082008957862854,0.1231082091250073,True,True,Phi-4-mini (zero-shot),True,True
2525,True,False,0.0981772169470787,0.1231082091250073,False,False,Phi-4-mini (zero-shot),False,False
2526,False,False,0.0550154037773609,0.1231082091250073,False,False,Phi-4-mini (zero-shot),True,True
2527,False,False,0.1037766486406326,0.1231082091250073,False,True,Phi-4-mini (zero-shot),True,False
2528,False,False,0.2282895445823669,0.1231082091250073,False,True,Phi-4-mini (zero-shot),True,False
2529,True,False,0.9859404563903807,0.1002181173749932,True,True,Phi-4-mini (zero-shot),True,True
2530,False,False,0.2569193840026855,0.1002181173749932,False,True,Phi-4-mini (zero-shot),True,False
2531,True,False,0.1097601950168609,0.1002181173749932,False,True,Phi-4-mini (zero-shot),False,True
2532,True,False,0.9989996552467346,0.1002181173749932,True,True,Phi-4-mini (zero-shot),True,True
2533,False,False,0.0019275931408628,0.1002181173749932,False,False,Phi-4-mini (zero-shot),True,True
2534,True,False,0.0695711225271225,0.1002181173749932,False,False,Phi-4-mini (zero-shot),False,False
2535,False,False,0.0050625982694327,0.1002181173749932,False,False,Phi-4-mini (zero-shot),True,True
2536,False,False,0.1645521223545074,0.1002181173749932,False,True,Phi-4-mini (zero-shot),True,False
2537,False,False,0.029317332431674,0.1213810182499912,False,False,Phi-4-mini (zero-shot),True,True
2538,False,False,0.0024736488703638,0.1161292253750048,False,False,Phi-4-mini (zero-shot),True,True
2539,False,False,0.0002234495914308,0.1213810182499912,False,False,Phi-4-mini (zero-shot),True,True
2540,False,False,0.0003800859558396,0.1213810182499912,False,False,Phi-4-mini (zero-shot),True,True
2541,False,False,0.0002532422950025,0.1213810182499912,False,False,Phi-4-mini (zero-shot),True,True
2542,True,False,0.8670722246170044,0.1213810182499912,True,True,Phi-4-mini (zero-shot),True,True
2543,True,False,0.9992448091506958,0.1213810182499912,True,True,Phi-4-mini (zero-shot),True,True
2544,True,False,0.9997305274009703,0.1213810182499912,True,True,Phi-4-mini (zero-shot),True,True
2545,True,False,0.8840745091438293,0.1213810182499912,True,True,Phi-4-mini (zero-shot),True,True
2546,True,False,0.0695577934384346,0.1245431601250004,False,False,Phi-4-mini (zero-shot),False,False
2547,False,False,0.0103314686566591,0.1161292253750048,False,False,Phi-4-mini (zero-shot),True,True
2548,False,False,0.0004306720511522,0.1245431601250004,False,False,Phi-4-mini (zero-shot),True,True
2549,True,False,0.989674150943756,0.1245431601250004,True,True,Phi-4-mini (zero-shot),True,True
2550,True,False,0.2227939218282699,0.1245431601250004,False,True,Phi-4-mini (zero-shot),False,True
2551,True,False,0.0927076637744903,0.1245431601250004,False,False,Phi-4-mini (zero-shot),False,False
2552,True,False,0.999836564064026,0.1245431601250004,True,True,Phi-4-mini (zero-shot),True,True
2553,False,False,0.1689233481884002,0.1245431601250004,False,True,Phi-4-mini (zero-shot),True,False
2554,False,False,0.0311508495360612,0.1245431601250004,False,False,Phi-4-mini (zero-shot),True,True
2555,True,False,0.9987555742263794,0.0737854799999979,True,True,Phi-4-mini (zero-shot),True,True
2556,True,False,0.6926833987236023,0.0737854799999979,True,True,Phi-4-mini (zero-shot),True,True
2557,True,False,0.9975281357765198,0.0737854799999979,True,True,Phi-4-mini (zero-shot),True,True
2558,True,False,0.989351451396942,0.0737854799999979,True,True,Phi-4-mini (zero-shot),True,True
2559,True,False,0.1603394597768783,0.0737854799999979,False,True,Phi-4-mini (zero-shot),False,True
2560,False,False,0.9859381318092346,0.0737854799999979,True,True,Phi-4-mini (zero-shot),False,False
2561,False,False,0.3998940289020538,0.0737854799999979,False,True,Phi-4-mini (zero-shot),True,False
2562,True,False,0.9099273085594176,0.0737854799999979,True,True,Phi-4-mini (zero-shot),True,True
2563,True,False,0.9933098554611206,0.1314705027499769,True,True,Phi-4-mini (zero-shot),True,True
2564,True,False,0.2393910139799118,0.1314705027499769,False,True,Phi-4-mini (zero-shot),False,True
2565,False,False,0.8397848010063171,0.1314705027499769,True,True,Phi-4-mini (zero-shot),False,False
2566,True,False,0.9958023428916932,0.1314705027499769,True,True,Phi-4-mini (zero-shot),True,True
2567,True,False,0.7372335195541382,0.104080322250013,True,True,Phi-4-mini (zero-shot),True,True
2568,True,False,0.8840619921684265,0.1314705027499769,True,True,Phi-4-mini (zero-shot),True,True
2569,True,False,0.4923644959926605,0.1161292253750048,False,True,Phi-4-mini (zero-shot),False,True
2570,False,False,0.3924687504768371,0.1314705027499769,False,True,Phi-4-mini (zero-shot),True,False
2571,False,False,9.61482510319911e-05,0.1161292253750048,False,False,Phi-4-mini (zero-shot),True,True
2572,False,False,0.005388637073338,0.1314705027499769,False,False,Phi-4-mini (zero-shot),True,True
2573,True,False,0.9968277812004088,0.1161292253750048,True,True,Phi-4-mini (zero-shot),True,True
2574,True,False,0.9978848099708556,0.1314705027499769,True,True,Phi-4-mini (zero-shot),True,True
2575,False,False,0.0002869240997824,0.1161292253750048,False,False,Phi-4-mini (zero-shot),True,True
2576,False,False,0.0619131959974765,0.1319811022499948,False,False,Phi-4-mini (zero-shot),True,True
2577,False,False,0.0055595836602151,0.1319811022499948,False,False,Phi-4-mini (zero-shot),True,True
2578,True,False,0.7122868895530701,0.1319811022499948,True,True,Phi-4-mini (zero-shot),True,True
2579,False,False,0.0124398954212665,0.1319811022499948,False,False,Phi-4-mini (zero-shot),True,True
2580,False,False,0.1969450265169143,0.1319811022499948,False,True,Phi-4-mini (zero-shot),True,False
2581,True,False,0.9981898665428162,0.1319811022499948,True,True,Phi-4-mini (zero-shot),True,True
2582,True,False,0.1294409930706024,0.1319811022499948,False,True,Phi-4-mini (zero-shot),False,True
2583,False,False,0.9149152040481568,0.1319811022499948,True,True,Phi-4-mini (zero-shot),False,False
2584,False,False,0.0031733582727611,0.1282994191249997,False,False,Phi-4-mini (zero-shot),True,True
2585,False,False,0.0013255474623292,0.1282994191249997,False,False,Phi-4-mini (zero-shot),True,True
2586,False,False,0.168943166732788,0.1282994191249997,False,True,Phi-4-mini (zero-shot),True,False
2587,True,False,0.9994966983795166,0.1282994191249997,True,True,Phi-4-mini (zero-shot),True,True
2588,True,False,0.0055581708438694,0.1282994191249997,False,False,Phi-4-mini (zero-shot),False,False
2589,True,False,0.1645510643720626,0.1161292253750048,False,True,Phi-4-mini (zero-shot),False,True
2590,True,False,0.912492573261261,0.1282994191249997,True,True,Phi-4-mini (zero-shot),True,True
2591,False,False,0.0031737687531858,0.1282994191249997,False,False,Phi-4-mini (zero-shot),True,True
2592,False,False,0.0069057215005159,0.1226425988750037,False,False,Phi-4-mini (zero-shot),True,True
2593,False,False,0.0113367121666669,0.1282994191249997,False,False,Phi-4-mini (zero-shot),True,True
2594,False,False,0.000139875410241,0.1223755486250013,False,False,Phi-4-mini (zero-shot),True,True
2595,False,False,0.0954245179891586,0.1223755486250013,False,False,Phi-4-mini (zero-shot),True,True
2596,True,False,0.999373733997345,0.1223755486250013,True,True,Phi-4-mini (zero-shot),True,True
2597,True,False,0.1689249575138092,0.1223755486250013,False,True,Phi-4-mini (zero-shot),False,True
2598,True,False,0.996624231338501,0.1223755486250013,True,True,Phi-4-mini (zero-shot),True,True
2599,False,False,0.0035944904666393,0.1223755486250013,False,False,Phi-4-mini (zero-shot),True,True
2600,False,False,0.0003570931730791,0.1223755486250013,False,False,Phi-4-mini (zero-shot),True,True
2601,False,False,0.9902944564819336,0.1223755486250013,True,True,Phi-4-mini (zero-shot),False,False
2602,True,False,0.9553257822990416,0.1059277192500189,True,True,Phi-4-mini (zero-shot),True,True
2603,True,False,0.9219264388084412,0.1059277192500189,True,True,Phi-4-mini (zero-shot),True,True
2604,True,False,0.6584801077842712,0.1059277192500189,True,True,Phi-4-mini (zero-shot),True,True
2605,True,False,0.0229842234402894,0.1059277192500189,False,False,Phi-4-mini (zero-shot),False,False
2606,True,False,0.9924238920211792,0.1226425988750037,True,True,Phi-4-mini (zero-shot),True,True
2607,False,False,0.0003250940935686,0.1226425988750037,False,False,Phi-4-mini (zero-shot),True,True
2608,True,False,0.9959307312965392,0.1059277192500189,True,True,Phi-4-mini (zero-shot),True,True
2609,True,False,0.9983519315719604,0.1059277192500189,True,True,Phi-4-mini (zero-shot),True,True
2610,True,False,0.27529177069664,0.1059277192500189,False,True,Phi-4-mini (zero-shot),False,True
2611,True,False,0.9896734952926636,0.1226425988750037,True,True,Phi-4-mini (zero-shot),True,True
2612,True,False,0.9399380683898926,0.1059277192500189,True,True,Phi-4-mini (zero-shot),True,True
2613,True,False,0.0094151515513658,0.1303934089999927,False,False,Phi-4-mini (zero-shot),False,False
2614,True,False,0.9987555742263794,0.1303934089999927,True,True,Phi-4-mini (zero-shot),True,True
2615,True,False,0.9989013671875,0.1303934089999927,True,True,Phi-4-mini (zero-shot),True,True
2616,True,False,0.9986752867698668,0.1303934089999927,True,True,Phi-4-mini (zero-shot),True,True
2617,True,False,0.9924255609512328,0.1303934089999927,True,True,Phi-4-mini (zero-shot),True,True
2618,False,False,0.8032208681106567,0.1303934089999927,True,True,Phi-4-mini (zero-shot),False,False
2619,True,False,0.9998726844787598,0.1303934089999927,True,True,Phi-4-mini (zero-shot),True,True
2620,False,False,0.0302292313426733,0.1303934089999927,False,False,Phi-4-mini (zero-shot),True,True
2621,False,False,0.001455778023228,0.122220040749994,False,False,Phi-4-mini (zero-shot),True,True
2622,True,False,0.0803633853793144,0.122220040749994,False,False,Phi-4-mini (zero-shot),False,False
2623,False,False,0.005913131404668,0.122220040749994,False,False,Phi-4-mini (zero-shot),True,True
2624,False,False,0.0656195729970932,0.1226425988750037,False,False,Phi-4-mini (zero-shot),True,True
2625,False,False,0.3924996256828308,0.122220040749994,False,True,Phi-4-mini (zero-shot),True,False
2626,True,False,0.962685227394104,0.122220040749994,True,True,Phi-4-mini (zero-shot),True,True
2627,False,False,0.0341078378260135,0.122220040749994,False,False,Phi-4-mini (zero-shot),True,True
2628,True,False,0.006099134683609,0.122220040749994,False,False,Phi-4-mini (zero-shot),False,False
2629,True,False,0.9344326257705688,0.122220040749994,True,True,Phi-4-mini (zero-shot),True,True
2630,True,False,0.8596821427345276,0.1312302648750005,True,True,Phi-4-mini (zero-shot),True,True
2631,True,False,0.9615384936332704,0.1312302648750005,True,True,Phi-4-mini (zero-shot),True,True
2632,True,False,0.7059101462364197,0.1312302648750005,True,True,Phi-4-mini (zero-shot),True,True
2633,True,False,0.4074448347091675,0.1312302648750005,False,True,Phi-4-mini (zero-shot),False,True
2634,False,False,0.3999315798282623,0.1312302648750005,False,True,Phi-4-mini (zero-shot),True,False
2635,True,False,0.6992985606193542,0.1312302648750005,True,True,Phi-4-mini (zero-shot),True,True
2636,True,False,0.3416596949100494,0.1312302648750005,False,True,Phi-4-mini (zero-shot),False,True
2637,False,False,0.0044707772321999,0.1312302648750005,False,False,Phi-4-mini (zero-shot),True,True
2638,True,False,0.9928799271583556,0.1238577902499855,True,True,Phi-4-mini (zero-shot),True,True
2639,True,False,0.9637855291366576,0.1238577902499855,True,True,Phi-4-mini (zero-shot),True,True
2640,False,False,0.0018105901544913,0.1238577902499855,False,False,Phi-4-mini (zero-shot),True,True
2641,False,False,0.0043325712904334,0.1238577902499855,False,False,Phi-4-mini (zero-shot),True,True
2642,False,False,0.0601659826934337,0.1238577902499855,False,False,Phi-4-mini (zero-shot),True,True
2643,False,False,0.4688723385334015,0.1238577902499855,False,True,Phi-4-mini (zero-shot),True,False
2644,True,False,0.0618894882500171,0.1238577902499855,False,False,Phi-4-mini (zero-shot),False,False
2645,True,False,0.99973064661026,0.1226425988750037,True,True,Phi-4-mini (zero-shot),True,True
2646,True,False,0.9416766166687012,0.1238577902499855,True,True,Phi-4-mini (zero-shot),True,True
2647,True,False,0.3486945033073425,0.1226425988750037,False,True,Phi-4-mini (zero-shot),False,True
2648,False,False,4.401377373142168e-05,0.0861260938750092,False,False,Phi-4-mini (zero-shot),True,True
2649,False,False,0.0174484346061944,0.0861260938750092,False,False,Phi-4-mini (zero-shot),True,True
2650,False,False,0.007579565513879,0.0861260938750092,False,False,Phi-4-mini (zero-shot),True,True
2651,False,False,0.0004443759389687,0.0861260938750092,False,False,Phi-4-mini (zero-shot),True,True
2652,True,False,0.8634820580482483,0.0861260938750092,True,True,Phi-4-mini (zero-shot),True,True
2653,True,False,0.7249493598937988,0.0861260938750092,True,True,Phi-4-mini (zero-shot),True,True
2654,True,False,0.2942934036254883,0.0861260938750092,False,True,Phi-4-mini (zero-shot),False,True
2655,True,False,0.0027159873861819,0.1226425988750037,False,False,Phi-4-mini (zero-shot),False,False
2656,True,False,0.637085497379303,0.0861260938750092,True,True,Phi-4-mini (zero-shot),True,True
2657,False,False,0.0002781115472316,0.0750068785000053,False,False,Phi-4-mini (zero-shot),True,True
2658,True,False,0.9933078289031982,0.0750068785000053,True,True,Phi-4-mini (zero-shot),True,True
2659,True,False,0.9553307890892028,0.0750068785000053,True,True,Phi-4-mini (zero-shot),True,True
2660,False,False,0.0002532075450289,0.0750068785000053,False,False,Phi-4-mini (zero-shot),True,True
2661,False,False,0.1646202951669693,0.0750068785000053,False,True,Phi-4-mini (zero-shot),True,False
2662,True,False,0.9073330760002136,0.0750068785000053,True,True,Phi-4-mini (zero-shot),True,True
2663,False,False,0.0251869894564151,0.0750068785000053,False,False,Phi-4-mini (zero-shot),True,True
2664,True,False,0.7372615933418274,0.0750068785000053,True,True,Phi-4-mini (zero-shot),True,True
2665,False,False,0.8176227807998657,0.1222939311250002,True,True,Phi-4-mini (zero-shot),False,False
2666,True,False,0.999738872051239,0.1222939311250002,True,True,Phi-4-mini (zero-shot),True,True
2667,True,False,0.9975277781486512,0.1222939311250002,True,True,Phi-4-mini (zero-shot),True,True
2668,True,False,0.9539848566055298,0.1222939311250002,True,True,Phi-4-mini (zero-shot),True,True
2669,True,False,0.1009862795472145,0.1222939311250002,False,True,Phi-4-mini (zero-shot),False,True
2670,True,False,0.9953914880752563,0.1222939311250002,True,True,Phi-4-mini (zero-shot),True,True
2671,False,False,0.0078192614018917,0.1222939311250002,False,False,Phi-4-mini (zero-shot),True,True
2672,True,False,0.9362947940826416,0.1222939311250002,True,True,Phi-4-mini (zero-shot),True,True
2673,True,False,0.1009281128644943,0.1215616096249903,False,True,Phi-4-mini (zero-shot),False,True
2674,True,False,0.9755793809890748,0.1215616096249903,True,True,Phi-4-mini (zero-shot),True,True
2675,True,False,0.9859392642974854,0.1215616096249903,True,True,Phi-4-mini (zero-shot),True,True
2676,False,False,0.0180141255259513,0.1215616096249903,False,False,Phi-4-mini (zero-shot),True,True
2677,False,False,0.0005705788498744,0.1215616096249903,False,False,Phi-4-mini (zero-shot),True,True
2678,True,False,0.0637477710843086,0.1215616096249903,False,False,Phi-4-mini (zero-shot),False,False
2679,True,False,0.991424798965454,0.1215616096249903,True,True,Phi-4-mini (zero-shot),True,True
2680,False,False,0.0009701031376607,0.1408560243749974,False,False,Phi-4-mini (zero-shot),True,True
2681,False,False,0.0019891292322427,0.1215616096249903,False,False,Phi-4-mini (zero-shot),True,True
2682,True,False,0.9994966983795166,0.1408560243749974,True,True,Phi-4-mini (zero-shot),True,True
2683,True,False,0.782694935798645,0.0975821368749905,True,True,Phi-4-mini (zero-shot),True,True
2684,False,False,0.0566819906234741,0.0975821368749905,False,False,Phi-4-mini (zero-shot),True,True
2685,True,False,0.9579334855079652,0.0975821368749905,True,True,Phi-4-mini (zero-shot),True,True
2686,False,False,0.0033775367774069,0.0975821368749905,False,False,Phi-4-mini (zero-shot),True,True
2687,True,False,0.999373733997345,0.0975821368749905,True,True,Phi-4-mini (zero-shot),True,True
2688,False,False,0.0236975904554128,0.0975821368749905,False,False,Phi-4-mini (zero-shot),True,True
2689,True,False,0.0066954120993614,0.0975821368749905,False,False,Phi-4-mini (zero-shot),False,False
2690,False,False,0.0001488725392846,0.0975821368749905,False,False,Phi-4-mini (zero-shot),True,True
2691,False,False,0.0017556839156895,0.1438241057499851,False,False,Phi-4-mini (zero-shot),True,True
2692,True,False,0.8775055408477783,0.1438241057499851,True,True,Phi-4-mini (zero-shot),True,True
2693,True,False,0.9679075479507446,0.1438241057499851,True,True,Phi-4-mini (zero-shot),True,True
2694,False,False,0.0002532278012949,0.1438241057499851,False,False,Phi-4-mini (zero-shot),True,True
2695,True,False,0.999738872051239,0.1438241057499851,True,True,Phi-4-mini (zero-shot),True,True
2696,True,False,0.7311050295829773,0.1438241057499851,True,True,Phi-4-mini (zero-shot),True,True
2697,True,False,0.928428828716278,0.1408560243749974,True,True,Phi-4-mini (zero-shot),True,True
2698,False,False,0.8439187407493591,0.1408560243749974,True,True,Phi-4-mini (zero-shot),False,False
2699,False,False,0.0197322592139244,0.1438241057499851,False,False,Phi-4-mini (zero-shot),True,True
2700,False,False,8.482301200274378e-05,0.1408560243749974,False,False,Phi-4-mini (zero-shot),True,True
2701,True,False,0.946609377861023,0.1438241057499851,True,True,Phi-4-mini (zero-shot),True,True
2702,False,False,0.0080644013360142,0.1077768847499953,False,False,Phi-4-mini (zero-shot),True,True
2703,False,False,0.000755587068852,0.1077768847499953,False,False,Phi-4-mini (zero-shot),True,True
2704,True,False,0.959161639213562,0.1077768847499953,True,True,Phi-4-mini (zero-shot),True,True
2705,True,False,0.109751246869564,0.1077768847499953,False,True,Phi-4-mini (zero-shot),False,True
2706,True,False,0.724940299987793,0.1077768847499953,True,True,Phi-4-mini (zero-shot),True,True
2707,True,False,0.9993333220481871,0.1077768847499953,True,True,Phi-4-mini (zero-shot),True,True
2708,True,False,0.0169295724481344,0.1077768847499953,False,False,Phi-4-mini (zero-shot),False,False
2709,True,False,0.3630424439907074,0.1077768847499953,False,True,Phi-4-mini (zero-shot),False,True
2710,False,False,0.0094157196581363,0.1044223606249943,False,False,Phi-4-mini (zero-shot),True,True
2711,False,False,0.0029821328353136,0.1044223606249943,False,False,Phi-4-mini (zero-shot),True,True
2712,True,False,0.6151601076126099,0.1044223606249943,True,True,Phi-4-mini (zero-shot),True,True
2713,True,False,0.8808250427246094,0.1044223606249943,True,True,Phi-4-mini (zero-shot),True,True
2714,True,False,0.9991961121559144,0.1408560243749974,True,True,Phi-4-mini (zero-shot),True,True
2715,True,False,0.9875739216804504,0.1044223606249943,True,True,Phi-4-mini (zero-shot),True,True
2716,False,False,0.0007326446939259,0.1044223606249943,False,False,Phi-4-mini (zero-shot),True,True
2717,True,False,0.9983518123626708,0.1044223606249943,True,True,Phi-4-mini (zero-shot),True,True
2718,False,False,0.0004444148798938,0.1044223606249943,False,False,Phi-4-mini (zero-shot),True,True
2719,True,False,0.9732463955879213,0.1233552079999924,True,True,Phi-4-mini (zero-shot),True,True
2720,True,False,0.9939033389091492,0.1233552079999924,True,True,Phi-4-mini (zero-shot),True,True
2721,True,False,0.0637284219264984,0.1233552079999924,False,False,Phi-4-mini (zero-shot),False,False
2722,True,False,0.998451828956604,0.1233552079999924,True,True,Phi-4-mini (zero-shot),True,True
2723,True,False,0.3776106238365173,0.1233552079999924,False,True,Phi-4-mini (zero-shot),False,True
2724,False,False,4.98670015076641e-05,0.1233552079999924,False,False,Phi-4-mini (zero-shot),True,True
2725,True,False,0.6225848197937012,0.1233552079999924,True,True,Phi-4-mini (zero-shot),True,True
2726,False,False,0.1688992381095886,0.1233552079999924,False,True,Phi-4-mini (zero-shot),True,False
2727,False,False,7.034430745989084e-05,0.0960572545000104,False,False,Phi-4-mini (zero-shot),True,True
2728,True,False,0.2283117324113845,0.0960572545000104,False,True,Phi-4-mini (zero-shot),False,True
2729,False,False,0.0004729481879621,0.0960572545000104,False,False,Phi-4-mini (zero-shot),True,True
2730,True,False,0.9978850483894348,0.0960572545000104,True,True,Phi-4-mini (zero-shot),True,True
2731,True,False,0.909928023815155,0.0960572545000104,True,True,Phi-4-mini (zero-shot),True,True
2732,False,False,0.7186444997787476,0.0960572545000104,True,True,Phi-4-mini (zero-shot),False,False
2733,False,False,0.0384944193065166,0.1408560243749974,False,False,Phi-4-mini (zero-shot),True,True
2734,True,False,0.0023980811238288,0.0960572545000104,False,False,Phi-4-mini (zero-shot),False,False
2735,False,False,0.001000962103717,0.0960572545000104,False,False,Phi-4-mini (zero-shot),True,True
2736,True,False,0.998299777507782,0.1246741586249982,True,True,Phi-4-mini (zero-shot),True,True
2737,False,False,0.0035946406424045,0.1246741586249982,False,False,Phi-4-mini (zero-shot),True,True
2738,False,False,0.0001234265801031,0.1246741586249982,False,False,Phi-4-mini (zero-shot),True,True
2739,False,False,9.03038162505254e-05,0.1246741586249982,False,False,Phi-4-mini (zero-shot),True,True
2740,True,False,0.2569121122360229,0.1246741586249982,False,True,Phi-4-mini (zero-shot),False,True
2741,True,False,0.7372276186943054,0.1408560243749974,True,True,Phi-4-mini (zero-shot),True,True
2742,False,False,0.1008907407522201,0.1246741586249982,False,True,Phi-4-mini (zero-shot),True,False
2743,True,False,0.9979494214057922,0.1246741586249982,True,True,Phi-4-mini (zero-shot),True,True
2744,False,False,0.8963021039962769,0.1246741586249982,True,True,Phi-4-mini (zero-shot),False,False
2745,True,False,0.993096888065338,0.104080322250013,True,True,Phi-4-mini (zero-shot),True,True
2746,True,False,0.989349365234375,0.1234983738750088,True,True,Phi-4-mini (zero-shot),True,True
2747,True,False,0.6225274801254272,0.1234983738750088,True,True,Phi-4-mini (zero-shot),True,True
2748,True,False,0.9966237545013428,0.1234983738750088,True,True,Phi-4-mini (zero-shot),True,True
2749,True,False,0.3141138255596161,0.1234983738750088,False,True,Phi-4-mini (zero-shot),False,True
2750,True,False,0.6151899099349976,0.1188341294999872,True,True,Phi-4-mini (zero-shot),True,True
2751,False,False,0.0031735154334455,0.1234983738750088,False,False,Phi-4-mini (zero-shot),True,True
2752,False,False,0.0284521616995334,0.1234983738750088,False,False,Phi-4-mini (zero-shot),True,True
2753,True,False,0.9241621494293212,0.1234983738750088,True,True,Phi-4-mini (zero-shot),True,True
2754,False,False,0.0120565509423613,0.1188341294999872,False,False,Phi-4-mini (zero-shot),True,True
2755,False,False,0.0032747206278145,0.1234983738750088,False,False,Phi-4-mini (zero-shot),True,True
2756,True,False,0.2942791283130646,0.1068405517499968,False,True,Phi-4-mini (zero-shot),False,True
2757,False,False,0.000325208180584,0.1068405517499968,False,False,Phi-4-mini (zero-shot),True,True
2758,True,False,0.9496745467185974,0.1068405517499968,True,True,Phi-4-mini (zero-shot),True,True
2759,True,False,0.9997546076774596,0.1068405517499968,True,True,Phi-4-mini (zero-shot),True,True
2760,True,False,0.999643087387085,0.1068405517499968,True,True,Phi-4-mini (zero-shot),True,True
2761,True,False,0.9989681243896484,0.1068405517499968,True,True,Phi-4-mini (zero-shot),True,True
2762,True,False,0.9968283772468568,0.1068405517499968,True,True,Phi-4-mini (zero-shot),True,True
2763,True,False,0.9994966983795166,0.1188341294999872,True,True,Phi-4-mini (zero-shot),True,True
2764,True,False,0.9871832132339478,0.1068405517499968,True,True,Phi-4-mini (zero-shot),True,True
2765,True,False,0.0038258500862866,0.1047521613749893,False,False,Phi-4-mini (zero-shot),False,False
2766,True,False,0.5927835702896118,0.1047521613749893,True,True,Phi-4-mini (zero-shot),True,True
2767,True,False,0.9196577668190002,0.1047521613749893,True,True,Phi-4-mini (zero-shot),True,True
2768,True,False,0.9982454776763916,0.1188341294999872,True,True,Phi-4-mini (zero-shot),True,True
2769,True,False,0.9790407419204712,0.1047521613749893,True,True,Phi-4-mini (zero-shot),True,True
2770,True,False,0.9940896034240724,0.1047521613749893,True,True,Phi-4-mini (zero-shot),True,True
2771,False,False,0.0001911363797262,0.1047521613749893,False,False,Phi-4-mini (zero-shot),True,True
2772,True,False,0.9553256034851074,0.1047521613749893,True,True,Phi-4-mini (zero-shot),True,True
2773,False,False,0.0069076311774551,0.1047521613749893,False,False,Phi-4-mini (zero-shot),True,True
2774,False,False,0.0103339245542883,0.130684261749991,False,False,Phi-4-mini (zero-shot),True,True
2775,True,False,0.9984515905380248,0.130684261749991,True,True,Phi-4-mini (zero-shot),True,True
2776,False,False,0.0284565910696983,0.130684261749991,False,False,Phi-4-mini (zero-shot),True,True
2777,True,False,0.9896730184555054,0.130684261749991,True,True,Phi-4-mini (zero-shot),True,True
2778,True,False,0.0851207226514816,0.130684261749991,False,False,Phi-4-mini (zero-shot),False,False
2779,False,False,0.0057310070842504,0.130684261749991,False,False,Phi-4-mini (zero-shot),True,True
2780,False,False,0.468866616487503,0.130684261749991,False,True,Phi-4-mini (zero-shot),True,False
2781,False,False,0.1225457713007927,0.130684261749991,False,True,Phi-4-mini (zero-shot),True,False
2782,False,False,9.029795182868838e-05,0.0955409237499793,False,False,Phi-4-mini (zero-shot),True,True
2783,False,False,0.629880428314209,0.0955409237499793,True,True,Phi-4-mini (zero-shot),False,False
2784,True,False,0.7372527718544006,0.0955409237499793,True,True,Phi-4-mini (zero-shot),True,True
2785,True,False,0.976314127445221,0.0955409237499793,True,True,Phi-4-mini (zero-shot),True,True
2786,True,False,0.998716115951538,0.0955409237499793,True,True,Phi-4-mini (zero-shot),True,True
2787,True,False,0.8634244203567505,0.1188341294999872,True,True,Phi-4-mini (zero-shot),True,True
2788,True,False,0.9914261102676392,0.0955409237499793,True,True,Phi-4-mini (zero-shot),True,True
2789,True,False,0.9466146230697632,0.1188341294999872,True,True,Phi-4-mini (zero-shot),True,True
2790,True,False,0.0002034572389675,0.0955409237499793,False,False,Phi-4-mini (zero-shot),False,False
2791,False,False,0.0251889545470476,0.0955409237499793,False,False,Phi-4-mini (zero-shot),True,True
2792,True,False,0.6225149035453796,0.0828505146250222,True,True,Phi-4-mini (zero-shot),True,True
2793,True,False,0.9949405193328856,0.0828505146250222,True,True,Phi-4-mini (zero-shot),True,True
2794,True,False,0.9944456815719604,0.0828505146250222,True,True,Phi-4-mini (zero-shot),True,True
2795,False,False,0.8741288185119629,0.104080322250013,True,True,Phi-4-mini (zero-shot),False,False
2796,True,False,0.9648681282997132,0.0828505146250222,True,True,Phi-4-mini (zero-shot),True,True
2797,False,False,0.0062917149625718,0.0828505146250222,False,False,Phi-4-mini (zero-shot),True,True
2798,True,False,0.9539818167686462,0.0828505146250222,True,True,Phi-4-mini (zero-shot),True,True
2799,False,False,0.0022531675640493,0.0828505146250222,False,False,Phi-4-mini (zero-shot),True,True
2800,True,False,0.9980124235153198,0.1188341294999872,True,True,Phi-4-mini (zero-shot),True,True
2801,True,False,0.94166499376297,0.0828505146250222,True,True,Phi-4-mini (zero-shot),True,True
2802,True,False,0.893343985080719,0.1025652186249885,True,True,Phi-4-mini (zero-shot),True,True
2803,False,False,0.0120590953156352,0.1025652186249885,False,False,Phi-4-mini (zero-shot),True,True
2804,True,False,0.9966245889663696,0.1025652186249885,True,True,Phi-4-mini (zero-shot),True,True
2805,True,False,0.4610755741596222,0.1025652186249885,False,True,Phi-4-mini (zero-shot),False,True
2806,True,False,0.3141244947910309,0.1188341294999872,False,True,Phi-4-mini (zero-shot),False,True
2807,False,False,0.0002378619537921,0.1025652186249885,False,False,Phi-4-mini (zero-shot),True,True
2808,True,False,0.6927142143249512,0.1025652186249885,True,True,Phi-4-mini (zero-shot),True,True
2809,True,False,0.9930972456932068,0.1025652186249885,True,True,Phi-4-mini (zero-shot),True,True
2810,True,False,0.996293842792511,0.1025652186249885,True,True,Phi-4-mini (zero-shot),True,True
2811,False,False,0.0311662834137678,0.0971821232500076,False,False,Phi-4-mini (zero-shot),True,True
2812,True,False,0.0229891054332256,0.0971821232500076,False,False,Phi-4-mini (zero-shot),False,False
2813,False,False,0.0001443143410142,0.0971821232500076,False,False,Phi-4-mini (zero-shot),True,True
2814,False,False,0.0237072110176086,0.0971821232500076,False,False,Phi-4-mini (zero-shot),True,True
2815,False,False,0.0311523489654064,0.0971821232500076,False,False,Phi-4-mini (zero-shot),True,True
2816,True,False,0.0618985779583454,0.0971821232500076,False,False,Phi-4-mini (zero-shot),False,False
2817,True,False,0.0043336576782166,0.105425237250003,False,False,Phi-4-mini (zero-shot),False,False
2818,True,False,0.9324696660041808,0.0971821232500076,True,True,Phi-4-mini (zero-shot),True,True
2819,True,False,0.8634127378463745,0.0971821232500076,True,True,Phi-4-mini (zero-shot),True,True
2820,True,False,0.0637318342924118,0.105425237250003,False,False,Phi-4-mini (zero-shot),False,False
2821,True,False,0.0106546422466635,0.1246555933749959,False,False,Phi-4-mini (zero-shot),False,False
2822,False,False,0.0179980732500553,0.1246555933749959,False,False,Phi-4-mini (zero-shot),True,True
2823,False,False,0.0040717152878642,0.1246555933749959,False,False,Phi-4-mini (zero-shot),True,True
2824,True,False,0.9626790285110474,0.1246555933749959,True,True,Phi-4-mini (zero-shot),True,True
2825,True,False,0.9971109628677368,0.1246555933749959,True,True,Phi-4-mini (zero-shot),True,True
2826,False,False,0.0027169175446033,0.1246555933749959,False,False,Phi-4-mini (zero-shot),True,True
2827,False,False,0.2174407094717025,0.1246555933749959,False,True,Phi-4-mini (zero-shot),True,False
2828,False,False,0.0001853147841757,0.1246555933749959,False,False,Phi-4-mini (zero-shot),True,True
2829,True,False,0.0396590307354927,0.1303408291250036,False,False,Phi-4-mini (zero-shot),False,False
2830,True,False,0.0373684428632259,0.105425237250003,False,False,Phi-4-mini (zero-shot),False,False
2831,True,False,0.9697926044464112,0.1303408291250036,True,True,Phi-4-mini (zero-shot),True,True
2832,False,False,0.0827361270785331,0.1303408291250036,False,False,Phi-4-mini (zero-shot),True,True
2833,True,False,0.9790428876876832,0.1303408291250036,True,True,Phi-4-mini (zero-shot),True,True
2834,False,False,0.0013252595672383,0.105425237250003,False,False,Phi-4-mini (zero-shot),True,True
2835,True,False,0.8962744474411011,0.1303408291250036,True,True,Phi-4-mini (zero-shot),True,True
2836,False,False,0.011337568052113,0.1303408291250036,False,False,Phi-4-mini (zero-shot),True,True
2837,False,False,0.011691927909851,0.1303408291250036,False,False,Phi-4-mini (zero-shot),True,True
2838,False,False,0.00475695123896,0.1303408291250036,False,False,Phi-4-mini (zero-shot),True,True
2839,True,False,0.9991443157196044,0.1810524047500052,True,True,Phi-4-mini (zero-shot),True,True
2840,True,False,0.9924237728118896,0.1810524047500052,True,True,Phi-4-mini (zero-shot),True,True
2841,True,False,0.9921849370002748,0.1810524047500052,True,True,Phi-4-mini (zero-shot),True,True
2842,False,False,0.0004584387061186,0.1810524047500052,False,False,Phi-4-mini (zero-shot),True,True
2843,False,False,0.0004174653731752,0.1810524047500052,False,False,Phi-4-mini (zero-shot),True,True
2844,True,False,0.92842298746109,0.1810524047500052,True,True,Phi-4-mini (zero-shot),True,True
2845,True,False,0.970693051815033,0.105425237250003,True,True,Phi-4-mini (zero-shot),True,True
2846,True,True,0.8558934926986694,0.1810524047500052,True,True,Phi-4-mini (zero-shot),True,True
2847,True,False,0.98201984167099,0.1810524047500052,True,True,Phi-4-mini (zero-shot),True,True
2848,True,False,0.6724552512168884,0.1002235798749779,True,True,Phi-4-mini (zero-shot),True,True
2849,False,False,0.9579225182533264,0.1002235798749779,True,True,Phi-4-mini (zero-shot),False,False
2850,True,False,0.9840997457504272,0.1002235798749779,True,True,Phi-4-mini (zero-shot),True,True
2851,False,False,0.0021164123900234,0.1002235798749779,False,False,Phi-4-mini (zero-shot),True,True
2852,False,False,0.0010013664141297,0.1002235798749779,False,False,Phi-4-mini (zero-shot),True,True
2853,False,False,0.1520961970090866,0.1002235798749779,False,True,Phi-4-mini (zero-shot),True,False
2854,True,False,0.4611361920833587,0.1002235798749779,False,True,Phi-4-mini (zero-shot),False,True
2855,False,False,0.0311587993055582,0.1002235798749779,False,False,Phi-4-mini (zero-shot),True,True
2856,False,False,0.0434039495885372,0.105425237250003,False,False,Phi-4-mini (zero-shot),True,True
2857,False,False,0.0656420215964317,0.1744616836249974,False,False,Phi-4-mini (zero-shot),True,True
2858,False,False,0.7827247381210327,0.105425237250003,True,True,Phi-4-mini (zero-shot),False,False
2859,True,False,0.9997040629386902,0.1744616836249974,True,True,Phi-4-mini (zero-shot),True,True
2860,True,False,0.6723695397377014,0.105425237250003,True,True,Phi-4-mini (zero-shot),True,True
2861,False,False,0.0009402090217918,0.1744616836249974,False,False,Phi-4-mini (zero-shot),True,True
2862,True,False,0.0518597178161144,0.1064542029999984,False,False,Phi-4-mini (zero-shot),False,False
2863,False,False,0.0080637298524379,0.1744616836249974,False,False,Phi-4-mini (zero-shot),True,True
2864,True,False,0.994941771030426,0.1744616836249974,True,True,Phi-4-mini (zero-shot),True,True
2865,True,False,0.8596891164779663,0.1064542029999984,True,True,Phi-4-mini (zero-shot),True,True
2866,True,False,0.7827455401420593,0.1744616836249974,True,True,Phi-4-mini (zero-shot),True,True
2867,False,False,0.0038259085267782,0.1744616836249974,False,False,Phi-4-mini (zero-shot),True,True
2868,False,False,0.1521109491586685,0.1744616836249974,False,True,Phi-4-mini (zero-shot),True,False
2869,False,False,0.8520206212997437,0.0832613175000176,True,True,Phi-4-mini (zero-shot),False,False
2870,False,False,0.4455879628658294,0.0832613175000176,False,True,Phi-4-mini (zero-shot),True,False
2871,False,False,0.0001159418970928,0.0832613175000176,False,False,Phi-4-mini (zero-shot),True,True
2872,True,False,0.9993738532066344,0.0832613175000176,True,True,Phi-4-mini (zero-shot),True,True
2873,True,False,0.999373733997345,0.0832613175000176,True,True,Phi-4-mini (zero-shot),True,True
2874,True,False,0.0014554841909557,0.0832613175000176,False,False,Phi-4-mini (zero-shot),False,False
2875,False,False,0.0583766512572765,0.0832613175000176,False,False,Phi-4-mini (zero-shot),True,True
2876,True,False,0.996293008327484,0.0832613175000176,True,True,Phi-4-mini (zero-shot),True,True
2877,True,False,0.9998977184295654,0.1850221740000108,True,True,Phi-4-mini (zero-shot),True,True
2878,True,False,0.826797604560852,0.1850221740000108,True,True,Phi-4-mini (zero-shot),True,True
2879,False,False,0.9883142709732056,0.1850221740000108,True,True,Phi-4-mini (zero-shot),False,False
2880,True,False,0.92416512966156,0.1850221740000108,True,True,Phi-4-mini (zero-shot),True,True
2881,True,False,0.9937115907669068,0.1850221740000108,True,True,Phi-4-mini (zero-shot),True,True
2882,True,False,0.6860266923904419,0.1850221740000108,True,True,Phi-4-mini (zero-shot),True,True
2883,False,False,0.0011699560564011,0.1850221740000108,False,False,Phi-4-mini (zero-shot),True,True
2884,False,False,0.0088500641286373,0.1850221740000108,False,False,Phi-4-mini (zero-shot),True,True
2885,True,False,0.3277565240859985,0.1017043528750036,False,True,Phi-4-mini (zero-shot),False,True
2886,True,False,0.0267748869955539,0.1064542029999984,False,False,Phi-4-mini (zero-shot),False,False
2887,True,False,0.9914235472679138,0.1017043528750036,True,True,Phi-4-mini (zero-shot),True,True
2888,True,False,0.4611011147499084,0.1017043528750036,False,True,Phi-4-mini (zero-shot),False,True
2889,False,False,0.0028905263170599,0.1017043528750036,False,False,Phi-4-mini (zero-shot),True,True
2890,True,False,0.9808818101882936,0.1017043528750036,True,True,Phi-4-mini (zero-shot),True,True
2891,False,False,0.0006882157758809,0.1064542029999984,False,False,Phi-4-mini (zero-shot),True,True
2892,True,False,0.998589813709259,0.1017043528750036,True,True,Phi-4-mini (zero-shot),True,True
2893,True,False,0.6585462093353271,0.1064542029999984,True,True,Phi-4-mini (zero-shot),True,True
2894,True,False,0.994780957698822,0.1017043528750036,True,True,Phi-4-mini (zero-shot),True,True
2895,True,False,0.9525907039642334,0.1017043528750036,True,True,Phi-4-mini (zero-shot),True,True
2896,False,False,0.2690246999263763,0.1806531505000066,False,True,Phi-4-mini (zero-shot),True,False
2897,True,False,0.7431942224502563,0.1806531505000066,True,True,Phi-4-mini (zero-shot),True,True
2898,True,False,0.0780968368053436,0.1806531505000066,False,False,Phi-4-mini (zero-shot),False,False
2899,True,False,0.5698966383934021,0.1064542029999984,True,True,Phi-4-mini (zero-shot),True,True
2900,True,False,0.0059140287339687,0.1806531505000066,False,False,Phi-4-mini (zero-shot),False,False
2901,True,False,0.9949401617050172,0.1806531505000066,True,True,Phi-4-mini (zero-shot),True,True
2902,True,False,0.7827351689338684,0.1806531505000066,True,True,Phi-4-mini (zero-shot),True,True
2903,False,False,0.0103318970650434,0.1806531505000066,False,False,Phi-4-mini (zero-shot),True,True
2904,False,True,0.3008346557617187,0.1806531505000066,False,True,Phi-4-mini (zero-shot),True,False
2905,True,False,0.0927070304751396,0.0847049896250098,False,False,Phi-4-mini (zero-shot),False,False
2906,True,False,0.3346888124942779,0.0847049896250098,False,True,Phi-4-mini (zero-shot),False,True
2907,False,False,0.3074985444545746,0.0847049896250098,False,True,Phi-4-mini (zero-shot),True,False
2908,False,False,0.0140651613473892,0.0847049896250098,False,False,Phi-4-mini (zero-shot),True,True
2909,True,False,0.0071230200119316,0.1064542029999984,False,False,Phi-4-mini (zero-shot),False,False
2910,False,False,0.0259713474661111,0.0847049896250098,False,False,Phi-4-mini (zero-shot),True,True
2911,True,False,0.9433721899986268,0.0847049896250098,True,True,Phi-4-mini (zero-shot),True,True
2912,True,False,0.9928794503211976,0.0847049896250098,True,True,Phi-4-mini (zero-shot),True,True
2913,True,False,0.0876089558005333,0.0847049896250098,False,False,Phi-4-mini (zero-shot),False,False
2914,True,False,0.7931854724884033,0.1235037857499889,True,True,Phi-4-mini (zero-shot),True,True
2915,True,False,0.9976773858070374,0.1235037857499889,True,True,Phi-4-mini (zero-shot),True,True
2916,True,False,0.9991171956062316,0.1235037857499889,True,True,Phi-4-mini (zero-shot),True,True
2917,True,False,0.7607006430625916,0.1064542029999984,True,True,Phi-4-mini (zero-shot),True,True
2918,False,False,0.156147614121437,0.0808768128749903,False,True,Phi-4-mini (zero-shot),True,False
2919,True,False,0.1128328293561935,0.0808768128749903,False,True,Phi-4-mini (zero-shot),False,True
2920,False,False,0.0518655367195606,0.1235037857499889,False,False,Phi-4-mini (zero-shot),True,True
2921,True,False,0.6298235058784485,0.0808768128749903,True,True,Phi-4-mini (zero-shot),True,True
2922,True,False,0.8670696020126343,0.1235037857499889,True,True,Phi-4-mini (zero-shot),True,True
2923,True,False,0.9648655652999878,0.1235037857499889,True,True,Phi-4-mini (zero-shot),True,True
2924,True,False,0.9990891218185424,0.0808768128749903,True,True,Phi-4-mini (zero-shot),True,True
2925,False,False,0.2227727770805359,0.1235037857499889,False,True,Phi-4-mini (zero-shot),True,False
2926,True,False,0.9706925749778748,0.0808768128749903,True,True,Phi-4-mini (zero-shot),True,True
2927,True,False,0.9976772665977478,0.1235037857499889,True,True,Phi-4-mini (zero-shot),True,True
2928,True,False,0.0695558115839958,0.1464219461250024,False,False,Phi-4-mini (zero-shot),False,False
2929,True,False,0.997019588947296,0.1464219461250024,True,True,Phi-4-mini (zero-shot),True,True
2930,True,False,0.087597981095314,0.1464219461250024,False,False,Phi-4-mini (zero-shot),False,False
2931,True,False,0.9988666772842408,0.1464219461250024,True,True,Phi-4-mini (zero-shot),True,True
2932,False,False,0.1067309528589248,0.1464219461250024,False,True,Phi-4-mini (zero-shot),True,False
2933,True,False,0.9911562204360962,0.1464219461250024,True,True,Phi-4-mini (zero-shot),True,True
2934,False,False,0.0069054602645337,0.1464219461250024,False,False,Phi-4-mini (zero-shot),True,True
2935,False,False,0.0433813109993934,0.1464219461250024,False,False,Phi-4-mini (zero-shot),True,True
2936,True,False,0.7931466698646545,0.1249139078749976,True,True,Phi-4-mini (zero-shot),True,True
2937,True,False,0.0203378237783908,0.1249139078749976,False,False,Phi-4-mini (zero-shot),False,False
2938,True,False,0.9902931451797484,0.1249139078749976,True,True,Phi-4-mini (zero-shot),True,True
2939,True,False,0.71226966381073,0.1249139078749976,True,True,Phi-4-mini (zero-shot),True,True
2940,True,False,0.003377767978236,0.1249139078749976,False,False,Phi-4-mini (zero-shot),False,False
2941,True,False,0.9966237545013428,0.1249139078749976,True,True,Phi-4-mini (zero-shot),True,True
2942,False,False,0.0046112528070807,0.1249139078749976,False,False,Phi-4-mini (zero-shot),True,True
2943,True,False,0.9974493384361268,0.1249139078749976,True,True,Phi-4-mini (zero-shot),True,True
2944,True,False,0.9976038336753844,0.133448160499995,True,True,Phi-4-mini (zero-shot),True,True
2945,False,False,0.0020521648693829,0.133448160499995,False,False,Phi-4-mini (zero-shot),True,True
2946,False,False,0.001868326915428,0.133448160499995,False,False,Phi-4-mini (zero-shot),True,True
2947,True,False,0.9994966983795166,0.133448160499995,True,True,Phi-4-mini (zero-shot),True,True
2948,True,False,0.9926576018333436,0.133448160499995,True,True,Phi-4-mini (zero-shot),True,True
2949,True,False,0.9980736970901488,0.133448160499995,True,True,Phi-4-mini (zero-shot),True,True
2950,False,False,0.0002306175156263,0.133448160499995,False,False,Phi-4-mini (zero-shot),True,True
2951,True,False,0.7931410074234009,0.133448160499995,True,True,Phi-4-mini (zero-shot),True,True
2952,True,False,0.9996750354766846,0.0808768128749903,True,True,Phi-4-mini (zero-shot),True,True
2953,False,False,0.0174509864300489,0.131635956249994,False,False,Phi-4-mini (zero-shot),True,True
2954,True,False,0.3489172160625458,0.0808768128749903,False,True,Phi-4-mini (zero-shot),False,True
2955,True,False,0.042111724615097,0.0808768128749903,False,False,Phi-4-mini (zero-shot),False,False
2956,False,False,0.0003921718744095,0.131635956249994,False,False,Phi-4-mini (zero-shot),True,True
2957,True,False,0.9879482984542848,0.131635956249994,True,True,Phi-4-mini (zero-shot),True,True
2958,False,False,0.0284482631832361,0.131635956249994,False,False,Phi-4-mini (zero-shot),True,True
2959,True,False,0.7663796544075012,0.1064381493749948,True,True,Phi-4-mini (zero-shot),True,True
2960,True,False,0.9890145659446716,0.131635956249994,True,True,Phi-4-mini (zero-shot),True,True
2961,False,False,0.0055570323020219,0.131635956249994,False,False,Phi-4-mini (zero-shot),True,True
2962,False,False,0.0021169278770685,0.131635956249994,False,False,Phi-4-mini (zero-shot),True,True
2963,True,False,0.0050622913986444,0.1064381493749948,False,False,Phi-4-mini (zero-shot),False,False
2964,True,False,0.8991400599479675,0.131635956249994,True,True,Phi-4-mini (zero-shot),True,True
2965,True,False,0.1159939616918563,0.1069206051249977,False,True,Phi-4-mini (zero-shot),False,True
2966,True,False,0.2629017233848572,0.1069206051249977,False,True,Phi-4-mini (zero-shot),False,True
2967,True,False,0.9732527136802672,0.1069206051249977,True,True,Phi-4-mini (zero-shot),True,True
2968,False,False,0.0012848464539274,0.1069206051249977,False,False,Phi-4-mini (zero-shot),True,True
2969,True,False,0.9669244289398192,0.1069206051249977,True,True,Phi-4-mini (zero-shot),True,True
2970,True,False,0.9715688228607178,0.1064381493749948,True,True,Phi-4-mini (zero-shot),True,True
2971,False,False,0.0185527447611093,0.1069206051249977,False,False,Phi-4-mini (zero-shot),True,True
2972,False,False,0.1009024977684021,0.1069206051249977,False,True,Phi-4-mini (zero-shot),True,False
2973,True,False,0.9724207520484924,0.1069206051249977,True,True,Phi-4-mini (zero-shot),True,True
2974,True,False,0.7549912333488464,0.1064381493749948,True,True,Phi-4-mini (zero-shot),True,True
2975,True,False,0.5775772929191589,0.1064381493749948,True,True,Phi-4-mini (zero-shot),True,True
2976,True,False,0.8129050731658936,0.1047510142499845,True,True,Phi-4-mini (zero-shot),True,True
2977,True,False,0.997199773788452,0.1047510142499845,True,True,Phi-4-mini (zero-shot),True,True
2978,True,False,0.9952452778816224,0.1047510142499845,True,True,Phi-4-mini (zero-shot),True,True
2979,True,False,0.9875707626342772,0.1064381493749948,True,True,Phi-4-mini (zero-shot),True,True
2980,True,False,0.901960790157318,0.1047510142499845,True,True,Phi-4-mini (zero-shot),True,True
2981,True,False,0.0229944195598363,0.1047510142499845,False,False,Phi-4-mini (zero-shot),False,False
2982,True,False,0.9875707626342772,0.1047510142499845,True,True,Phi-4-mini (zero-shot),True,True
2983,False,False,0.0001972355967154,0.1047510142499845,False,False,Phi-4-mini (zero-shot),True,True
2984,True,False,0.9196563959121704,0.1047510142499845,True,True,Phi-4-mini (zero-shot),True,True
2985,False,False,0.0164156537503004,0.1014402132499867,False,False,Phi-4-mini (zero-shot),True,True
2986,False,False,0.0002235024439869,0.1014402132499867,False,False,Phi-4-mini (zero-shot),True,True
2987,False,False,0.0008831737213768,0.1014402132499867,False,False,Phi-4-mini (zero-shot),True,True
2988,True,False,0.9977485537528992,0.1064381493749948,True,True,Phi-4-mini (zero-shot),True,True
2989,True,False,0.964870810508728,0.1014402132499867,True,True,Phi-4-mini (zero-shot),True,True
2990,True,False,0.994445502758026,0.1014402132499867,True,True,Phi-4-mini (zero-shot),True,True
2991,True,False,0.9626792669296264,0.1064381493749948,True,True,Phi-4-mini (zero-shot),True,True
2992,True,False,0.0106583824381232,0.1795614238750005,False,False,Phi-4-mini (zero-shot),False,False
2993,False,False,0.0007796958670951,0.1014402132499867,False,False,Phi-4-mini (zero-shot),True,True
2994,False,False,6.207037949934602e-05,0.1014402132499867,False,False,Phi-4-mini (zero-shot),True,True
2995,True,False,0.476694792509079,0.1014402132499867,False,True,Phi-4-mini (zero-shot),False,True
2996,False,False,0.0154291298240423,0.1162891456249894,False,False,Phi-4-mini (zero-shot),True,True
2997,True,False,0.9996540546417236,0.1162891456249894,True,True,Phi-4-mini (zero-shot),True,True
2998,False,False,0.0010325810872018,0.1795614238750005,False,False,Phi-4-mini (zero-shot),True,True
2999,True,False,0.9820169806480408,0.1162891456249894,True,True,Phi-4-mini (zero-shot),True,True
3000,False,False,0.0014557003742083,0.1162891456249894,False,False,Phi-4-mini (zero-shot),True,True
3001,True,False,0.100904569029808,0.1162891456249894,False,True,Phi-4-mini (zero-shot),False,True
3002,True,False,0.9995418787002563,0.1162891456249894,True,True,Phi-4-mini (zero-shot),True,True
3003,False,False,0.399870216846466,0.1795614238750005,False,True,Phi-4-mini (zero-shot),True,False
3004,False,False,0.0433775149285793,0.1162891456249894,False,False,Phi-4-mini (zero-shot),True,True
3005,True,False,0.9416600465774536,0.1162891456249894,True,True,Phi-4-mini (zero-shot),True,True
3006,True,False,0.2878898084163666,0.1733635038750094,False,True,Phi-4-mini (zero-shot),False,True
3007,False,False,0.0197230353951454,0.1733635038750094,False,False,Phi-4-mini (zero-shot),True,True
3008,True,False,0.4533970355987549,0.1733635038750094,False,True,Phi-4-mini (zero-shot),False,True
3009,True,False,0.9820204377174376,0.1733635038750094,True,True,Phi-4-mini (zero-shot),True,True
3010,True,False,0.9991959929466248,0.1733635038750094,True,True,Phi-4-mini (zero-shot),True,True
3011,True,False,0.9073327779769896,0.1733635038750094,True,True,Phi-4-mini (zero-shot),True,True
3012,True,False,0.0149623146280646,0.1733635038750094,False,False,Phi-4-mini (zero-shot),False,False
3013,False,False,0.0695767998695373,0.1733635038750094,False,False,Phi-4-mini (zero-shot),True,True
3014,True,False,0.0003920926246792,0.1166223920000106,False,False,Phi-4-mini (zero-shot),False,False
3015,False,False,0.0341085940599441,0.1166223920000106,False,False,Phi-4-mini (zero-shot),True,True
3016,True,False,0.986779808998108,0.1166223920000106,True,True,Phi-4-mini (zero-shot),True,True
3017,False,False,0.0351563617587089,0.1166223920000106,False,False,Phi-4-mini (zero-shot),True,True
3018,True,False,0.9995558857917786,0.1795614238750005,True,True,Phi-4-mini (zero-shot),True,True
3019,False,False,0.9937123656272888,0.1166223920000106,True,True,Phi-4-mini (zero-shot),False,False
3020,True,False,0.9802863001823424,0.1166223920000106,True,True,Phi-4-mini (zero-shot),True,True
3021,False,False,0.164604052901268,0.1166223920000106,False,True,Phi-4-mini (zero-shot),True,False
3022,True,True,0.9019635319709778,0.1795614238750005,True,True,Phi-4-mini (zero-shot),True,True
3023,True,False,0.010338139720261,0.1795614238750005,False,False,Phi-4-mini (zero-shot),False,False
3024,True,False,0.9416824579238892,0.1795614238750005,True,True,Phi-4-mini (zero-shot),True,True
3025,False,False,0.003595023183152,0.1166223920000106,False,False,Phi-4-mini (zero-shot),True,True
3026,False,False,0.0006072214455343,0.1795614238750005,False,False,Phi-4-mini (zero-shot),True,True
3027,True,False,0.9890151619911194,0.1053948321250004,True,True,Phi-4-mini (zero-shot),True,True
3028,False,False,0.9124718308448792,0.0949967382500034,True,True,Phi-4-mini (zero-shot),False,False
3029,True,False,0.8397657871246338,0.0949967382500034,True,True,Phi-4-mini (zero-shot),True,True
3030,True,False,0.9579201340675354,0.1053948321250004,True,True,Phi-4-mini (zero-shot),True,True
3031,True,False,0.8775526285171509,0.1053948321250004,True,True,Phi-4-mini (zero-shot),True,True
3032,False,False,0.0038274351973086,0.1053948321250004,False,False,Phi-4-mini (zero-shot),True,True
3033,False,False,0.0006265586707741,0.1053948321250004,False,False,Phi-4-mini (zero-shot),True,True
3034,False,False,0.0197253227233886,0.1053948321250004,False,False,Phi-4-mini (zero-shot),True,True
3035,False,False,0.0040714829228818,0.1053948321250004,False,False,Phi-4-mini (zero-shot),True,True
3036,False,False,0.0053892298601567,0.0949967382500034,False,False,Phi-4-mini (zero-shot),True,True
3037,True,False,0.9905898571014404,0.1053948321250004,True,True,Phi-4-mini (zero-shot),True,True
3038,False,False,0.0758667439222335,0.1061290616250119,False,False,Phi-4-mini (zero-shot),True,True
3039,False,False,0.2227423936128616,0.1061290616250119,False,True,Phi-4-mini (zero-shot),True,False
3040,False,False,0.0007795859710313,0.1061290616250119,False,False,Phi-4-mini (zero-shot),True,True
3041,False,False,0.0566832162439823,0.1061290616250119,False,False,Phi-4-mini (zero-shot),True,True
3042,True,False,0.9995272159576416,0.1061290616250119,True,True,Phi-4-mini (zero-shot),True,True
3043,True,False,0.2878381907939911,0.0949967382500034,False,True,Phi-4-mini (zero-shot),False,True
3044,True,False,0.9304794073104858,0.1061290616250119,True,True,Phi-4-mini (zero-shot),True,True
3045,True,False,0.0145095232874155,0.1061290616250119,False,False,Phi-4-mini (zero-shot),False,False
3046,True,False,0.5927623510360718,0.1061290616250119,True,True,Phi-4-mini (zero-shot),True,True
3047,False,False,6.816665700171143e-05,0.1039700223749946,False,False,Phi-4-mini (zero-shot),True,True
3048,True,False,0.1481853276491165,0.1039700223749946,False,True,Phi-4-mini (zero-shot),False,True
3049,False,False,0.9989997744560242,0.1039700223749946,True,True,Phi-4-mini (zero-shot),False,False
3050,True,False,0.9996080994606018,0.1039700223749946,True,True,Phi-4-mini (zero-shot),True,True
3051,False,False,0.1330139487981796,0.1039700223749946,False,True,Phi-4-mini (zero-shot),True,False
3052,True,False,0.99728524684906,0.1039700223749946,True,True,Phi-4-mini (zero-shot),True,True
3053,True,False,0.997368574142456,0.1039700223749946,True,True,Phi-4-mini (zero-shot),True,True
3054,True,False,0.9997695088386536,0.1039700223749946,True,True,Phi-4-mini (zero-shot),True,True
3055,True,False,0.8903080224990845,0.1464374503750036,True,True,Phi-4-mini (zero-shot),True,True
3056,False,False,0.0008298928150907,0.1464374503750036,False,False,Phi-4-mini (zero-shot),True,True
3057,True,False,0.0066970363259315,0.1464374503750036,False,False,Phi-4-mini (zero-shot),False,False
3058,True,False,0.9982455968856812,0.1464374503750036,True,True,Phi-4-mini (zero-shot),True,True
3059,True,False,0.9966248273849488,0.1464374503750036,True,True,Phi-4-mini (zero-shot),True,True
3060,True,False,0.9994807839393616,0.1464374503750036,True,True,Phi-4-mini (zero-shot),True,True
3061,False,False,0.0284426733851432,0.1464374503750036,False,False,Phi-4-mini (zero-shot),True,True
3062,False,False,0.0001159511812147,0.1464374503750036,False,False,Phi-4-mini (zero-shot),True,True
3063,True,False,0.9304728507995604,0.1065385617499998,True,True,Phi-4-mini (zero-shot),True,True
3064,True,False,0.9930989146232604,0.1065385617499998,True,True,Phi-4-mini (zero-shot),True,True
3065,True,False,0.9362961649894714,0.1065385617499998,True,True,Phi-4-mini (zero-shot),True,True
3066,True,False,0.3630035817623138,0.1065385617499998,False,True,Phi-4-mini (zero-shot),False,True
3067,False,False,0.0052217501215636,0.1065385617499998,False,False,Phi-4-mini (zero-shot),True,True
3068,False,False,0.0002782240044325,0.1065385617499998,False,False,Phi-4-mini (zero-shot),True,True
3069,True,False,0.9997695088386536,0.0949967382500034,True,True,Phi-4-mini (zero-shot),True,True
3070,True,False,0.9732487201690674,0.1065385617499998,True,True,Phi-4-mini (zero-shot),True,True
3071,True,False,0.0116967353969812,0.1065385617499998,False,False,Phi-4-mini (zero-shot),False,False
3072,False,False,0.0004730148939415,0.0972044687499931,False,False,Phi-4-mini (zero-shot),True,True
3073,True,False,0.6654921174049377,0.0972044687499931,True,True,Phi-4-mini (zero-shot),True,True
3074,False,False,0.0013675048248842,0.0972044687499931,False,False,Phi-4-mini (zero-shot),True,True
3075,True,False,0.9284197092056274,0.0949967382500034,True,True,Phi-4-mini (zero-shot),True,True
3076,True,False,0.9732472896575928,0.0972044687499931,True,True,Phi-4-mini (zero-shot),True,True
3077,True,False,0.9984025359153748,0.0972044687499931,True,True,Phi-4-mini (zero-shot),True,True
3078,True,False,0.2393729835748672,0.0972044687499931,False,True,Phi-4-mini (zero-shot),False,True
3079,True,False,0.9790396094322203,0.0972044687499931,True,True,Phi-4-mini (zero-shot),True,True
3080,False,False,0.0302370637655258,0.0949967382500034,False,False,Phi-4-mini (zero-shot),True,True
3081,False,False,0.0001443236978957,0.0972044687499931,False,False,Phi-4-mini (zero-shot),True,True
3082,True,False,0.2690359354019165,0.0724039738749979,False,True,Phi-4-mini (zero-shot),False,True
3083,True,False,0.4302362203598022,0.0724039738749979,False,True,Phi-4-mini (zero-shot),False,True
3084,False,False,0.3849798738956451,0.0949967382500034,False,True,Phi-4-mini (zero-shot),True,False
3085,False,False,0.000856292201206,0.0724039738749979,False,False,Phi-4-mini (zero-shot),True,True
3086,False,False,0.0113347880542278,0.0724039738749979,False,False,Phi-4-mini (zero-shot),True,True
3087,False,False,0.0003054129774682,0.0724039738749979,False,False,Phi-4-mini (zero-shot),True,True
3088,True,False,0.658476710319519,0.0724039738749979,True,True,Phi-4-mini (zero-shot),True,True
3089,False,False,0.0071249902248382,0.128126635374997,False,False,Phi-4-mini (zero-shot),True,True
3090,False,False,2.0148150724708103e-05,0.128126635374997,False,False,Phi-4-mini (zero-shot),True,True
3091,False,False,0.0040729837492108,0.0724039738749979,False,False,Phi-4-mini (zero-shot),True,True
3092,True,False,0.3487456440925598,0.0724039738749979,False,True,Phi-4-mini (zero-shot),False,True
3093,False,False,0.0203410927206277,0.128126635374997,False,False,Phi-4-mini (zero-shot),True,True
3094,True,False,0.2815537452697754,0.1085766893750133,False,True,Phi-4-mini (zero-shot),False,True
3095,False,False,0.0026324451901018,0.1085766893750133,False,False,Phi-4-mini (zero-shot),True,True
3096,True,False,0.9875702261924744,0.1085766893750133,True,True,Phi-4-mini (zero-shot),True,True
3097,True,False,0.9994117021560668,0.1085766893750133,True,True,Phi-4-mini (zero-shot),True,True
3098,True,False,0.9740463495254515,0.128126635374997,True,True,Phi-4-mini (zero-shot),True,True
3099,False,False,0.0014109979383647,0.1085766893750133,False,False,Phi-4-mini (zero-shot),True,True
3100,True,False,0.7432131171226501,0.1085766893750133,True,True,Phi-4-mini (zero-shot),True,True
3101,True,False,0.1872406303882599,0.1085766893750133,False,True,Phi-4-mini (zero-shot),False,True
3102,True,False,0.9659188389778136,0.128126635374997,True,True,Phi-4-mini (zero-shot),True,True
3103,False,False,0.0017010786104947,0.1085766893750133,False,False,Phi-4-mini (zero-shot),True,True
3104,True,False,0.9796702861785888,0.1583543145000021,True,True,Phi-4-mini (zero-shot),True,True
3105,True,False,0.9399219751358032,0.1583543145000021,True,True,Phi-4-mini (zero-shot),True,True
3106,True,False,0.9964073300361632,0.1583543145000021,True,True,Phi-4-mini (zero-shot),True,True
3107,False,False,0.0229862779378891,0.1583543145000021,False,False,Phi-4-mini (zero-shot),True,True
3108,True,False,0.6299222707748413,0.1583543145000021,True,True,Phi-4-mini (zero-shot),True,True
3109,True,False,0.9926557540893556,0.1583543145000021,True,True,Phi-4-mini (zero-shot),True,True
3110,True,False,0.0116922380402684,0.1583543145000021,False,False,Phi-4-mini (zero-shot),False,False
3111,False,False,0.0875790789723396,0.1583543145000021,False,False,Phi-4-mini (zero-shot),True,True
3112,False,False,0.0023247278295457,0.0897067747499988,False,False,Phi-4-mini (zero-shot),True,True
3113,False,False,0.0002305533125763,0.0897067747499988,False,False,Phi-4-mini (zero-shot),True,True
3114,True,False,0.9998841285705566,0.0897067747499988,True,True,Phi-4-mini (zero-shot),True,True
3115,True,False,0.8355044722557068,0.0897067747499988,True,True,Phi-4-mini (zero-shot),True,True
3116,True,False,0.0010652589844539,0.0897067747499988,False,False,Phi-4-mini (zero-shot),False,False
3117,True,False,0.9363089203834534,0.0897067747499988,True,True,Phi-4-mini (zero-shot),True,True
3118,True,False,0.97904634475708,0.0897067747499988,True,True,Phi-4-mini (zero-shot),True,True
3119,True,False,0.9979494214057922,0.0897067747499988,True,True,Phi-4-mini (zero-shot),True,True
3120,False,False,0.0001535969495307,0.0997808176249748,False,False,Phi-4-mini (zero-shot),True,True
3121,False,False,0.0008298295433633,0.0997808176249748,False,False,Phi-4-mini (zero-shot),True,True
3122,False,False,0.0953952074050903,0.0997808176249748,False,False,Phi-4-mini (zero-shot),True,True
3123,True,False,0.960385799407959,0.0997808176249748,True,True,Phi-4-mini (zero-shot),True,True
3124,True,False,0.3008610904216766,0.128126635374997,False,True,Phi-4-mini (zero-shot),False,True
3125,True,False,0.9450038075447084,0.0997808176249748,True,True,Phi-4-mini (zero-shot),True,True
3126,False,False,0.0014554786030203,0.128126635374997,False,False,Phi-4-mini (zero-shot),True,True
3127,True,False,0.0758843943476677,0.0997808176249748,False,False,Phi-4-mini (zero-shot),False,False
3128,True,False,0.9987159967422484,0.0997808176249748,True,True,Phi-4-mini (zero-shot),True,True
3129,False,False,0.0017551957862451,0.0997808176249748,False,False,Phi-4-mini (zero-shot),True,True
3130,False,False,0.0103307655081152,0.1037590602500131,False,False,Phi-4-mini (zero-shot),True,True
3131,True,False,0.9953917264938354,0.128126635374997,True,True,Phi-4-mini (zero-shot),True,True
3132,True,False,0.9995123147964478,0.1037590602500131,True,True,Phi-4-mini (zero-shot),True,True
3133,False,False,0.0001314059045398,0.1037590602500131,False,False,Phi-4-mini (zero-shot),True,True
3134,True,False,0.9433661699295044,0.1037590602500131,True,True,Phi-4-mini (zero-shot),True,True
3135,True,False,0.6371066570281982,0.1037590602500131,True,True,Phi-4-mini (zero-shot),True,True
3136,True,False,0.9996850490570068,0.1037590602500131,True,True,Phi-4-mini (zero-shot),True,True
3137,False,False,0.3924486935138702,0.1037372640000029,False,True,Phi-4-mini (zero-shot),True,False
3138,False,False,6.607230170629919e-05,0.1037372640000029,False,False,Phi-4-mini (zero-shot),True,True
3139,True,False,0.9802855253219604,0.1037590602500131,True,True,Phi-4-mini (zero-shot),True,True
3140,True,False,0.9995417594909668,0.1037590602500131,True,True,Phi-4-mini (zero-shot),True,True
3141,True,False,0.0619105361402034,0.1061430511250023,False,False,Phi-4-mini (zero-shot),False,False
3142,False,False,0.0007100654765963,0.1061430511250023,False,False,Phi-4-mini (zero-shot),True,True
3143,True,False,0.998716115951538,0.1061430511250023,True,True,Phi-4-mini (zero-shot),True,True
3144,False,False,0.0311610996723175,0.1061430511250023,False,False,Phi-4-mini (zero-shot),True,True
3145,True,False,0.9481648802757264,0.1061430511250023,True,True,Phi-4-mini (zero-shot),True,True
3146,True,False,0.665467381477356,0.1061430511250023,True,True,Phi-4-mini (zero-shot),True,True
3147,True,False,0.98360013961792,0.1061430511250023,True,True,Phi-4-mini (zero-shot),True,True
3148,True,False,0.9124535322189332,0.1061430511250023,True,True,Phi-4-mini (zero-shot),True,True
3149,True,False,0.2394542098045349,0.1037372640000029,False,True,Phi-4-mini (zero-shot),False,True
3150,True,False,0.4610916972160339,0.1828906080000081,False,True,Phi-4-mini (zero-shot),False,True
3151,True,False,0.9304905533790588,0.1828906080000081,True,True,Phi-4-mini (zero-shot),True,True
3152,False,False,0.0027160907629877,0.1828906080000081,False,False,Phi-4-mini (zero-shot),True,True
3153,True,False,0.9993929862976074,0.1828906080000081,True,True,Phi-4-mini (zero-shot),True,True
3154,True,True,0.8267484307289124,0.1828906080000081,True,True,Phi-4-mini (zero-shot),True,True
3155,False,False,0.0362352393567562,0.1828906080000081,False,False,Phi-4-mini (zero-shot),True,True
3156,False,False,0.0284444652497768,0.1828906080000081,False,False,Phi-4-mini (zero-shot),True,True
3157,True,False,0.9748247861862184,0.1828906080000081,True,True,Phi-4-mini (zero-shot),True,True
3158,False,False,0.7931453585624695,0.1313106178749876,True,True,Phi-4-mini (zero-shot),False,False
3159,True,False,0.9960553646087646,0.1313106178749876,True,True,Phi-4-mini (zero-shot),True,True
3160,False,False,0.0164086353033781,0.1313106178749876,False,False,Phi-4-mini (zero-shot),True,True
3161,True,False,0.4689122140407562,0.1313106178749876,False,True,Phi-4-mini (zero-shot),False,True
3162,True,False,0.9845808148384094,0.1313106178749876,True,True,Phi-4-mini (zero-shot),True,True
3163,True,False,0.9960551261901855,0.1313106178749876,True,True,Phi-4-mini (zero-shot),True,True
3164,True,False,0.4379399418830871,0.1037372640000029,False,True,Phi-4-mini (zero-shot),False,True
3165,True,False,0.1732969433069229,0.1037372640000029,False,True,Phi-4-mini (zero-shot),False,True
3166,False,False,0.0007324967300519,0.1313106178749876,False,False,Phi-4-mini (zero-shot),True,True
3167,True,False,0.984095811843872,0.1313106178749876,True,True,Phi-4-mini (zero-shot),True,True
3168,True,False,0.9995272159576416,0.0862565199999778,True,True,Phi-4-mini (zero-shot),True,True
3169,False,False,0.0503466762602329,0.0862565199999778,False,False,Phi-4-mini (zero-shot),True,True
3170,False,False,0.0019882435444742,0.1037372640000029,False,False,Phi-4-mini (zero-shot),True,True
3171,True,False,0.969800353050232,0.0862565199999778,True,True,Phi-4-mini (zero-shot),True,True
3172,False,False,0.0069047529250383,0.1037372640000029,False,False,Phi-4-mini (zero-shot),True,True
3173,True,False,0.4611220061779022,0.0862565199999778,False,True,Phi-4-mini (zero-shot),False,True
3174,True,False,0.9994118213653564,0.0862565199999778,True,True,Phi-4-mini (zero-shot),True,True
3175,True,False,0.9977486729621888,0.0862565199999778,True,True,Phi-4-mini (zero-shot),True,True
3176,True,False,0.5623173117637634,0.0862565199999778,True,True,Phi-4-mini (zero-shot),True,True
3177,True,False,0.5623483061790466,0.0862565199999778,True,True,Phi-4-mini (zero-shot),True,True
3178,True,False,0.6225292682647705,0.104911864124972,True,True,Phi-4-mini (zero-shot),True,True
3179,True,False,0.749143123626709,0.104911864124972,True,True,Phi-4-mini (zero-shot),True,True
3180,False,False,0.0004444877558853,0.104911864124972,False,False,Phi-4-mini (zero-shot),True,True
3181,True,False,0.6298466324806213,0.104911864124972,True,True,Phi-4-mini (zero-shot),True,True
3182,False,False,0.0518739782273769,0.104080322250013,False,False,Phi-4-mini (zero-shot),True,True
3183,True,False,0.4688276648521423,0.104911864124972,False,True,Phi-4-mini (zero-shot),False,True
3184,True,False,0.7774292826652527,0.104911864124972,True,True,Phi-4-mini (zero-shot),True,True
3185,False,False,0.0120622776448726,0.104911864124972,False,False,Phi-4-mini (zero-shot),True,True
3186,True,False,0.9777193069458008,0.1037372640000029,True,True,Phi-4-mini (zero-shot),True,True
3187,True,False,0.7058460116386414,0.104911864124972,True,True,Phi-4-mini (zero-shot),True,True
3188,False,False,0.1968605816364288,0.1245026143749896,False,True,Phi-4-mini (zero-shot),True,False
3189,False,False,0.0004173905472271,0.1245026143749896,False,False,Phi-4-mini (zero-shot),True,True
3190,False,True,0.0222966615110635,0.2011370744999965,False,False,Phi-4-mini (zero-shot),True,True
3191,False,False,0.1734084784984588,0.2011370744999965,False,True,Phi-4-mini (zero-shot),True,False
3192,True,False,0.1097139716148376,0.1245026143749896,False,True,Phi-4-mini (zero-shot),False,True
3193,False,False,0.0009112977422773,0.1245026143749896,False,False,Phi-4-mini (zero-shot),True,True
3194,False,False,0.020970270037651,0.1245026143749896,False,False,Phi-4-mini (zero-shot),True,True
3195,False,False,0.0043345796875655,0.1245026143749896,False,False,Phi-4-mini (zero-shot),True,True
3196,False,False,0.0267842318862676,0.1245026143749896,False,False,Phi-4-mini (zero-shot),True,True
3197,True,False,0.9987159967422484,0.2011370744999965,True,True,Phi-4-mini (zero-shot),True,True
3198,True,False,0.4456558227539062,0.1245026143749896,False,True,Phi-4-mini (zero-shot),False,True
3199,True,False,0.9886698722839355,0.1062911304999829,True,True,Phi-4-mini (zero-shot),True,True
3200,True,False,0.1871709823608398,0.1062911304999829,False,True,Phi-4-mini (zero-shot),False,True
3201,True,False,0.9688612222671508,0.1062911304999829,True,True,Phi-4-mini (zero-shot),True,True
3202,False,False,0.0019272997742518,0.1062911304999829,False,False,Phi-4-mini (zero-shot),True,True
3203,False,False,0.1330046951770782,0.2011370744999965,False,True,Phi-4-mini (zero-shot),True,False
3204,False,False,0.0047578546218574,0.2011370744999965,False,False,Phi-4-mini (zero-shot),True,True
3205,True,False,0.9971996545791626,0.1062911304999829,True,True,Phi-4-mini (zero-shot),True,True
3206,True,False,0.5775670409202576,0.1062911304999829,True,True,Phi-4-mini (zero-shot),True,True
3207,False,False,4.8343521484639496e-05,0.1062911304999829,False,False,Phi-4-mini (zero-shot),True,True
3208,True,False,0.8597009778022766,0.2011370744999965,True,True,Phi-4-mini (zero-shot),True,True
3209,True,False,0.9993929862976074,0.1062911304999829,True,True,Phi-4-mini (zero-shot),True,True
3210,True,False,0.0460454635322093,0.0902581859999998,False,False,Phi-4-mini (zero-shot),False,False
3211,True,False,0.3007864952087402,0.0902581859999998,False,True,Phi-4-mini (zero-shot),False,True
3212,False,False,0.0488813631236553,0.0902581859999998,False,False,Phi-4-mini (zero-shot),True,True
3213,False,False,0.8311778903007507,0.0902581859999998,True,True,Phi-4-mini (zero-shot),False,False
3214,True,False,0.4225939810276031,0.0902581859999998,False,True,Phi-4-mini (zero-shot),False,True
3215,True,False,0.9950966238975524,0.2011370744999965,True,True,Phi-4-mini (zero-shot),True,True
3216,False,False,0.0038254868704825,0.0902581859999998,False,False,Phi-4-mini (zero-shot),True,True
3217,True,False,0.0244370009750127,0.0902581859999998,False,False,Phi-4-mini (zero-shot),False,False
3218,True,False,0.9825626611709596,0.0902581859999998,True,True,Phi-4-mini (zero-shot),True,True
3219,True,False,0.9802851676940918,0.1692517167500113,True,True,Phi-4-mini (zero-shot),True,True
3220,False,False,0.4688447713851928,0.1692517167500113,False,True,Phi-4-mini (zero-shot),True,False
3221,False,False,5.477982995216735e-05,0.1692517167500113,False,False,Phi-4-mini (zero-shot),True,True
3222,True,False,0.2878131568431854,0.2011370744999965,False,True,Phi-4-mini (zero-shot),False,True
3223,False,False,0.1645636558532714,0.135096595125006,False,True,Phi-4-mini (zero-shot),True,False
3224,False,False,0.0078202681615948,0.1692517167500113,False,False,Phi-4-mini (zero-shot),True,True
3225,True,False,0.9724191427230836,0.1692517167500113,True,True,Phi-4-mini (zero-shot),True,True
3226,False,False,6.816952372901142e-05,0.1692517167500113,False,False,Phi-4-mini (zero-shot),True,True
3227,True,False,0.9994117021560668,0.1692517167500113,True,True,Phi-4-mini (zero-shot),True,True
3228,True,False,0.9896736145019532,0.135096595125006,True,True,Phi-4-mini (zero-shot),True,True
3229,True,False,0.3775828182697296,0.1692517167500113,False,True,Phi-4-mini (zero-shot),False,True
3230,True,False,0.0012069161748513,0.1002903575000004,False,False,Phi-4-mini (zero-shot),False,False
3231,True,False,0.0001355362910544,0.1002903575000004,False,False,Phi-4-mini (zero-shot),False,False
3232,True,False,0.9748262763023376,0.1002903575000004,True,True,Phi-4-mini (zero-shot),True,True
3233,True,False,0.8397724628448486,0.1002903575000004,True,True,Phi-4-mini (zero-shot),True,True
3234,False,False,0.0002034680946962,0.135096595125006,False,False,Phi-4-mini (zero-shot),True,True
3235,False,False,0.0003684608673211,0.1002903575000004,False,False,Phi-4-mini (zero-shot),True,True
3236,True,False,0.946617066860199,0.1002903575000004,True,True,Phi-4-mini (zero-shot),True,True
3237,True,False,0.9814576506614684,0.1002903575000004,True,True,Phi-4-mini (zero-shot),True,True
3238,True,False,0.0827349722385406,0.1002903575000004,False,False,Phi-4-mini (zero-shot),False,False
3239,True,False,0.9998260140419006,0.0956852077499945,True,True,Phi-4-mini (zero-shot),True,True
3240,True,False,0.8634464740753174,0.0956852077499945,True,True,Phi-4-mini (zero-shot),True,True
3241,True,False,0.984097421169281,0.0956852077499945,True,True,Phi-4-mini (zero-shot),True,True
3242,True,False,0.8558883666992188,0.0956852077499945,True,True,Phi-4-mini (zero-shot),True,True
3243,True,False,0.8840650916099548,0.0956852077499945,True,True,Phi-4-mini (zero-shot),True,True
3244,False,False,0.0001443451765226,0.0956852077499945,False,False,Phi-4-mini (zero-shot),True,True
3245,True,False,0.9998464584350586,0.0956852077499945,True,True,Phi-4-mini (zero-shot),True,True
3246,True,False,0.9990890026092528,0.0956852077499945,True,True,Phi-4-mini (zero-shot),True,True
3247,True,False,0.9984517097473145,0.135096595125006,True,True,Phi-4-mini (zero-shot),True,True
3248,False,False,0.5235326290130615,0.1439170548750041,True,True,Phi-4-mini (zero-shot),False,False
3249,True,False,0.9998089671134948,0.1439170548750041,True,True,Phi-4-mini (zero-shot),True,True
3250,True,False,0.874099850654602,0.1439170548750041,True,True,Phi-4-mini (zero-shot),True,True
3251,True,False,0.9982995390892028,0.1439170548750041,True,True,Phi-4-mini (zero-shot),True,True
3252,True,False,0.9992905855178832,0.1439170548750041,True,True,Phi-4-mini (zero-shot),True,True
3253,True,False,0.4844753444194793,0.1439170548750041,False,True,Phi-4-mini (zero-shot),False,True
3254,True,False,0.0002532326325308,0.1439170548750041,False,False,Phi-4-mini (zero-shot),False,False
3255,False,False,0.0010009963298216,0.1439170548750041,False,False,Phi-4-mini (zero-shot),True,True
3256,False,False,0.0149637199938297,0.135096595125006,False,False,Phi-4-mini (zero-shot),True,True
3257,True,False,0.7879802584648132,0.0919843702500031,True,True,Phi-4-mini (zero-shot),True,True
3258,False,False,9.91841297945939e-05,0.0919843702500031,False,False,Phi-4-mini (zero-shot),True,True
3259,False,False,0.0229873936623334,0.0919843702500031,False,False,Phi-4-mini (zero-shot),True,True
3260,False,False,0.0185614302754402,0.0919843702500031,False,False,Phi-4-mini (zero-shot),True,True
3261,True,False,0.8597589731216431,0.0919843702500031,True,True,Phi-4-mini (zero-shot),True,True
3262,False,False,0.5313166975975037,0.0919843702500031,True,True,Phi-4-mini (zero-shot),False,False
3263,True,False,0.148087128996849,0.0919843702500031,False,True,Phi-4-mini (zero-shot),False,True
3264,True,False,0.9836020469665528,0.0919843702500031,True,True,Phi-4-mini (zero-shot),True,True
3265,True,False,0.9241583943367004,0.135096595125006,True,True,Phi-4-mini (zero-shot),True,True
3266,True,False,0.95792156457901,0.135096595125006,True,True,Phi-4-mini (zero-shot),True,True
3267,True,False,0.999783456325531,0.1558081059999949,True,True,Phi-4-mini (zero-shot),True,True
3268,True,False,0.9993122816085817,0.135096595125006,True,True,Phi-4-mini (zero-shot),True,True
3269,False,False,0.0027166798245161,0.1558081059999949,False,False,Phi-4-mini (zero-shot),True,True
